match_id,season,start_date,venue,innings,ball,actual_delivery,batting_team,bowling_team,striker,non_striker,bowler,runs_off_bat,extras,wides,noballs,byes,legbyes,penalty,non_boundary,wicket_type,player_dismissed,other_wicket_type,other_player_dismissed,fielder_1,fielder_2,fielder_3
1358087,2022/23,2023-03-09,"Tribhuvan University International Cricket Ground, Kirtipur",1,0.1,0.1,Nepal,Papua New Guinea,K Bhurtel,Aasif Sheikh,SI Kamea,0,0,,,,,,,,,,,,,
1358087,2022/23,2023-03-09,"Tribhuvan University International Cricket Ground, Kirtipur",1,0.2,0.2,Nepal,Papua New Guinea,K Bhurtel,Aasif Sheikh,SI Kamea,0,0,,,,,,,,,,,,,
1358087,2022/23,2023-03-09,"Tribhuvan University International Cricket Ground, Kirtipur",1,0.3,0.3,Nepal,Papua New Guinea,K Bhurtel,Aasif Sheikh,SI Kamea,0,0,,,,,,,,,,,,,
1358087,2022/23,2023-03-09,"Tribhuvan University International Cricket Ground, Kirtipur",1,0.4,0.4,Nepal,Papua New Guinea,K Bhurtel,Aasif Sheikh,SI Kamea,0,0,,,,,,,,,,,,,
1358087,2022/23,2023-03-09,"Tribhuvan University International Cricket Ground, Kirtipur",1,0.5,0.5,Nepal,Papua New Guinea,K Bhurtel,Aasif Sheikh,SI Kamea,1,0,,,,,,,,,,,,,
1358087,2022/23,2023-03-09,"Tribhuvan University International Cricket Ground, Kirtipur",1,0.6,0.6,Nepal,Papua New Guinea,Aasif Sheikh,K Bhurtel,SI Kamea,0,0,,,,,,,,,,,,,
1358087,2022/23,2023-03-09,"Tribhuvan University International Cricket Ground, Kirtipur",1,1.1,1.1,Nepal,Papua New Guinea,K Bhurtel,Aasif Sheikh,A Nao,0,1,,,,1,,,,,,,,,
1358087,2022/23,2023-03-09,"Tribhuvan University International Cricket Ground, Kirtipur",1,1.2,1.2,Nepal,Papua New Guinea,Aasif Sheikh,K Bhurtel,A Nao,4,0,,,,,,,,,,,,,
1358087,2022/23,2023-03-09,"Tribhuvan University International Cricket Ground, Kirtipur",1,1.3,1.3,Nepal,Papua New Guinea,Aasif Sheikh,K Bhurtel,A Nao,0,0,,,,,,,,,,,,,
1358087,2022/23,2023-03-09,"Tribhuvan University International Cricket Ground, Kirtipur",1,1.4,1.4,Nepal,Papua New Guinea,Aasif Sheikh,K Bhurtel,A Nao,0,0,,,,,,,,,,,,,
1358087,2022/23,2023-03-09,"Tribhuvan University International Cricket Ground, Kirtipur",1,1.5,1.5,Nepal,Papua New Guinea,Aasif Sheikh,K Bhurtel,A Nao,0,0,,,,,,,,,,,,,
1358087,2022/23,2023-03-09,"Tribhuvan University International Cricket Ground, Kirtipur",1,1.6,1.6,Nepal,Papua New Guinea,Aasif Sheikh,K Bhurtel,A Nao,1,0,,,,,,,,,,,,,
1358087,2022/23,2023-03-09,"Tribhuvan University International Cricket Ground, Kirtipur",1,2.1,2.1,Nepal,Papua New Guinea,Aasif Sheikh,K Bhurtel,SI Kamea,0,0,,,,,,,,,,,,,
1358087,2022/23,2023-03-09,"Tribhuvan University International Cricket Ground, Kirtipur",1,2.2,2.2,Nepal,Papua New Guinea,Aasif Sheikh,K Bhurtel,SI Kamea,0,0,,,,,,,,,,,,,
1358087,2022/23,2023-03-09,"Tribhuvan University International Cricket Ground, Kirtipur",1,2.3,2.3,Nepal,Papua New Guinea,Aasif Sheikh,K Bhurtel,SI Kamea,0,0,,,,,,,,,,,,,
1358087,2022/23,2023-03-09,"Tribhuvan University International Cricket Ground, Kirtipur",1,2.4,2.4,Nepal,Papua New Guinea,Aasif Sheikh,K Bhurtel,SI Kamea,1,0,,,,,,,,,,,,,
1358087,2022/23,2023-03-09,"Tribhuvan University International Cricket Ground, Kirtipur",1,2.5,2.5,Nepal,Papua New Guinea,K Bhurtel,Aasif Sheikh,SI Kamea,1,0,,,,,,,,,,,,,
1358087,2022/23,2023-03-09,"Tribhuvan University International Cricket Ground, Kirtipur",1,2.6,2.6,Nepal,Papua New Guinea,Aasif Sheikh,K Bhurtel,SI Kamea,1,0,,,,,,,,,,,,,
1358087,2022/23,2023-03-09,"Tribhuvan University International Cricket Ground, Kirtipur",1,3.1,3.1,Nepal,Papua New Guinea,Aasif Sheikh,K Bhurtel,A Nao,0,0,,,,,,,,,,,,,
1358087,2022/23,2023-03-09,"Tribhuvan University International Cricket Ground, Kirtipur",1,3.2,3.2,Nepal,Papua New Guinea,Aasif Sheikh,K Bhurtel,A Nao,0,0,,,,,,,,,,,,,
1358087,2022/23,2023-03-09,"Tribhuvan University International Cricket Ground, Kirtipur",1,3.3,3.3,Nepal,Papua New Guinea,Aasif Sheikh,K Bhurtel,A Nao,0,0,,,,,,,,,,,,,
1358087,2022/23,2023-03-09,"Tribhuvan University International Cricket Ground, Kirtipur",1,3.4,3.4,Nepal,Papua New Guinea,Aasif Sheikh,K Bhurtel,A Nao,1,0,,,,,,,,,,,,,
1358087,2022/23,2023-03-09,"Tribhuvan University International Cricket Ground, Kirtipur",1,3.5,3.5,Nepal,Papua New Guinea,K Bhurtel,Aasif Sheikh,A Nao,1,0,,,,,,,,,,,,,
1358087,2022/23,2023-03-09,"Tribhuvan University International Cricket Ground, Kirtipur",1,3.6,3.6,Nepal,Papua New Guinea,Aasif Sheikh,K Bhurtel,A Nao,4,0,,,,,,,,,,,,,
1358087,2022/23,2023-03-09,"Tribhuvan University International Cricket Ground, Kirtipur",1,4.1,4.1,Nepal,Papua New Guinea,K Bhurtel,Aasif Sheikh,SI Kamea,0,0,,,,,,,,,,,,,
1358087,2022/23,2023-03-09,"Tribhuvan University International Cricket Ground, Kirtipur",1,4.2,4.2,Nepal,Papua New Guinea,K Bhurtel,Aasif Sheikh,SI Kamea,0,0,,,,,,,,,,,,,
1358087,2022/23,2023-03-09,"Tribhuvan University International Cricket Ground, Kirtipur",1,4.3,4.3,Nepal,Papua New Guinea,K Bhurtel,Aasif Sheikh,SI Kamea,0,0,,,,,,,,,,,,,
1358087,2022/23,2023-03-09,"Tribhuvan University International Cricket Ground, Kirtipur",1,4.4,4.4,Nepal,Papua New Guinea,K Bhurtel,Aasif Sheikh,SI Kamea,0,0,,,,,,,,,,,,,
1358087,2022/23,2023-03-09,"Tribhuvan University International Cricket Ground, Kirtipur",1,4.5,4.5,Nepal,Papua New Guinea,K Bhurtel,Aasif Sheikh,SI Kamea,0,0,,,,,,,,,,,,,
1358087,2022/23,2023-03-09,"Tribhuvan University International Cricket Ground, Kirtipur",1,4.6,4.6,Nepal,Papua New Guinea,K Bhurtel,Aasif Sheikh,SI Kamea,1,0,,,,,,,,,,,,,
1358087,2022/23,2023-03-09,"Tribhuvan University International Cricket Ground, Kirtipur",1,5.1,5.1,Nepal,Papua New Guinea,K Bhurtel,Aasif Sheikh,A Nao,4,0,,,,,,,,,,,,,
1358087,2022/23,2023-03-09,"Tribhuvan University International Cricket Ground, Kirtipur",1,5.2,5.2,Nepal,Papua New Guinea,K Bhurtel,Aasif Sheikh,A Nao,0,0,,,,,,,,,,,,,
1358087,2022/23,2023-03-09,"Tribhuvan University International Cricket Ground, Kirtipur",1,5.3,5.3,Nepal,Papua New Guinea,K Bhurtel,Aasif Sheikh,A Nao,0,0,,,,,,,,,,,,,
1358087,2022/23,2023-03-09,"Tribhuvan University International Cricket Ground, Kirtipur",1,5.4,5.4,Nepal,Papua New Guinea,K Bhurtel,Aasif Sheikh,A Nao,0,0,,,,,,,,,,,,,
1358087,2022/23,2023-03-09,"Tribhuvan University International Cricket Ground, Kirtipur",1,5.5,5.5,Nepal,Papua New Guinea,K Bhurtel,Aasif Sheikh,A Nao,1,0,,,,,,,,,,,,,
1358087,2022/23,2023-03-09,"Tribhuvan University International Cricket Ground, Kirtipur",1,5.6,5.6,Nepal,Papua New Guinea,Aasif Sheikh,K Bhurtel,A Nao,6,0,,,,,,,,,,,,,
1358087,2022/23,2023-03-09,"Tribhuvan University International Cricket Ground, Kirtipur",1,6.1,6.1,Nepal,Papua New Guinea,K Bhurtel,Aasif Sheikh,SI Kamea,0,0,,,,,,,,,,,,,
1358087,2022/23,2023-03-09,"Tribhuvan University International Cricket Ground, Kirtipur",1,6.2,6.2,Nepal,Papua New Guinea,K Bhurtel,Aasif Sheikh,SI Kamea,1,0,,,,,,,,,,,,,
1358087,2022/23,2023-03-09,"Tribhuvan University International Cricket Ground, Kirtipur",1,6.3,6.3,Nepal,Papua New Guinea,Aasif Sheikh,K Bhurtel,SI Kamea,0,0,,,,,,,,,,,,,
1358087,2022/23,2023-03-09,"Tribhuvan University International Cricket Ground, Kirtipur",1,6.4,6.4,Nepal,Papua New Guinea,Aasif Sheikh,K Bhurtel,SI Kamea,0,0,,,,,,,,,,,,,
1358087,2022/23,2023-03-09,"Tribhuvan University International Cricket Ground, Kirtipur",1,6.5,6.5,Nepal,Papua New Guinea,Aasif Sheikh,K Bhurtel,SI Kamea,1,0,,,,,,,,,,,,,
1358087,2022/23,2023-03-09,"Tribhuvan University International Cricket Ground, Kirtipur",1,6.6,6.6,Nepal,Papua New Guinea,K Bhurtel,Aasif Sheikh,SI Kamea,0,0,,,,,,,,,,,,,
1358087,2022/23,2023-03-09,"Tribhuvan University International Cricket Ground, Kirtipur",1,7.1,7.1,Nepal,Papua New Guinea,Aasif Sheikh,K Bhurtel,CA Soper,0,0,,,,,,,,,,,,,
1358087,2022/23,2023-03-09,"Tribhuvan University International Cricket Ground, Kirtipur",1,7.2,7.2,Nepal,Papua New Guinea,Aasif Sheikh,K Bhurtel,CA Soper,1,0,,,,,,,,,,,,,
1358087,2022/23,2023-03-09,"Tribhuvan University International Cricket Ground, Kirtipur",1,7.3,7.3,Nepal,Papua New Guinea,K Bhurtel,Aasif Sheikh,CA Soper,4,0,,,,,,,,,,,,,
1358087,2022/23,2023-03-09,"Tribhuvan University International Cricket Ground, Kirtipur",1,7.4,7.4,Nepal,Papua New Guinea,K Bhurtel,Aasif Sheikh,CA Soper,0,1,,,1,,,,,,,,,,
1358087,2022/23,2023-03-09,"Tribhuvan University International Cricket Ground, Kirtipur",1,7.5,7.5,Nepal,Papua New Guinea,Aasif Sheikh,K Bhurtel,CA Soper,0,0,,,,,,,,,,,,,
1358087,2022/23,2023-03-09,"Tribhuvan University International Cricket Ground, Kirtipur",1,7.6,7.6,Nepal,Papua New Guinea,Aasif Sheikh,K Bhurtel,CA Soper,2,0,,,,,,,,,,,,,
1358087,2022/23,2023-03-09,"Tribhuvan University International Cricket Ground, Kirtipur",1,8.1,8.1,Nepal,Papua New Guinea,K Bhurtel,Aasif Sheikh,N Vanua,0,0,,,,,,,,,,,,,
1358087,2022/23,2023-03-09,"Tribhuvan University International Cricket Ground, Kirtipur",1,8.2,8.2,Nepal,Papua New Guinea,K Bhurtel,Aasif Sheikh,N Vanua,1,0,,,,,,,,,,,,,
1358087,2022/23,2023-03-09,"Tribhuvan University International Cricket Ground, Kirtipur",1,8.3,8.3,Nepal,Papua New Guinea,Aasif Sheikh,K Bhurtel,N Vanua,0,0,,,,,,,,,,,,,
1358087,2022/23,2023-03-09,"Tribhuvan University International Cricket Ground, Kirtipur",1,8.4,8.4,Nepal,Papua New Guinea,Aasif Sheikh,K Bhurtel,N Vanua,0,0,,,,,,,,,,,,,
1358087,2022/23,2023-03-09,"Tribhuvan University International Cricket Ground, Kirtipur",1,8.5,8.5,Nepal,Papua New Guinea,Aasif Sheikh,K Bhurtel,N Vanua,1,0,,,,,,,,,,,,,
1358087,2022/23,2023-03-09,"Tribhuvan University International Cricket Ground, Kirtipur",1,8.6,8.6,Nepal,Papua New Guinea,K Bhurtel,Aasif Sheikh,N Vanua,0,0,,,,,,,,,,,,,
1358087,2022/23,2023-03-09,"Tribhuvan University International Cricket Ground, Kirtipur",1,9.1,9.1,Nepal,Papua New Guinea,Aasif Sheikh,K Bhurtel,CA Soper,0,0,,,,,,,,,,,,,
1358087,2022/23,2023-03-09,"Tribhuvan University International Cricket Ground, Kirtipur",1,9.2,9.2,Nepal,Papua New Guinea,Aasif Sheikh,K Bhurtel,CA Soper,0,0,,,,,,,,,,,,,
1358087,2022/23,2023-03-09,"Tribhuvan University International Cricket Ground, Kirtipur",1,9.3,9.3,Nepal,Papua New Guinea,Aasif Sheikh,K Bhurtel,CA Soper,0,0,,,,,,,,,,,,,
1358087,2022/23,2023-03-09,"Tribhuvan University International Cricket Ground, Kirtipur",1,9.4,9.4,Nepal,Papua New Guinea,Aasif Sheikh,K Bhurtel,CA Soper,0,0,,,,,,,,,,,,,
1358087,2022/23,2023-03-09,"Tribhuvan University International Cricket Ground, Kirtipur",1,9.5,9.5,Nepal,Papua New Guinea,Aasif Sheikh,K Bhurtel,CA Soper,4,0,,,,,,,,,,,,,
1358087,2022/23,2023-03-09,"Tribhuvan University International Cricket Ground, Kirtipur",1,9.6,9.6,Nepal,Papua New Guinea,Aasif Sheikh,K Bhurtel,CA Soper,0,0,,,,,,,,,,,,,
1358087,2022/23,2023-03-09,"Tribhuvan University International Cricket Ground, Kirtipur",1,10.1,10.1,Nepal,Papua New Guinea,K Bhurtel,Aasif Sheikh,N Vanua,0,0,,,,,,,,,,,,,
1358087,2022/23,2023-03-09,"Tribhuvan University International Cricket Ground, Kirtipur",1,10.2,10.2,Nepal,Papua New Guinea,K Bhurtel,Aasif Sheikh,N Vanua,1,0,,,,,,,,,,,,,
1358087,2022/23,2023-03-09,"Tribhuvan University International Cricket Ground, Kirtipur",1,10.3,10.3,Nepal,Papua New Guinea,Aasif Sheikh,K Bhurtel,N Vanua,1,0,,,,,,,,,,,,,
1358087,2022/23,2023-03-09,"Tribhuvan University International Cricket Ground, Kirtipur",1,10.4,10.4,Nepal,Papua New Guinea,K Bhurtel,Aasif Sheikh,N Vanua,4,0,,,,,,,,,,,,,
1358087,2022/23,2023-03-09,"Tribhuvan University International Cricket Ground, Kirtipur",1,10.5,10.5,Nepal,Papua New Guinea,K Bhurtel,Aasif Sheikh,N Vanua,0,0,,,,,,,,,,,,,
1358087,2022/23,2023-03-09,"Tribhuvan University International Cricket Ground, Kirtipur",1,10.6,10.6,Nepal,Papua New Guinea,K Bhurtel,Aasif Sheikh,N Vanua,1,0,,,,,,,,,,,,,
1358087,2022/23,2023-03-09,"Tribhuvan University International Cricket Ground, Kirtipur",1,11.1,11.1,Nepal,Papua New Guinea,K Bhurtel,Aasif Sheikh,CA Soper,0,0,,,,,,,,,,,,,
1358087,2022/23,2023-03-09,"Tribhuvan University International Cricket Ground, Kirtipur",1,11.2,11.2,Nepal,Papua New Guinea,K Bhurtel,Aasif Sheikh,CA Soper,0,0,,,,,,,,,,,,,
1358087,2022/23,2023-03-09,"Tribhuvan University International Cricket Ground, Kirtipur",1,11.3,11.3,Nepal,Papua New Guinea,K Bhurtel,Aasif Sheikh,CA Soper,1,0,,,,,,,,,,,,,
1358087,2022/23,2023-03-09,"Tribhuvan University International Cricket Ground, Kirtipur",1,11.4,11.4,Nepal,Papua New Guinea,Aasif Sheikh,K Bhurtel,CA Soper,2,0,,,,,,,,,,,,,
1358087,2022/23,2023-03-09,"Tribhuvan University International Cricket Ground, Kirtipur",1,11.5,11.5,Nepal,Papua New Guinea,Aasif Sheikh,K Bhurtel,CA Soper,1,0,,,,,,,,,,,,,
1358087,2022/23,2023-03-09,"Tribhuvan University International Cricket Ground, Kirtipur",1,11.6,11.6,Nepal,Papua New Guinea,K Bhurtel,Aasif Sheikh,CA Soper,1,0,,,,,,,,,,,,,
1358087,2022/23,2023-03-09,"Tribhuvan University International Cricket Ground, Kirtipur",1,12.1,12.1,Nepal,Papua New Guinea,K Bhurtel,Aasif Sheikh,N Vanua,0,0,,,,,,,,,,,,,
1358087,2022/23,2023-03-09,"Tribhuvan University International Cricket Ground, Kirtipur",1,12.2,12.2,Nepal,Papua New Guinea,K Bhurtel,Aasif Sheikh,N Vanua,2,0,,,,,,,,,,,,,
1358087,2022/23,2023-03-09,"Tribhuvan University International Cricket Ground, Kirtipur",1,12.3,12.3,Nepal,Papua New Guinea,K Bhurtel,Aasif Sheikh,N Vanua,1,0,,,,,,,,,,,,,
1358087,2022/23,2023-03-09,"Tribhuvan University International Cricket Ground, Kirtipur",1,12.4,12.4,Nepal,Papua New Guinea,Aasif Sheikh,K Bhurtel,N Vanua,4,0,,,,,,,,,,,,,
1358087,2022/23,2023-03-09,"Tribhuvan University International Cricket Ground, Kirtipur",1,12.5,12.5,Nepal,Papua New Guinea,Aasif Sheikh,K Bhurtel,N Vanua,0,0,,,,,,,,,,,,,
1358087,2022/23,2023-03-09,"Tribhuvan University International Cricket Ground, Kirtipur",1,12.6,12.6,Nepal,Papua New Guinea,Aasif Sheikh,K Bhurtel,N Vanua,1,0,,,,,,,,,,,,,
1358087,2022/23,2023-03-09,"Tribhuvan University International Cricket Ground, Kirtipur",1,13.1,13.1,Nepal,Papua New Guinea,Aasif Sheikh,K Bhurtel,CJA Amini,1,0,,,,,,,,,,,,,
1358087,2022/23,2023-03-09,"Tribhuvan University International Cricket Ground, Kirtipur",1,13.2,13.2,Nepal,Papua New Guinea,K Bhurtel,Aasif Sheikh,CJA Amini,2,0,,,,,,,,,,,,,
1358087,2022/23,2023-03-09,"Tribhuvan University International Cricket Ground, Kirtipur",1,13.3,13.3,Nepal,Papua New Guinea,K Bhurtel,Aasif Sheikh,CJA Amini,0,0,,,,,,,,,,,,,
1358087,2022/23,2023-03-09,"Tribhuvan University International Cricket Ground, Kirtipur",1,13.4,13.4,Nepal,Papua New Guinea,K Bhurtel,Aasif Sheikh,CJA Amini,4,0,,,,,,,,,,,,,
1358087,2022/23,2023-03-09,"Tribhuvan University International Cricket Ground, Kirtipur",1,13.5,13.5,Nepal,Papua New Guinea,K Bhurtel,Aasif Sheikh,CJA Amini,0,1,1,,,,,,,,,,,,
1358087,2022/23,2023-03-09,"Tribhuvan University International Cricket Ground, Kirtipur",1,13.6,13.5,Nepal,Papua New Guinea,K Bhurtel,Aasif Sheikh,CJA Amini,4,0,,,,,,,,,,,,,
1358087,2022/23,2023-03-09,"Tribhuvan University International Cricket Ground, Kirtipur",1,13.7,13.6,Nepal,Papua New Guinea,K Bhurtel,Aasif Sheikh,CJA Amini,0,0,,,,,,,,,,,,,
1358087,2022/23,2023-03-09,"Tribhuvan University International Cricket Ground, Kirtipur",1,14.1,14.1,Nepal,Papua New Guinea,Aasif Sheikh,K Bhurtel,R Hekure,0,0,,,,,,,,,,,,,
1358087,2022/23,2023-03-09,"Tribhuvan University International Cricket Ground, Kirtipur",1,14.2,14.2,Nepal,Papua New Guinea,Aasif Sheikh,K Bhurtel,R Hekure,0,0,,,,,,,,,,,,,
1358087,2022/23,2023-03-09,"Tribhuvan University International Cricket Ground, Kirtipur",1,14.3,14.3,Nepal,Papua New Guinea,Aasif Sheikh,K Bhurtel,R Hekure,1,0,,,,,,,,,,,,,
1358087,2022/23,2023-03-09,"Tribhuvan University International Cricket Ground, Kirtipur",1,14.4,14.4,Nepal,Papua New Guinea,K Bhurtel,Aasif Sheikh,R Hekure,0,0,,,,,,,,,,,,,
1358087,2022/23,2023-03-09,"Tribhuvan University International Cricket Ground, Kirtipur",1,14.5,14.5,Nepal,Papua New Guinea,K Bhurtel,Aasif Sheikh,R Hekure,4,0,,,,,,,,,,,,,
1358087,2022/23,2023-03-09,"Tribhuvan University International Cricket Ground, Kirtipur",1,14.6,14.6,Nepal,Papua New Guinea,K Bhurtel,Aasif Sheikh,R Hekure,0,0,,,,,,,,,,,,,
1358087,2022/23,2023-03-09,"Tribhuvan University International Cricket Ground, Kirtipur",1,15.1,15.1,Nepal,Papua New Guinea,Aasif Sheikh,K Bhurtel,CJA Amini,1,0,,,,,,,,,,,,,
1358087,2022/23,2023-03-09,"Tribhuvan University International Cricket Ground, Kirtipur",1,15.2,15.2,Nepal,Papua New Guinea,K Bhurtel,Aasif Sheikh,CJA Amini,1,0,,,,,,,,,,,,,
1358087,2022/23,2023-03-09,"Tribhuvan University International Cricket Ground, Kirtipur",1,15.3,15.3,Nepal,Papua New Guinea,Aasif Sheikh,K Bhurtel,CJA Amini,4,0,,,,,,,,,,,,,
1358087,2022/23,2023-03-09,"Tribhuvan University International Cricket Ground, Kirtipur",1,15.4,15.4,Nepal,Papua New Guinea,Aasif Sheikh,K Bhurtel,CJA Amini,1,0,,,,,,,,,,,,,
1358087,2022/23,2023-03-09,"Tribhuvan University International Cricket Ground, Kirtipur",1,15.5,15.5,Nepal,Papua New Guinea,K Bhurtel,Aasif Sheikh,CJA Amini,0,1,1,,,,,,,,,,,,
1358087,2022/23,2023-03-09,"Tribhuvan University International Cricket Ground, Kirtipur",1,15.6,15.5,Nepal,Papua New Guinea,K Bhurtel,Aasif Sheikh,CJA Amini,0,0,,,,,,,,,,,,,
1358087,2022/23,2023-03-09,"Tribhuvan University International Cricket Ground, Kirtipur",1,15.7,15.6,Nepal,Papua New Guinea,K Bhurtel,Aasif Sheikh,CJA Amini,1,0,,,,,,,,,,,,,
1358087,2022/23,2023-03-09,"Tribhuvan University International Cricket Ground, Kirtipur",1,16.1,16.1,Nepal,Papua New Guinea,K Bhurtel,Aasif Sheikh,R Hekure,1,0,,,,,,,,,,,,,
1358087,2022/23,2023-03-09,"Tribhuvan University International Cricket Ground, Kirtipur",1,16.2,16.2,Nepal,Papua New Guinea,Aasif Sheikh,K Bhurtel,R Hekure,6,0,,,,,,,,,,,,,
1358087,2022/23,2023-03-09,"Tribhuvan University International Cricket Ground, Kirtipur",1,16.3,16.3,Nepal,Papua New Guinea,Aasif Sheikh,K Bhurtel,R Hekure,0,0,,,,,,,,,,,,,
1358087,2022/23,2023-03-09,"Tribhuvan University International Cricket Ground, Kirtipur",1,16.4,16.4,Nepal,Papua New Guinea,Aasif Sheikh,K Bhurtel,R Hekure,4,0,,,,,,,,,,,,,
1358087,2022/23,2023-03-09,"Tribhuvan University International Cricket Ground, Kirtipur",1,16.5,16.5,Nepal,Papua New Guinea,Aasif Sheikh,K Bhurtel,R Hekure,1,0,,,,,,,,,,,,,
1358087,2022/23,2023-03-09,"Tribhuvan University International Cricket Ground, Kirtipur",1,16.6,16.6,Nepal,Papua New Guinea,K Bhurtel,Aasif Sheikh,R Hekure,0,0,,,,,,,,,,,,,
1358087,2022/23,2023-03-09,"Tribhuvan University International Cricket Ground, Kirtipur",1,17.1,17.1,Nepal,Papua New Guinea,Aasif Sheikh,K Bhurtel,A Vala,0,0,,,,,,,,,,,,,
1358087,2022/23,2023-03-09,"Tribhuvan University International Cricket Ground, Kirtipur",1,17.2,17.2,Nepal,Papua New Guinea,Aasif Sheikh,K Bhurtel,A Vala,0,0,,,,,,,,,,,,,
1358087,2022/23,2023-03-09,"Tribhuvan University International Cricket Ground, Kirtipur",1,17.3,17.3,Nepal,Papua New Guinea,Aasif Sheikh,K Bhurtel,A Vala,0,0,,,,,,,,,,,,,
1358087,2022/23,2023-03-09,"Tribhuvan University International Cricket Ground, Kirtipur",1,17.4,17.4,Nepal,Papua New Guinea,Aasif Sheikh,K Bhurtel,A Vala,4,0,,,,,,,,,,,,,
1358087,2022/23,2023-03-09,"Tribhuvan University International Cricket Ground, Kirtipur",1,17.5,17.5,Nepal,Papua New Guinea,Aasif Sheikh,K Bhurtel,A Vala,1,0,,,,,,,,,,,,,
1358087,2022/23,2023-03-09,"Tribhuvan University International Cricket Ground, Kirtipur",1,17.6,17.6,Nepal,Papua New Guinea,K Bhurtel,Aasif Sheikh,A Vala,1,0,,,,,,,,,,,,,
1358087,2022/23,2023-03-09,"Tribhuvan University International Cricket Ground, Kirtipur",1,18.1,18.1,Nepal,Papua New Guinea,K Bhurtel,Aasif Sheikh,R Hekure,0,0,,,,,,,,,,,,,
1358087,2022/23,2023-03-09,"Tribhuvan University International Cricket Ground, Kirtipur",1,18.2,18.2,Nepal,Papua New Guinea,K Bhurtel,Aasif Sheikh,R Hekure,1,0,,,,,,,,,,,,,
1358087,2022/23,2023-03-09,"Tribhuvan University International Cricket Ground, Kirtipur",1,18.3,18.3,Nepal,Papua New Guinea,Aasif Sheikh,K Bhurtel,R Hekure,1,0,,,,,,,,,,,,,
1358087,2022/23,2023-03-09,"Tribhuvan University International Cricket Ground, Kirtipur",1,18.4,18.4,Nepal,Papua New Guinea,K Bhurtel,Aasif Sheikh,R Hekure,0,0,,,,,,,caught,K Bhurtel,,,TP Ura,,
1358087,2022/23,2023-03-09,"Tribhuvan University International Cricket Ground, Kirtipur",1,18.5,18.5,Nepal,Papua New Guinea,Kushal Malla,Aasif Sheikh,R Hekure,0,0,,,,,,,,,,,,,
1358087,2022/23,2023-03-09,"Tribhuvan University International Cricket Ground, Kirtipur",1,18.6,18.6,Nepal,Papua New Guinea,Kushal Malla,Aasif Sheikh,R Hekure,0,0,,,,,,,,,,,,,
1358087,2022/23,2023-03-09,"Tribhuvan University International Cricket Ground, Kirtipur",1,19.1,19.1,Nepal,Papua New Guinea,Aasif Sheikh,Kushal Malla,A Vala,0,0,,,,,,,,,,,,,
1358087,2022/23,2023-03-09,"Tribhuvan University International Cricket Ground, Kirtipur",1,19.2,19.2,Nepal,Papua New Guinea,Aasif Sheikh,Kushal Malla,A Vala,1,0,,,,,,,,,,,,,
1358087,2022/23,2023-03-09,"Tribhuvan University International Cricket Ground, Kirtipur",1,19.3,19.3,Nepal,Papua New Guinea,Kushal Malla,Aasif Sheikh,A Vala,0,1,,,,1,,,,,,,,,
1358087,2022/23,2023-03-09,"Tribhuvan University International Cricket Ground, Kirtipur",1,19.4,19.4,Nepal,Papua New Guinea,Aasif Sheikh,Kushal Malla,A Vala,0,0,,,,,,,,,,,,,
1358087,2022/23,2023-03-09,"Tribhuvan University International Cricket Ground, Kirtipur",1,19.5,19.5,Nepal,Papua New Guinea,Aasif Sheikh,Kushal Malla,A Vala,1,0,,,,,,,,,,,,,
1358087,2022/23,2023-03-09,"Tribhuvan University International Cricket Ground, Kirtipur",1,19.6,19.6,Nepal,Papua New Guinea,Kushal Malla,Aasif Sheikh,A Vala,1,0,,,,,,,,,,,,,
1358087,2022/23,2023-03-09,"Tribhuvan University International Cricket Ground, Kirtipur",1,20.1,20.1,Nepal,Papua New Guinea,Kushal Malla,Aasif Sheikh,R Hekure,0,0,,,,,,,,,,,,,
1358087,2022/23,2023-03-09,"Tribhuvan University International Cricket Ground, Kirtipur",1,20.2,20.2,Nepal,Papua New Guinea,Kushal Malla,Aasif Sheikh,R Hekure,1,0,,,,,,,,,,,,,
1358087,2022/23,2023-03-09,"Tribhuvan University International Cricket Ground, Kirtipur",1,20.3,20.3,Nepal,Papua New Guinea,Aasif Sheikh,Kushal Malla,R Hekure,4,0,,,,,,,,,,,,,
1358087,2022/23,2023-03-09,"Tribhuvan University International Cricket Ground, Kirtipur",1,20.4,20.4,Nepal,Papua New Guinea,Aasif Sheikh,Kushal Malla,R Hekure,1,0,,,,,,,,,,,,,
1358087,2022/23,2023-03-09,"Tribhuvan University International Cricket Ground, Kirtipur",1,20.5,20.5,Nepal,Papua New Guinea,Kushal Malla,Aasif Sheikh,R Hekure,0,0,,,,,,,,,,,,,
1358087,2022/23,2023-03-09,"Tribhuvan University International Cricket Ground, Kirtipur",1,20.6,20.6,Nepal,Papua New Guinea,Kushal Malla,Aasif Sheikh,R Hekure,0,0,,,,,,,caught,Kushal Malla,,,A Nao,,
1358087,2022/23,2023-03-09,"Tribhuvan University International Cricket Ground, Kirtipur",1,21.1,21.1,Nepal,Papua New Guinea,Aasif Sheikh,G Malla,A Vala,1,0,,,,,,,,,,,,,
1358087,2022/23,2023-03-09,"Tribhuvan University International Cricket Ground, Kirtipur",1,21.2,21.2,Nepal,Papua New Guinea,G Malla,Aasif Sheikh,A Vala,0,0,,,,,,,,,,,,,
1358087,2022/23,2023-03-09,"Tribhuvan University International Cricket Ground, Kirtipur",1,21.3,21.3,Nepal,Papua New Guinea,G Malla,Aasif Sheikh,A Vala,1,0,,,,,,,,,,,,,
1358087,2022/23,2023-03-09,"Tribhuvan University International Cricket Ground, Kirtipur",1,21.4,21.4,Nepal,Papua New Guinea,Aasif Sheikh,G Malla,A Vala,1,0,,,,,,,,,,,,,
1358087,2022/23,2023-03-09,"Tribhuvan University International Cricket Ground, Kirtipur",1,21.5,21.5,Nepal,Papua New Guinea,G Malla,Aasif Sheikh,A Vala,1,0,,,,,,,,,,,,,
1358087,2022/23,2023-03-09,"Tribhuvan University International Cricket Ground, Kirtipur",1,21.6,21.6,Nepal,Papua New Guinea,Aasif Sheikh,G Malla,A Vala,0,0,,,,,,,,,,,,,
1358087,2022/23,2023-03-09,"Tribhuvan University International Cricket Ground, Kirtipur",1,22.1,22.1,Nepal,Papua New Guinea,G Malla,Aasif Sheikh,R Hekure,0,0,,,,,,,,,,,,,
1358087,2022/23,2023-03-09,"Tribhuvan University International Cricket Ground, Kirtipur",1,22.2,22.2,Nepal,Papua New Guinea,G Malla,Aasif Sheikh,R Hekure,1,0,,,,,,,,,,,,,
1358087,2022/23,2023-03-09,"Tribhuvan University International Cricket Ground, Kirtipur",1,22.3,22.3,Nepal,Papua New Guinea,Aasif Sheikh,G Malla,R Hekure,1,0,,,,,,,,,,,,,
1358087,2022/23,2023-03-09,"Tribhuvan University International Cricket Ground, Kirtipur",1,22.4,22.4,Nepal,Papua New Guinea,G Malla,Aasif Sheikh,R Hekure,0,0,,,,,,,,,,,,,
1358087,2022/23,2023-03-09,"Tribhuvan University International Cricket Ground, Kirtipur",1,22.5,22.5,Nepal,Papua New Guinea,G Malla,Aasif Sheikh,R Hekure,0,0,,,,,,,,,,,,,
1358087,2022/23,2023-03-09,"Tribhuvan University International Cricket Ground, Kirtipur",1,22.6,22.6,Nepal,Papua New Guinea,G Malla,Aasif Sheikh,R Hekure,1,0,,,,,,,,,,,,,
1358087,2022/23,2023-03-09,"Tribhuvan University International Cricket Ground, Kirtipur",1,23.1,23.1,Nepal,Papua New Guinea,G Malla,Aasif Sheikh,A Vala,1,0,,,,,,,,,,,,,
1358087,2022/23,2023-03-09,"Tribhuvan University International Cricket Ground, Kirtipur",1,23.2,23.2,Nepal,Papua New Guinea,Aasif Sheikh,G Malla,A Vala,0,0,,,,,,,,,,,,,
1358087,2022/23,2023-03-09,"Tribhuvan University International Cricket Ground, Kirtipur",1,23.3,23.3,Nepal,Papua New Guinea,Aasif Sheikh,G Malla,A Vala,4,0,,,,,,,,,,,,,
1358087,2022/23,2023-03-09,"Tribhuvan University International Cricket Ground, Kirtipur",1,23.4,23.4,Nepal,Papua New Guinea,Aasif Sheikh,G Malla,A Vala,0,0,,,,,,,,,,,,,
1358087,2022/23,2023-03-09,"Tribhuvan University International Cricket Ground, Kirtipur",1,23.5,23.5,Nepal,Papua New Guinea,Aasif Sheikh,G Malla,A Vala,1,0,,,,,,,,,,,,,
1358087,2022/23,2023-03-09,"Tribhuvan University International Cricket Ground, Kirtipur",1,23.6,23.6,Nepal,Papua New Guinea,G Malla,Aasif Sheikh,A Vala,1,0,,,,,,,,,,,,,
1358087,2022/23,2023-03-09,"Tribhuvan University International Cricket Ground, Kirtipur",1,24.1,24.1,Nepal,Papua New Guinea,G Malla,Aasif Sheikh,R Hekure,4,0,,,,,,,,,,,,,
1358087,2022/23,2023-03-09,"Tribhuvan University International Cricket Ground, Kirtipur",1,24.2,24.2,Nepal,Papua New Guinea,G Malla,Aasif Sheikh,R Hekure,1,0,,,,,,,,,,,,,
1358087,2022/23,2023-03-09,"Tribhuvan University International Cricket Ground, Kirtipur",1,24.3,24.3,Nepal,Papua New Guinea,Aasif Sheikh,G Malla,R Hekure,0,0,,,,,,,,,,,,,
1358087,2022/23,2023-03-09,"Tribhuvan University International Cricket Ground, Kirtipur",1,24.4,24.4,Nepal,Papua New Guinea,Aasif Sheikh,G Malla,R Hekure,1,0,,,,,,,,,,,,,
1358087,2022/23,2023-03-09,"Tribhuvan University International Cricket Ground, Kirtipur",1,24.5,24.5,Nepal,Papua New Guinea,G Malla,Aasif Sheikh,R Hekure,0,0,,,,,,,,,,,,,
1358087,2022/23,2023-03-09,"Tribhuvan University International Cricket Ground, Kirtipur",1,24.6,24.6,Nepal,Papua New Guinea,G Malla,Aasif Sheikh,R Hekure,0,0,,,,,,,caught,G Malla,,,A Vala,,
1358087,2022/23,2023-03-09,"Tribhuvan University International Cricket Ground, Kirtipur",1,25.1,25.1,Nepal,Papua New Guinea,Aasif Sheikh,RK Paudel,A Vala,0,0,,,,,,,,,,,,,
1358087,2022/23,2023-03-09,"Tribhuvan University International Cricket Ground, Kirtipur",1,25.2,25.2,Nepal,Papua New Guinea,Aasif Sheikh,RK Paudel,A Vala,1,0,,,,,,,,,,,,,
1358087,2022/23,2023-03-09,"Tribhuvan University International Cricket Ground, Kirtipur",1,25.3,25.3,Nepal,Papua New Guinea,RK Paudel,Aasif Sheikh,A Vala,0,0,,,,,,,,,,,,,
1358087,2022/23,2023-03-09,"Tribhuvan University International Cricket Ground, Kirtipur",1,25.4,25.4,Nepal,Papua New Guinea,RK Paudel,Aasif Sheikh,A Vala,0,0,,,,,,,,,,,,,
1358087,2022/23,2023-03-09,"Tribhuvan University International Cricket Ground, Kirtipur",1,25.5,25.5,Nepal,Papua New Guinea,RK Paudel,Aasif Sheikh,A Vala,1,0,,,,,,,,,,,,,
1358087,2022/23,2023-03-09,"Tribhuvan University International Cricket Ground, Kirtipur",1,25.6,25.6,Nepal,Papua New Guinea,Aasif Sheikh,RK Paudel,A Vala,0,1,1,,,,,,,,,,,,
1358087,2022/23,2023-03-09,"Tribhuvan University International Cricket Ground, Kirtipur",1,25.7,25.6,Nepal,Papua New Guinea,Aasif Sheikh,RK Paudel,A Vala,1,0,,,,,,,,,,,,,
1358087,2022/23,2023-03-09,"Tribhuvan University International Cricket Ground, Kirtipur",1,26.1,26.1,Nepal,Papua New Guinea,Aasif Sheikh,RK Paudel,R Hekure,0,0,,,,,,,,,,,,,
1358087,2022/23,2023-03-09,"Tribhuvan University International Cricket Ground, Kirtipur",1,26.2,26.2,Nepal,Papua New Guinea,Aasif Sheikh,RK Paudel,R Hekure,0,0,,,,,,,,,,,,,
1358087,2022/23,2023-03-09,"Tribhuvan University International Cricket Ground, Kirtipur",1,26.3,26.3,Nepal,Papua New Guinea,Aasif Sheikh,RK Paudel,R Hekure,1,0,,,,,,,,,,,,,
1358087,2022/23,2023-03-09,"Tribhuvan University International Cricket Ground, Kirtipur",1,26.4,26.4,Nepal,Papua New Guinea,RK Paudel,Aasif Sheikh,R Hekure,0,0,,,,,,,,,,,,,
1358087,2022/23,2023-03-09,"Tribhuvan University International Cricket Ground, Kirtipur",1,26.5,26.5,Nepal,Papua New Guinea,RK Paudel,Aasif Sheikh,R Hekure,0,0,,,,,,,,,,,,,
1358087,2022/23,2023-03-09,"Tribhuvan University International Cricket Ground, Kirtipur",1,26.6,26.6,Nepal,Papua New Guinea,RK Paudel,Aasif Sheikh,R Hekure,0,0,,,,,,,,,,,,,
1358087,2022/23,2023-03-09,"Tribhuvan University International Cricket Ground, Kirtipur",1,27.1,27.1,Nepal,Papua New Guinea,Aasif Sheikh,RK Paudel,CA Soper,0,0,,,,,,,,,,,,,
1358087,2022/23,2023-03-09,"Tribhuvan University International Cricket Ground, Kirtipur",1,27.2,27.2,Nepal,Papua New Guinea,Aasif Sheikh,RK Paudel,CA Soper,1,0,,,,,,,,,,,,,
1358087,2022/23,2023-03-09,"Tribhuvan University International Cricket Ground, Kirtipur",1,27.3,27.3,Nepal,Papua New Guinea,RK Paudel,Aasif Sheikh,CA Soper,0,0,,,,,,,,,,,,,
1358087,2022/23,2023-03-09,"Tribhuvan University International Cricket Ground, Kirtipur",1,27.4,27.4,Nepal,Papua New Guinea,RK Paudel,Aasif Sheikh,CA Soper,0,0,,,,,,,,,,,,,
1358087,2022/23,2023-03-09,"Tribhuvan University International Cricket Ground, Kirtipur",1,27.5,27.5,Nepal,Papua New Guinea,RK Paudel,Aasif Sheikh,CA Soper,6,0,,,,,,,,,,,,,
1358087,2022/23,2023-03-09,"Tribhuvan University International Cricket Ground, Kirtipur",1,27.6,27.6,Nepal,Papua New Guinea,RK Paudel,Aasif Sheikh,CA Soper,1,0,,,,,,,,,,,,,
1358087,2022/23,2023-03-09,"Tribhuvan University International Cricket Ground, Kirtipur",1,28.1,28.1,Nepal,Papua New Guinea,RK Paudel,Aasif Sheikh,R Hekure,0,0,,,,,,,,,,,,,
1358087,2022/23,2023-03-09,"Tribhuvan University International Cricket Ground, Kirtipur",1,28.2,28.2,Nepal,Papua New Guinea,RK Paudel,Aasif Sheikh,R Hekure,1,0,,,,,,,,,,,,,
1358087,2022/23,2023-03-09,"Tribhuvan University International Cricket Ground, Kirtipur",1,28.3,28.3,Nepal,Papua New Guinea,Aasif Sheikh,RK Paudel,R Hekure,1,0,,,,,,,,,,,,,
1358087,2022/23,2023-03-09,"Tribhuvan University International Cricket Ground, Kirtipur",1,28.4,28.4,Nepal,Papua New Guinea,RK Paudel,Aasif Sheikh,R Hekure,0,0,,,,,,,,,,,,,
1358087,2022/23,2023-03-09,"Tribhuvan University International Cricket Ground, Kirtipur",1,28.5,28.5,Nepal,Papua New Guinea,RK Paudel,Aasif Sheikh,R Hekure,1,0,,,,,,,,,,,,,
1358087,2022/23,2023-03-09,"Tribhuvan University International Cricket Ground, Kirtipur",1,28.6,28.6,Nepal,Papua New Guinea,Aasif Sheikh,RK Paudel,R Hekure,1,0,,,,,,,,,,,,,
1358087,2022/23,2023-03-09,"Tribhuvan University International Cricket Ground, Kirtipur",1,29.1,29.1,Nepal,Papua New Guinea,Aasif Sheikh,RK Paudel,CA Soper,4,0,,,,,,,,,,,,,
1358087,2022/23,2023-03-09,"Tribhuvan University International Cricket Ground, Kirtipur",1,29.2,29.2,Nepal,Papua New Guinea,Aasif Sheikh,RK Paudel,CA Soper,0,0,,,,,,,,,,,,,
1358087,2022/23,2023-03-09,"Tribhuvan University International Cricket Ground, Kirtipur",1,29.3,29.3,Nepal,Papua New Guinea,Aasif Sheikh,RK Paudel,CA Soper,0,0,,,,,,,,,,,,,
1358087,2022/23,2023-03-09,"Tribhuvan University International Cricket Ground, Kirtipur",1,29.4,29.4,Nepal,Papua New Guinea,Aasif Sheikh,RK Paudel,CA Soper,0,0,,,,,,,,,,,,,
1358087,2022/23,2023-03-09,"Tribhuvan University International Cricket Ground, Kirtipur",1,29.5,29.5,Nepal,Papua New Guinea,Aasif Sheikh,RK Paudel,CA Soper,0,0,,,,,,,,,,,,,
1358087,2022/23,2023-03-09,"Tribhuvan University International Cricket Ground, Kirtipur",1,29.6,29.6,Nepal,Papua New Guinea,Aasif Sheikh,RK Paudel,CA Soper,1,0,,,,,,,,,,,,,
1358087,2022/23,2023-03-09,"Tribhuvan University International Cricket Ground, Kirtipur",1,30.1,30.1,Nepal,Papua New Guinea,Aasif Sheikh,RK Paudel,A Nao,1,0,,,,,,,,,,,,,
1358087,2022/23,2023-03-09,"Tribhuvan University International Cricket Ground, Kirtipur",1,30.2,30.2,Nepal,Papua New Guinea,RK Paudel,Aasif Sheikh,A Nao,0,0,,,,,,,,,,,,,
1358087,2022/23,2023-03-09,"Tribhuvan University International Cricket Ground, Kirtipur",1,30.3,30.3,Nepal,Papua New Guinea,RK Paudel,Aasif Sheikh,A Nao,0,0,,,,,,,,,,,,,
1358087,2022/23,2023-03-09,"Tribhuvan University International Cricket Ground, Kirtipur",1,30.4,30.4,Nepal,Papua New Guinea,RK Paudel,Aasif Sheikh,A Nao,4,0,,,,,,,,,,,,,
1358087,2022/23,2023-03-09,"Tribhuvan University International Cricket Ground, Kirtipur",1,30.5,30.5,Nepal,Papua New Guinea,RK Paudel,Aasif Sheikh,A Nao,0,0,,,,,,,,,,,,,
1358087,2022/23,2023-03-09,"Tribhuvan University International Cricket Ground, Kirtipur",1,30.6,30.6,Nepal,Papua New Guinea,RK Paudel,Aasif Sheikh,A Nao,1,0,,,,,,,,,,,,,
1358087,2022/23,2023-03-09,"Tribhuvan University International Cricket Ground, Kirtipur",1,31.1,31.1,Nepal,Papua New Guinea,RK Paudel,Aasif Sheikh,CA Soper,0,0,,,,,,,,,,,,,
1358087,2022/23,2023-03-09,"Tribhuvan University International Cricket Ground, Kirtipur",1,31.2,31.2,Nepal,Papua New Guinea,RK Paudel,Aasif Sheikh,CA Soper,0,1,,,1,,,,,,,,,,
1358087,2022/23,2023-03-09,"Tribhuvan University International Cricket Ground, Kirtipur",1,31.3,31.3,Nepal,Papua New Guinea,Aasif Sheikh,RK Paudel,CA Soper,1,0,,,,,,,,,,,,,
1358087,2022/23,2023-03-09,"Tribhuvan University International Cricket Ground, Kirtipur",1,31.4,31.4,Nepal,Papua New Guinea,RK Paudel,Aasif Sheikh,CA Soper,0,0,,,,,,,,,,,,,
1358087,2022/23,2023-03-09,"Tribhuvan University International Cricket Ground, Kirtipur",1,31.5,31.5,Nepal,Papua New Guinea,RK Paudel,Aasif Sheikh,CA Soper,0,0,,,,,,,,,,,,,
1358087,2022/23,2023-03-09,"Tribhuvan University International Cricket Ground, Kirtipur",1,31.6,31.6,Nepal,Papua New Guinea,RK Paudel,Aasif Sheikh,CA Soper,1,0,,,,,,,,,,,,,
1358087,2022/23,2023-03-09,"Tribhuvan University International Cricket Ground, Kirtipur",1,32.1,32.1,Nepal,Papua New Guinea,RK Paudel,Aasif Sheikh,A Nao,1,0,,,,,,,,,,,,,
1358087,2022/23,2023-03-09,"Tribhuvan University International Cricket Ground, Kirtipur",1,32.2,32.2,Nepal,Papua New Guinea,Aasif Sheikh,RK Paudel,A Nao,1,0,,,,,,,,,,,,,
1358087,2022/23,2023-03-09,"Tribhuvan University International Cricket Ground, Kirtipur",1,32.3,32.3,Nepal,Papua New Guinea,RK Paudel,Aasif Sheikh,A Nao,0,0,,,,,,,,,,,,,
1358087,2022/23,2023-03-09,"Tribhuvan University International Cricket Ground, Kirtipur",1,32.4,32.4,Nepal,Papua New Guinea,RK Paudel,Aasif Sheikh,A Nao,0,0,,,,,,,,,,,,,
1358087,2022/23,2023-03-09,"Tribhuvan University International Cricket Ground, Kirtipur",1,32.5,32.5,Nepal,Papua New Guinea,RK Paudel,Aasif Sheikh,A Nao,1,0,,,,,,,,,,,,,
1358087,2022/23,2023-03-09,"Tribhuvan University International Cricket Ground, Kirtipur",1,32.6,32.6,Nepal,Papua New Guinea,Aasif Sheikh,RK Paudel,A Nao,1,0,,,,,,,,,,,,,
1358087,2022/23,2023-03-09,"Tribhuvan University International Cricket Ground, Kirtipur",1,33.1,33.1,Nepal,Papua New Guinea,Aasif Sheikh,RK Paudel,CA Soper,2,0,,,,,,,,,,,,,
1358087,2022/23,2023-03-09,"Tribhuvan University International Cricket Ground, Kirtipur",1,33.2,33.2,Nepal,Papua New Guinea,Aasif Sheikh,RK Paudel,CA Soper,0,1,1,,,,,,,,,,,,
1358087,2022/23,2023-03-09,"Tribhuvan University International Cricket Ground, Kirtipur",1,33.3,33.2,Nepal,Papua New Guinea,Aasif Sheikh,RK Paudel,CA Soper,0,0,,,,,,,,,,,,,
1358087,2022/23,2023-03-09,"Tribhuvan University International Cricket Ground, Kirtipur",1,33.4,33.3,Nepal,Papua New Guinea,Aasif Sheikh,RK Paudel,CA Soper,1,0,,,,,,,,,,,,,
1358087,2022/23,2023-03-09,"Tribhuvan University International Cricket Ground, Kirtipur",1,33.5,33.4,Nepal,Papua New Guinea,RK Paudel,Aasif Sheikh,CA Soper,1,0,,,,,,,,,,,,,
1358087,2022/23,2023-03-09,"Tribhuvan University International Cricket Ground, Kirtipur",1,33.6,33.5,Nepal,Papua New Guinea,Aasif Sheikh,RK Paudel,CA Soper,2,0,,,,,,,,,,,,,
1358087,2022/23,2023-03-09,"Tribhuvan University International Cricket Ground, Kirtipur",1,33.7,33.6,Nepal,Papua New Guinea,Aasif Sheikh,RK Paudel,CA Soper,1,0,,,,,,,,,,,,,
1358087,2022/23,2023-03-09,"Tribhuvan University International Cricket Ground, Kirtipur",1,34.1,34.1,Nepal,Papua New Guinea,Aasif Sheikh,RK Paudel,A Nao,0,0,,,,,,,,,,,,,
1358087,2022/23,2023-03-09,"Tribhuvan University International Cricket Ground, Kirtipur",1,34.2,34.2,Nepal,Papua New Guinea,Aasif Sheikh,RK Paudel,A Nao,0,0,,,,,,,,,,,,,
1358087,2022/23,2023-03-09,"Tribhuvan University International Cricket Ground, Kirtipur",1,34.3,34.3,Nepal,Papua New Guinea,Aasif Sheikh,RK Paudel,A Nao,1,0,,,,,,,,,,,,,
1358087,2022/23,2023-03-09,"Tribhuvan University International Cricket Ground, Kirtipur",1,34.4,34.4,Nepal,Papua New Guinea,RK Paudel,Aasif Sheikh,A Nao,0,0,,,,,,,,,,,,,
1358087,2022/23,2023-03-09,"Tribhuvan University International Cricket Ground, Kirtipur",1,34.5,34.5,Nepal,Papua New Guinea,RK Paudel,Aasif Sheikh,A Nao,1,0,,,,,,,,,,,,,
1358087,2022/23,2023-03-09,"Tribhuvan University International Cricket Ground, Kirtipur",1,34.6,34.6,Nepal,Papua New Guinea,Aasif Sheikh,RK Paudel,A Nao,1,0,,,,,,,,,,,,,
1358087,2022/23,2023-03-09,"Tribhuvan University International Cricket Ground, Kirtipur",1,35.1,35.1,Nepal,Papua New Guinea,Aasif Sheikh,RK Paudel,SI Kamea,4,0,,,,,,,,,,,,,
1358087,2022/23,2023-03-09,"Tribhuvan University International Cricket Ground, Kirtipur",1,35.2,35.2,Nepal,Papua New Guinea,Aasif Sheikh,RK Paudel,SI Kamea,0,1,1,,,,,,,,,,,,
1358087,2022/23,2023-03-09,"Tribhuvan University International Cricket Ground, Kirtipur",1,35.3,35.2,Nepal,Papua New Guinea,Aasif Sheikh,RK Paudel,SI Kamea,0,0,,,,,,,,,,,,,
1358087,2022/23,2023-03-09,"Tribhuvan University International Cricket Ground, Kirtipur",1,35.4,35.3,Nepal,Papua New Guinea,Aasif Sheikh,RK Paudel,SI Kamea,0,0,,,,,,,,,,,,,
1358087,2022/23,2023-03-09,"Tribhuvan University International Cricket Ground, Kirtipur",1,35.5,35.4,Nepal,Papua New Guinea,Aasif Sheikh,RK Paudel,SI Kamea,0,0,,,,,,,,,,,,,
1358087,2022/23,2023-03-09,"Tribhuvan University International Cricket Ground, Kirtipur",1,35.6,35.5,Nepal,Papua New Guinea,Aasif Sheikh,RK Paudel,SI Kamea,1,0,,,,,,,,,,,,,
1358087,2022/23,2023-03-09,"Tribhuvan University International Cricket Ground, Kirtipur",1,35.7,35.6,Nepal,Papua New Guinea,RK Paudel,Aasif Sheikh,SI Kamea,1,0,,,,,,,,,,,,,
1358087,2022/23,2023-03-09,"Tribhuvan University International Cricket Ground, Kirtipur",1,36.1,36.1,Nepal,Papua New Guinea,RK Paudel,Aasif Sheikh,A Nao,1,0,,,,,,,,,,,,,
1358087,2022/23,2023-03-09,"Tribhuvan University International Cricket Ground, Kirtipur",1,36.2,36.2,Nepal,Papua New Guinea,Aasif Sheikh,RK Paudel,A Nao,4,0,,,,,,,,,,,,,
1358087,2022/23,2023-03-09,"Tribhuvan University International Cricket Ground, Kirtipur",1,36.3,36.3,Nepal,Papua New Guinea,Aasif Sheikh,RK Paudel,A Nao,1,0,,,,,,,,,,,,,
1358087,2022/23,2023-03-09,"Tribhuvan University International Cricket Ground, Kirtipur",1,36.4,36.4,Nepal,Papua New Guinea,RK Paudel,Aasif Sheikh,A Nao,2,0,,,,,,,,,,,,,
1358087,2022/23,2023-03-09,"Tribhuvan University International Cricket Ground, Kirtipur",1,36.5,36.5,Nepal,Papua New Guinea,RK Paudel,Aasif Sheikh,A Nao,0,0,,,,,,,,,,,,,
1358087,2022/23,2023-03-09,"Tribhuvan University International Cricket Ground, Kirtipur",1,36.6,36.6,Nepal,Papua New Guinea,RK Paudel,Aasif Sheikh,A Nao,1,0,,,,,,,,,,,,,
1358087,2022/23,2023-03-09,"Tribhuvan University International Cricket Ground, Kirtipur",1,37.1,37.1,Nepal,Papua New Guinea,RK Paudel,Aasif Sheikh,SI Kamea,4,0,,,,,,,,,,,,,
1358087,2022/23,2023-03-09,"Tribhuvan University International Cricket Ground, Kirtipur",1,37.2,37.2,Nepal,Papua New Guinea,RK Paudel,Aasif Sheikh,SI Kamea,1,0,,,,,,,,,,,,,
1358087,2022/23,2023-03-09,"Tribhuvan University International Cricket Ground, Kirtipur",1,37.3,37.3,Nepal,Papua New Guinea,Aasif Sheikh,RK Paudel,SI Kamea,0,0,,,,,,,,,,,,,
1358087,2022/23,2023-03-09,"Tribhuvan University International Cricket Ground, Kirtipur",1,37.4,37.4,Nepal,Papua New Guinea,Aasif Sheikh,RK Paudel,SI Kamea,0,0,,,,,,,caught,Aasif Sheikh,,,R Hekure,,
1358087,2022/23,2023-03-09,"Tribhuvan University International Cricket Ground, Kirtipur",1,37.5,37.5,Nepal,Papua New Guinea,B Sharki,RK Paudel,SI Kamea,1,0,,,,,,,,,,,,,
1358087,2022/23,2023-03-09,"Tribhuvan University International Cricket Ground, Kirtipur",1,37.6,37.6,Nepal,Papua New Guinea,RK Paudel,B Sharki,SI Kamea,0,0,,,,,,,caught,RK Paudel,,,TP Ura,,
1358087,2022/23,2023-03-09,"Tribhuvan University International Cricket Ground, Kirtipur",1,38.1,38.1,Nepal,Papua New Guinea,B Sharki,DS Airee,A Nao,0,0,,,,,,,,,,,,,
1358087,2022/23,2023-03-09,"Tribhuvan University International Cricket Ground, Kirtipur",1,38.2,38.2,Nepal,Papua New Guinea,B Sharki,DS Airee,A Nao,0,0,,,,,,,,,,,,,
1358087,2022/23,2023-03-09,"Tribhuvan University International Cricket Ground, Kirtipur",1,38.3,38.3,Nepal,Papua New Guinea,B Sharki,DS Airee,A Nao,2,0,,,,,,,,,,,,,
1358087,2022/23,2023-03-09,"Tribhuvan University International Cricket Ground, Kirtipur",1,38.4,38.4,Nepal,Papua New Guinea,B Sharki,DS Airee,A Nao,2,0,,,,,,,,,,,,,
1358087,2022/23,2023-03-09,"Tribhuvan University International Cricket Ground, Kirtipur",1,38.5,38.5,Nepal,Papua New Guinea,B Sharki,DS Airee,A Nao,0,0,,,,,,,,,,,,,
1358087,2022/23,2023-03-09,"Tribhuvan University International Cricket Ground, Kirtipur",1,38.6,38.6,Nepal,Papua New Guinea,B Sharki,DS Airee,A Nao,1,0,,,,,,,,,,,,,
1358087,2022/23,2023-03-09,"Tribhuvan University International Cricket Ground, Kirtipur",1,39.1,39.1,Nepal,Papua New Guinea,B Sharki,DS Airee,SI Kamea,0,0,,,,,,,,,,,,,
1358087,2022/23,2023-03-09,"Tribhuvan University International Cricket Ground, Kirtipur",1,39.2,39.2,Nepal,Papua New Guinea,B Sharki,DS Airee,SI Kamea,1,0,,,,,,,,,,,,,
1358087,2022/23,2023-03-09,"Tribhuvan University International Cricket Ground, Kirtipur",1,39.3,39.3,Nepal,Papua New Guinea,DS Airee,B Sharki,SI Kamea,1,0,,,,,,,,,,,,,
1358087,2022/23,2023-03-09,"Tribhuvan University International Cricket Ground, Kirtipur",1,39.4,39.4,Nepal,Papua New Guinea,B Sharki,DS Airee,SI Kamea,1,0,,,,,,,,,,,,,
1358087,2022/23,2023-03-09,"Tribhuvan University International Cricket Ground, Kirtipur",1,39.5,39.5,Nepal,Papua New Guinea,DS Airee,B Sharki,SI Kamea,2,0,,,,,,,,,,,,,
1358087,2022/23,2023-03-09,"Tribhuvan University International Cricket Ground, Kirtipur",1,39.6,39.6,Nepal,Papua New Guinea,DS Airee,B Sharki,SI Kamea,4,0,,,,,,,,,,,,,
1358087,2022/23,2023-03-09,"Tribhuvan University International Cricket Ground, Kirtipur",1,40.1,40.1,Nepal,Papua New Guinea,B Sharki,DS Airee,R Hekure,0,0,,,,,,,run out,DS Airee,,,TP Ura,K Doriga,
1358087,2022/23,2023-03-09,"Tribhuvan University International Cricket Ground, Kirtipur",1,40.2,40.2,Nepal,Papua New Guinea,Aarif Sheikh,B Sharki,R Hekure,1,0,,,,,,,,,,,,,
1358087,2022/23,2023-03-09,"Tribhuvan University International Cricket Ground, Kirtipur",1,40.3,40.3,Nepal,Papua New Guinea,B Sharki,Aarif Sheikh,R Hekure,0,0,,,,,,,,,,,,,
1358087,2022/23,2023-03-09,"Tribhuvan University International Cricket Ground, Kirtipur",1,40.4,40.4,Nepal,Papua New Guinea,B Sharki,Aarif Sheikh,R Hekure,1,0,,,,,,,,,,,,,
1358087,2022/23,2023-03-09,"Tribhuvan University International Cricket Ground, Kirtipur",1,40.5,40.5,Nepal,Papua New Guinea,Aarif Sheikh,B Sharki,R Hekure,1,0,,,,,,,,,,,,,
1358087,2022/23,2023-03-09,"Tribhuvan University International Cricket Ground, Kirtipur",1,40.6,40.6,Nepal,Papua New Guinea,B Sharki,Aarif Sheikh,R Hekure,0,0,,,,,,,,,,,,,
1358087,2022/23,2023-03-09,"Tribhuvan University International Cricket Ground, Kirtipur",1,41.1,41.1,Nepal,Papua New Guinea,Aarif Sheikh,B Sharki,A Vala,1,0,,,,,,,,,,,,,
1358087,2022/23,2023-03-09,"Tribhuvan University International Cricket Ground, Kirtipur",1,41.2,41.2,Nepal,Papua New Guinea,B Sharki,Aarif Sheikh,A Vala,1,0,,,,,,,,,,,,,
1358087,2022/23,2023-03-09,"Tribhuvan University International Cricket Ground, Kirtipur",1,41.3,41.3,Nepal,Papua New Guinea,Aarif Sheikh,B Sharki,A Vala,1,0,,,,,,,,,,,,,
1358087,2022/23,2023-03-09,"Tribhuvan University International Cricket Ground, Kirtipur",1,41.4,41.4,Nepal,Papua New Guinea,B Sharki,Aarif Sheikh,A Vala,4,0,,,,,,,,,,,,,
1358087,2022/23,2023-03-09,"Tribhuvan University International Cricket Ground, Kirtipur",1,41.5,41.5,Nepal,Papua New Guinea,B Sharki,Aarif Sheikh,A Vala,2,0,,,,,,,,,,,,,
1358087,2022/23,2023-03-09,"Tribhuvan University International Cricket Ground, Kirtipur",1,41.6,41.6,Nepal,Papua New Guinea,B Sharki,Aarif Sheikh,A Vala,1,0,,,,,,,,,,,,,
1358087,2022/23,2023-03-09,"Tribhuvan University International Cricket Ground, Kirtipur",1,42.1,42.1,Nepal,Papua New Guinea,B Sharki,Aarif Sheikh,R Hekure,1,0,,,,,,,,,,,,,
1358087,2022/23,2023-03-09,"Tribhuvan University International Cricket Ground, Kirtipur",1,42.2,42.2,Nepal,Papua New Guinea,Aarif Sheikh,B Sharki,R Hekure,1,0,,,,,,,,,,,,,
1358087,2022/23,2023-03-09,"Tribhuvan University International Cricket Ground, Kirtipur",1,42.3,42.3,Nepal,Papua New Guinea,B Sharki,Aarif Sheikh,R Hekure,4,0,,,,,,,,,,,,,
1358087,2022/23,2023-03-09,"Tribhuvan University International Cricket Ground, Kirtipur",1,42.4,42.4,Nepal,Papua New Guinea,B Sharki,Aarif Sheikh,R Hekure,1,0,,,,,,,,,,,,,
1358087,2022/23,2023-03-09,"Tribhuvan University International Cricket Ground, Kirtipur",1,42.5,42.5,Nepal,Papua New Guinea,Aarif Sheikh,B Sharki,R Hekure,0,0,,,,,,,,,,,,,
1358087,2022/23,2023-03-09,"Tribhuvan University International Cricket Ground, Kirtipur",1,42.6,42.6,Nepal,Papua New Guinea,Aarif Sheikh,B Sharki,R Hekure,1,0,,,,,,,,,,,,,
1358087,2022/23,2023-03-09,"Tribhuvan University International Cricket Ground, Kirtipur",1,43.1,43.1,Nepal,Papua New Guinea,Aarif Sheikh,B Sharki,CA Soper,1,0,,,,,,,,,,,,,
1358087,2022/23,2023-03-09,"Tribhuvan University International Cricket Ground, Kirtipur",1,43.2,43.2,Nepal,Papua New Guinea,B Sharki,Aarif Sheikh,CA Soper,1,0,,,,,,,,,,,,,
1358087,2022/23,2023-03-09,"Tribhuvan University International Cricket Ground, Kirtipur",1,43.3,43.3,Nepal,Papua New Guinea,Aarif Sheikh,B Sharki,CA Soper,2,0,,,,,,,,,,,,,
1358087,2022/23,2023-03-09,"Tribhuvan University International Cricket Ground, Kirtipur",1,43.4,43.4,Nepal,Papua New Guinea,Aarif Sheikh,B Sharki,CA Soper,1,0,,,,,,,,,,,,,
1358087,2022/23,2023-03-09,"Tribhuvan University International Cricket Ground, Kirtipur",1,43.5,43.5,Nepal,Papua New Guinea,B Sharki,Aarif Sheikh,CA Soper,0,1,1,,,,,,,,,,,,
1358087,2022/23,2023-03-09,"Tribhuvan University International Cricket Ground, Kirtipur",1,43.6,43.5,Nepal,Papua New Guinea,B Sharki,Aarif Sheikh,CA Soper,1,0,,,,,,,,,,,,,
1358087,2022/23,2023-03-09,"Tribhuvan University International Cricket Ground, Kirtipur",1,43.7,43.6,Nepal,Papua New Guinea,Aarif Sheikh,B Sharki,CA Soper,4,0,,,,,,,,,,,,,
1358087,2022/23,2023-03-09,"Tribhuvan University International Cricket Ground, Kirtipur",1,44.1,44.1,Nepal,Papua New Guinea,B Sharki,Aarif Sheikh,A Nao,4,0,,,,,,,,,,,,,
1358087,2022/23,2023-03-09,"Tribhuvan University International Cricket Ground, Kirtipur",1,44.2,44.2,Nepal,Papua New Guinea,B Sharki,Aarif Sheikh,A Nao,1,0,,,,,,,,,,,,,
1358087,2022/23,2023-03-09,"Tribhuvan University International Cricket Ground, Kirtipur",1,44.3,44.3,Nepal,Papua New Guinea,Aarif Sheikh,B Sharki,A Nao,1,0,,,,,,,,,,,,,
1358087,2022/23,2023-03-09,"Tribhuvan University International Cricket Ground, Kirtipur",1,44.4,44.4,Nepal,Papua New Guinea,B Sharki,Aarif Sheikh,A Nao,2,0,,,,,,,,,,,,,
1358087,2022/23,2023-03-09,"Tribhuvan University International Cricket Ground, Kirtipur",1,44.5,44.5,Nepal,Papua New Guinea,B Sharki,Aarif Sheikh,A Nao,2,0,,,,,,,,,,,,,
1358087,2022/23,2023-03-09,"Tribhuvan University International Cricket Ground, Kirtipur",1,44.6,44.6,Nepal,Papua New Guinea,B Sharki,Aarif Sheikh,A Nao,0,0,,,,,,,,,,,,,
1358087,2022/23,2023-03-09,"Tribhuvan University International Cricket Ground, Kirtipur",1,45.1,45.1,Nepal,Papua New Guinea,Aarif Sheikh,B Sharki,SI Kamea,0,0,,,,,,,caught,Aarif Sheikh,,,H Hiri,,
1358087,2022/23,2023-03-09,"Tribhuvan University International Cricket Ground, Kirtipur",1,45.2,45.2,Nepal,Papua New Guinea,Karan KC,B Sharki,SI Kamea,0,0,,,,,,,,,,,,,
1358087,2022/23,2023-03-09,"Tribhuvan University International Cricket Ground, Kirtipur",1,45.3,45.3,Nepal,Papua New Guinea,Karan KC,B Sharki,SI Kamea,1,0,,,,,,,,,,,,,
1358087,2022/23,2023-03-09,"Tribhuvan University International Cricket Ground, Kirtipur",1,45.4,45.4,Nepal,Papua New Guinea,B Sharki,Karan KC,SI Kamea,1,0,,,,,,,,,,,,,
1358087,2022/23,2023-03-09,"Tribhuvan University International Cricket Ground, Kirtipur",1,45.5,45.5,Nepal,Papua New Guinea,Karan KC,B Sharki,SI Kamea,0,1,1,,,,,,,,,,,,
1358087,2022/23,2023-03-09,"Tribhuvan University International Cricket Ground, Kirtipur",1,45.6,45.5,Nepal,Papua New Guinea,Karan KC,B Sharki,SI Kamea,1,0,,,,,,,,,,,,,
1358087,2022/23,2023-03-09,"Tribhuvan University International Cricket Ground, Kirtipur",1,45.7,45.6,Nepal,Papua New Guinea,B Sharki,Karan KC,SI Kamea,0,1,1,,,,,,,,,,,,
1358087,2022/23,2023-03-09,"Tribhuvan University International Cricket Ground, Kirtipur",1,45.8,45.6,Nepal,Papua New Guinea,B Sharki,Karan KC,SI Kamea,0,0,,,,,,,,,,,,,
1358087,2022/23,2023-03-09,"Tribhuvan University International Cricket Ground, Kirtipur",1,46.1,46.1,Nepal,Papua New Guinea,Karan KC,B Sharki,A Nao,0,0,,,,,,,,,,,,,
1358087,2022/23,2023-03-09,"Tribhuvan University International Cricket Ground, Kirtipur",1,46.2,46.2,Nepal,Papua New Guinea,Karan KC,B Sharki,A Nao,6,0,,,,,,,,,,,,,
1358087,2022/23,2023-03-09,"Tribhuvan University International Cricket Ground, Kirtipur",1,46.3,46.3,Nepal,Papua New Guinea,Karan KC,B Sharki,A Nao,0,1,1,,,,,,,,,,,,
1358087,2022/23,2023-03-09,"Tribhuvan University International Cricket Ground, Kirtipur",1,46.4,46.3,Nepal,Papua New Guinea,Karan KC,B Sharki,A Nao,0,1,1,,,,,,,,,,,,
1358087,2022/23,2023-03-09,"Tribhuvan University International Cricket Ground, Kirtipur",1,46.5,46.3,Nepal,Papua New Guinea,Karan KC,B Sharki,A Nao,0,0,,,,,,,caught,Karan KC,,,S Bau,,
1358087,2022/23,2023-03-09,"Tribhuvan University International Cricket Ground, Kirtipur",1,46.6,46.4,Nepal,Papua New Guinea,S Lamichhane,B Sharki,A Nao,1,0,,,,,,,,,,,,,
1358087,2022/23,2023-03-09,"Tribhuvan University International Cricket Ground, Kirtipur",1,46.7,46.5,Nepal,Papua New Guinea,B Sharki,S Lamichhane,A Nao,1,0,,,,,,,,,,,,,
1358087,2022/23,2023-03-09,"Tribhuvan University International Cricket Ground, Kirtipur",1,46.8,46.6,Nepal,Papua New Guinea,S Lamichhane,B Sharki,A Nao,6,0,,,,,,,,,,,,,
1358087,2022/23,2023-03-09,"Tribhuvan University International Cricket Ground, Kirtipur",1,47.1,47.1,Nepal,Papua New Guinea,B Sharki,S Lamichhane,SI Kamea,1,0,,,,,,,,,,,,,
1358087,2022/23,2023-03-09,"Tribhuvan University International Cricket Ground, Kirtipur",1,47.2,47.2,Nepal,Papua New Guinea,S Lamichhane,B Sharki,SI Kamea,0,0,,,,,,,caught,S Lamichhane,,,A Vala,,
1358087,2022/23,2023-03-09,"Tribhuvan University International Cricket Ground, Kirtipur",1,47.3,47.3,Nepal,Papua New Guinea,Sompal Kami,B Sharki,SI Kamea,0,0,,,,,,,,,,,,,
1358087,2022/23,2023-03-09,"Tribhuvan University International Cricket Ground, Kirtipur",1,47.4,47.4,Nepal,Papua New Guinea,Sompal Kami,B Sharki,SI Kamea,1,0,,,,,,,,,,,,,
1358087,2022/23,2023-03-09,"Tribhuvan University International Cricket Ground, Kirtipur",1,47.5,47.5,Nepal,Papua New Guinea,B Sharki,Sompal Kami,SI Kamea,1,0,,,,,,,,,,,,,
1358087,2022/23,2023-03-09,"Tribhuvan University International Cricket Ground, Kirtipur",1,47.6,47.6,Nepal,Papua New Guinea,Sompal Kami,B Sharki,SI Kamea,1,0,,,,,,,,,,,,,
1358087,2022/23,2023-03-09,"Tribhuvan University International Cricket Ground, Kirtipur",1,48.1,48.1,Nepal,Papua New Guinea,Sompal Kami,B Sharki,CA Soper,1,0,,,,,,,,,,,,,
1358087,2022/23,2023-03-09,"Tribhuvan University International Cricket Ground, Kirtipur",1,48.2,48.2,Nepal,Papua New Guinea,B Sharki,Sompal Kami,CA Soper,4,0,,,,,,,,,,,,,
1358087,2022/23,2023-03-09,"Tribhuvan University International Cricket Ground, Kirtipur",1,48.3,48.3,Nepal,Papua New Guinea,B Sharki,Sompal Kami,CA Soper,0,0,,,,,,,,,,,,,
1358087,2022/23,2023-03-09,"Tribhuvan University International Cricket Ground, Kirtipur",1,48.4,48.4,Nepal,Papua New Guinea,B Sharki,Sompal Kami,CA Soper,1,0,,,,,,,,,,,,,
1358087,2022/23,2023-03-09,"Tribhuvan University International Cricket Ground, Kirtipur",1,48.5,48.5,Nepal,Papua New Guinea,Sompal Kami,B Sharki,CA Soper,1,0,,,,,,,,,,,,,
1358087,2022/23,2023-03-09,"Tribhuvan University International Cricket Ground, Kirtipur",1,48.6,48.6,Nepal,Papua New Guinea,B Sharki,Sompal Kami,CA Soper,1,0,,,,,,,,,,,,,
1358087,2022/23,2023-03-09,"Tribhuvan University International Cricket Ground, Kirtipur",1,49.1,49.1,Nepal,Papua New Guinea,B Sharki,Sompal Kami,SI Kamea,0,0,,,,,,,caught,B Sharki,,,A Vala,,
1358087,2022/23,2023-03-09,"Tribhuvan University International Cricket Ground, Kirtipur",2,0.1,0.1,Papua New Guinea,Nepal,TP Ura,K Doriga,Sompal Kami,4,0,,,,,,,,,,,,,
1358087,2022/23,2023-03-09,"Tribhuvan University International Cricket Ground, Kirtipur",2,0.2,0.2,Papua New Guinea,Nepal,TP Ura,K Doriga,Sompal Kami,1,0,,,,,,,,,,,,,
1358087,2022/23,2023-03-09,"Tribhuvan University International Cricket Ground, Kirtipur",2,0.3,0.3,Papua New Guinea,Nepal,K Doriga,TP Ura,Sompal Kami,0,0,,,,,,,,,,,,,
1358087,2022/23,2023-03-09,"Tribhuvan University International Cricket Ground, Kirtipur",2,0.4,0.4,Papua New Guinea,Nepal,K Doriga,TP Ura,Sompal Kami,0,0,,,,,,,,,,,,,
1358087,2022/23,2023-03-09,"Tribhuvan University International Cricket Ground, Kirtipur",2,0.5,0.5,Papua New Guinea,Nepal,K Doriga,TP Ura,Sompal Kami,0,0,,,,,,,,,,,,,
1358087,2022/23,2023-03-09,"Tribhuvan University International Cricket Ground, Kirtipur",2,0.6,0.6,Papua New Guinea,Nepal,K Doriga,TP Ura,Sompal Kami,1,0,,,,,,,,,,,,,
1358087,2022/23,2023-03-09,"Tribhuvan University International Cricket Ground, Kirtipur",2,1.1,1.1,Papua New Guinea,Nepal,K Doriga,TP Ura,Kushal Malla,4,0,,,,,,,,,,,,,
1358087,2022/23,2023-03-09,"Tribhuvan University International Cricket Ground, Kirtipur",2,1.2,1.2,Papua New Guinea,Nepal,K Doriga,TP Ura,Kushal Malla,0,0,,,,,,,,,,,,,
1358087,2022/23,2023-03-09,"Tribhuvan University International Cricket Ground, Kirtipur",2,1.3,1.3,Papua New Guinea,Nepal,K Doriga,TP Ura,Kushal Malla,0,0,,,,,,,,,,,,,
1358087,2022/23,2023-03-09,"Tribhuvan University International Cricket Ground, Kirtipur",2,1.4,1.4,Papua New Guinea,Nepal,K Doriga,TP Ura,Kushal Malla,0,0,,,,,,,,,,,,,
1358087,2022/23,2023-03-09,"Tribhuvan University International Cricket Ground, Kirtipur",2,1.5,1.5,Papua New Guinea,Nepal,K Doriga,TP Ura,Kushal Malla,0,0,,,,,,,,,,,,,
1358087,2022/23,2023-03-09,"Tribhuvan University International Cricket Ground, Kirtipur",2,1.6,1.6,Papua New Guinea,Nepal,K Doriga,TP Ura,Kushal Malla,0,0,,,,,,,,,,,,,
1358087,2022/23,2023-03-09,"Tribhuvan University International Cricket Ground, Kirtipur",2,2.1,2.1,Papua New Guinea,Nepal,TP Ura,K Doriga,Sompal Kami,1,0,,,,,,,,,,,,,
1358087,2022/23,2023-03-09,"Tribhuvan University International Cricket Ground, Kirtipur",2,2.2,2.2,Papua New Guinea,Nepal,K Doriga,TP Ura,Sompal Kami,0,0,,,,,,,,,,,,,
1358087,2022/23,2023-03-09,"Tribhuvan University International Cricket Ground, Kirtipur",2,2.3,2.3,Papua New Guinea,Nepal,K Doriga,TP Ura,Sompal Kami,0,0,,,,,,,,,,,,,
1358087,2022/23,2023-03-09,"Tribhuvan University International Cricket Ground, Kirtipur",2,2.4,2.4,Papua New Guinea,Nepal,K Doriga,TP Ura,Sompal Kami,4,0,,,,,,,,,,,,,
1358087,2022/23,2023-03-09,"Tribhuvan University International Cricket Ground, Kirtipur",2,2.5,2.5,Papua New Guinea,Nepal,K Doriga,TP Ura,Sompal Kami,4,0,,,,,,,,,,,,,
1358087,2022/23,2023-03-09,"Tribhuvan University International Cricket Ground, Kirtipur",2,2.6,2.6,Papua New Guinea,Nepal,K Doriga,TP Ura,Sompal Kami,0,0,,,,,,,,,,,,,
1358087,2022/23,2023-03-09,"Tribhuvan University International Cricket Ground, Kirtipur",2,3.1,3.1,Papua New Guinea,Nepal,TP Ura,K Doriga,Kushal Malla,0,0,,,,,,,,,,,,,
1358087,2022/23,2023-03-09,"Tribhuvan University International Cricket Ground, Kirtipur",2,3.2,3.2,Papua New Guinea,Nepal,TP Ura,K Doriga,Kushal Malla,0,0,,,,,,,,,,,,,
1358087,2022/23,2023-03-09,"Tribhuvan University International Cricket Ground, Kirtipur",2,3.3,3.3,Papua New Guinea,Nepal,TP Ura,K Doriga,Kushal Malla,0,0,,,,,,,,,,,,,
1358087,2022/23,2023-03-09,"Tribhuvan University International Cricket Ground, Kirtipur",2,3.4,3.4,Papua New Guinea,Nepal,TP Ura,K Doriga,Kushal Malla,1,0,,,,,,,,,,,,,
1358087,2022/23,2023-03-09,"Tribhuvan University International Cricket Ground, Kirtipur",2,3.5,3.5,Papua New Guinea,Nepal,K Doriga,TP Ura,Kushal Malla,0,0,,,,,,,,,,,,,
1358087,2022/23,2023-03-09,"Tribhuvan University International Cricket Ground, Kirtipur",2,3.6,3.6,Papua New Guinea,Nepal,K Doriga,TP Ura,Kushal Malla,0,0,,,,,,,,,,,,,
1358087,2022/23,2023-03-09,"Tribhuvan University International Cricket Ground, Kirtipur",2,4.1,4.1,Papua New Guinea,Nepal,TP Ura,K Doriga,Sompal Kami,4,0,,,,,,,,,,,,,
1358087,2022/23,2023-03-09,"Tribhuvan University International Cricket Ground, Kirtipur",2,4.2,4.2,Papua New Guinea,Nepal,TP Ura,K Doriga,Sompal Kami,1,0,,,,,,,,,,,,,
1358087,2022/23,2023-03-09,"Tribhuvan University International Cricket Ground, Kirtipur",2,4.3,4.3,Papua New Guinea,Nepal,K Doriga,TP Ura,Sompal Kami,1,0,,,,,,,,,,,,,
1358087,2022/23,2023-03-09,"Tribhuvan University International Cricket Ground, Kirtipur",2,4.4,4.4,Papua New Guinea,Nepal,TP Ura,K Doriga,Sompal Kami,4,0,,,,,,,,,,,,,
1358087,2022/23,2023-03-09,"Tribhuvan University International Cricket Ground, Kirtipur",2,4.5,4.5,Papua New Guinea,Nepal,TP Ura,K Doriga,Sompal Kami,0,0,,,,,,,,,,,,,
1358087,2022/23,2023-03-09,"Tribhuvan University International Cricket Ground, Kirtipur",2,4.6,4.6,Papua New Guinea,Nepal,TP Ura,K Doriga,Sompal Kami,1,0,,,,,,,,,,,,,
1358087,2022/23,2023-03-09,"Tribhuvan University International Cricket Ground, Kirtipur",2,5.1,5.1,Papua New Guinea,Nepal,TP Ura,K Doriga,Kushal Malla,0,0,,,,,,,,,,,,,
1358087,2022/23,2023-03-09,"Tribhuvan University International Cricket Ground, Kirtipur",2,5.2,5.2,Papua New Guinea,Nepal,TP Ura,K Doriga,Kushal Malla,0,0,,,,,,,,,,,,,
1358087,2022/23,2023-03-09,"Tribhuvan University International Cricket Ground, Kirtipur",2,5.3,5.3,Papua New Guinea,Nepal,TP Ura,K Doriga,Kushal Malla,1,0,,,,,,,,,,,,,
1358087,2022/23,2023-03-09,"Tribhuvan University International Cricket Ground, Kirtipur",2,5.4,5.4,Papua New Guinea,Nepal,K Doriga,TP Ura,Kushal Malla,0,0,,,,,,,,,,,,,
1358087,2022/23,2023-03-09,"Tribhuvan University International Cricket Ground, Kirtipur",2,5.5,5.5,Papua New Guinea,Nepal,K Doriga,TP Ura,Kushal Malla,0,0,,,,,,,,,,,,,
1358087,2022/23,2023-03-09,"Tribhuvan University International Cricket Ground, Kirtipur",2,5.6,5.6,Papua New Guinea,Nepal,K Doriga,TP Ura,Kushal Malla,0,0,,,,,,,,,,,,,
1358087,2022/23,2023-03-09,"Tribhuvan University International Cricket Ground, Kirtipur",2,6.1,6.1,Papua New Guinea,Nepal,TP Ura,K Doriga,Karan KC,0,0,,,,,,,,,,,,,
1358087,2022/23,2023-03-09,"Tribhuvan University International Cricket Ground, Kirtipur",2,6.2,6.2,Papua New Guinea,Nepal,TP Ura,K Doriga,Karan KC,0,4,,,,4,,,,,,,,,
1358087,2022/23,2023-03-09,"Tribhuvan University International Cricket Ground, Kirtipur",2,6.3,6.3,Papua New Guinea,Nepal,TP Ura,K Doriga,Karan KC,1,0,,,,,,,,,,,,,
1358087,2022/23,2023-03-09,"Tribhuvan University International Cricket Ground, Kirtipur",2,6.4,6.4,Papua New Guinea,Nepal,K Doriga,TP Ura,Karan KC,0,0,,,,,,,,,,,,,
1358087,2022/23,2023-03-09,"Tribhuvan University International Cricket Ground, Kirtipur",2,6.5,6.5,Papua New Guinea,Nepal,K Doriga,TP Ura,Karan KC,1,0,,,,,,,,,,,,,
1358087,2022/23,2023-03-09,"Tribhuvan University International Cricket Ground, Kirtipur",2,6.6,6.6,Papua New Guinea,Nepal,TP Ura,K Doriga,Karan KC,0,5,5,,,,,,,,,,,,
1358087,2022/23,2023-03-09,"Tribhuvan University International Cricket Ground, Kirtipur",2,6.7,6.6,Papua New Guinea,Nepal,TP Ura,K Doriga,Karan KC,4,0,,,,,,,,,,,,,
1358087,2022/23,2023-03-09,"Tribhuvan University International Cricket Ground, Kirtipur",2,7.1,7.1,Papua New Guinea,Nepal,K Doriga,TP Ura,Kushal Malla,1,0,,,,,,,,,,,,,
1358087,2022/23,2023-03-09,"Tribhuvan University International Cricket Ground, Kirtipur",2,7.2,7.2,Papua New Guinea,Nepal,TP Ura,K Doriga,Kushal Malla,4,0,,,,,,,,,,,,,
1358087,2022/23,2023-03-09,"Tribhuvan University International Cricket Ground, Kirtipur",2,7.3,7.3,Papua New Guinea,Nepal,TP Ura,K Doriga,Kushal Malla,0,0,,,,,,,,,,,,,
1358087,2022/23,2023-03-09,"Tribhuvan University International Cricket Ground, Kirtipur",2,7.4,7.4,Papua New Guinea,Nepal,TP Ura,K Doriga,Kushal Malla,0,0,,,,,,,,,,,,,
1358087,2022/23,2023-03-09,"Tribhuvan University International Cricket Ground, Kirtipur",2,7.5,7.5,Papua New Guinea,Nepal,TP Ura,K Doriga,Kushal Malla,0,0,,,,,,,,,,,,,
1358087,2022/23,2023-03-09,"Tribhuvan University International Cricket Ground, Kirtipur",2,7.6,7.6,Papua New Guinea,Nepal,TP Ura,K Doriga,Kushal Malla,4,0,,,,,,,,,,,,,
1358087,2022/23,2023-03-09,"Tribhuvan University International Cricket Ground, Kirtipur",2,8.1,8.1,Papua New Guinea,Nepal,K Doriga,TP Ura,S Lamichhane,0,0,,,,,,,,,,,,,
1358087,2022/23,2023-03-09,"Tribhuvan University International Cricket Ground, Kirtipur",2,8.2,8.2,Papua New Guinea,Nepal,K Doriga,TP Ura,S Lamichhane,0,0,,,,,,,,,,,,,
1358087,2022/23,2023-03-09,"Tribhuvan University International Cricket Ground, Kirtipur",2,8.3,8.3,Papua New Guinea,Nepal,K Doriga,TP Ura,S Lamichhane,0,0,,,,,,,,,,,,,
1358087,2022/23,2023-03-09,"Tribhuvan University International Cricket Ground, Kirtipur",2,8.4,8.4,Papua New Guinea,Nepal,K Doriga,TP Ura,S Lamichhane,0,0,,,,,,,,,,,,,
1358087,2022/23,2023-03-09,"Tribhuvan University International Cricket Ground, Kirtipur",2,8.5,8.5,Papua New Guinea,Nepal,K Doriga,TP Ura,S Lamichhane,2,0,,,,,,,,,,,,,
1358087,2022/23,2023-03-09,"Tribhuvan University International Cricket Ground, Kirtipur",2,8.6,8.6,Papua New Guinea,Nepal,K Doriga,TP Ura,S Lamichhane,0,0,,,,,,,,,,,,,
1358087,2022/23,2023-03-09,"Tribhuvan University International Cricket Ground, Kirtipur",2,9.1,9.1,Papua New Guinea,Nepal,TP Ura,K Doriga,Kushal Malla,1,0,,,,,,,,,,,,,
1358087,2022/23,2023-03-09,"Tribhuvan University International Cricket Ground, Kirtipur",2,9.2,9.2,Papua New Guinea,Nepal,K Doriga,TP Ura,Kushal Malla,0,0,,,,,,,,,,,,,
1358087,2022/23,2023-03-09,"Tribhuvan University International Cricket Ground, Kirtipur",2,9.3,9.3,Papua New Guinea,Nepal,K Doriga,TP Ura,Kushal Malla,1,0,,,,,,,,,,,,,
1358087,2022/23,2023-03-09,"Tribhuvan University International Cricket Ground, Kirtipur",2,9.4,9.4,Papua New Guinea,Nepal,TP Ura,K Doriga,Kushal Malla,4,0,,,,,,,,,,,,,
1358087,2022/23,2023-03-09,"Tribhuvan University International Cricket Ground, Kirtipur",2,9.5,9.5,Papua New Guinea,Nepal,TP Ura,K Doriga,Kushal Malla,1,0,,,,,,,,,,,,,
1358087,2022/23,2023-03-09,"Tribhuvan University International Cricket Ground, Kirtipur",2,9.6,9.6,Papua New Guinea,Nepal,K Doriga,TP Ura,Kushal Malla,6,0,,,,,,,,,,,,,
1358087,2022/23,2023-03-09,"Tribhuvan University International Cricket Ground, Kirtipur",2,10.1,10.1,Papua New Guinea,Nepal,TP Ura,K Doriga,S Lamichhane,0,0,,,,,,,,,,,,,
1358087,2022/23,2023-03-09,"Tribhuvan University International Cricket Ground, Kirtipur",2,10.2,10.2,Papua New Guinea,Nepal,TP Ura,K Doriga,S Lamichhane,0,1,1,,,,,,,,,,,,
1358087,2022/23,2023-03-09,"Tribhuvan University International Cricket Ground, Kirtipur",2,10.3,10.2,Papua New Guinea,Nepal,TP Ura,K Doriga,S Lamichhane,4,0,,,,,,,,,,,,,
1358087,2022/23,2023-03-09,"Tribhuvan University International Cricket Ground, Kirtipur",2,10.4,10.3,Papua New Guinea,Nepal,TP Ura,K Doriga,S Lamichhane,0,0,,,,,,,,,,,,,
1358087,2022/23,2023-03-09,"Tribhuvan University International Cricket Ground, Kirtipur",2,10.5,10.4,Papua New Guinea,Nepal,TP Ura,K Doriga,S Lamichhane,0,0,,,,,,,,,,,,,
1358087,2022/23,2023-03-09,"Tribhuvan University International Cricket Ground, Kirtipur",2,10.6,10.5,Papua New Guinea,Nepal,TP Ura,K Doriga,S Lamichhane,0,0,,,,,,,,,,,,,
1358087,2022/23,2023-03-09,"Tribhuvan University International Cricket Ground, Kirtipur",2,10.7,10.6,Papua New Guinea,Nepal,TP Ura,K Doriga,S Lamichhane,0,0,,,,,,,,,,,,,
1358087,2022/23,2023-03-09,"Tribhuvan University International Cricket Ground, Kirtipur",2,11.1,11.1,Papua New Guinea,Nepal,K Doriga,TP Ura,Kushal Malla,1,0,,,,,,,,,,,,,
1358087,2022/23,2023-03-09,"Tribhuvan University International Cricket Ground, Kirtipur",2,11.2,11.2,Papua New Guinea,Nepal,TP Ura,K Doriga,Kushal Malla,0,0,,,,,,,run out,K Doriga,,,Aasif Sheikh,DS Airee,
1358087,2022/23,2023-03-09,"Tribhuvan University International Cricket Ground, Kirtipur",2,11.3,11.3,Papua New Guinea,Nepal,S Bau,TP Ura,Kushal Malla,1,0,,,,,,,,,,,,,
1358087,2022/23,2023-03-09,"Tribhuvan University International Cricket Ground, Kirtipur",2,11.4,11.4,Papua New Guinea,Nepal,TP Ura,S Bau,Kushal Malla,0,1,1,,,,,,,,,,,,
1358087,2022/23,2023-03-09,"Tribhuvan University International Cricket Ground, Kirtipur",2,11.5,11.4,Papua New Guinea,Nepal,TP Ura,S Bau,Kushal Malla,1,0,,,,,,,,,,,,,
1358087,2022/23,2023-03-09,"Tribhuvan University International Cricket Ground, Kirtipur",2,11.6,11.5,Papua New Guinea,Nepal,S Bau,TP Ura,Kushal Malla,0,0,,,,,,,,,,,,,
1358087,2022/23,2023-03-09,"Tribhuvan University International Cricket Ground, Kirtipur",2,11.7,11.6,Papua New Guinea,Nepal,S Bau,TP Ura,Kushal Malla,0,0,,,,,,,,,,,,,
1358087,2022/23,2023-03-09,"Tribhuvan University International Cricket Ground, Kirtipur",2,12.1,12.1,Papua New Guinea,Nepal,TP Ura,S Bau,S Lamichhane,1,0,,,,,,,,,,,,,
1358087,2022/23,2023-03-09,"Tribhuvan University International Cricket Ground, Kirtipur",2,12.2,12.2,Papua New Guinea,Nepal,S Bau,TP Ura,S Lamichhane,0,0,,,,,,,,,,,,,
1358087,2022/23,2023-03-09,"Tribhuvan University International Cricket Ground, Kirtipur",2,12.3,12.3,Papua New Guinea,Nepal,S Bau,TP Ura,S Lamichhane,1,0,,,,,,,,,,,,,
1358087,2022/23,2023-03-09,"Tribhuvan University International Cricket Ground, Kirtipur",2,12.4,12.4,Papua New Guinea,Nepal,TP Ura,S Bau,S Lamichhane,4,0,,,,,,,,,,,,,
1358087,2022/23,2023-03-09,"Tribhuvan University International Cricket Ground, Kirtipur",2,12.5,12.5,Papua New Guinea,Nepal,TP Ura,S Bau,S Lamichhane,0,0,,,,,,,,,,,,,
1358087,2022/23,2023-03-09,"Tribhuvan University International Cricket Ground, Kirtipur",2,12.6,12.6,Papua New Guinea,Nepal,TP Ura,S Bau,S Lamichhane,0,0,,,,,,,,,,,,,
1358087,2022/23,2023-03-09,"Tribhuvan University International Cricket Ground, Kirtipur",2,13.1,13.1,Papua New Guinea,Nepal,S Bau,TP Ura,DS Airee,1,0,,,,,,,,,,,,,
1358087,2022/23,2023-03-09,"Tribhuvan University International Cricket Ground, Kirtipur",2,13.2,13.2,Papua New Guinea,Nepal,TP Ura,S Bau,DS Airee,1,0,,,,,,,,,,,,,
1358087,2022/23,2023-03-09,"Tribhuvan University International Cricket Ground, Kirtipur",2,13.3,13.3,Papua New Guinea,Nepal,S Bau,TP Ura,DS Airee,0,0,,,,,,,caught,S Bau,,,Sompal Kami,,
1358087,2022/23,2023-03-09,"Tribhuvan University International Cricket Ground, Kirtipur",2,13.4,13.4,Papua New Guinea,Nepal,A Vala,TP Ura,DS Airee,1,0,,,,,,,,,,,,,
1358087,2022/23,2023-03-09,"Tribhuvan University International Cricket Ground, Kirtipur",2,13.5,13.5,Papua New Guinea,Nepal,TP Ura,A Vala,DS Airee,0,0,,,,,,,,,,,,,
1358087,2022/23,2023-03-09,"Tribhuvan University International Cricket Ground, Kirtipur",2,13.6,13.6,Papua New Guinea,Nepal,TP Ura,A Vala,DS Airee,1,0,,,,,,,,,,,,,
1358087,2022/23,2023-03-09,"Tribhuvan University International Cricket Ground, Kirtipur",2,14.1,14.1,Papua New Guinea,Nepal,TP Ura,A Vala,S Lamichhane,1,0,,,,,,,,,,,,,
1358087,2022/23,2023-03-09,"Tribhuvan University International Cricket Ground, Kirtipur",2,14.2,14.2,Papua New Guinea,Nepal,A Vala,TP Ura,S Lamichhane,1,0,,,,,,,,,,,,,
1358087,2022/23,2023-03-09,"Tribhuvan University International Cricket Ground, Kirtipur",2,14.3,14.3,Papua New Guinea,Nepal,TP Ura,A Vala,S Lamichhane,0,0,,,,,,,caught,TP Ura,,,Aarif Sheikh,,
1358087,2022/23,2023-03-09,"Tribhuvan University International Cricket Ground, Kirtipur",2,14.4,14.4,Papua New Guinea,Nepal,CJA Amini,A Vala,S Lamichhane,0,0,,,,,,,,,,,,,
1358087,2022/23,2023-03-09,"Tribhuvan University International Cricket Ground, Kirtipur",2,14.5,14.5,Papua New Guinea,Nepal,CJA Amini,A Vala,S Lamichhane,0,0,,,,,,,,,,,,,
1358087,2022/23,2023-03-09,"Tribhuvan University International Cricket Ground, Kirtipur",2,14.6,14.6,Papua New Guinea,Nepal,CJA Amini,A Vala,S Lamichhane,0,0,,,,,,,,,,,,,
1358087,2022/23,2023-03-09,"Tribhuvan University International Cricket Ground, Kirtipur",2,15.1,15.1,Papua New Guinea,Nepal,A Vala,CJA Amini,DS Airee,1,0,,,,,,,,,,,,,
1358087,2022/23,2023-03-09,"Tribhuvan University International Cricket Ground, Kirtipur",2,15.2,15.2,Papua New Guinea,Nepal,CJA Amini,A Vala,DS Airee,0,0,,,,,,,,,,,,,
1358087,2022/23,2023-03-09,"Tribhuvan University International Cricket Ground, Kirtipur",2,15.3,15.3,Papua New Guinea,Nepal,CJA Amini,A Vala,DS Airee,0,0,,,,,,,,,,,,,
1358087,2022/23,2023-03-09,"Tribhuvan University International Cricket Ground, Kirtipur",2,15.4,15.4,Papua New Guinea,Nepal,CJA Amini,A Vala,DS Airee,1,0,,,,,,,,,,,,,
1358087,2022/23,2023-03-09,"Tribhuvan University International Cricket Ground, Kirtipur",2,15.5,15.5,Papua New Guinea,Nepal,A Vala,CJA Amini,DS Airee,1,0,,,,,,,,,,,,,
1358087,2022/23,2023-03-09,"Tribhuvan University International Cricket Ground, Kirtipur",2,15.6,15.6,Papua New Guinea,Nepal,CJA Amini,A Vala,DS Airee,0,0,,,,,,,,,,,,,
1358087,2022/23,2023-03-09,"Tribhuvan University International Cricket Ground, Kirtipur",2,16.1,16.1,Papua New Guinea,Nepal,A Vala,CJA Amini,RK Paudel,0,0,,,,,,,,,,,,,
1358087,2022/23,2023-03-09,"Tribhuvan University International Cricket Ground, Kirtipur",2,16.2,16.2,Papua New Guinea,Nepal,A Vala,CJA Amini,RK Paudel,1,0,,,,,,,,,,,,,
1358087,2022/23,2023-03-09,"Tribhuvan University International Cricket Ground, Kirtipur",2,16.3,16.3,Papua New Guinea,Nepal,CJA Amini,A Vala,RK Paudel,0,0,,,,,,,,,,,,,
1358087,2022/23,2023-03-09,"Tribhuvan University International Cricket Ground, Kirtipur",2,16.4,16.4,Papua New Guinea,Nepal,CJA Amini,A Vala,RK Paudel,0,0,,,,,,,,,,,,,
1358087,2022/23,2023-03-09,"Tribhuvan University International Cricket Ground, Kirtipur",2,16.5,16.5,Papua New Guinea,Nepal,CJA Amini,A Vala,RK Paudel,0,0,,,,,,,,,,,,,
1358087,2022/23,2023-03-09,"Tribhuvan University International Cricket Ground, Kirtipur",2,16.6,16.6,Papua New Guinea,Nepal,CJA Amini,A Vala,RK Paudel,0,0,,,,,,,,,,,,,
1358087,2022/23,2023-03-09,"Tribhuvan University International Cricket Ground, Kirtipur",2,17.1,17.1,Papua New Guinea,Nepal,A Vala,CJA Amini,DS Airee,1,0,,,,,,,,,,,,,
1358087,2022/23,2023-03-09,"Tribhuvan University International Cricket Ground, Kirtipur",2,17.2,17.2,Papua New Guinea,Nepal,CJA Amini,A Vala,DS Airee,4,0,,,,,,,,,,,,,
1358087,2022/23,2023-03-09,"Tribhuvan University International Cricket Ground, Kirtipur",2,17.3,17.3,Papua New Guinea,Nepal,CJA Amini,A Vala,DS Airee,0,0,,,,,,,,,,,,,
1358087,2022/23,2023-03-09,"Tribhuvan University International Cricket Ground, Kirtipur",2,17.4,17.4,Papua New Guinea,Nepal,CJA Amini,A Vala,DS Airee,0,0,,,,,,,,,,,,,
1358087,2022/23,2023-03-09,"Tribhuvan University International Cricket Ground, Kirtipur",2,17.5,17.5,Papua New Guinea,Nepal,CJA Amini,A Vala,DS Airee,0,0,,,,,,,,,,,,,
1358087,2022/23,2023-03-09,"Tribhuvan University International Cricket Ground, Kirtipur",2,17.6,17.6,Papua New Guinea,Nepal,CJA Amini,A Vala,DS Airee,0,0,,,,,,,,,,,,,
1358087,2022/23,2023-03-09,"Tribhuvan University International Cricket Ground, Kirtipur",2,18.1,18.1,Papua New Guinea,Nepal,A Vala,CJA Amini,Sompal Kami,1,0,,,,,,,,,,,,,
1358087,2022/23,2023-03-09,"Tribhuvan University International Cricket Ground, Kirtipur",2,18.2,18.2,Papua New Guinea,Nepal,CJA Amini,A Vala,Sompal Kami,0,0,,,,,,,,,,,,,
1358087,2022/23,2023-03-09,"Tribhuvan University International Cricket Ground, Kirtipur",2,18.3,18.3,Papua New Guinea,Nepal,CJA Amini,A Vala,Sompal Kami,1,0,,,,,,,,,,,,,
1358087,2022/23,2023-03-09,"Tribhuvan University International Cricket Ground, Kirtipur",2,18.4,18.4,Papua New Guinea,Nepal,A Vala,CJA Amini,Sompal Kami,0,0,,,,,,,,,,,,,
1358087,2022/23,2023-03-09,"Tribhuvan University International Cricket Ground, Kirtipur",2,18.5,18.5,Papua New Guinea,Nepal,A Vala,CJA Amini,Sompal Kami,1,0,,,,,,,,,,,,,
1358087,2022/23,2023-03-09,"Tribhuvan University International Cricket Ground, Kirtipur",2,18.6,18.6,Papua New Guinea,Nepal,CJA Amini,A Vala,Sompal Kami,0,0,,,,,,,,,,,,,
1358087,2022/23,2023-03-09,"Tribhuvan University International Cricket Ground, Kirtipur",2,19.1,19.1,Papua New Guinea,Nepal,A Vala,CJA Amini,DS Airee,0,0,,,,,,,,,,,,,
1358087,2022/23,2023-03-09,"Tribhuvan University International Cricket Ground, Kirtipur",2,19.2,19.2,Papua New Guinea,Nepal,A Vala,CJA Amini,DS Airee,0,0,,,,,,,,,,,,,
1358087,2022/23,2023-03-09,"Tribhuvan University International Cricket Ground, Kirtipur",2,19.3,19.3,Papua New Guinea,Nepal,A Vala,CJA Amini,DS Airee,0,0,,,,,,,,,,,,,
1358087,2022/23,2023-03-09,"Tribhuvan University International Cricket Ground, Kirtipur",2,19.4,19.4,Papua New Guinea,Nepal,A Vala,CJA Amini,DS Airee,0,0,,,,,,,,,,,,,
1358087,2022/23,2023-03-09,"Tribhuvan University International Cricket Ground, Kirtipur",2,19.5,19.5,Papua New Guinea,Nepal,A Vala,CJA Amini,DS Airee,1,0,,,,,,,,,,,,,
1358087,2022/23,2023-03-09,"Tribhuvan University International Cricket Ground, Kirtipur",2,19.6,19.6,Papua New Guinea,Nepal,CJA Amini,A Vala,DS Airee,1,0,,,,,,,,,,,,,
1358087,2022/23,2023-03-09,"Tribhuvan University International Cricket Ground, Kirtipur",2,20.1,20.1,Papua New Guinea,Nepal,CJA Amini,A Vala,Sompal Kami,0,0,,,,,,,,,,,,,
1358087,2022/23,2023-03-09,"Tribhuvan University International Cricket Ground, Kirtipur",2,20.2,20.2,Papua New Guinea,Nepal,CJA Amini,A Vala,Sompal Kami,1,0,,,,,,,,,,,,,
1358087,2022/23,2023-03-09,"Tribhuvan University International Cricket Ground, Kirtipur",2,20.3,20.3,Papua New Guinea,Nepal,A Vala,CJA Amini,Sompal Kami,1,0,,,,,,,,,,,,,
1358087,2022/23,2023-03-09,"Tribhuvan University International Cricket Ground, Kirtipur",2,20.4,20.4,Papua New Guinea,Nepal,CJA Amini,A Vala,Sompal Kami,1,0,,,,,,,,,,,,,
1358087,2022/23,2023-03-09,"Tribhuvan University International Cricket Ground, Kirtipur",2,20.5,20.5,Papua New Guinea,Nepal,A Vala,CJA Amini,Sompal Kami,0,0,,,,,,,,,,,,,
1358087,2022/23,2023-03-09,"Tribhuvan University International Cricket Ground, Kirtipur",2,20.6,20.6,Papua New Guinea,Nepal,A Vala,CJA Amini,Sompal Kami,4,0,,,,,,,,,,,,,
1358087,2022/23,2023-03-09,"Tribhuvan University International Cricket Ground, Kirtipur",2,21.1,21.1,Papua New Guinea,Nepal,CJA Amini,A Vala,DS Airee,0,0,,,,,,,,,,,,,
1358087,2022/23,2023-03-09,"Tribhuvan University International Cricket Ground, Kirtipur",2,21.2,21.2,Papua New Guinea,Nepal,CJA Amini,A Vala,DS Airee,1,0,,,,,,,,,,,,,
1358087,2022/23,2023-03-09,"Tribhuvan University International Cricket Ground, Kirtipur",2,21.3,21.3,Papua New Guinea,Nepal,A Vala,CJA Amini,DS Airee,1,0,,,,,,,,,,,,,
1358087,2022/23,2023-03-09,"Tribhuvan University International Cricket Ground, Kirtipur",2,21.4,21.4,Papua New Guinea,Nepal,CJA Amini,A Vala,DS Airee,0,0,,,,,,,,,,,,,
1358087,2022/23,2023-03-09,"Tribhuvan University International Cricket Ground, Kirtipur",2,21.5,21.5,Papua New Guinea,Nepal,CJA Amini,A Vala,DS Airee,0,0,,,,,,,,,,,,,
1358087,2022/23,2023-03-09,"Tribhuvan University International Cricket Ground, Kirtipur",2,21.6,21.6,Papua New Guinea,Nepal,CJA Amini,A Vala,DS Airee,0,0,,,,,,,,,,,,,
1358087,2022/23,2023-03-09,"Tribhuvan University International Cricket Ground, Kirtipur",2,22.1,22.1,Papua New Guinea,Nepal,A Vala,CJA Amini,RK Paudel,0,0,,,,,,,,,,,,,
1358087,2022/23,2023-03-09,"Tribhuvan University International Cricket Ground, Kirtipur",2,22.2,22.2,Papua New Guinea,Nepal,A Vala,CJA Amini,RK Paudel,1,0,,,,,,,,,,,,,
1358087,2022/23,2023-03-09,"Tribhuvan University International Cricket Ground, Kirtipur",2,22.3,22.3,Papua New Guinea,Nepal,CJA Amini,A Vala,RK Paudel,1,0,,,,,,,,,,,,,
1358087,2022/23,2023-03-09,"Tribhuvan University International Cricket Ground, Kirtipur",2,22.4,22.4,Papua New Guinea,Nepal,A Vala,CJA Amini,RK Paudel,0,0,,,,,,,,,,,,,
1358087,2022/23,2023-03-09,"Tribhuvan University International Cricket Ground, Kirtipur",2,22.5,22.5,Papua New Guinea,Nepal,A Vala,CJA Amini,RK Paudel,0,0,,,,,,,,,,,,,
1358087,2022/23,2023-03-09,"Tribhuvan University International Cricket Ground, Kirtipur",2,22.6,22.6,Papua New Guinea,Nepal,A Vala,CJA Amini,RK Paudel,0,0,,,,,,,,,,,,,
1358087,2022/23,2023-03-09,"Tribhuvan University International Cricket Ground, Kirtipur",2,23.1,23.1,Papua New Guinea,Nepal,CJA Amini,A Vala,DS Airee,0,0,,,,,,,,,,,,,
1358087,2022/23,2023-03-09,"Tribhuvan University International Cricket Ground, Kirtipur",2,23.2,23.2,Papua New Guinea,Nepal,CJA Amini,A Vala,DS Airee,1,0,,,,,,,,,,,,,
1358087,2022/23,2023-03-09,"Tribhuvan University International Cricket Ground, Kirtipur",2,23.3,23.3,Papua New Guinea,Nepal,A Vala,CJA Amini,DS Airee,0,0,,,,,,,,,,,,,
1358087,2022/23,2023-03-09,"Tribhuvan University International Cricket Ground, Kirtipur",2,23.4,23.4,Papua New Guinea,Nepal,A Vala,CJA Amini,DS Airee,0,0,,,,,,,,,,,,,
1358087,2022/23,2023-03-09,"Tribhuvan University International Cricket Ground, Kirtipur",2,23.5,23.5,Papua New Guinea,Nepal,A Vala,CJA Amini,DS Airee,6,0,,,,,,,,,,,,,
1358087,2022/23,2023-03-09,"Tribhuvan University International Cricket Ground, Kirtipur",2,23.6,23.6,Papua New Guinea,Nepal,A Vala,CJA Amini,DS Airee,0,0,,,,,,,,,,,,,
1358087,2022/23,2023-03-09,"Tribhuvan University International Cricket Ground, Kirtipur",2,24.1,24.1,Papua New Guinea,Nepal,CJA Amini,A Vala,RK Paudel,0,0,,,,,,,,,,,,,
1358087,2022/23,2023-03-09,"Tribhuvan University International Cricket Ground, Kirtipur",2,24.2,24.2,Papua New Guinea,Nepal,CJA Amini,A Vala,RK Paudel,0,0,,,,,,,,,,,,,
1358087,2022/23,2023-03-09,"Tribhuvan University International Cricket Ground, Kirtipur",2,24.3,24.3,Papua New Guinea,Nepal,CJA Amini,A Vala,RK Paudel,1,0,,,,,,,,,,,,,
1358087,2022/23,2023-03-09,"Tribhuvan University International Cricket Ground, Kirtipur",2,24.4,24.4,Papua New Guinea,Nepal,A Vala,CJA Amini,RK Paudel,0,0,,,,,,,,,,,,,
1358087,2022/23,2023-03-09,"Tribhuvan University International Cricket Ground, Kirtipur",2,24.5,24.5,Papua New Guinea,Nepal,A Vala,CJA Amini,RK Paudel,0,0,,,,,,,,,,,,,
1358087,2022/23,2023-03-09,"Tribhuvan University International Cricket Ground, Kirtipur",2,24.6,24.6,Papua New Guinea,Nepal,A Vala,CJA Amini,RK Paudel,0,0,,,,,,,,,,,,,
1358087,2022/23,2023-03-09,"Tribhuvan University International Cricket Ground, Kirtipur",2,25.1,25.1,Papua New Guinea,Nepal,CJA Amini,A Vala,DS Airee,0,0,,,,,,,,,,,,,
1358087,2022/23,2023-03-09,"Tribhuvan University International Cricket Ground, Kirtipur",2,25.2,25.2,Papua New Guinea,Nepal,CJA Amini,A Vala,DS Airee,1,0,,,,,,,,,,,,,
1358087,2022/23,2023-03-09,"Tribhuvan University International Cricket Ground, Kirtipur",2,25.3,25.3,Papua New Guinea,Nepal,A Vala,CJA Amini,DS Airee,0,0,,,,,,,,,,,,,
1358087,2022/23,2023-03-09,"Tribhuvan University International Cricket Ground, Kirtipur",2,25.4,25.4,Papua New Guinea,Nepal,A Vala,CJA Amini,DS Airee,0,0,,,,,,,,,,,,,
1358087,2022/23,2023-03-09,"Tribhuvan University International Cricket Ground, Kirtipur",2,25.5,25.5,Papua New Guinea,Nepal,A Vala,CJA Amini,DS Airee,1,0,,,,,,,,,,,,,
1358087,2022/23,2023-03-09,"Tribhuvan University International Cricket Ground, Kirtipur",2,25.6,25.6,Papua New Guinea,Nepal,CJA Amini,A Vala,DS Airee,0,0,,,,,,,,,,,,,
1358087,2022/23,2023-03-09,"Tribhuvan University International Cricket Ground, Kirtipur",2,26.1,26.1,Papua New Guinea,Nepal,A Vala,CJA Amini,RK Paudel,1,0,,,,,,,,,,,,,
1358087,2022/23,2023-03-09,"Tribhuvan University International Cricket Ground, Kirtipur",2,26.2,26.2,Papua New Guinea,Nepal,CJA Amini,A Vala,RK Paudel,0,0,,,,,,,,,,,,,
1358087,2022/23,2023-03-09,"Tribhuvan University International Cricket Ground, Kirtipur",2,26.3,26.3,Papua New Guinea,Nepal,CJA Amini,A Vala,RK Paudel,0,0,,,,,,,,,,,,,
1358087,2022/23,2023-03-09,"Tribhuvan University International Cricket Ground, Kirtipur",2,26.4,26.4,Papua New Guinea,Nepal,CJA Amini,A Vala,RK Paudel,0,0,,,,,,,,,,,,,
1358087,2022/23,2023-03-09,"Tribhuvan University International Cricket Ground, Kirtipur",2,26.5,26.5,Papua New Guinea,Nepal,CJA Amini,A Vala,RK Paudel,0,0,,,,,,,,,,,,,
1358087,2022/23,2023-03-09,"Tribhuvan University International Cricket Ground, Kirtipur",2,26.6,26.6,Papua New Guinea,Nepal,CJA Amini,A Vala,RK Paudel,0,0,,,,,,,,,,,,,
1358087,2022/23,2023-03-09,"Tribhuvan University International Cricket Ground, Kirtipur",2,27.1,27.1,Papua New Guinea,Nepal,A Vala,CJA Amini,DS Airee,1,0,,,,,,,,,,,,,
1358087,2022/23,2023-03-09,"Tribhuvan University International Cricket Ground, Kirtipur",2,27.2,27.2,Papua New Guinea,Nepal,CJA Amini,A Vala,DS Airee,0,0,,,,,,,bowled,CJA Amini,,,,,
1358087,2022/23,2023-03-09,"Tribhuvan University International Cricket Ground, Kirtipur",2,27.3,27.3,Papua New Guinea,Nepal,H Hiri,A Vala,DS Airee,0,0,,,,,,,,,,,,,
1358087,2022/23,2023-03-09,"Tribhuvan University International Cricket Ground, Kirtipur",2,27.4,27.4,Papua New Guinea,Nepal,H Hiri,A Vala,DS Airee,0,0,,,,,,,,,,,,,
1358087,2022/23,2023-03-09,"Tribhuvan University International Cricket Ground, Kirtipur",2,27.5,27.5,Papua New Guinea,Nepal,H Hiri,A Vala,DS Airee,1,0,,,,,,,,,,,,,
1358087,2022/23,2023-03-09,"Tribhuvan University International Cricket Ground, Kirtipur",2,27.6,27.6,Papua New Guinea,Nepal,A Vala,H Hiri,DS Airee,0,0,,,,,,,,,,,,,
1358087,2022/23,2023-03-09,"Tribhuvan University International Cricket Ground, Kirtipur",2,28.1,28.1,Papua New Guinea,Nepal,H Hiri,A Vala,S Lamichhane,0,0,,,,,,,,,,,,,
1358087,2022/23,2023-03-09,"Tribhuvan University International Cricket Ground, Kirtipur",2,28.2,28.2,Papua New Guinea,Nepal,H Hiri,A Vala,S Lamichhane,0,0,,,,,,,,,,,,,
1358087,2022/23,2023-03-09,"Tribhuvan University International Cricket Ground, Kirtipur",2,28.3,28.3,Papua New Guinea,Nepal,H Hiri,A Vala,S Lamichhane,0,0,,,,,,,,,,,,,
1358087,2022/23,2023-03-09,"Tribhuvan University International Cricket Ground, Kirtipur",2,28.4,28.4,Papua New Guinea,Nepal,H Hiri,A Vala,S Lamichhane,3,0,,,,,,,,,,,,,
1358087,2022/23,2023-03-09,"Tribhuvan University International Cricket Ground, Kirtipur",2,28.5,28.5,Papua New Guinea,Nepal,A Vala,H Hiri,S Lamichhane,0,0,,,,,,,,,,,,,
1358087,2022/23,2023-03-09,"Tribhuvan University International Cricket Ground, Kirtipur",2,28.6,28.6,Papua New Guinea,Nepal,A Vala,H Hiri,S Lamichhane,4,0,,,,,,,,,,,,,
1358087,2022/23,2023-03-09,"Tribhuvan University International Cricket Ground, Kirtipur",2,29.1,29.1,Papua New Guinea,Nepal,H Hiri,A Vala,RK Paudel,1,0,,,,,,,,,,,,,
1358087,2022/23,2023-03-09,"Tribhuvan University International Cricket Ground, Kirtipur",2,29.2,29.2,Papua New Guinea,Nepal,A Vala,H Hiri,RK Paudel,0,0,,,,,,,,,,,,,
1358087,2022/23,2023-03-09,"Tribhuvan University International Cricket Ground, Kirtipur",2,29.3,29.3,Papua New Guinea,Nepal,A Vala,H Hiri,RK Paudel,0,0,,,,,,,,,,,,,
1358087,2022/23,2023-03-09,"Tribhuvan University International Cricket Ground, Kirtipur",2,29.4,29.4,Papua New Guinea,Nepal,A Vala,H Hiri,RK Paudel,1,0,,,,,,,,,,,,,
1358087,2022/23,2023-03-09,"Tribhuvan University International Cricket Ground, Kirtipur",2,29.5,29.5,Papua New Guinea,Nepal,H Hiri,A Vala,RK Paudel,1,0,,,,,,,,,,,,,
1358087,2022/23,2023-03-09,"Tribhuvan University International Cricket Ground, Kirtipur",2,29.6,29.6,Papua New Guinea,Nepal,A Vala,H Hiri,RK Paudel,6,0,,,,,,,,,,,,,
1358087,2022/23,2023-03-09,"Tribhuvan University International Cricket Ground, Kirtipur",2,30.1,30.1,Papua New Guinea,Nepal,H Hiri,A Vala,S Lamichhane,0,0,,,,,,,,,,,,,
1358087,2022/23,2023-03-09,"Tribhuvan University International Cricket Ground, Kirtipur",2,30.2,30.2,Papua New Guinea,Nepal,H Hiri,A Vala,S Lamichhane,0,0,,,,,,,,,,,,,
1358087,2022/23,2023-03-09,"Tribhuvan University International Cricket Ground, Kirtipur",2,30.3,30.3,Papua New Guinea,Nepal,H Hiri,A Vala,S Lamichhane,1,0,,,,,,,,,,,,,
1358087,2022/23,2023-03-09,"Tribhuvan University International Cricket Ground, Kirtipur",2,30.4,30.4,Papua New Guinea,Nepal,A Vala,H Hiri,S Lamichhane,0,0,,,,,,,,,,,,,
1358087,2022/23,2023-03-09,"Tribhuvan University International Cricket Ground, Kirtipur",2,30.5,30.5,Papua New Guinea,Nepal,A Vala,H Hiri,S Lamichhane,1,0,,,,,,,,,,,,,
1358087,2022/23,2023-03-09,"Tribhuvan University International Cricket Ground, Kirtipur",2,30.6,30.6,Papua New Guinea,Nepal,H Hiri,A Vala,S Lamichhane,0,0,,,,,,,,,,,,,
1358087,2022/23,2023-03-09,"Tribhuvan University International Cricket Ground, Kirtipur",2,31.1,31.1,Papua New Guinea,Nepal,A Vala,H Hiri,RK Paudel,1,0,,,,,,,,,,,,,
1358087,2022/23,2023-03-09,"Tribhuvan University International Cricket Ground, Kirtipur",2,31.2,31.2,Papua New Guinea,Nepal,H Hiri,A Vala,RK Paudel,0,0,,,,,,,,,,,,,
1358087,2022/23,2023-03-09,"Tribhuvan University International Cricket Ground, Kirtipur",2,31.3,31.3,Papua New Guinea,Nepal,H Hiri,A Vala,RK Paudel,1,0,,,,,,,,,,,,,
1358087,2022/23,2023-03-09,"Tribhuvan University International Cricket Ground, Kirtipur",2,31.4,31.4,Papua New Guinea,Nepal,A Vala,H Hiri,RK Paudel,0,0,,,,,,,,,,,,,
1358087,2022/23,2023-03-09,"Tribhuvan University International Cricket Ground, Kirtipur",2,31.5,31.5,Papua New Guinea,Nepal,A Vala,H Hiri,RK Paudel,1,0,,,,,,,,,,,,,
1358087,2022/23,2023-03-09,"Tribhuvan University International Cricket Ground, Kirtipur",2,31.6,31.6,Papua New Guinea,Nepal,H Hiri,A Vala,RK Paudel,0,0,,,,,,,,,,,,,
1358087,2022/23,2023-03-09,"Tribhuvan University International Cricket Ground, Kirtipur",2,32.1,32.1,Papua New Guinea,Nepal,A Vala,H Hiri,S Lamichhane,1,0,,,,,,,,,,,,,
1358087,2022/23,2023-03-09,"Tribhuvan University International Cricket Ground, Kirtipur",2,32.2,32.2,Papua New Guinea,Nepal,H Hiri,A Vala,S Lamichhane,0,0,,,,,,,bowled,H Hiri,,,,,
1358087,2022/23,2023-03-09,"Tribhuvan University International Cricket Ground, Kirtipur",2,32.3,32.3,Papua New Guinea,Nepal,CA Soper,A Vala,S Lamichhane,0,0,,,,,,,caught,CA Soper,,,Aarif Sheikh,,
1358087,2022/23,2023-03-09,"Tribhuvan University International Cricket Ground, Kirtipur",2,32.4,32.4,Papua New Guinea,Nepal,N Vanua,A Vala,S Lamichhane,0,0,,,,,,,,,,,,,
1358087,2022/23,2023-03-09,"Tribhuvan University International Cricket Ground, Kirtipur",2,32.5,32.5,Papua New Guinea,Nepal,N Vanua,A Vala,S Lamichhane,1,0,,,,,,,,,,,,,
1358087,2022/23,2023-03-09,"Tribhuvan University International Cricket Ground, Kirtipur",2,32.6,32.6,Papua New Guinea,Nepal,A Vala,N Vanua,S Lamichhane,0,0,,,,,,,,,,,,,
1358087,2022/23,2023-03-09,"Tribhuvan University International Cricket Ground, Kirtipur",2,33.1,33.1,Papua New Guinea,Nepal,N Vanua,A Vala,RK Paudel,0,0,,,,,,,,,,,,,
1358087,2022/23,2023-03-09,"Tribhuvan University International Cricket Ground, Kirtipur",2,33.2,33.2,Papua New Guinea,Nepal,N Vanua,A Vala,RK Paudel,0,0,,,,,,,,,,,,,
1358087,2022/23,2023-03-09,"Tribhuvan University International Cricket Ground, Kirtipur",2,33.3,33.3,Papua New Guinea,Nepal,N Vanua,A Vala,RK Paudel,0,0,,,,,,,,,,,,,
1358087,2022/23,2023-03-09,"Tribhuvan University International Cricket Ground, Kirtipur",2,33.4,33.4,Papua New Guinea,Nepal,N Vanua,A Vala,RK Paudel,1,0,,,,,,,,,,,,,
1358087,2022/23,2023-03-09,"Tribhuvan University International Cricket Ground, Kirtipur",2,33.5,33.5,Papua New Guinea,Nepal,A Vala,N Vanua,RK Paudel,1,0,,,,,,,,,,,,,
1358087,2022/23,2023-03-09,"Tribhuvan University International Cricket Ground, Kirtipur",2,33.6,33.6,Papua New Guinea,Nepal,N Vanua,A Vala,RK Paudel,0,0,,,,,,,,,,,,,
1358087,2022/23,2023-03-09,"Tribhuvan University International Cricket Ground, Kirtipur",2,34.1,34.1,Papua New Guinea,Nepal,A Vala,N Vanua,Kushal Malla,1,0,,,,,,,,,,,,,
1358087,2022/23,2023-03-09,"Tribhuvan University International Cricket Ground, Kirtipur",2,34.2,34.2,Papua New Guinea,Nepal,N Vanua,A Vala,Kushal Malla,0,0,,,,,,,,,,,,,
1358087,2022/23,2023-03-09,"Tribhuvan University International Cricket Ground, Kirtipur",2,34.3,34.3,Papua New Guinea,Nepal,N Vanua,A Vala,Kushal Malla,0,0,,,,,,,,,,,,,
1358087,2022/23,2023-03-09,"Tribhuvan University International Cricket Ground, Kirtipur",2,34.4,34.4,Papua New Guinea,Nepal,N Vanua,A Vala,Kushal Malla,0,0,,,,,,,,,,,,,
1358087,2022/23,2023-03-09,"Tribhuvan University International Cricket Ground, Kirtipur",2,34.5,34.5,Papua New Guinea,Nepal,N Vanua,A Vala,Kushal Malla,1,0,,,,,,,,,,,,,
1358087,2022/23,2023-03-09,"Tribhuvan University International Cricket Ground, Kirtipur",2,34.6,34.6,Papua New Guinea,Nepal,A Vala,N Vanua,Kushal Malla,0,0,,,,,,,caught,A Vala,,,Aarif Sheikh,,
1358087,2022/23,2023-03-09,"Tribhuvan University International Cricket Ground, Kirtipur",2,35.1,35.1,Papua New Guinea,Nepal,N Vanua,R Hekure,S Lamichhane,0,0,,,,,,,,,,,,,
1358087,2022/23,2023-03-09,"Tribhuvan University International Cricket Ground, Kirtipur",2,35.2,35.2,Papua New Guinea,Nepal,N Vanua,R Hekure,S Lamichhane,0,0,,,,,,,,,,,,,
1358087,2022/23,2023-03-09,"Tribhuvan University International Cricket Ground, Kirtipur",2,35.3,35.3,Papua New Guinea,Nepal,N Vanua,R Hekure,S Lamichhane,0,0,,,,,,,,,,,,,
1358087,2022/23,2023-03-09,"Tribhuvan University International Cricket Ground, Kirtipur",2,35.4,35.4,Papua New Guinea,Nepal,N Vanua,R Hekure,S Lamichhane,0,0,,,,,,,,,,,,,
1358087,2022/23,2023-03-09,"Tribhuvan University International Cricket Ground, Kirtipur",2,35.5,35.5,Papua New Guinea,Nepal,N Vanua,R Hekure,S Lamichhane,0,0,,,,,,,,,,,,,
1358087,2022/23,2023-03-09,"Tribhuvan University International Cricket Ground, Kirtipur",2,35.6,35.6,Papua New Guinea,Nepal,N Vanua,R Hekure,S Lamichhane,0,0,,,,,,,,,,,,,
1358087,2022/23,2023-03-09,"Tribhuvan University International Cricket Ground, Kirtipur",2,36.1,36.1,Papua New Guinea,Nepal,R Hekure,N Vanua,Kushal Malla,1,0,,,,,,,,,,,,,
1358087,2022/23,2023-03-09,"Tribhuvan University International Cricket Ground, Kirtipur",2,36.2,36.2,Papua New Guinea,Nepal,N Vanua,R Hekure,Kushal Malla,2,0,,,,,,,,,,,,,
1358087,2022/23,2023-03-09,"Tribhuvan University International Cricket Ground, Kirtipur",2,36.3,36.3,Papua New Guinea,Nepal,N Vanua,R Hekure,Kushal Malla,0,0,,,,,,,,,,,,,
1358087,2022/23,2023-03-09,"Tribhuvan University International Cricket Ground, Kirtipur",2,36.4,36.4,Papua New Guinea,Nepal,N Vanua,R Hekure,Kushal Malla,1,0,,,,,,,,,,,,,
1358087,2022/23,2023-03-09,"Tribhuvan University International Cricket Ground, Kirtipur",2,36.5,36.5,Papua New Guinea,Nepal,R Hekure,N Vanua,Kushal Malla,6,0,,,,,,,,,,,,,
1358087,2022/23,2023-03-09,"Tribhuvan University International Cricket Ground, Kirtipur",2,36.6,36.6,Papua New Guinea,Nepal,R Hekure,N Vanua,Kushal Malla,0,0,,,,,,,,,,,,,
1358087,2022/23,2023-03-09,"Tribhuvan University International Cricket Ground, Kirtipur",2,37.1,37.1,Papua New Guinea,Nepal,N Vanua,R Hekure,RK Paudel,1,0,,,,,,,,,,,,,
1358087,2022/23,2023-03-09,"Tribhuvan University International Cricket Ground, Kirtipur",2,37.2,37.2,Papua New Guinea,Nepal,R Hekure,N Vanua,RK Paudel,0,1,1,,,,,,,,,,,,
1358087,2022/23,2023-03-09,"Tribhuvan University International Cricket Ground, Kirtipur",2,37.3,37.2,Papua New Guinea,Nepal,R Hekure,N Vanua,RK Paudel,1,0,,,,,,,,,,,,,
1358087,2022/23,2023-03-09,"Tribhuvan University International Cricket Ground, Kirtipur",2,37.4,37.3,Papua New Guinea,Nepal,N Vanua,R Hekure,RK Paudel,1,0,,,,,,,,,,,,,
1358087,2022/23,2023-03-09,"Tribhuvan University International Cricket Ground, Kirtipur",2,37.5,37.4,Papua New Guinea,Nepal,R Hekure,N Vanua,RK Paudel,1,0,,,,,,,,,,,,,
1358087,2022/23,2023-03-09,"Tribhuvan University International Cricket Ground, Kirtipur",2,37.6,37.5,Papua New Guinea,Nepal,N Vanua,R Hekure,RK Paudel,1,0,,,,,,,,,,,,,
1358087,2022/23,2023-03-09,"Tribhuvan University International Cricket Ground, Kirtipur",2,37.7,37.6,Papua New Guinea,Nepal,R Hekure,N Vanua,RK Paudel,2,0,,,,,,,,,,,,,
1358087,2022/23,2023-03-09,"Tribhuvan University International Cricket Ground, Kirtipur",2,38.1,38.1,Papua New Guinea,Nepal,N Vanua,R Hekure,Kushal Malla,1,0,,,,,,,,,,,,,
1358087,2022/23,2023-03-09,"Tribhuvan University International Cricket Ground, Kirtipur",2,38.2,38.2,Papua New Guinea,Nepal,R Hekure,N Vanua,Kushal Malla,0,0,,,,,,,,,,,,,
1358087,2022/23,2023-03-09,"Tribhuvan University International Cricket Ground, Kirtipur",2,38.3,38.3,Papua New Guinea,Nepal,R Hekure,N Vanua,Kushal Malla,1,0,,,,,,,,,,,,,
1358087,2022/23,2023-03-09,"Tribhuvan University International Cricket Ground, Kirtipur",2,38.4,38.4,Papua New Guinea,Nepal,N Vanua,R Hekure,Kushal Malla,0,0,,,,,,,,,,,,,
1358087,2022/23,2023-03-09,"Tribhuvan University International Cricket Ground, Kirtipur",2,38.5,38.5,Papua New Guinea,Nepal,N Vanua,R Hekure,Kushal Malla,0,0,,,,,,,,,,,,,
1358087,2022/23,2023-03-09,"Tribhuvan University International Cricket Ground, Kirtipur",2,38.6,38.6,Papua New Guinea,Nepal,N Vanua,R Hekure,Kushal Malla,1,0,,,,,,,,,,,,,
1358087,2022/23,2023-03-09,"Tribhuvan University International Cricket Ground, Kirtipur",2,39.1,39.1,Papua New Guinea,Nepal,N Vanua,R Hekure,RK Paudel,0,0,,,,,,,,,,,,,
1358087,2022/23,2023-03-09,"Tribhuvan University International Cricket Ground, Kirtipur",2,39.2,39.2,Papua New Guinea,Nepal,N Vanua,R Hekure,RK Paudel,1,0,,,,,,,,,,,,,
1358087,2022/23,2023-03-09,"Tribhuvan University International Cricket Ground, Kirtipur",2,39.3,39.3,Papua New Guinea,Nepal,R Hekure,N Vanua,RK Paudel,1,0,,,,,,,,,,,,,
1358087,2022/23,2023-03-09,"Tribhuvan University International Cricket Ground, Kirtipur",2,39.4,39.4,Papua New Guinea,Nepal,N Vanua,R Hekure,RK Paudel,0,0,,,,,,,,,,,,,
1358087,2022/23,2023-03-09,"Tribhuvan University International Cricket Ground, Kirtipur",2,39.5,39.5,Papua New Guinea,Nepal,N Vanua,R Hekure,RK Paudel,1,0,,,,,,,,,,,,,
1358087,2022/23,2023-03-09,"Tribhuvan University International Cricket Ground, Kirtipur",2,39.6,39.6,Papua New Guinea,Nepal,R Hekure,N Vanua,RK Paudel,1,0,,,,,,,,,,,,,
1358087,2022/23,2023-03-09,"Tribhuvan University International Cricket Ground, Kirtipur",2,40.1,40.1,Papua New Guinea,Nepal,R Hekure,N Vanua,Kushal Malla,1,0,,,,,,,,,,,,,
1358087,2022/23,2023-03-09,"Tribhuvan University International Cricket Ground, Kirtipur",2,40.2,40.2,Papua New Guinea,Nepal,N Vanua,R Hekure,Kushal Malla,1,0,,,,,,,,,,,,,
1358087,2022/23,2023-03-09,"Tribhuvan University International Cricket Ground, Kirtipur",2,40.3,40.3,Papua New Guinea,Nepal,R Hekure,N Vanua,Kushal Malla,4,0,,,,,,,,,,,,,
1358087,2022/23,2023-03-09,"Tribhuvan University International Cricket Ground, Kirtipur",2,40.4,40.4,Papua New Guinea,Nepal,R Hekure,N Vanua,Kushal Malla,0,0,,,,,,,,,,,,,
1358087,2022/23,2023-03-09,"Tribhuvan University International Cricket Ground, Kirtipur",2,40.5,40.5,Papua New Guinea,Nepal,R Hekure,N Vanua,Kushal Malla,0,1,1,,,,,,,,,,,,
1358087,2022/23,2023-03-09,"Tribhuvan University International Cricket Ground, Kirtipur",2,40.6,40.5,Papua New Guinea,Nepal,R Hekure,N Vanua,Kushal Malla,0,1,,,1,,,,,,,,,,
1358087,2022/23,2023-03-09,"Tribhuvan University International Cricket Ground, Kirtipur",2,40.7,40.6,Papua New Guinea,Nepal,N Vanua,R Hekure,Kushal Malla,6,0,,,,,,,,,,,,,
1358087,2022/23,2023-03-09,"Tribhuvan University International Cricket Ground, Kirtipur",2,41.1,41.1,Papua New Guinea,Nepal,R Hekure,N Vanua,S Lamichhane,1,0,,,,,,,,,,,,,
1358087,2022/23,2023-03-09,"Tribhuvan University International Cricket Ground, Kirtipur",2,41.2,41.2,Papua New Guinea,Nepal,N Vanua,R Hekure,S Lamichhane,1,0,,,,,,,,,,,,,
1358087,2022/23,2023-03-09,"Tribhuvan University International Cricket Ground, Kirtipur",2,41.3,41.3,Papua New Guinea,Nepal,R Hekure,N Vanua,S Lamichhane,0,0,,,,,,,,,,,,,
1358087,2022/23,2023-03-09,"Tribhuvan University International Cricket Ground, Kirtipur",2,41.4,41.4,Papua New Guinea,Nepal,R Hekure,N Vanua,S Lamichhane,0,0,,,,,,,stumped,R Hekure,,,Aasif Sheikh,,
1358087,2022/23,2023-03-09,"Tribhuvan University International Cricket Ground, Kirtipur",2,41.5,41.5,Papua New Guinea,Nepal,A Nao,N Vanua,S Lamichhane,0,0,,,,,,,,,,,,,
1358087,2022/23,2023-03-09,"Tribhuvan University International Cricket Ground, Kirtipur",2,41.6,41.6,Papua New Guinea,Nepal,A Nao,N Vanua,S Lamichhane,0,0,,,,,,,,,,,,,
1358087,2022/23,2023-03-09,"Tribhuvan University International Cricket Ground, Kirtipur",2,42.1,42.1,Papua New Guinea,Nepal,N Vanua,A Nao,Karan KC,1,0,,,,,,,,,,,,,
1358087,2022/23,2023-03-09,"Tribhuvan University International Cricket Ground, Kirtipur",2,42.2,42.2,Papua New Guinea,Nepal,A Nao,N Vanua,Karan KC,1,0,,,,,,,,,,,,,
1358087,2022/23,2023-03-09,"Tribhuvan University International Cricket Ground, Kirtipur",2,42.3,42.3,Papua New Guinea,Nepal,N Vanua,A Nao,Karan KC,0,0,,,,,,,,,,,,,
1358087,2022/23,2023-03-09,"Tribhuvan University International Cricket Ground, Kirtipur",2,42.4,42.4,Papua New Guinea,Nepal,N Vanua,A Nao,Karan KC,4,0,,,,,,,,,,,,,
1358087,2022/23,2023-03-09,"Tribhuvan University International Cricket Ground, Kirtipur",2,42.5,42.5,Papua New Guinea,Nepal,N Vanua,A Nao,Karan KC,6,0,,,,,,,,,,,,,
1358087,2022/23,2023-03-09,"Tribhuvan University International Cricket Ground, Kirtipur",2,42.6,42.6,Papua New Guinea,Nepal,N Vanua,A Nao,Karan KC,0,0,,,,,,,,,,,,,
1358087,2022/23,2023-03-09,"Tribhuvan University International Cricket Ground, Kirtipur",2,43.1,43.1,Papua New Guinea,Nepal,A Nao,N Vanua,DS Airee,0,1,1,,,,,,,,,,,,
1358087,2022/23,2023-03-09,"Tribhuvan University International Cricket Ground, Kirtipur",2,43.2,43.1,Papua New Guinea,Nepal,A Nao,N Vanua,DS Airee,1,0,,,,,,,,,,,,,
1358087,2022/23,2023-03-09,"Tribhuvan University International Cricket Ground, Kirtipur",2,43.3,43.2,Papua New Guinea,Nepal,N Vanua,A Nao,DS Airee,4,0,,,,,,,,,,,,,
1358087,2022/23,2023-03-09,"Tribhuvan University International Cricket Ground, Kirtipur",2,43.4,43.3,Papua New Guinea,Nepal,N Vanua,A Nao,DS Airee,1,0,,,,,,,,,,,,,
1358087,2022/23,2023-03-09,"Tribhuvan University International Cricket Ground, Kirtipur",2,43.5,43.4,Papua New Guinea,Nepal,A Nao,N Vanua,DS Airee,0,0,,,,,,,run out,A Nao,,,Aasif Sheikh,RK Paudel,
1358087,2022/23,2023-03-09,"Tribhuvan University International Cricket Ground, Kirtipur",2,43.6,43.5,Papua New Guinea,Nepal,SI Kamea,N Vanua,DS Airee,1,0,,,,,,,,,,,,,
1358087,2022/23,2023-03-09,"Tribhuvan University International Cricket Ground, Kirtipur",2,43.7,43.6,Papua New Guinea,Nepal,N Vanua,SI Kamea,DS Airee,1,0,,,,,,,,,,,,,
1358087,2022/23,2023-03-09,"Tribhuvan University International Cricket Ground, Kirtipur",2,44.1,44.1,Papua New Guinea,Nepal,N Vanua,SI Kamea,Karan KC,0,0,,,,,,,,,,,,,
1358087,2022/23,2023-03-09,"Tribhuvan University International Cricket Ground, Kirtipur",2,44.2,44.2,Papua New Guinea,Nepal,N Vanua,SI Kamea,Karan KC,6,0,,,,,,,,,,,,,
1358087,2022/23,2023-03-09,"Tribhuvan University International Cricket Ground, Kirtipur",2,44.3,44.3,Papua New Guinea,Nepal,N Vanua,SI Kamea,Karan KC,0,0,,,,,,,,,,,,,
1358087,2022/23,2023-03-09,"Tribhuvan University International Cricket Ground, Kirtipur",2,44.4,44.4,Papua New Guinea,Nepal,N Vanua,SI Kamea,Karan KC,4,0,,,,,,,,,,,,,
1358087,2022/23,2023-03-09,"Tribhuvan University International Cricket Ground, Kirtipur",2,44.5,44.5,Papua New Guinea,Nepal,N Vanua,SI Kamea,Karan KC,1,0,,,,,,,,,,,,,
1358087,2022/23,2023-03-09,"Tribhuvan University International Cricket Ground, Kirtipur",2,44.6,44.6,Papua New Guinea,Nepal,SI Kamea,N Vanua,Karan KC,0,0,,,,,,,,,,,,,
1358087,2022/23,2023-03-09,"Tribhuvan University International Cricket Ground, Kirtipur",2,45.1,45.1,Papua New Guinea,Nepal,N Vanua,SI Kamea,S Lamichhane,0,0,,,,,,,,,,,,,
1358087,2022/23,2023-03-09,"Tribhuvan University International Cricket Ground, Kirtipur",2,45.2,45.2,Papua New Guinea,Nepal,N Vanua,SI Kamea,S Lamichhane,6,0,,,,,,,,,,,,,
1358087,2022/23,2023-03-09,"Tribhuvan University International Cricket Ground, Kirtipur",2,45.3,45.3,Papua New Guinea,Nepal,N Vanua,SI Kamea,S Lamichhane,0,0,,,,,,,,,,,,,
1358087,2022/23,2023-03-09,"Tribhuvan University International Cricket Ground, Kirtipur",2,45.4,45.4,Papua New Guinea,Nepal,N Vanua,SI Kamea,S Lamichhane,2,0,,,,,,,,,,,,,
1358087,2022/23,2023-03-09,"Tribhuvan University International Cricket Ground, Kirtipur",2,45.5,45.5,Papua New Guinea,Nepal,N Vanua,SI Kamea,S Lamichhane,0,0,,,,,,,,,,,,,
1358087,2022/23,2023-03-09,"Tribhuvan University International Cricket Ground, Kirtipur",2,45.6,45.6,Papua New Guinea,Nepal,N Vanua,SI Kamea,S Lamichhane,1,0,,,,,,,,,,,,,
1358087,2022/23,2023-03-09,"Tribhuvan University International Cricket Ground, Kirtipur",2,46.1,46.1,Papua New Guinea,Nepal,N Vanua,SI Kamea,Sompal Kami,1,0,,,,,,,,,,,,,
1358087,2022/23,2023-03-09,"Tribhuvan University International Cricket Ground, Kirtipur",2,46.2,46.2,Papua New Guinea,Nepal,SI Kamea,N Vanua,Sompal Kami,0,0,,,,,,,,,,,,,
1358087,2022/23,2023-03-09,"Tribhuvan University International Cricket Ground, Kirtipur",2,46.3,46.3,Papua New Guinea,Nepal,SI Kamea,N Vanua,Sompal Kami,0,0,,,,,,,,,,,,,
1358087,2022/23,2023-03-09,"Tribhuvan University International Cricket Ground, Kirtipur",2,46.4,46.4,Papua New Guinea,Nepal,SI Kamea,N Vanua,Sompal Kami,0,0,,,,,,,,,,,,,
1358087,2022/23,2023-03-09,"Tribhuvan University International Cricket Ground, Kirtipur",2,46.5,46.5,Papua New Guinea,Nepal,SI Kamea,N Vanua,Sompal Kami,4,0,,,,,,,,,,,,,
1358087,2022/23,2023-03-09,"Tribhuvan University International Cricket Ground, Kirtipur",2,46.6,46.6,Papua New Guinea,Nepal,SI Kamea,N Vanua,Sompal Kami,0,0,,,,,,,,,,,,,
1358087,2022/23,2023-03-09,"Tribhuvan University International Cricket Ground, Kirtipur",2,47.1,47.1,Papua New Guinea,Nepal,N Vanua,SI Kamea,DS Airee,1,0,,,,,,,run out,N Vanua,,,Aasif Sheikh,Karan KC,
