match_id,season,start_date,venue,innings,ball,actual_delivery,batting_team,bowling_team,striker,non_striker,bowler,runs_off_bat,extras,wides,noballs,byes,legbyes,penalty,non_boundary,wicket_type,player_dismissed,other_wicket_type,other_player_dismissed,fielder_1,fielder_2,fielder_3
1358088,2022/23,2023-03-10,"Tribhuvan University International Cricket Ground, Kirtipur",1,0.1,0.1,Papua New Guinea,United Arab Emirates,K Doriga,H Hiri,Junaid Siddique,0,0,,,,,,,,,,,,,
1358088,2022/23,2023-03-10,"Tribhuvan University International Cricket Ground, Kirtipur",1,0.2,0.2,Papua New Guinea,United Arab Emirates,K Doriga,H Hiri,Junaid Siddique,0,0,,,,,,,,,,,,,
1358088,2022/23,2023-03-10,"Tribhuvan University International Cricket Ground, Kirtipur",1,0.3,0.3,Papua New Guinea,United Arab Emirates,K Doriga,H Hiri,Junaid Siddique,0,0,,,,,,,,,,,,,
1358088,2022/23,2023-03-10,"Tribhuvan University International Cricket Ground, Kirtipur",1,0.4,0.4,Papua New Guinea,United Arab Emirates,K Doriga,H Hiri,Junaid Siddique,0,0,,,,,,,,,,,,,
1358088,2022/23,2023-03-10,"Tribhuvan University International Cricket Ground, Kirtipur",1,0.5,0.5,Papua New Guinea,United Arab Emirates,K Doriga,H Hiri,Junaid Siddique,0,0,,,,,,,,,,,,,
1358088,2022/23,2023-03-10,"Tribhuvan University International Cricket Ground, Kirtipur",1,0.6,0.6,Papua New Guinea,United Arab Emirates,K Doriga,H Hiri,Junaid Siddique,1,0,,,,,,,,,,,,,
1358088,2022/23,2023-03-10,"Tribhuvan University International Cricket Ground, Kirtipur",1,1.1,1.1,Papua New Guinea,United Arab Emirates,K Doriga,H Hiri,Zawar Farid,0,0,,,,,,,,,,,,,
1358088,2022/23,2023-03-10,"Tribhuvan University International Cricket Ground, Kirtipur",1,1.2,1.2,Papua New Guinea,United Arab Emirates,K Doriga,H Hiri,Zawar Farid,4,0,,,,,,,,,,,,,
1358088,2022/23,2023-03-10,"Tribhuvan University International Cricket Ground, Kirtipur",1,1.3,1.3,Papua New Guinea,United Arab Emirates,K Doriga,H Hiri,Zawar Farid,0,0,,,,,,,,,,,,,
1358088,2022/23,2023-03-10,"Tribhuvan University International Cricket Ground, Kirtipur",1,1.4,1.4,Papua New Guinea,United Arab Emirates,K Doriga,H Hiri,Zawar Farid,0,0,,,,,,,,,,,,,
1358088,2022/23,2023-03-10,"Tribhuvan University International Cricket Ground, Kirtipur",1,1.5,1.5,Papua New Guinea,United Arab Emirates,K Doriga,H Hiri,Zawar Farid,4,0,,,,,,,,,,,,,
1358088,2022/23,2023-03-10,"Tribhuvan University International Cricket Ground, Kirtipur",1,1.6,1.6,Papua New Guinea,United Arab Emirates,K Doriga,H Hiri,Zawar Farid,0,0,,,,,,,,,,,,,
1358088,2022/23,2023-03-10,"Tribhuvan University International Cricket Ground, Kirtipur",1,2.1,2.1,Papua New Guinea,United Arab Emirates,H Hiri,K Doriga,Junaid Siddique,0,0,,,,,,,,,,,,,
1358088,2022/23,2023-03-10,"Tribhuvan University International Cricket Ground, Kirtipur",1,2.2,2.2,Papua New Guinea,United Arab Emirates,H Hiri,K Doriga,Junaid Siddique,1,0,,,,,,,,,,,,,
1358088,2022/23,2023-03-10,"Tribhuvan University International Cricket Ground, Kirtipur",1,2.3,2.3,Papua New Guinea,United Arab Emirates,K Doriga,H Hiri,Junaid Siddique,0,0,,,,,,,,,,,,,
1358088,2022/23,2023-03-10,"Tribhuvan University International Cricket Ground, Kirtipur",1,2.4,2.4,Papua New Guinea,United Arab Emirates,K Doriga,H Hiri,Junaid Siddique,3,0,,,,,,,,,,,,,
1358088,2022/23,2023-03-10,"Tribhuvan University International Cricket Ground, Kirtipur",1,2.5,2.5,Papua New Guinea,United Arab Emirates,H Hiri,K Doriga,Junaid Siddique,4,0,,,,,,,,,,,,,
1358088,2022/23,2023-03-10,"Tribhuvan University International Cricket Ground, Kirtipur",1,2.6,2.6,Papua New Guinea,United Arab Emirates,H Hiri,K Doriga,Junaid Siddique,0,0,,,,,,,,,,,,,
1358088,2022/23,2023-03-10,"Tribhuvan University International Cricket Ground, Kirtipur",1,3.1,3.1,Papua New Guinea,United Arab Emirates,K Doriga,H Hiri,Zawar Farid,0,0,,,,,,,,,,,,,
1358088,2022/23,2023-03-10,"Tribhuvan University International Cricket Ground, Kirtipur",1,3.2,3.2,Papua New Guinea,United Arab Emirates,K Doriga,H Hiri,Zawar Farid,0,0,,,,,,,,,,,,,
1358088,2022/23,2023-03-10,"Tribhuvan University International Cricket Ground, Kirtipur",1,3.3,3.3,Papua New Guinea,United Arab Emirates,K Doriga,H Hiri,Zawar Farid,0,0,,,,,,,,,,,,,
1358088,2022/23,2023-03-10,"Tribhuvan University International Cricket Ground, Kirtipur",1,3.4,3.4,Papua New Guinea,United Arab Emirates,K Doriga,H Hiri,Zawar Farid,4,0,,,,,,,,,,,,,
1358088,2022/23,2023-03-10,"Tribhuvan University International Cricket Ground, Kirtipur",1,3.5,3.5,Papua New Guinea,United Arab Emirates,K Doriga,H Hiri,Zawar Farid,0,0,,,,,,,,,,,,,
1358088,2022/23,2023-03-10,"Tribhuvan University International Cricket Ground, Kirtipur",1,3.6,3.6,Papua New Guinea,United Arab Emirates,K Doriga,H Hiri,Zawar Farid,1,0,,,,,,,,,,,,,
1358088,2022/23,2023-03-10,"Tribhuvan University International Cricket Ground, Kirtipur",1,4.1,4.1,Papua New Guinea,United Arab Emirates,K Doriga,H Hiri,Junaid Siddique,0,0,,,,,,,,,,,,,
1358088,2022/23,2023-03-10,"Tribhuvan University International Cricket Ground, Kirtipur",1,4.2,4.2,Papua New Guinea,United Arab Emirates,K Doriga,H Hiri,Junaid Siddique,0,0,,,,,,,,,,,,,
1358088,2022/23,2023-03-10,"Tribhuvan University International Cricket Ground, Kirtipur",1,4.3,4.3,Papua New Guinea,United Arab Emirates,K Doriga,H Hiri,Junaid Siddique,0,0,,,,,,,,,,,,,
1358088,2022/23,2023-03-10,"Tribhuvan University International Cricket Ground, Kirtipur",1,4.4,4.4,Papua New Guinea,United Arab Emirates,K Doriga,H Hiri,Junaid Siddique,0,0,,,,,,,,,,,,,
1358088,2022/23,2023-03-10,"Tribhuvan University International Cricket Ground, Kirtipur",1,4.5,4.5,Papua New Guinea,United Arab Emirates,K Doriga,H Hiri,Junaid Siddique,0,0,,,,,,,,,,,,,
1358088,2022/23,2023-03-10,"Tribhuvan University International Cricket Ground, Kirtipur",1,4.6,4.6,Papua New Guinea,United Arab Emirates,K Doriga,H Hiri,Junaid Siddique,0,1,,,,1,,,,,,,,,
1358088,2022/23,2023-03-10,"Tribhuvan University International Cricket Ground, Kirtipur",1,5.1,5.1,Papua New Guinea,United Arab Emirates,K Doriga,H Hiri,Zawar Farid,6,0,,,,,,,,,,,,,
1358088,2022/23,2023-03-10,"Tribhuvan University International Cricket Ground, Kirtipur",1,5.2,5.2,Papua New Guinea,United Arab Emirates,K Doriga,H Hiri,Zawar Farid,4,0,,,,,,,,,,,,,
1358088,2022/23,2023-03-10,"Tribhuvan University International Cricket Ground, Kirtipur",1,5.3,5.3,Papua New Guinea,United Arab Emirates,K Doriga,H Hiri,Zawar Farid,6,0,,,,,,,,,,,,,
1358088,2022/23,2023-03-10,"Tribhuvan University International Cricket Ground, Kirtipur",1,5.4,5.4,Papua New Guinea,United Arab Emirates,K Doriga,H Hiri,Zawar Farid,4,0,,,,,,,,,,,,,
1358088,2022/23,2023-03-10,"Tribhuvan University International Cricket Ground, Kirtipur",1,5.5,5.5,Papua New Guinea,United Arab Emirates,K Doriga,H Hiri,Zawar Farid,0,0,,,,,,,,,,,,,
1358088,2022/23,2023-03-10,"Tribhuvan University International Cricket Ground, Kirtipur",1,5.6,5.6,Papua New Guinea,United Arab Emirates,K Doriga,H Hiri,Zawar Farid,0,0,,,,,,,,,,,,,
1358088,2022/23,2023-03-10,"Tribhuvan University International Cricket Ground, Kirtipur",1,6.1,6.1,Papua New Guinea,United Arab Emirates,H Hiri,K Doriga,Junaid Siddique,0,0,,,,,,,,,,,,,
1358088,2022/23,2023-03-10,"Tribhuvan University International Cricket Ground, Kirtipur",1,6.2,6.2,Papua New Guinea,United Arab Emirates,H Hiri,K Doriga,Junaid Siddique,0,0,,,,,,,,,,,,,
1358088,2022/23,2023-03-10,"Tribhuvan University International Cricket Ground, Kirtipur",1,6.3,6.3,Papua New Guinea,United Arab Emirates,H Hiri,K Doriga,Junaid Siddique,0,0,,,,,,,,,,,,,
1358088,2022/23,2023-03-10,"Tribhuvan University International Cricket Ground, Kirtipur",1,6.4,6.4,Papua New Guinea,United Arab Emirates,H Hiri,K Doriga,Junaid Siddique,1,0,,,,,,,,,,,,,
1358088,2022/23,2023-03-10,"Tribhuvan University International Cricket Ground, Kirtipur",1,6.5,6.5,Papua New Guinea,United Arab Emirates,K Doriga,H Hiri,Junaid Siddique,4,0,,,,,,,,,,,,,
1358088,2022/23,2023-03-10,"Tribhuvan University International Cricket Ground, Kirtipur",1,6.6,6.6,Papua New Guinea,United Arab Emirates,K Doriga,H Hiri,Junaid Siddique,4,0,,,,,,,,,,,,,
1358088,2022/23,2023-03-10,"Tribhuvan University International Cricket Ground, Kirtipur",1,7.1,7.1,Papua New Guinea,United Arab Emirates,H Hiri,K Doriga,Zahoor Khan,2,0,,,,,,,,,,,,,
1358088,2022/23,2023-03-10,"Tribhuvan University International Cricket Ground, Kirtipur",1,7.2,7.2,Papua New Guinea,United Arab Emirates,H Hiri,K Doriga,Zahoor Khan,4,0,,,,,,,,,,,,,
1358088,2022/23,2023-03-10,"Tribhuvan University International Cricket Ground, Kirtipur",1,7.3,7.3,Papua New Guinea,United Arab Emirates,H Hiri,K Doriga,Zahoor Khan,0,0,,,,,,,,,,,,,
1358088,2022/23,2023-03-10,"Tribhuvan University International Cricket Ground, Kirtipur",1,7.4,7.4,Papua New Guinea,United Arab Emirates,H Hiri,K Doriga,Zahoor Khan,0,0,,,,,,,,,,,,,
1358088,2022/23,2023-03-10,"Tribhuvan University International Cricket Ground, Kirtipur",1,7.5,7.5,Papua New Guinea,United Arab Emirates,H Hiri,K Doriga,Zahoor Khan,0,0,,,,,,,,,,,,,
1358088,2022/23,2023-03-10,"Tribhuvan University International Cricket Ground, Kirtipur",1,7.6,7.6,Papua New Guinea,United Arab Emirates,H Hiri,K Doriga,Zahoor Khan,0,0,,,,,,,,,,,,,
1358088,2022/23,2023-03-10,"Tribhuvan University International Cricket Ground, Kirtipur",1,8.1,8.1,Papua New Guinea,United Arab Emirates,K Doriga,H Hiri,Aayan Afzal Khan,4,0,,,,,,,,,,,,,
1358088,2022/23,2023-03-10,"Tribhuvan University International Cricket Ground, Kirtipur",1,8.2,8.2,Papua New Guinea,United Arab Emirates,K Doriga,H Hiri,Aayan Afzal Khan,2,0,,,,,,,,,,,,,
1358088,2022/23,2023-03-10,"Tribhuvan University International Cricket Ground, Kirtipur",1,8.3,8.3,Papua New Guinea,United Arab Emirates,K Doriga,H Hiri,Aayan Afzal Khan,0,0,,,,,,,,,,,,,
1358088,2022/23,2023-03-10,"Tribhuvan University International Cricket Ground, Kirtipur",1,8.4,8.4,Papua New Guinea,United Arab Emirates,K Doriga,H Hiri,Aayan Afzal Khan,1,0,,,,,,,,,,,,,
1358088,2022/23,2023-03-10,"Tribhuvan University International Cricket Ground, Kirtipur",1,8.5,8.5,Papua New Guinea,United Arab Emirates,H Hiri,K Doriga,Aayan Afzal Khan,0,0,,,,,,,,,,,,,
1358088,2022/23,2023-03-10,"Tribhuvan University International Cricket Ground, Kirtipur",1,8.6,8.6,Papua New Guinea,United Arab Emirates,H Hiri,K Doriga,Aayan Afzal Khan,0,0,,,,,,,,,,,,,
1358088,2022/23,2023-03-10,"Tribhuvan University International Cricket Ground, Kirtipur",1,9.1,9.1,Papua New Guinea,United Arab Emirates,K Doriga,H Hiri,Zahoor Khan,0,0,,,,,,,,,,,,,
1358088,2022/23,2023-03-10,"Tribhuvan University International Cricket Ground, Kirtipur",1,9.2,9.2,Papua New Guinea,United Arab Emirates,K Doriga,H Hiri,Zahoor Khan,0,0,,,,,,,,,,,,,
1358088,2022/23,2023-03-10,"Tribhuvan University International Cricket Ground, Kirtipur",1,9.3,9.3,Papua New Guinea,United Arab Emirates,K Doriga,H Hiri,Zahoor Khan,0,0,,,,,,,,,,,,,
1358088,2022/23,2023-03-10,"Tribhuvan University International Cricket Ground, Kirtipur",1,9.4,9.4,Papua New Guinea,United Arab Emirates,K Doriga,H Hiri,Zahoor Khan,2,0,,,,,,,,,,,,,
1358088,2022/23,2023-03-10,"Tribhuvan University International Cricket Ground, Kirtipur",1,9.5,9.5,Papua New Guinea,United Arab Emirates,K Doriga,H Hiri,Zahoor Khan,1,0,,,,,,,,,,,,,
1358088,2022/23,2023-03-10,"Tribhuvan University International Cricket Ground, Kirtipur",1,9.6,9.6,Papua New Guinea,United Arab Emirates,H Hiri,K Doriga,Zahoor Khan,4,0,,,,,,,,,,,,,
1358088,2022/23,2023-03-10,"Tribhuvan University International Cricket Ground, Kirtipur",1,10.1,10.1,Papua New Guinea,United Arab Emirates,K Doriga,H Hiri,Aayan Afzal Khan,0,0,,,,,,,lbw,K Doriga,,,,,
1358088,2022/23,2023-03-10,"Tribhuvan University International Cricket Ground, Kirtipur",1,10.2,10.2,Papua New Guinea,United Arab Emirates,S Bau,H Hiri,Aayan Afzal Khan,0,0,,,,,,,,,,,,,
1358088,2022/23,2023-03-10,"Tribhuvan University International Cricket Ground, Kirtipur",1,10.3,10.3,Papua New Guinea,United Arab Emirates,S Bau,H Hiri,Aayan Afzal Khan,0,0,,,,,,,,,,,,,
1358088,2022/23,2023-03-10,"Tribhuvan University International Cricket Ground, Kirtipur",1,10.4,10.4,Papua New Guinea,United Arab Emirates,S Bau,H Hiri,Aayan Afzal Khan,1,0,,,,,,,,,,,,,
1358088,2022/23,2023-03-10,"Tribhuvan University International Cricket Ground, Kirtipur",1,10.5,10.5,Papua New Guinea,United Arab Emirates,H Hiri,S Bau,Aayan Afzal Khan,0,0,,,,,,,,,,,,,
1358088,2022/23,2023-03-10,"Tribhuvan University International Cricket Ground, Kirtipur",1,10.6,10.6,Papua New Guinea,United Arab Emirates,H Hiri,S Bau,Aayan Afzal Khan,3,0,,,,,,,,,,,,,
1358088,2022/23,2023-03-10,"Tribhuvan University International Cricket Ground, Kirtipur",1,11.1,11.1,Papua New Guinea,United Arab Emirates,H Hiri,S Bau,Aryan Lakra,0,0,,,,,,,,,,,,,
1358088,2022/23,2023-03-10,"Tribhuvan University International Cricket Ground, Kirtipur",1,11.2,11.2,Papua New Guinea,United Arab Emirates,H Hiri,S Bau,Aryan Lakra,0,0,,,,,,,,,,,,,
1358088,2022/23,2023-03-10,"Tribhuvan University International Cricket Ground, Kirtipur",1,11.3,11.3,Papua New Guinea,United Arab Emirates,H Hiri,S Bau,Aryan Lakra,0,0,,,,,,,,,,,,,
1358088,2022/23,2023-03-10,"Tribhuvan University International Cricket Ground, Kirtipur",1,11.4,11.4,Papua New Guinea,United Arab Emirates,H Hiri,S Bau,Aryan Lakra,0,0,,,,,,,,,,,,,
1358088,2022/23,2023-03-10,"Tribhuvan University International Cricket Ground, Kirtipur",1,11.5,11.5,Papua New Guinea,United Arab Emirates,H Hiri,S Bau,Aryan Lakra,0,0,,,,,,,,,,,,,
1358088,2022/23,2023-03-10,"Tribhuvan University International Cricket Ground, Kirtipur",1,11.6,11.6,Papua New Guinea,United Arab Emirates,H Hiri,S Bau,Aryan Lakra,0,0,,,,,,,,,,,,,
1358088,2022/23,2023-03-10,"Tribhuvan University International Cricket Ground, Kirtipur",1,12.1,12.1,Papua New Guinea,United Arab Emirates,S Bau,H Hiri,Aayan Afzal Khan,0,0,,,,,,,,,,,,,
1358088,2022/23,2023-03-10,"Tribhuvan University International Cricket Ground, Kirtipur",1,12.2,12.2,Papua New Guinea,United Arab Emirates,S Bau,H Hiri,Aayan Afzal Khan,1,0,,,,,,,,,,,,,
1358088,2022/23,2023-03-10,"Tribhuvan University International Cricket Ground, Kirtipur",1,12.3,12.3,Papua New Guinea,United Arab Emirates,H Hiri,S Bau,Aayan Afzal Khan,0,0,,,,,,,,,,,,,
1358088,2022/23,2023-03-10,"Tribhuvan University International Cricket Ground, Kirtipur",1,12.4,12.4,Papua New Guinea,United Arab Emirates,H Hiri,S Bau,Aayan Afzal Khan,4,0,,,,,,,,,,,,,
1358088,2022/23,2023-03-10,"Tribhuvan University International Cricket Ground, Kirtipur",1,12.5,12.5,Papua New Guinea,United Arab Emirates,H Hiri,S Bau,Aayan Afzal Khan,1,0,,,,,,,,,,,,,
1358088,2022/23,2023-03-10,"Tribhuvan University International Cricket Ground, Kirtipur",1,12.6,12.6,Papua New Guinea,United Arab Emirates,S Bau,H Hiri,Aayan Afzal Khan,0,0,,,,,,,,,,,,,
1358088,2022/23,2023-03-10,"Tribhuvan University International Cricket Ground, Kirtipur",1,13.1,13.1,Papua New Guinea,United Arab Emirates,H Hiri,S Bau,Aryan Lakra,0,0,,,,,,,,,,,,,
1358088,2022/23,2023-03-10,"Tribhuvan University International Cricket Ground, Kirtipur",1,13.2,13.2,Papua New Guinea,United Arab Emirates,H Hiri,S Bau,Aryan Lakra,0,0,,,,,,,,,,,,,
1358088,2022/23,2023-03-10,"Tribhuvan University International Cricket Ground, Kirtipur",1,13.3,13.3,Papua New Guinea,United Arab Emirates,H Hiri,S Bau,Aryan Lakra,0,0,,,,,,,,,,,,,
1358088,2022/23,2023-03-10,"Tribhuvan University International Cricket Ground, Kirtipur",1,13.4,13.4,Papua New Guinea,United Arab Emirates,H Hiri,S Bau,Aryan Lakra,0,0,,,,,,,,,,,,,
1358088,2022/23,2023-03-10,"Tribhuvan University International Cricket Ground, Kirtipur",1,13.5,13.5,Papua New Guinea,United Arab Emirates,H Hiri,S Bau,Aryan Lakra,0,0,,,,,,,,,,,,,
1358088,2022/23,2023-03-10,"Tribhuvan University International Cricket Ground, Kirtipur",1,13.6,13.6,Papua New Guinea,United Arab Emirates,H Hiri,S Bau,Aryan Lakra,0,0,,,,,,,,,,,,,
1358088,2022/23,2023-03-10,"Tribhuvan University International Cricket Ground, Kirtipur",1,14.1,14.1,Papua New Guinea,United Arab Emirates,S Bau,H Hiri,Aayan Afzal Khan,0,0,,,,,,,,,,,,,
1358088,2022/23,2023-03-10,"Tribhuvan University International Cricket Ground, Kirtipur",1,14.2,14.2,Papua New Guinea,United Arab Emirates,S Bau,H Hiri,Aayan Afzal Khan,0,0,,,,,,,,,,,,,
1358088,2022/23,2023-03-10,"Tribhuvan University International Cricket Ground, Kirtipur",1,14.3,14.3,Papua New Guinea,United Arab Emirates,S Bau,H Hiri,Aayan Afzal Khan,0,0,,,,,,,,,,,,,
1358088,2022/23,2023-03-10,"Tribhuvan University International Cricket Ground, Kirtipur",1,14.4,14.4,Papua New Guinea,United Arab Emirates,S Bau,H Hiri,Aayan Afzal Khan,0,0,,,,,,,,,,,,,
1358088,2022/23,2023-03-10,"Tribhuvan University International Cricket Ground, Kirtipur",1,14.5,14.5,Papua New Guinea,United Arab Emirates,S Bau,H Hiri,Aayan Afzal Khan,0,0,,,,,,,,,,,,,
1358088,2022/23,2023-03-10,"Tribhuvan University International Cricket Ground, Kirtipur",1,14.6,14.6,Papua New Guinea,United Arab Emirates,S Bau,H Hiri,Aayan Afzal Khan,0,0,,,,,,,,,,,,,
1358088,2022/23,2023-03-10,"Tribhuvan University International Cricket Ground, Kirtipur",1,15.1,15.1,Papua New Guinea,United Arab Emirates,H Hiri,S Bau,Aryan Lakra,0,0,,,,,,,,,,,,,
1358088,2022/23,2023-03-10,"Tribhuvan University International Cricket Ground, Kirtipur",1,15.2,15.2,Papua New Guinea,United Arab Emirates,H Hiri,S Bau,Aryan Lakra,6,0,,,,,,,,,,,,,
1358088,2022/23,2023-03-10,"Tribhuvan University International Cricket Ground, Kirtipur",1,15.3,15.3,Papua New Guinea,United Arab Emirates,H Hiri,S Bau,Aryan Lakra,6,0,,,,,,,,,,,,,
1358088,2022/23,2023-03-10,"Tribhuvan University International Cricket Ground, Kirtipur",1,15.4,15.4,Papua New Guinea,United Arab Emirates,H Hiri,S Bau,Aryan Lakra,0,0,,,,,,,,,,,,,
1358088,2022/23,2023-03-10,"Tribhuvan University International Cricket Ground, Kirtipur",1,15.5,15.5,Papua New Guinea,United Arab Emirates,H Hiri,S Bau,Aryan Lakra,2,0,,,,,,,,,,,,,
1358088,2022/23,2023-03-10,"Tribhuvan University International Cricket Ground, Kirtipur",1,15.6,15.6,Papua New Guinea,United Arab Emirates,H Hiri,S Bau,Aryan Lakra,1,0,,,,,,,,,,,,,
1358088,2022/23,2023-03-10,"Tribhuvan University International Cricket Ground, Kirtipur",1,16.1,16.1,Papua New Guinea,United Arab Emirates,H Hiri,S Bau,Rohan Mustafa,1,0,,,,,,,,,,,,,
1358088,2022/23,2023-03-10,"Tribhuvan University International Cricket Ground, Kirtipur",1,16.2,16.2,Papua New Guinea,United Arab Emirates,S Bau,H Hiri,Rohan Mustafa,1,0,,,,,,,,,,,,,
1358088,2022/23,2023-03-10,"Tribhuvan University International Cricket Ground, Kirtipur",1,16.3,16.3,Papua New Guinea,United Arab Emirates,H Hiri,S Bau,Rohan Mustafa,0,0,,,,,,,,,,,,,
1358088,2022/23,2023-03-10,"Tribhuvan University International Cricket Ground, Kirtipur",1,16.4,16.4,Papua New Guinea,United Arab Emirates,H Hiri,S Bau,Rohan Mustafa,1,0,,,,,,,,,,,,,
1358088,2022/23,2023-03-10,"Tribhuvan University International Cricket Ground, Kirtipur",1,16.5,16.5,Papua New Guinea,United Arab Emirates,S Bau,H Hiri,Rohan Mustafa,0,0,,,,,,,,,,,,,
1358088,2022/23,2023-03-10,"Tribhuvan University International Cricket Ground, Kirtipur",1,16.6,16.6,Papua New Guinea,United Arab Emirates,S Bau,H Hiri,Rohan Mustafa,1,0,,,,,,,,,,,,,
1358088,2022/23,2023-03-10,"Tribhuvan University International Cricket Ground, Kirtipur",1,17.1,17.1,Papua New Guinea,United Arab Emirates,S Bau,H Hiri,Aayan Afzal Khan,1,0,,,,,,,,,,,,,
1358088,2022/23,2023-03-10,"Tribhuvan University International Cricket Ground, Kirtipur",1,17.2,17.2,Papua New Guinea,United Arab Emirates,H Hiri,S Bau,Aayan Afzal Khan,1,0,,,,,,,,,,,,,
1358088,2022/23,2023-03-10,"Tribhuvan University International Cricket Ground, Kirtipur",1,17.3,17.3,Papua New Guinea,United Arab Emirates,S Bau,H Hiri,Aayan Afzal Khan,0,0,,,,,,,,,,,,,
1358088,2022/23,2023-03-10,"Tribhuvan University International Cricket Ground, Kirtipur",1,17.4,17.4,Papua New Guinea,United Arab Emirates,S Bau,H Hiri,Aayan Afzal Khan,1,0,,,,,,,,,,,,,
1358088,2022/23,2023-03-10,"Tribhuvan University International Cricket Ground, Kirtipur",1,17.5,17.5,Papua New Guinea,United Arab Emirates,H Hiri,S Bau,Aayan Afzal Khan,0,0,,,,,,,,,,,,,
1358088,2022/23,2023-03-10,"Tribhuvan University International Cricket Ground, Kirtipur",1,17.6,17.6,Papua New Guinea,United Arab Emirates,H Hiri,S Bau,Aayan Afzal Khan,2,0,,,,,,,,,,,,,
1358088,2022/23,2023-03-10,"Tribhuvan University International Cricket Ground, Kirtipur",1,18.1,18.1,Papua New Guinea,United Arab Emirates,S Bau,H Hiri,Rohan Mustafa,0,0,,,,,,,,,,,,,
1358088,2022/23,2023-03-10,"Tribhuvan University International Cricket Ground, Kirtipur",1,18.2,18.2,Papua New Guinea,United Arab Emirates,S Bau,H Hiri,Rohan Mustafa,0,0,,,,,,,,,,,,,
1358088,2022/23,2023-03-10,"Tribhuvan University International Cricket Ground, Kirtipur",1,18.3,18.3,Papua New Guinea,United Arab Emirates,S Bau,H Hiri,Rohan Mustafa,0,0,,,,,,,,,,,,,
1358088,2022/23,2023-03-10,"Tribhuvan University International Cricket Ground, Kirtipur",1,18.4,18.4,Papua New Guinea,United Arab Emirates,S Bau,H Hiri,Rohan Mustafa,0,0,,,,,,,,,,,,,
1358088,2022/23,2023-03-10,"Tribhuvan University International Cricket Ground, Kirtipur",1,18.5,18.5,Papua New Guinea,United Arab Emirates,S Bau,H Hiri,Rohan Mustafa,1,0,,,,,,,,,,,,,
1358088,2022/23,2023-03-10,"Tribhuvan University International Cricket Ground, Kirtipur",1,18.6,18.6,Papua New Guinea,United Arab Emirates,H Hiri,S Bau,Rohan Mustafa,0,0,,,,,,,,,,,,,
1358088,2022/23,2023-03-10,"Tribhuvan University International Cricket Ground, Kirtipur",1,19.1,19.1,Papua New Guinea,United Arab Emirates,S Bau,H Hiri,Aayan Afzal Khan,0,0,,,,,,,,,,,,,
1358088,2022/23,2023-03-10,"Tribhuvan University International Cricket Ground, Kirtipur",1,19.2,19.2,Papua New Guinea,United Arab Emirates,S Bau,H Hiri,Aayan Afzal Khan,1,0,,,,,,,,,,,,,
1358088,2022/23,2023-03-10,"Tribhuvan University International Cricket Ground, Kirtipur",1,19.3,19.3,Papua New Guinea,United Arab Emirates,H Hiri,S Bau,Aayan Afzal Khan,1,0,,,,,,,,,,,,,
1358088,2022/23,2023-03-10,"Tribhuvan University International Cricket Ground, Kirtipur",1,19.4,19.4,Papua New Guinea,United Arab Emirates,S Bau,H Hiri,Aayan Afzal Khan,0,0,,,,,,,,,,,,,
1358088,2022/23,2023-03-10,"Tribhuvan University International Cricket Ground, Kirtipur",1,19.5,19.5,Papua New Guinea,United Arab Emirates,S Bau,H Hiri,Aayan Afzal Khan,0,0,,,,,,,,,,,,,
1358088,2022/23,2023-03-10,"Tribhuvan University International Cricket Ground, Kirtipur",1,19.6,19.6,Papua New Guinea,United Arab Emirates,S Bau,H Hiri,Aayan Afzal Khan,4,0,,,,,,,,,,,,,
1358088,2022/23,2023-03-10,"Tribhuvan University International Cricket Ground, Kirtipur",1,20.1,20.1,Papua New Guinea,United Arab Emirates,H Hiri,S Bau,Rohan Mustafa,0,0,,,,,,,,,,,,,
1358088,2022/23,2023-03-10,"Tribhuvan University International Cricket Ground, Kirtipur",1,20.2,20.2,Papua New Guinea,United Arab Emirates,H Hiri,S Bau,Rohan Mustafa,0,0,,,,,,,,,,,,,
1358088,2022/23,2023-03-10,"Tribhuvan University International Cricket Ground, Kirtipur",1,20.3,20.3,Papua New Guinea,United Arab Emirates,H Hiri,S Bau,Rohan Mustafa,0,0,,,,,,,,,,,,,
1358088,2022/23,2023-03-10,"Tribhuvan University International Cricket Ground, Kirtipur",1,20.4,20.4,Papua New Guinea,United Arab Emirates,H Hiri,S Bau,Rohan Mustafa,1,0,,,,,,,,,,,,,
1358088,2022/23,2023-03-10,"Tribhuvan University International Cricket Ground, Kirtipur",1,20.5,20.5,Papua New Guinea,United Arab Emirates,S Bau,H Hiri,Rohan Mustafa,0,0,,,,,,,,,,,,,
1358088,2022/23,2023-03-10,"Tribhuvan University International Cricket Ground, Kirtipur",1,20.6,20.6,Papua New Guinea,United Arab Emirates,S Bau,H Hiri,Rohan Mustafa,0,0,,,,,,,,,,,,,
1358088,2022/23,2023-03-10,"Tribhuvan University International Cricket Ground, Kirtipur",1,21.1,21.1,Papua New Guinea,United Arab Emirates,H Hiri,S Bau,Zahoor Khan,1,0,,,,,,,,,,,,,
1358088,2022/23,2023-03-10,"Tribhuvan University International Cricket Ground, Kirtipur",1,21.2,21.2,Papua New Guinea,United Arab Emirates,S Bau,H Hiri,Zahoor Khan,0,0,,,,,,,,,,,,,
1358088,2022/23,2023-03-10,"Tribhuvan University International Cricket Ground, Kirtipur",1,21.3,21.3,Papua New Guinea,United Arab Emirates,S Bau,H Hiri,Zahoor Khan,1,0,,,,,,,,,,,,,
1358088,2022/23,2023-03-10,"Tribhuvan University International Cricket Ground, Kirtipur",1,21.4,21.4,Papua New Guinea,United Arab Emirates,H Hiri,S Bau,Zahoor Khan,0,0,,,,,,,,,,,,,
1358088,2022/23,2023-03-10,"Tribhuvan University International Cricket Ground, Kirtipur",1,21.5,21.5,Papua New Guinea,United Arab Emirates,H Hiri,S Bau,Zahoor Khan,6,0,,,,,,,,,,,,,
1358088,2022/23,2023-03-10,"Tribhuvan University International Cricket Ground, Kirtipur",1,21.6,21.6,Papua New Guinea,United Arab Emirates,H Hiri,S Bau,Zahoor Khan,1,0,,,,,,,,,,,,,
1358088,2022/23,2023-03-10,"Tribhuvan University International Cricket Ground, Kirtipur",1,22.1,22.1,Papua New Guinea,United Arab Emirates,H Hiri,S Bau,Rohan Mustafa,1,0,,,,,,,,,,,,,
1358088,2022/23,2023-03-10,"Tribhuvan University International Cricket Ground, Kirtipur",1,22.2,22.2,Papua New Guinea,United Arab Emirates,S Bau,H Hiri,Rohan Mustafa,1,0,,,,,,,,,,,,,
1358088,2022/23,2023-03-10,"Tribhuvan University International Cricket Ground, Kirtipur",1,22.3,22.3,Papua New Guinea,United Arab Emirates,H Hiri,S Bau,Rohan Mustafa,1,0,,,,,,,,,,,,,
1358088,2022/23,2023-03-10,"Tribhuvan University International Cricket Ground, Kirtipur",1,22.4,22.4,Papua New Guinea,United Arab Emirates,S Bau,H Hiri,Rohan Mustafa,1,0,,,,,,,,,,,,,
1358088,2022/23,2023-03-10,"Tribhuvan University International Cricket Ground, Kirtipur",1,22.5,22.5,Papua New Guinea,United Arab Emirates,H Hiri,S Bau,Rohan Mustafa,1,0,,,,,,,,,,,,,
1358088,2022/23,2023-03-10,"Tribhuvan University International Cricket Ground, Kirtipur",1,22.6,22.6,Papua New Guinea,United Arab Emirates,S Bau,H Hiri,Rohan Mustafa,1,0,,,,,,,,,,,,,
1358088,2022/23,2023-03-10,"Tribhuvan University International Cricket Ground, Kirtipur",1,23.1,23.1,Papua New Guinea,United Arab Emirates,S Bau,H Hiri,KP Meiyappan,0,0,,,,,,,,,,,,,
1358088,2022/23,2023-03-10,"Tribhuvan University International Cricket Ground, Kirtipur",1,23.2,23.2,Papua New Guinea,United Arab Emirates,S Bau,H Hiri,KP Meiyappan,0,0,,,,,,,,,,,,,
1358088,2022/23,2023-03-10,"Tribhuvan University International Cricket Ground, Kirtipur",1,23.3,23.3,Papua New Guinea,United Arab Emirates,S Bau,H Hiri,KP Meiyappan,0,0,,,,,,,,,,,,,
1358088,2022/23,2023-03-10,"Tribhuvan University International Cricket Ground, Kirtipur",1,23.4,23.4,Papua New Guinea,United Arab Emirates,S Bau,H Hiri,KP Meiyappan,1,0,,,,,,,,,,,,,
1358088,2022/23,2023-03-10,"Tribhuvan University International Cricket Ground, Kirtipur",1,23.5,23.5,Papua New Guinea,United Arab Emirates,H Hiri,S Bau,KP Meiyappan,4,0,,,,,,,,,,,,,
1358088,2022/23,2023-03-10,"Tribhuvan University International Cricket Ground, Kirtipur",1,23.6,23.6,Papua New Guinea,United Arab Emirates,H Hiri,S Bau,KP Meiyappan,0,0,,,,,,,,,,,,,
1358088,2022/23,2023-03-10,"Tribhuvan University International Cricket Ground, Kirtipur",1,24.1,24.1,Papua New Guinea,United Arab Emirates,S Bau,H Hiri,Rohan Mustafa,1,0,,,,,,,,,,,,,
1358088,2022/23,2023-03-10,"Tribhuvan University International Cricket Ground, Kirtipur",1,24.2,24.2,Papua New Guinea,United Arab Emirates,H Hiri,S Bau,Rohan Mustafa,0,0,,,,,,,,,,,,,
1358088,2022/23,2023-03-10,"Tribhuvan University International Cricket Ground, Kirtipur",1,24.3,24.3,Papua New Guinea,United Arab Emirates,H Hiri,S Bau,Rohan Mustafa,1,0,,,,,,,,,,,,,
1358088,2022/23,2023-03-10,"Tribhuvan University International Cricket Ground, Kirtipur",1,24.4,24.4,Papua New Guinea,United Arab Emirates,S Bau,H Hiri,Rohan Mustafa,1,0,,,,,,,,,,,,,
1358088,2022/23,2023-03-10,"Tribhuvan University International Cricket Ground, Kirtipur",1,24.5,24.5,Papua New Guinea,United Arab Emirates,H Hiri,S Bau,Rohan Mustafa,1,0,,,,,,,,,,,,,
1358088,2022/23,2023-03-10,"Tribhuvan University International Cricket Ground, Kirtipur",1,24.6,24.6,Papua New Guinea,United Arab Emirates,S Bau,H Hiri,Rohan Mustafa,2,0,,,,,,,,,,,,,
1358088,2022/23,2023-03-10,"Tribhuvan University International Cricket Ground, Kirtipur",1,25.1,25.1,Papua New Guinea,United Arab Emirates,H Hiri,S Bau,KP Meiyappan,0,0,,,,,,,,,,,,,
1358088,2022/23,2023-03-10,"Tribhuvan University International Cricket Ground, Kirtipur",1,25.2,25.2,Papua New Guinea,United Arab Emirates,H Hiri,S Bau,KP Meiyappan,1,0,,,,,,,,,,,,,
1358088,2022/23,2023-03-10,"Tribhuvan University International Cricket Ground, Kirtipur",1,25.3,25.3,Papua New Guinea,United Arab Emirates,S Bau,H Hiri,KP Meiyappan,0,0,,,,,,,,,,,,,
1358088,2022/23,2023-03-10,"Tribhuvan University International Cricket Ground, Kirtipur",1,25.4,25.4,Papua New Guinea,United Arab Emirates,S Bau,H Hiri,KP Meiyappan,0,0,,,,,,,,,,,,,
1358088,2022/23,2023-03-10,"Tribhuvan University International Cricket Ground, Kirtipur",1,25.5,25.5,Papua New Guinea,United Arab Emirates,S Bau,H Hiri,KP Meiyappan,0,0,,,,,,,,,,,,,
1358088,2022/23,2023-03-10,"Tribhuvan University International Cricket Ground, Kirtipur",1,25.6,25.6,Papua New Guinea,United Arab Emirates,S Bau,H Hiri,KP Meiyappan,0,0,,,,,,,,,,,,,
1358088,2022/23,2023-03-10,"Tribhuvan University International Cricket Ground, Kirtipur",1,26.1,26.1,Papua New Guinea,United Arab Emirates,H Hiri,S Bau,Zahoor Khan,0,0,,,,,,,,,,,,,
1358088,2022/23,2023-03-10,"Tribhuvan University International Cricket Ground, Kirtipur",1,26.2,26.2,Papua New Guinea,United Arab Emirates,H Hiri,S Bau,Zahoor Khan,1,0,,,,,,,,,,,,,
1358088,2022/23,2023-03-10,"Tribhuvan University International Cricket Ground, Kirtipur",1,26.3,26.3,Papua New Guinea,United Arab Emirates,S Bau,H Hiri,Zahoor Khan,4,0,,,,,,,,,,,,,
1358088,2022/23,2023-03-10,"Tribhuvan University International Cricket Ground, Kirtipur",1,26.4,26.4,Papua New Guinea,United Arab Emirates,S Bau,H Hiri,Zahoor Khan,1,0,,,,,,,,,,,,,
1358088,2022/23,2023-03-10,"Tribhuvan University International Cricket Ground, Kirtipur",1,26.5,26.5,Papua New Guinea,United Arab Emirates,H Hiri,S Bau,Zahoor Khan,0,0,,,,,,,,,,,,,
1358088,2022/23,2023-03-10,"Tribhuvan University International Cricket Ground, Kirtipur",1,26.6,26.6,Papua New Guinea,United Arab Emirates,H Hiri,S Bau,Zahoor Khan,0,0,,,,,,,,,,,,,
1358088,2022/23,2023-03-10,"Tribhuvan University International Cricket Ground, Kirtipur",1,27.1,27.1,Papua New Guinea,United Arab Emirates,S Bau,H Hiri,KP Meiyappan,4,0,,,,,,,,,,,,,
1358088,2022/23,2023-03-10,"Tribhuvan University International Cricket Ground, Kirtipur",1,27.2,27.2,Papua New Guinea,United Arab Emirates,S Bau,H Hiri,KP Meiyappan,0,0,,,,,,,,,,,,,
1358088,2022/23,2023-03-10,"Tribhuvan University International Cricket Ground, Kirtipur",1,27.3,27.3,Papua New Guinea,United Arab Emirates,S Bau,H Hiri,KP Meiyappan,0,0,,,,,,,,,,,,,
1358088,2022/23,2023-03-10,"Tribhuvan University International Cricket Ground, Kirtipur",1,27.4,27.4,Papua New Guinea,United Arab Emirates,S Bau,H Hiri,KP Meiyappan,4,0,,,,,,,,,,,,,
1358088,2022/23,2023-03-10,"Tribhuvan University International Cricket Ground, Kirtipur",1,27.5,27.5,Papua New Guinea,United Arab Emirates,S Bau,H Hiri,KP Meiyappan,4,0,,,,,,,,,,,,,
1358088,2022/23,2023-03-10,"Tribhuvan University International Cricket Ground, Kirtipur",1,27.6,27.6,Papua New Guinea,United Arab Emirates,S Bau,H Hiri,KP Meiyappan,2,0,,,,,,,,,,,,,
1358088,2022/23,2023-03-10,"Tribhuvan University International Cricket Ground, Kirtipur",1,28.1,28.1,Papua New Guinea,United Arab Emirates,H Hiri,S Bau,Zahoor Khan,6,0,,,,,,,,,,,,,
1358088,2022/23,2023-03-10,"Tribhuvan University International Cricket Ground, Kirtipur",1,28.2,28.2,Papua New Guinea,United Arab Emirates,H Hiri,S Bau,Zahoor Khan,0,0,,,,,,,,,,,,,
1358088,2022/23,2023-03-10,"Tribhuvan University International Cricket Ground, Kirtipur",1,28.3,28.3,Papua New Guinea,United Arab Emirates,H Hiri,S Bau,Zahoor Khan,0,0,,,,,,,,,,,,,
1358088,2022/23,2023-03-10,"Tribhuvan University International Cricket Ground, Kirtipur",1,28.4,28.4,Papua New Guinea,United Arab Emirates,H Hiri,S Bau,Zahoor Khan,2,0,,,,,,,,,,,,,
1358088,2022/23,2023-03-10,"Tribhuvan University International Cricket Ground, Kirtipur",1,28.5,28.5,Papua New Guinea,United Arab Emirates,H Hiri,S Bau,Zahoor Khan,0,0,,,,,,,,,,,,,
1358088,2022/23,2023-03-10,"Tribhuvan University International Cricket Ground, Kirtipur",1,28.6,28.6,Papua New Guinea,United Arab Emirates,H Hiri,S Bau,Zahoor Khan,1,0,,,,,,,,,,,,,
1358088,2022/23,2023-03-10,"Tribhuvan University International Cricket Ground, Kirtipur",1,29.1,29.1,Papua New Guinea,United Arab Emirates,H Hiri,S Bau,Zawar Farid,1,0,,,,,,,,,,,,,
1358088,2022/23,2023-03-10,"Tribhuvan University International Cricket Ground, Kirtipur",1,29.2,29.2,Papua New Guinea,United Arab Emirates,S Bau,H Hiri,Zawar Farid,4,0,,,,,,,,,,,,,
1358088,2022/23,2023-03-10,"Tribhuvan University International Cricket Ground, Kirtipur",1,29.3,29.3,Papua New Guinea,United Arab Emirates,S Bau,H Hiri,Zawar Farid,4,0,,,,,,,,,,,,,
1358088,2022/23,2023-03-10,"Tribhuvan University International Cricket Ground, Kirtipur",1,29.4,29.4,Papua New Guinea,United Arab Emirates,S Bau,H Hiri,Zawar Farid,0,0,,,,,,,,,,,,,
1358088,2022/23,2023-03-10,"Tribhuvan University International Cricket Ground, Kirtipur",1,29.5,29.5,Papua New Guinea,United Arab Emirates,S Bau,H Hiri,Zawar Farid,1,0,,,,,,,,,,,,,
1358088,2022/23,2023-03-10,"Tribhuvan University International Cricket Ground, Kirtipur",1,29.6,29.6,Papua New Guinea,United Arab Emirates,H Hiri,S Bau,Zawar Farid,0,0,,,,,,,,,,,,,
1358088,2022/23,2023-03-10,"Tribhuvan University International Cricket Ground, Kirtipur",1,30.1,30.1,Papua New Guinea,United Arab Emirates,S Bau,H Hiri,Junaid Siddique,1,0,,,,,,,,,,,,,
1358088,2022/23,2023-03-10,"Tribhuvan University International Cricket Ground, Kirtipur",1,30.2,30.2,Papua New Guinea,United Arab Emirates,H Hiri,S Bau,Junaid Siddique,0,0,,,,,,,,,,,,,
1358088,2022/23,2023-03-10,"Tribhuvan University International Cricket Ground, Kirtipur",1,30.3,30.3,Papua New Guinea,United Arab Emirates,H Hiri,S Bau,Junaid Siddique,0,0,,,,,,,,,,,,,
1358088,2022/23,2023-03-10,"Tribhuvan University International Cricket Ground, Kirtipur",1,30.4,30.4,Papua New Guinea,United Arab Emirates,H Hiri,S Bau,Junaid Siddique,1,0,,,,,,,,,,,,,
1358088,2022/23,2023-03-10,"Tribhuvan University International Cricket Ground, Kirtipur",1,30.5,30.5,Papua New Guinea,United Arab Emirates,S Bau,H Hiri,Junaid Siddique,1,0,,,,,,,,,,,,,
1358088,2022/23,2023-03-10,"Tribhuvan University International Cricket Ground, Kirtipur",1,30.6,30.6,Papua New Guinea,United Arab Emirates,H Hiri,S Bau,Junaid Siddique,1,0,,,,,,,,,,,,,
1358088,2022/23,2023-03-10,"Tribhuvan University International Cricket Ground, Kirtipur",1,31.1,31.1,Papua New Guinea,United Arab Emirates,H Hiri,S Bau,Aayan Afzal Khan,0,0,,,,,,,,,,,,,
1358088,2022/23,2023-03-10,"Tribhuvan University International Cricket Ground, Kirtipur",1,31.2,31.2,Papua New Guinea,United Arab Emirates,H Hiri,S Bau,Aayan Afzal Khan,0,0,,,,,,,,,,,,,
1358088,2022/23,2023-03-10,"Tribhuvan University International Cricket Ground, Kirtipur",1,31.3,31.3,Papua New Guinea,United Arab Emirates,H Hiri,S Bau,Aayan Afzal Khan,0,0,,,,,,,bowled,H Hiri,,,,,
1358088,2022/23,2023-03-10,"Tribhuvan University International Cricket Ground, Kirtipur",1,31.4,31.4,Papua New Guinea,United Arab Emirates,A Vala,S Bau,Aayan Afzal Khan,0,0,,,,,,,bowled,A Vala,,,,,
1358088,2022/23,2023-03-10,"Tribhuvan University International Cricket Ground, Kirtipur",1,31.5,31.5,Papua New Guinea,United Arab Emirates,CJA Amini,S Bau,Aayan Afzal Khan,0,0,,,,,,,,,,,,,
1358088,2022/23,2023-03-10,"Tribhuvan University International Cricket Ground, Kirtipur",1,31.6,31.6,Papua New Guinea,United Arab Emirates,CJA Amini,S Bau,Aayan Afzal Khan,1,0,,,,,,,,,,,,,
1358088,2022/23,2023-03-10,"Tribhuvan University International Cricket Ground, Kirtipur",1,32.1,32.1,Papua New Guinea,United Arab Emirates,CJA Amini,S Bau,Junaid Siddique,0,0,,,,,,,,,,,,,
1358088,2022/23,2023-03-10,"Tribhuvan University International Cricket Ground, Kirtipur",1,32.2,32.2,Papua New Guinea,United Arab Emirates,CJA Amini,S Bau,Junaid Siddique,1,0,,,,,,,,,,,,,
1358088,2022/23,2023-03-10,"Tribhuvan University International Cricket Ground, Kirtipur",1,32.3,32.3,Papua New Guinea,United Arab Emirates,S Bau,CJA Amini,Junaid Siddique,0,0,,,,,,,,,,,,,
1358088,2022/23,2023-03-10,"Tribhuvan University International Cricket Ground, Kirtipur",1,32.4,32.4,Papua New Guinea,United Arab Emirates,S Bau,CJA Amini,Junaid Siddique,0,0,,,,,,,,,,,,,
1358088,2022/23,2023-03-10,"Tribhuvan University International Cricket Ground, Kirtipur",1,32.5,32.5,Papua New Guinea,United Arab Emirates,S Bau,CJA Amini,Junaid Siddique,1,0,,,,,,,,,,,,,
1358088,2022/23,2023-03-10,"Tribhuvan University International Cricket Ground, Kirtipur",1,32.6,32.6,Papua New Guinea,United Arab Emirates,CJA Amini,S Bau,Junaid Siddique,1,0,,,,,,,,,,,,,
1358088,2022/23,2023-03-10,"Tribhuvan University International Cricket Ground, Kirtipur",1,33.1,33.1,Papua New Guinea,United Arab Emirates,CJA Amini,S Bau,Aayan Afzal Khan,0,0,,,,,,,,,,,,,
1358088,2022/23,2023-03-10,"Tribhuvan University International Cricket Ground, Kirtipur",1,33.2,33.2,Papua New Guinea,United Arab Emirates,CJA Amini,S Bau,Aayan Afzal Khan,0,0,,,,,,,,,,,,,
1358088,2022/23,2023-03-10,"Tribhuvan University International Cricket Ground, Kirtipur",1,33.3,33.3,Papua New Guinea,United Arab Emirates,CJA Amini,S Bau,Aayan Afzal Khan,1,0,,,,,,,,,,,,,
1358088,2022/23,2023-03-10,"Tribhuvan University International Cricket Ground, Kirtipur",1,33.4,33.4,Papua New Guinea,United Arab Emirates,S Bau,CJA Amini,Aayan Afzal Khan,4,0,,,,,,,,,,,,,
1358088,2022/23,2023-03-10,"Tribhuvan University International Cricket Ground, Kirtipur",1,33.5,33.5,Papua New Guinea,United Arab Emirates,S Bau,CJA Amini,Aayan Afzal Khan,0,0,,,,,,,,,,,,,
1358088,2022/23,2023-03-10,"Tribhuvan University International Cricket Ground, Kirtipur",1,33.6,33.6,Papua New Guinea,United Arab Emirates,S Bau,CJA Amini,Aayan Afzal Khan,0,0,,,,,,,,,,,,,
1358088,2022/23,2023-03-10,"Tribhuvan University International Cricket Ground, Kirtipur",1,34.1,34.1,Papua New Guinea,United Arab Emirates,CJA Amini,S Bau,Rohan Mustafa,0,0,,,,,,,,,,,,,
1358088,2022/23,2023-03-10,"Tribhuvan University International Cricket Ground, Kirtipur",1,34.2,34.2,Papua New Guinea,United Arab Emirates,CJA Amini,S Bau,Rohan Mustafa,0,0,,,,,,,,,,,,,
1358088,2022/23,2023-03-10,"Tribhuvan University International Cricket Ground, Kirtipur",1,34.3,34.3,Papua New Guinea,United Arab Emirates,CJA Amini,S Bau,Rohan Mustafa,0,0,,,,,,,,,,,,,
1358088,2022/23,2023-03-10,"Tribhuvan University International Cricket Ground, Kirtipur",1,34.4,34.4,Papua New Guinea,United Arab Emirates,CJA Amini,S Bau,Rohan Mustafa,0,0,,,,,,,,,,,,,
1358088,2022/23,2023-03-10,"Tribhuvan University International Cricket Ground, Kirtipur",1,34.5,34.5,Papua New Guinea,United Arab Emirates,CJA Amini,S Bau,Rohan Mustafa,0,0,,,,,,,,,,,,,
1358088,2022/23,2023-03-10,"Tribhuvan University International Cricket Ground, Kirtipur",1,34.6,34.6,Papua New Guinea,United Arab Emirates,CJA Amini,S Bau,Rohan Mustafa,0,0,,,,,,,,,,,,,
1358088,2022/23,2023-03-10,"Tribhuvan University International Cricket Ground, Kirtipur",1,35.1,35.1,Papua New Guinea,United Arab Emirates,S Bau,CJA Amini,Aayan Afzal Khan,0,0,,,,,,,,,,,,,
1358088,2022/23,2023-03-10,"Tribhuvan University International Cricket Ground, Kirtipur",1,35.2,35.2,Papua New Guinea,United Arab Emirates,S Bau,CJA Amini,Aayan Afzal Khan,0,0,,,,,,,,,,,,,
1358088,2022/23,2023-03-10,"Tribhuvan University International Cricket Ground, Kirtipur",1,35.3,35.3,Papua New Guinea,United Arab Emirates,S Bau,CJA Amini,Aayan Afzal Khan,0,0,,,,,,,,,,,,,
1358088,2022/23,2023-03-10,"Tribhuvan University International Cricket Ground, Kirtipur",1,35.4,35.4,Papua New Guinea,United Arab Emirates,S Bau,CJA Amini,Aayan Afzal Khan,0,0,,,,,,,,,,,,,
1358088,2022/23,2023-03-10,"Tribhuvan University International Cricket Ground, Kirtipur",1,35.5,35.5,Papua New Guinea,United Arab Emirates,S Bau,CJA Amini,Aayan Afzal Khan,0,1,,,,1,,,,,,,,,
1358088,2022/23,2023-03-10,"Tribhuvan University International Cricket Ground, Kirtipur",1,35.6,35.6,Papua New Guinea,United Arab Emirates,CJA Amini,S Bau,Aayan Afzal Khan,0,0,,,,,,,,,,,,,
1358088,2022/23,2023-03-10,"Tribhuvan University International Cricket Ground, Kirtipur",1,36.1,36.1,Papua New Guinea,United Arab Emirates,S Bau,CJA Amini,Rohan Mustafa,1,0,,,,,,,,,,,,,
1358088,2022/23,2023-03-10,"Tribhuvan University International Cricket Ground, Kirtipur",1,36.2,36.2,Papua New Guinea,United Arab Emirates,CJA Amini,S Bau,Rohan Mustafa,0,0,,,,,,,,,,,,,
1358088,2022/23,2023-03-10,"Tribhuvan University International Cricket Ground, Kirtipur",1,36.3,36.3,Papua New Guinea,United Arab Emirates,CJA Amini,S Bau,Rohan Mustafa,0,0,,,,,,,,,,,,,
1358088,2022/23,2023-03-10,"Tribhuvan University International Cricket Ground, Kirtipur",1,36.4,36.4,Papua New Guinea,United Arab Emirates,CJA Amini,S Bau,Rohan Mustafa,0,0,,,,,,,,,,,,,
1358088,2022/23,2023-03-10,"Tribhuvan University International Cricket Ground, Kirtipur",1,36.5,36.5,Papua New Guinea,United Arab Emirates,CJA Amini,S Bau,Rohan Mustafa,0,0,,,,,,,,,,,,,
1358088,2022/23,2023-03-10,"Tribhuvan University International Cricket Ground, Kirtipur",1,36.6,36.6,Papua New Guinea,United Arab Emirates,CJA Amini,S Bau,Rohan Mustafa,0,0,,,,,,,,,,,,,
1358088,2022/23,2023-03-10,"Tribhuvan University International Cricket Ground, Kirtipur",1,37.1,37.1,Papua New Guinea,United Arab Emirates,S Bau,CJA Amini,Aayan Afzal Khan,0,0,,,,,,,,,,,,,
1358088,2022/23,2023-03-10,"Tribhuvan University International Cricket Ground, Kirtipur",1,37.2,37.2,Papua New Guinea,United Arab Emirates,S Bau,CJA Amini,Aayan Afzal Khan,0,0,,,,,,,,,,,,,
1358088,2022/23,2023-03-10,"Tribhuvan University International Cricket Ground, Kirtipur",1,37.3,37.3,Papua New Guinea,United Arab Emirates,S Bau,CJA Amini,Aayan Afzal Khan,0,0,,,,,,,,,,,,,
1358088,2022/23,2023-03-10,"Tribhuvan University International Cricket Ground, Kirtipur",1,37.4,37.4,Papua New Guinea,United Arab Emirates,S Bau,CJA Amini,Aayan Afzal Khan,0,0,,,,,,,,,,,,,
1358088,2022/23,2023-03-10,"Tribhuvan University International Cricket Ground, Kirtipur",1,37.5,37.5,Papua New Guinea,United Arab Emirates,S Bau,CJA Amini,Aayan Afzal Khan,0,0,,,,,,,,,,,,,
1358088,2022/23,2023-03-10,"Tribhuvan University International Cricket Ground, Kirtipur",1,37.6,37.6,Papua New Guinea,United Arab Emirates,S Bau,CJA Amini,Aayan Afzal Khan,0,0,,,,,,,,,,,,,
1358088,2022/23,2023-03-10,"Tribhuvan University International Cricket Ground, Kirtipur",1,38.1,38.1,Papua New Guinea,United Arab Emirates,CJA Amini,S Bau,Rohan Mustafa,0,0,,,,,,,caught,CJA Amini,,,Asif Khan,,
1358088,2022/23,2023-03-10,"Tribhuvan University International Cricket Ground, Kirtipur",1,38.2,38.2,Papua New Guinea,United Arab Emirates,R Hekure,S Bau,Rohan Mustafa,0,0,,,,,,,,,,,,,
1358088,2022/23,2023-03-10,"Tribhuvan University International Cricket Ground, Kirtipur",1,38.3,38.3,Papua New Guinea,United Arab Emirates,R Hekure,S Bau,Rohan Mustafa,0,0,,,,,,,,,,,,,
1358088,2022/23,2023-03-10,"Tribhuvan University International Cricket Ground, Kirtipur",1,38.4,38.4,Papua New Guinea,United Arab Emirates,R Hekure,S Bau,Rohan Mustafa,0,0,,,,,,,,,,,,,
1358088,2022/23,2023-03-10,"Tribhuvan University International Cricket Ground, Kirtipur",1,38.5,38.5,Papua New Guinea,United Arab Emirates,R Hekure,S Bau,Rohan Mustafa,0,0,,,,,,,,,,,,,
1358088,2022/23,2023-03-10,"Tribhuvan University International Cricket Ground, Kirtipur",1,38.6,38.6,Papua New Guinea,United Arab Emirates,R Hekure,S Bau,Rohan Mustafa,1,0,,,,,,,,,,,,,
1358088,2022/23,2023-03-10,"Tribhuvan University International Cricket Ground, Kirtipur",1,39.1,39.1,Papua New Guinea,United Arab Emirates,R Hekure,S Bau,KP Meiyappan,0,0,,,,,,,bowled,R Hekure,,,,,
1358088,2022/23,2023-03-10,"Tribhuvan University International Cricket Ground, Kirtipur",1,39.2,39.2,Papua New Guinea,United Arab Emirates,CA Soper,S Bau,KP Meiyappan,0,0,,,,,,,,,,,,,
1358088,2022/23,2023-03-10,"Tribhuvan University International Cricket Ground, Kirtipur",1,39.3,39.3,Papua New Guinea,United Arab Emirates,CA Soper,S Bau,KP Meiyappan,0,0,,,,,,,,,,,,,
1358088,2022/23,2023-03-10,"Tribhuvan University International Cricket Ground, Kirtipur",1,39.4,39.4,Papua New Guinea,United Arab Emirates,CA Soper,S Bau,KP Meiyappan,1,0,,,,,,,,,,,,,
1358088,2022/23,2023-03-10,"Tribhuvan University International Cricket Ground, Kirtipur",1,39.5,39.5,Papua New Guinea,United Arab Emirates,S Bau,CA Soper,KP Meiyappan,0,0,,,,,,,,,,,,,
1358088,2022/23,2023-03-10,"Tribhuvan University International Cricket Ground, Kirtipur",1,39.6,39.6,Papua New Guinea,United Arab Emirates,S Bau,CA Soper,KP Meiyappan,0,0,,,,,,,,,,,,,
1358088,2022/23,2023-03-10,"Tribhuvan University International Cricket Ground, Kirtipur",1,40.1,40.1,Papua New Guinea,United Arab Emirates,CA Soper,S Bau,Rohan Mustafa,1,0,,,,,,,,,,,,,
1358088,2022/23,2023-03-10,"Tribhuvan University International Cricket Ground, Kirtipur",1,40.2,40.2,Papua New Guinea,United Arab Emirates,S Bau,CA Soper,Rohan Mustafa,1,0,,,,,,,,,,,,,
1358088,2022/23,2023-03-10,"Tribhuvan University International Cricket Ground, Kirtipur",1,40.3,40.3,Papua New Guinea,United Arab Emirates,CA Soper,S Bau,Rohan Mustafa,0,0,,,,,,,,,,,,,
1358088,2022/23,2023-03-10,"Tribhuvan University International Cricket Ground, Kirtipur",1,40.4,40.4,Papua New Guinea,United Arab Emirates,CA Soper,S Bau,Rohan Mustafa,0,0,,,,,,,,,,,,,
1358088,2022/23,2023-03-10,"Tribhuvan University International Cricket Ground, Kirtipur",1,40.5,40.5,Papua New Guinea,United Arab Emirates,CA Soper,S Bau,Rohan Mustafa,0,0,,,,,,,,,,,,,
1358088,2022/23,2023-03-10,"Tribhuvan University International Cricket Ground, Kirtipur",1,40.6,40.6,Papua New Guinea,United Arab Emirates,CA Soper,S Bau,Rohan Mustafa,0,0,,,,,,,,,,,,,
1358088,2022/23,2023-03-10,"Tribhuvan University International Cricket Ground, Kirtipur",1,41.1,41.1,Papua New Guinea,United Arab Emirates,S Bau,CA Soper,KP Meiyappan,4,0,,,,,,,,,,,,,
1358088,2022/23,2023-03-10,"Tribhuvan University International Cricket Ground, Kirtipur",1,41.2,41.2,Papua New Guinea,United Arab Emirates,S Bau,CA Soper,KP Meiyappan,0,0,,,,,,,,,,,,,
1358088,2022/23,2023-03-10,"Tribhuvan University International Cricket Ground, Kirtipur",1,41.3,41.3,Papua New Guinea,United Arab Emirates,S Bau,CA Soper,KP Meiyappan,1,0,,,,,,,,,,,,,
1358088,2022/23,2023-03-10,"Tribhuvan University International Cricket Ground, Kirtipur",1,41.4,41.4,Papua New Guinea,United Arab Emirates,CA Soper,S Bau,KP Meiyappan,0,0,,,,,,,,,,,,,
1358088,2022/23,2023-03-10,"Tribhuvan University International Cricket Ground, Kirtipur",1,41.5,41.5,Papua New Guinea,United Arab Emirates,CA Soper,S Bau,KP Meiyappan,0,0,,,,,,,,,,,,,
1358088,2022/23,2023-03-10,"Tribhuvan University International Cricket Ground, Kirtipur",1,41.6,41.6,Papua New Guinea,United Arab Emirates,CA Soper,S Bau,KP Meiyappan,0,0,,,,,,,,,,,,,
1358088,2022/23,2023-03-10,"Tribhuvan University International Cricket Ground, Kirtipur",1,42.1,42.1,Papua New Guinea,United Arab Emirates,S Bau,CA Soper,Rohan Mustafa,1,0,,,,,,,,,,,,,
1358088,2022/23,2023-03-10,"Tribhuvan University International Cricket Ground, Kirtipur",1,42.2,42.2,Papua New Guinea,United Arab Emirates,CA Soper,S Bau,Rohan Mustafa,0,0,,,,,,,,,,,,,
1358088,2022/23,2023-03-10,"Tribhuvan University International Cricket Ground, Kirtipur",1,42.3,42.3,Papua New Guinea,United Arab Emirates,CA Soper,S Bau,Rohan Mustafa,1,0,,,,,,,,,,,,,
1358088,2022/23,2023-03-10,"Tribhuvan University International Cricket Ground, Kirtipur",1,42.4,42.4,Papua New Guinea,United Arab Emirates,S Bau,CA Soper,Rohan Mustafa,0,0,,,,,,,,,,,,,
1358088,2022/23,2023-03-10,"Tribhuvan University International Cricket Ground, Kirtipur",1,42.5,42.5,Papua New Guinea,United Arab Emirates,S Bau,CA Soper,Rohan Mustafa,0,0,,,,,,,,,,,,,
1358088,2022/23,2023-03-10,"Tribhuvan University International Cricket Ground, Kirtipur",1,42.6,42.6,Papua New Guinea,United Arab Emirates,S Bau,CA Soper,Rohan Mustafa,0,0,,,,,,,,,,,,,
1358088,2022/23,2023-03-10,"Tribhuvan University International Cricket Ground, Kirtipur",1,43.1,43.1,Papua New Guinea,United Arab Emirates,CA Soper,S Bau,KP Meiyappan,1,0,,,,,,,,,,,,,
1358088,2022/23,2023-03-10,"Tribhuvan University International Cricket Ground, Kirtipur",1,43.2,43.2,Papua New Guinea,United Arab Emirates,S Bau,CA Soper,KP Meiyappan,4,0,,,,,,,,,,,,,
1358088,2022/23,2023-03-10,"Tribhuvan University International Cricket Ground, Kirtipur",1,43.3,43.3,Papua New Guinea,United Arab Emirates,S Bau,CA Soper,KP Meiyappan,0,0,,,,,,,,,,,,,
1358088,2022/23,2023-03-10,"Tribhuvan University International Cricket Ground, Kirtipur",1,43.4,43.4,Papua New Guinea,United Arab Emirates,S Bau,CA Soper,KP Meiyappan,0,0,,,,,,,,,,,,,
1358088,2022/23,2023-03-10,"Tribhuvan University International Cricket Ground, Kirtipur",1,43.5,43.5,Papua New Guinea,United Arab Emirates,S Bau,CA Soper,KP Meiyappan,1,0,,,,,,,,,,,,,
1358088,2022/23,2023-03-10,"Tribhuvan University International Cricket Ground, Kirtipur",1,43.6,43.6,Papua New Guinea,United Arab Emirates,CA Soper,S Bau,KP Meiyappan,0,0,,,,,,,,,,,,,
1358088,2022/23,2023-03-10,"Tribhuvan University International Cricket Ground, Kirtipur",1,44.1,44.1,Papua New Guinea,United Arab Emirates,S Bau,CA Soper,Junaid Siddique,1,0,,,,,,,,,,,,,
1358088,2022/23,2023-03-10,"Tribhuvan University International Cricket Ground, Kirtipur",1,44.2,44.2,Papua New Guinea,United Arab Emirates,CA Soper,S Bau,Junaid Siddique,0,0,,,,,,,,,,,,,
1358088,2022/23,2023-03-10,"Tribhuvan University International Cricket Ground, Kirtipur",1,44.3,44.3,Papua New Guinea,United Arab Emirates,CA Soper,S Bau,Junaid Siddique,1,0,,,,,,,,,,,,,
1358088,2022/23,2023-03-10,"Tribhuvan University International Cricket Ground, Kirtipur",1,44.4,44.4,Papua New Guinea,United Arab Emirates,S Bau,CA Soper,Junaid Siddique,0,0,,,,,,,,,,,,,
1358088,2022/23,2023-03-10,"Tribhuvan University International Cricket Ground, Kirtipur",1,44.5,44.5,Papua New Guinea,United Arab Emirates,S Bau,CA Soper,Junaid Siddique,1,0,,,,,,,,,,,,,
1358088,2022/23,2023-03-10,"Tribhuvan University International Cricket Ground, Kirtipur",1,44.6,44.6,Papua New Guinea,United Arab Emirates,CA Soper,S Bau,Junaid Siddique,0,0,,,,,,,,,,,,,
1358088,2022/23,2023-03-10,"Tribhuvan University International Cricket Ground, Kirtipur",1,45.1,45.1,Papua New Guinea,United Arab Emirates,S Bau,CA Soper,KP Meiyappan,1,0,,,,,,,,,,,,,
1358088,2022/23,2023-03-10,"Tribhuvan University International Cricket Ground, Kirtipur",1,45.2,45.2,Papua New Guinea,United Arab Emirates,CA Soper,S Bau,KP Meiyappan,0,0,,,,,,,,,,,,,
1358088,2022/23,2023-03-10,"Tribhuvan University International Cricket Ground, Kirtipur",1,45.3,45.3,Papua New Guinea,United Arab Emirates,CA Soper,S Bau,KP Meiyappan,1,0,,,,,,,,,,,,,
1358088,2022/23,2023-03-10,"Tribhuvan University International Cricket Ground, Kirtipur",1,45.4,45.4,Papua New Guinea,United Arab Emirates,S Bau,CA Soper,KP Meiyappan,1,0,,,,,,,,,,,,,
1358088,2022/23,2023-03-10,"Tribhuvan University International Cricket Ground, Kirtipur",1,45.5,45.5,Papua New Guinea,United Arab Emirates,CA Soper,S Bau,KP Meiyappan,4,0,,,,,,,,,,,,,
1358088,2022/23,2023-03-10,"Tribhuvan University International Cricket Ground, Kirtipur",1,45.6,45.6,Papua New Guinea,United Arab Emirates,CA Soper,S Bau,KP Meiyappan,0,0,,,,,,,,,,,,,
1358088,2022/23,2023-03-10,"Tribhuvan University International Cricket Ground, Kirtipur",1,46.1,46.1,Papua New Guinea,United Arab Emirates,S Bau,CA Soper,Junaid Siddique,1,0,,,,,,,,,,,,,
1358088,2022/23,2023-03-10,"Tribhuvan University International Cricket Ground, Kirtipur",1,46.2,46.2,Papua New Guinea,United Arab Emirates,CA Soper,S Bau,Junaid Siddique,0,0,,,,,,,,,,,,,
1358088,2022/23,2023-03-10,"Tribhuvan University International Cricket Ground, Kirtipur",1,46.3,46.3,Papua New Guinea,United Arab Emirates,CA Soper,S Bau,Junaid Siddique,0,0,,,,,,,bowled,CA Soper,,,,,
1358088,2022/23,2023-03-10,"Tribhuvan University International Cricket Ground, Kirtipur",1,46.4,46.4,Papua New Guinea,United Arab Emirates,N Vanua,S Bau,Junaid Siddique,0,0,,,,,,,,,,,,,
1358088,2022/23,2023-03-10,"Tribhuvan University International Cricket Ground, Kirtipur",1,46.5,46.5,Papua New Guinea,United Arab Emirates,N Vanua,S Bau,Junaid Siddique,0,0,,,,,,,,,,,,,
1358088,2022/23,2023-03-10,"Tribhuvan University International Cricket Ground, Kirtipur",1,46.6,46.6,Papua New Guinea,United Arab Emirates,N Vanua,S Bau,Junaid Siddique,1,0,,,,,,,,,,,,,
1358088,2022/23,2023-03-10,"Tribhuvan University International Cricket Ground, Kirtipur",1,47.1,47.1,Papua New Guinea,United Arab Emirates,N Vanua,S Bau,Zahoor Khan,1,0,,,,,,,,,,,,,
1358088,2022/23,2023-03-10,"Tribhuvan University International Cricket Ground, Kirtipur",1,47.2,47.2,Papua New Guinea,United Arab Emirates,S Bau,N Vanua,Zahoor Khan,1,0,,,,,,,,,,,,,
1358088,2022/23,2023-03-10,"Tribhuvan University International Cricket Ground, Kirtipur",1,47.3,47.3,Papua New Guinea,United Arab Emirates,N Vanua,S Bau,Zahoor Khan,1,0,,,,,,,,,,,,,
1358088,2022/23,2023-03-10,"Tribhuvan University International Cricket Ground, Kirtipur",1,47.4,47.4,Papua New Guinea,United Arab Emirates,S Bau,N Vanua,Zahoor Khan,1,0,,,,,,,,,,,,,
1358088,2022/23,2023-03-10,"Tribhuvan University International Cricket Ground, Kirtipur",1,47.5,47.5,Papua New Guinea,United Arab Emirates,N Vanua,S Bau,Zahoor Khan,0,1,,,,1,,,,,,,,,
1358088,2022/23,2023-03-10,"Tribhuvan University International Cricket Ground, Kirtipur",1,47.6,47.6,Papua New Guinea,United Arab Emirates,S Bau,N Vanua,Zahoor Khan,1,0,,,,,,,,,,,,,
1358088,2022/23,2023-03-10,"Tribhuvan University International Cricket Ground, Kirtipur",1,48.1,48.1,Papua New Guinea,United Arab Emirates,S Bau,N Vanua,Junaid Siddique,1,0,,,,,,,,,,,,,
1358088,2022/23,2023-03-10,"Tribhuvan University International Cricket Ground, Kirtipur",1,48.2,48.2,Papua New Guinea,United Arab Emirates,N Vanua,S Bau,Junaid Siddique,6,0,,,,,,,,,,,,,
1358088,2022/23,2023-03-10,"Tribhuvan University International Cricket Ground, Kirtipur",1,48.3,48.3,Papua New Guinea,United Arab Emirates,N Vanua,S Bau,Junaid Siddique,1,0,,,,,,,,,,,,,
1358088,2022/23,2023-03-10,"Tribhuvan University International Cricket Ground, Kirtipur",1,48.4,48.4,Papua New Guinea,United Arab Emirates,S Bau,N Vanua,Junaid Siddique,0,0,,,,,,,,,,,,,
1358088,2022/23,2023-03-10,"Tribhuvan University International Cricket Ground, Kirtipur",1,48.5,48.5,Papua New Guinea,United Arab Emirates,S Bau,N Vanua,Junaid Siddique,1,0,,,,,,,,,,,,,
1358088,2022/23,2023-03-10,"Tribhuvan University International Cricket Ground, Kirtipur",1,48.6,48.6,Papua New Guinea,United Arab Emirates,N Vanua,S Bau,Junaid Siddique,0,0,,,,,,,caught,N Vanua,,,Aryan Lakra,,
1358088,2022/23,2023-03-10,"Tribhuvan University International Cricket Ground, Kirtipur",1,49.1,49.1,Papua New Guinea,United Arab Emirates,S Bau,KV Morea,Zahoor Khan,1,0,,,,,,,,,,,,,
1358088,2022/23,2023-03-10,"Tribhuvan University International Cricket Ground, Kirtipur",1,49.2,49.2,Papua New Guinea,United Arab Emirates,KV Morea,S Bau,Zahoor Khan,1,0,,,,,,,,,,,,,
1358088,2022/23,2023-03-10,"Tribhuvan University International Cricket Ground, Kirtipur",1,49.3,49.3,Papua New Guinea,United Arab Emirates,S Bau,KV Morea,Zahoor Khan,1,0,,,,,,,,,,,,,
1358088,2022/23,2023-03-10,"Tribhuvan University International Cricket Ground, Kirtipur",1,49.4,49.4,Papua New Guinea,United Arab Emirates,KV Morea,S Bau,Zahoor Khan,0,0,,,,,,,bowled,KV Morea,,,,,
1358088,2022/23,2023-03-10,"Tribhuvan University International Cricket Ground, Kirtipur",1,49.5,49.5,Papua New Guinea,United Arab Emirates,HGV Vare,S Bau,Zahoor Khan,4,0,,,,,,,,,,,,,
1358088,2022/23,2023-03-10,"Tribhuvan University International Cricket Ground, Kirtipur",1,49.6,49.6,Papua New Guinea,United Arab Emirates,HGV Vare,S Bau,Zahoor Khan,0,0,,,,,,,caught,HGV Vare,,,Aryan Lakra,,
1358088,2022/23,2023-03-10,"Tribhuvan University International Cricket Ground, Kirtipur",2,0.1,0.1,United Arab Emirates,Papua New Guinea,Waseem Muhammad,Asif Khan,SI Kamea,4,0,,,,,,,,,,,,,
1358088,2022/23,2023-03-10,"Tribhuvan University International Cricket Ground, Kirtipur",2,0.2,0.2,United Arab Emirates,Papua New Guinea,Waseem Muhammad,Asif Khan,SI Kamea,0,0,,,,,,,,,,,,,
1358088,2022/23,2023-03-10,"Tribhuvan University International Cricket Ground, Kirtipur",2,0.3,0.3,United Arab Emirates,Papua New Guinea,Waseem Muhammad,Asif Khan,SI Kamea,4,0,,,,,,,,,,,,,
1358088,2022/23,2023-03-10,"Tribhuvan University International Cricket Ground, Kirtipur",2,0.4,0.4,United Arab Emirates,Papua New Guinea,Waseem Muhammad,Asif Khan,SI Kamea,1,0,,,,,,,,,,,,,
1358088,2022/23,2023-03-10,"Tribhuvan University International Cricket Ground, Kirtipur",2,0.5,0.5,United Arab Emirates,Papua New Guinea,Asif Khan,Waseem Muhammad,SI Kamea,0,1,1,,,,,,,,,,,,
1358088,2022/23,2023-03-10,"Tribhuvan University International Cricket Ground, Kirtipur",2,0.6,0.5,United Arab Emirates,Papua New Guinea,Asif Khan,Waseem Muhammad,SI Kamea,1,0,,,,,,,,,,,,,
1358088,2022/23,2023-03-10,"Tribhuvan University International Cricket Ground, Kirtipur",2,0.7,0.6,United Arab Emirates,Papua New Guinea,Waseem Muhammad,Asif Khan,SI Kamea,0,0,,,,,,,,,,,,,
1358088,2022/23,2023-03-10,"Tribhuvan University International Cricket Ground, Kirtipur",2,1.1,1.1,United Arab Emirates,Papua New Guinea,Asif Khan,Waseem Muhammad,KV Morea,0,0,,,,,,,,,,,,,
1358088,2022/23,2023-03-10,"Tribhuvan University International Cricket Ground, Kirtipur",2,1.2,1.2,United Arab Emirates,Papua New Guinea,Asif Khan,Waseem Muhammad,KV Morea,0,0,,,,,,,,,,,,,
1358088,2022/23,2023-03-10,"Tribhuvan University International Cricket Ground, Kirtipur",2,1.3,1.3,United Arab Emirates,Papua New Guinea,Asif Khan,Waseem Muhammad,KV Morea,0,0,,,,,,,,,,,,,
1358088,2022/23,2023-03-10,"Tribhuvan University International Cricket Ground, Kirtipur",2,1.4,1.4,United Arab Emirates,Papua New Guinea,Asif Khan,Waseem Muhammad,KV Morea,0,0,,,,,,,,,,,,,
1358088,2022/23,2023-03-10,"Tribhuvan University International Cricket Ground, Kirtipur",2,1.5,1.5,United Arab Emirates,Papua New Guinea,Asif Khan,Waseem Muhammad,KV Morea,0,0,,,,,,,,,,,,,
1358088,2022/23,2023-03-10,"Tribhuvan University International Cricket Ground, Kirtipur",2,1.6,1.6,United Arab Emirates,Papua New Guinea,Asif Khan,Waseem Muhammad,KV Morea,0,0,,,,,,,,,,,,,
1358088,2022/23,2023-03-10,"Tribhuvan University International Cricket Ground, Kirtipur",2,2.1,2.1,United Arab Emirates,Papua New Guinea,Waseem Muhammad,Asif Khan,SI Kamea,6,0,,,,,,,,,,,,,
1358088,2022/23,2023-03-10,"Tribhuvan University International Cricket Ground, Kirtipur",2,2.2,2.2,United Arab Emirates,Papua New Guinea,Waseem Muhammad,Asif Khan,SI Kamea,0,0,,,,,,,,,,,,,
1358088,2022/23,2023-03-10,"Tribhuvan University International Cricket Ground, Kirtipur",2,2.3,2.3,United Arab Emirates,Papua New Guinea,Waseem Muhammad,Asif Khan,SI Kamea,0,0,,,,,,,,,,,,,
1358088,2022/23,2023-03-10,"Tribhuvan University International Cricket Ground, Kirtipur",2,2.4,2.4,United Arab Emirates,Papua New Guinea,Waseem Muhammad,Asif Khan,SI Kamea,0,0,,,,,,,,,,,,,
1358088,2022/23,2023-03-10,"Tribhuvan University International Cricket Ground, Kirtipur",2,2.5,2.5,United Arab Emirates,Papua New Guinea,Waseem Muhammad,Asif Khan,SI Kamea,0,0,,,,,,,,,,,,,
1358088,2022/23,2023-03-10,"Tribhuvan University International Cricket Ground, Kirtipur",2,2.6,2.6,United Arab Emirates,Papua New Guinea,Waseem Muhammad,Asif Khan,SI Kamea,0,0,,,,,,,,,,,,,
1358088,2022/23,2023-03-10,"Tribhuvan University International Cricket Ground, Kirtipur",2,3.1,3.1,United Arab Emirates,Papua New Guinea,Asif Khan,Waseem Muhammad,KV Morea,0,0,,,,,,,,,,,,,
1358088,2022/23,2023-03-10,"Tribhuvan University International Cricket Ground, Kirtipur",2,3.2,3.2,United Arab Emirates,Papua New Guinea,Asif Khan,Waseem Muhammad,KV Morea,1,0,,,,,,,,,,,,,
1358088,2022/23,2023-03-10,"Tribhuvan University International Cricket Ground, Kirtipur",2,3.3,3.3,United Arab Emirates,Papua New Guinea,Waseem Muhammad,Asif Khan,KV Morea,0,0,,,,,,,,,,,,,
1358088,2022/23,2023-03-10,"Tribhuvan University International Cricket Ground, Kirtipur",2,3.4,3.4,United Arab Emirates,Papua New Guinea,Waseem Muhammad,Asif Khan,KV Morea,0,0,,,,,,,,,,,,,
1358088,2022/23,2023-03-10,"Tribhuvan University International Cricket Ground, Kirtipur",2,3.5,3.5,United Arab Emirates,Papua New Guinea,Waseem Muhammad,Asif Khan,KV Morea,1,0,,,,,,,,,,,,,
1358088,2022/23,2023-03-10,"Tribhuvan University International Cricket Ground, Kirtipur",2,3.6,3.6,United Arab Emirates,Papua New Guinea,Asif Khan,Waseem Muhammad,KV Morea,2,0,,,,,,,,,,,,,
1358088,2022/23,2023-03-10,"Tribhuvan University International Cricket Ground, Kirtipur",2,4.1,4.1,United Arab Emirates,Papua New Guinea,Waseem Muhammad,Asif Khan,SI Kamea,6,0,,,,,,,,,,,,,
1358088,2022/23,2023-03-10,"Tribhuvan University International Cricket Ground, Kirtipur",2,4.2,4.2,United Arab Emirates,Papua New Guinea,Waseem Muhammad,Asif Khan,SI Kamea,6,0,,,,,,,,,,,,,
1358088,2022/23,2023-03-10,"Tribhuvan University International Cricket Ground, Kirtipur",2,4.3,4.3,United Arab Emirates,Papua New Guinea,Waseem Muhammad,Asif Khan,SI Kamea,0,0,,,,,,,,,,,,,
1358088,2022/23,2023-03-10,"Tribhuvan University International Cricket Ground, Kirtipur",2,4.4,4.4,United Arab Emirates,Papua New Guinea,Waseem Muhammad,Asif Khan,SI Kamea,0,1,,1,,,,,,,,,,,
1358088,2022/23,2023-03-10,"Tribhuvan University International Cricket Ground, Kirtipur",2,4.5,4.4,United Arab Emirates,Papua New Guinea,Waseem Muhammad,Asif Khan,SI Kamea,4,0,,,,,,,,,,,,,
1358088,2022/23,2023-03-10,"Tribhuvan University International Cricket Ground, Kirtipur",2,4.6,4.5,United Arab Emirates,Papua New Guinea,Waseem Muhammad,Asif Khan,SI Kamea,0,1,1,,,,,,,,,,,,
1358088,2022/23,2023-03-10,"Tribhuvan University International Cricket Ground, Kirtipur",2,4.7,4.5,United Arab Emirates,Papua New Guinea,Waseem Muhammad,Asif Khan,SI Kamea,4,0,,,,,,,,,,,,,
1358088,2022/23,2023-03-10,"Tribhuvan University International Cricket Ground, Kirtipur",2,4.8,4.6,United Arab Emirates,Papua New Guinea,Waseem Muhammad,Asif Khan,SI Kamea,0,0,,,,,,,,,,,,,
1358088,2022/23,2023-03-10,"Tribhuvan University International Cricket Ground, Kirtipur",2,5.1,5.1,United Arab Emirates,Papua New Guinea,Asif Khan,Waseem Muhammad,CA Soper,1,0,,,,,,,,,,,,,
1358088,2022/23,2023-03-10,"Tribhuvan University International Cricket Ground, Kirtipur",2,5.2,5.2,United Arab Emirates,Papua New Guinea,Waseem Muhammad,Asif Khan,CA Soper,0,0,,,,,,,,,,,,,
1358088,2022/23,2023-03-10,"Tribhuvan University International Cricket Ground, Kirtipur",2,5.3,5.3,United Arab Emirates,Papua New Guinea,Waseem Muhammad,Asif Khan,CA Soper,2,0,,,,,,,,,,,,,
1358088,2022/23,2023-03-10,"Tribhuvan University International Cricket Ground, Kirtipur",2,5.4,5.4,United Arab Emirates,Papua New Guinea,Waseem Muhammad,Asif Khan,CA Soper,0,0,,,,,,,,,,,,,
1358088,2022/23,2023-03-10,"Tribhuvan University International Cricket Ground, Kirtipur",2,5.5,5.5,United Arab Emirates,Papua New Guinea,Waseem Muhammad,Asif Khan,CA Soper,2,0,,,,,,,,,,,,,
1358088,2022/23,2023-03-10,"Tribhuvan University International Cricket Ground, Kirtipur",2,5.6,5.6,United Arab Emirates,Papua New Guinea,Waseem Muhammad,Asif Khan,CA Soper,1,0,,,,,,,,,,,,,
1358088,2022/23,2023-03-10,"Tribhuvan University International Cricket Ground, Kirtipur",2,6.1,6.1,United Arab Emirates,Papua New Guinea,Waseem Muhammad,Asif Khan,KV Morea,0,0,,,,,,,caught,Waseem Muhammad,,,R Hekure,,
1358088,2022/23,2023-03-10,"Tribhuvan University International Cricket Ground, Kirtipur",2,6.2,6.2,United Arab Emirates,Papua New Guinea,Aryan Lakra,Asif Khan,KV Morea,0,0,,,,,,,,,,,,,
1358088,2022/23,2023-03-10,"Tribhuvan University International Cricket Ground, Kirtipur",2,6.3,6.3,United Arab Emirates,Papua New Guinea,Aryan Lakra,Asif Khan,KV Morea,0,0,,,,,,,,,,,,,
1358088,2022/23,2023-03-10,"Tribhuvan University International Cricket Ground, Kirtipur",2,6.4,6.4,United Arab Emirates,Papua New Guinea,Aryan Lakra,Asif Khan,KV Morea,0,0,,,,,,,,,,,,,
1358088,2022/23,2023-03-10,"Tribhuvan University International Cricket Ground, Kirtipur",2,6.5,6.5,United Arab Emirates,Papua New Guinea,Aryan Lakra,Asif Khan,KV Morea,0,1,1,,,,,,,,,,,,
1358088,2022/23,2023-03-10,"Tribhuvan University International Cricket Ground, Kirtipur",2,6.6,6.5,United Arab Emirates,Papua New Guinea,Aryan Lakra,Asif Khan,KV Morea,1,0,,,,,,,,,,,,,
1358088,2022/23,2023-03-10,"Tribhuvan University International Cricket Ground, Kirtipur",2,6.7,6.6,United Arab Emirates,Papua New Guinea,Asif Khan,Aryan Lakra,KV Morea,0,0,,,,,,,,,,,,,
1358088,2022/23,2023-03-10,"Tribhuvan University International Cricket Ground, Kirtipur",2,7.1,7.1,United Arab Emirates,Papua New Guinea,Aryan Lakra,Asif Khan,CA Soper,0,0,,,,,,,,,,,,,
1358088,2022/23,2023-03-10,"Tribhuvan University International Cricket Ground, Kirtipur",2,7.2,7.2,United Arab Emirates,Papua New Guinea,Aryan Lakra,Asif Khan,CA Soper,1,0,,,,,,,,,,,,,
1358088,2022/23,2023-03-10,"Tribhuvan University International Cricket Ground, Kirtipur",2,7.3,7.3,United Arab Emirates,Papua New Guinea,Asif Khan,Aryan Lakra,CA Soper,0,0,,,,,,,,,,,,,
1358088,2022/23,2023-03-10,"Tribhuvan University International Cricket Ground, Kirtipur",2,7.4,7.4,United Arab Emirates,Papua New Guinea,Asif Khan,Aryan Lakra,CA Soper,0,0,,,,,,,,,,,,,
1358088,2022/23,2023-03-10,"Tribhuvan University International Cricket Ground, Kirtipur",2,7.5,7.5,United Arab Emirates,Papua New Guinea,Asif Khan,Aryan Lakra,CA Soper,0,0,,,,,,,,,,,,,
1358088,2022/23,2023-03-10,"Tribhuvan University International Cricket Ground, Kirtipur",2,7.6,7.6,United Arab Emirates,Papua New Guinea,Asif Khan,Aryan Lakra,CA Soper,1,0,,,,,,,,,,,,,
1358088,2022/23,2023-03-10,"Tribhuvan University International Cricket Ground, Kirtipur",2,8.1,8.1,United Arab Emirates,Papua New Guinea,Asif Khan,Aryan Lakra,KV Morea,0,0,,,,,,,,,,,,,
1358088,2022/23,2023-03-10,"Tribhuvan University International Cricket Ground, Kirtipur",2,8.2,8.2,United Arab Emirates,Papua New Guinea,Asif Khan,Aryan Lakra,KV Morea,0,1,,,,1,,,,,,,,,
1358088,2022/23,2023-03-10,"Tribhuvan University International Cricket Ground, Kirtipur",2,8.3,8.3,United Arab Emirates,Papua New Guinea,Aryan Lakra,Asif Khan,KV Morea,0,0,,,,,,,,,,,,,
1358088,2022/23,2023-03-10,"Tribhuvan University International Cricket Ground, Kirtipur",2,8.4,8.4,United Arab Emirates,Papua New Guinea,Aryan Lakra,Asif Khan,KV Morea,0,0,,,,,,,,,,,,,
1358088,2022/23,2023-03-10,"Tribhuvan University International Cricket Ground, Kirtipur",2,8.5,8.5,United Arab Emirates,Papua New Guinea,Aryan Lakra,Asif Khan,KV Morea,0,0,,,,,,,,,,,,,
1358088,2022/23,2023-03-10,"Tribhuvan University International Cricket Ground, Kirtipur",2,8.6,8.6,United Arab Emirates,Papua New Guinea,Aryan Lakra,Asif Khan,KV Morea,5,0,,,,,,,,,,,,,
1358088,2022/23,2023-03-10,"Tribhuvan University International Cricket Ground, Kirtipur",2,9.1,9.1,United Arab Emirates,Papua New Guinea,Aryan Lakra,Asif Khan,CA Soper,4,0,,,,,,,,,,,,,
1358088,2022/23,2023-03-10,"Tribhuvan University International Cricket Ground, Kirtipur",2,9.2,9.2,United Arab Emirates,Papua New Guinea,Aryan Lakra,Asif Khan,CA Soper,0,0,,,,,,,,,,,,,
1358088,2022/23,2023-03-10,"Tribhuvan University International Cricket Ground, Kirtipur",2,9.3,9.3,United Arab Emirates,Papua New Guinea,Aryan Lakra,Asif Khan,CA Soper,0,0,,,,,,,,,,,,,
1358088,2022/23,2023-03-10,"Tribhuvan University International Cricket Ground, Kirtipur",2,9.4,9.4,United Arab Emirates,Papua New Guinea,Aryan Lakra,Asif Khan,CA Soper,0,0,,,,,,,,,,,,,
1358088,2022/23,2023-03-10,"Tribhuvan University International Cricket Ground, Kirtipur",2,9.5,9.5,United Arab Emirates,Papua New Guinea,Aryan Lakra,Asif Khan,CA Soper,0,1,1,,,,,,,,,,,,
1358088,2022/23,2023-03-10,"Tribhuvan University International Cricket Ground, Kirtipur",2,9.6,9.5,United Arab Emirates,Papua New Guinea,Aryan Lakra,Asif Khan,CA Soper,0,0,,,,,,,,,,,,,
1358088,2022/23,2023-03-10,"Tribhuvan University International Cricket Ground, Kirtipur",2,9.7,9.6,United Arab Emirates,Papua New Guinea,Aryan Lakra,Asif Khan,CA Soper,0,0,,,,,,,,,,,,,
1358088,2022/23,2023-03-10,"Tribhuvan University International Cricket Ground, Kirtipur",2,10.1,10.1,United Arab Emirates,Papua New Guinea,Asif Khan,Aryan Lakra,R Hekure,1,0,,,,,,,,,,,,,
1358088,2022/23,2023-03-10,"Tribhuvan University International Cricket Ground, Kirtipur",2,10.2,10.2,United Arab Emirates,Papua New Guinea,Aryan Lakra,Asif Khan,R Hekure,0,0,,,,,,,,,,,,,
1358088,2022/23,2023-03-10,"Tribhuvan University International Cricket Ground, Kirtipur",2,10.3,10.3,United Arab Emirates,Papua New Guinea,Aryan Lakra,Asif Khan,R Hekure,1,0,,,,,,,,,,,,,
1358088,2022/23,2023-03-10,"Tribhuvan University International Cricket Ground, Kirtipur",2,10.4,10.4,United Arab Emirates,Papua New Guinea,Asif Khan,Aryan Lakra,R Hekure,4,0,,,,,,,,,,,,,
1358088,2022/23,2023-03-10,"Tribhuvan University International Cricket Ground, Kirtipur",2,10.5,10.5,United Arab Emirates,Papua New Guinea,Asif Khan,Aryan Lakra,R Hekure,0,0,,,,,,,caught and bowled,Asif Khan,,,,,
1358088,2022/23,2023-03-10,"Tribhuvan University International Cricket Ground, Kirtipur",2,10.6,10.6,United Arab Emirates,Papua New Guinea,V Aravind,Aryan Lakra,R Hekure,0,0,,,,,,,,,,,,,
1358088,2022/23,2023-03-10,"Tribhuvan University International Cricket Ground, Kirtipur",2,11.1,11.1,United Arab Emirates,Papua New Guinea,Aryan Lakra,V Aravind,A Vala,0,0,,,,,,,,,,,,,
1358088,2022/23,2023-03-10,"Tribhuvan University International Cricket Ground, Kirtipur",2,11.2,11.2,United Arab Emirates,Papua New Guinea,Aryan Lakra,V Aravind,A Vala,1,0,,,,,,,,,,,,,
1358088,2022/23,2023-03-10,"Tribhuvan University International Cricket Ground, Kirtipur",2,11.3,11.3,United Arab Emirates,Papua New Guinea,V Aravind,Aryan Lakra,A Vala,0,0,,,,,,,,,,,,,
1358088,2022/23,2023-03-10,"Tribhuvan University International Cricket Ground, Kirtipur",2,11.4,11.4,United Arab Emirates,Papua New Guinea,V Aravind,Aryan Lakra,A Vala,0,0,,,,,,,caught,V Aravind,,,CJA Amini,,
1358088,2022/23,2023-03-10,"Tribhuvan University International Cricket Ground, Kirtipur",2,11.5,11.5,United Arab Emirates,Papua New Guinea,CP Rizwan,Aryan Lakra,A Vala,0,0,,,,,,,,,,,,,
1358088,2022/23,2023-03-10,"Tribhuvan University International Cricket Ground, Kirtipur",2,11.6,11.6,United Arab Emirates,Papua New Guinea,CP Rizwan,Aryan Lakra,A Vala,0,0,,,,,,,,,,,,,
1358088,2022/23,2023-03-10,"Tribhuvan University International Cricket Ground, Kirtipur",2,12.1,12.1,United Arab Emirates,Papua New Guinea,Aryan Lakra,CP Rizwan,R Hekure,1,0,,,,,,,,,,,,,
1358088,2022/23,2023-03-10,"Tribhuvan University International Cricket Ground, Kirtipur",2,12.2,12.2,United Arab Emirates,Papua New Guinea,CP Rizwan,Aryan Lakra,R Hekure,0,0,,,,,,,,,,,,,
1358088,2022/23,2023-03-10,"Tribhuvan University International Cricket Ground, Kirtipur",2,12.3,12.3,United Arab Emirates,Papua New Guinea,CP Rizwan,Aryan Lakra,R Hekure,0,0,,,,,,,,,,,,,
1358088,2022/23,2023-03-10,"Tribhuvan University International Cricket Ground, Kirtipur",2,12.4,12.4,United Arab Emirates,Papua New Guinea,CP Rizwan,Aryan Lakra,R Hekure,0,0,,,,,,,,,,,,,
1358088,2022/23,2023-03-10,"Tribhuvan University International Cricket Ground, Kirtipur",2,12.5,12.5,United Arab Emirates,Papua New Guinea,CP Rizwan,Aryan Lakra,R Hekure,0,0,,,,,,,,,,,,,
1358088,2022/23,2023-03-10,"Tribhuvan University International Cricket Ground, Kirtipur",2,12.6,12.6,United Arab Emirates,Papua New Guinea,CP Rizwan,Aryan Lakra,R Hekure,0,0,,,,,,,,,,,,,
1358088,2022/23,2023-03-10,"Tribhuvan University International Cricket Ground, Kirtipur",2,13.1,13.1,United Arab Emirates,Papua New Guinea,Aryan Lakra,CP Rizwan,A Vala,1,0,,,,,,,,,,,,,
1358088,2022/23,2023-03-10,"Tribhuvan University International Cricket Ground, Kirtipur",2,13.2,13.2,United Arab Emirates,Papua New Guinea,CP Rizwan,Aryan Lakra,A Vala,1,0,,,,,,,,,,,,,
1358088,2022/23,2023-03-10,"Tribhuvan University International Cricket Ground, Kirtipur",2,13.3,13.3,United Arab Emirates,Papua New Guinea,Aryan Lakra,CP Rizwan,A Vala,0,0,,,,,,,,,,,,,
1358088,2022/23,2023-03-10,"Tribhuvan University International Cricket Ground, Kirtipur",2,13.4,13.4,United Arab Emirates,Papua New Guinea,Aryan Lakra,CP Rizwan,A Vala,1,0,,,,,,,,,,,,,
1358088,2022/23,2023-03-10,"Tribhuvan University International Cricket Ground, Kirtipur",2,13.5,13.5,United Arab Emirates,Papua New Guinea,CP Rizwan,Aryan Lakra,A Vala,0,0,,,,,,,,,,,,,
1358088,2022/23,2023-03-10,"Tribhuvan University International Cricket Ground, Kirtipur",2,13.6,13.6,United Arab Emirates,Papua New Guinea,CP Rizwan,Aryan Lakra,A Vala,0,0,,,,,,,,,,,,,
1358088,2022/23,2023-03-10,"Tribhuvan University International Cricket Ground, Kirtipur",2,14.1,14.1,United Arab Emirates,Papua New Guinea,Aryan Lakra,CP Rizwan,R Hekure,1,0,,,,,,,,,,,,,
1358088,2022/23,2023-03-10,"Tribhuvan University International Cricket Ground, Kirtipur",2,14.2,14.2,United Arab Emirates,Papua New Guinea,CP Rizwan,Aryan Lakra,R Hekure,0,0,,,,,,,,,,,,,
1358088,2022/23,2023-03-10,"Tribhuvan University International Cricket Ground, Kirtipur",2,14.3,14.3,United Arab Emirates,Papua New Guinea,CP Rizwan,Aryan Lakra,R Hekure,0,0,,,,,,,,,,,,,
1358088,2022/23,2023-03-10,"Tribhuvan University International Cricket Ground, Kirtipur",2,14.4,14.4,United Arab Emirates,Papua New Guinea,CP Rizwan,Aryan Lakra,R Hekure,0,0,,,,,,,,,,,,,
1358088,2022/23,2023-03-10,"Tribhuvan University International Cricket Ground, Kirtipur",2,14.5,14.5,United Arab Emirates,Papua New Guinea,CP Rizwan,Aryan Lakra,R Hekure,0,0,,,,,,,,,,,,,
1358088,2022/23,2023-03-10,"Tribhuvan University International Cricket Ground, Kirtipur",2,14.6,14.6,United Arab Emirates,Papua New Guinea,CP Rizwan,Aryan Lakra,R Hekure,0,0,,,,,,,,,,,,,
1358088,2022/23,2023-03-10,"Tribhuvan University International Cricket Ground, Kirtipur",2,15.1,15.1,United Arab Emirates,Papua New Guinea,Aryan Lakra,CP Rizwan,A Vala,1,0,,,,,,,,,,,,,
1358088,2022/23,2023-03-10,"Tribhuvan University International Cricket Ground, Kirtipur",2,15.2,15.2,United Arab Emirates,Papua New Guinea,CP Rizwan,Aryan Lakra,A Vala,0,0,,,,,,,,,,,,,
1358088,2022/23,2023-03-10,"Tribhuvan University International Cricket Ground, Kirtipur",2,15.3,15.3,United Arab Emirates,Papua New Guinea,CP Rizwan,Aryan Lakra,A Vala,1,0,,,,,,,,,,,,,
1358088,2022/23,2023-03-10,"Tribhuvan University International Cricket Ground, Kirtipur",2,15.4,15.4,United Arab Emirates,Papua New Guinea,Aryan Lakra,CP Rizwan,A Vala,1,0,,,,,,,,,,,,,
1358088,2022/23,2023-03-10,"Tribhuvan University International Cricket Ground, Kirtipur",2,15.5,15.5,United Arab Emirates,Papua New Guinea,CP Rizwan,Aryan Lakra,A Vala,1,0,,,,,,,,,,,,,
1358088,2022/23,2023-03-10,"Tribhuvan University International Cricket Ground, Kirtipur",2,15.6,15.6,United Arab Emirates,Papua New Guinea,Aryan Lakra,CP Rizwan,A Vala,0,0,,,,,,,,,,,,,
1358088,2022/23,2023-03-10,"Tribhuvan University International Cricket Ground, Kirtipur",2,16.1,16.1,United Arab Emirates,Papua New Guinea,CP Rizwan,Aryan Lakra,R Hekure,0,0,,,,,,,,,,,,,
1358088,2022/23,2023-03-10,"Tribhuvan University International Cricket Ground, Kirtipur",2,16.2,16.2,United Arab Emirates,Papua New Guinea,CP Rizwan,Aryan Lakra,R Hekure,0,0,,,,,,,,,,,,,
1358088,2022/23,2023-03-10,"Tribhuvan University International Cricket Ground, Kirtipur",2,16.3,16.3,United Arab Emirates,Papua New Guinea,CP Rizwan,Aryan Lakra,R Hekure,0,0,,,,,,,,,,,,,
1358088,2022/23,2023-03-10,"Tribhuvan University International Cricket Ground, Kirtipur",2,16.4,16.4,United Arab Emirates,Papua New Guinea,CP Rizwan,Aryan Lakra,R Hekure,1,0,,,,,,,,,,,,,
1358088,2022/23,2023-03-10,"Tribhuvan University International Cricket Ground, Kirtipur",2,16.5,16.5,United Arab Emirates,Papua New Guinea,Aryan Lakra,CP Rizwan,R Hekure,0,0,,,,,,,,,,,,,
1358088,2022/23,2023-03-10,"Tribhuvan University International Cricket Ground, Kirtipur",2,16.6,16.6,United Arab Emirates,Papua New Guinea,Aryan Lakra,CP Rizwan,R Hekure,0,0,,,,,,,,,,,,,
1358088,2022/23,2023-03-10,"Tribhuvan University International Cricket Ground, Kirtipur",2,17.1,17.1,United Arab Emirates,Papua New Guinea,CP Rizwan,Aryan Lakra,A Vala,0,0,,,,,,,,,,,,,
1358088,2022/23,2023-03-10,"Tribhuvan University International Cricket Ground, Kirtipur",2,17.2,17.2,United Arab Emirates,Papua New Guinea,CP Rizwan,Aryan Lakra,A Vala,0,0,,,,,,,,,,,,,
1358088,2022/23,2023-03-10,"Tribhuvan University International Cricket Ground, Kirtipur",2,17.3,17.3,United Arab Emirates,Papua New Guinea,CP Rizwan,Aryan Lakra,A Vala,1,0,,,,,,,,,,,,,
1358088,2022/23,2023-03-10,"Tribhuvan University International Cricket Ground, Kirtipur",2,17.4,17.4,United Arab Emirates,Papua New Guinea,Aryan Lakra,CP Rizwan,A Vala,4,0,,,,,,,,,,,,,
1358088,2022/23,2023-03-10,"Tribhuvan University International Cricket Ground, Kirtipur",2,17.5,17.5,United Arab Emirates,Papua New Guinea,Aryan Lakra,CP Rizwan,A Vala,1,0,,,,,,,,,,,,,
1358088,2022/23,2023-03-10,"Tribhuvan University International Cricket Ground, Kirtipur",2,17.6,17.6,United Arab Emirates,Papua New Guinea,CP Rizwan,Aryan Lakra,A Vala,0,0,,,,,,,,,,,,,
1358088,2022/23,2023-03-10,"Tribhuvan University International Cricket Ground, Kirtipur",2,18.1,18.1,United Arab Emirates,Papua New Guinea,Aryan Lakra,CP Rizwan,R Hekure,0,0,,,,,,,,,,,,,
1358088,2022/23,2023-03-10,"Tribhuvan University International Cricket Ground, Kirtipur",2,18.2,18.2,United Arab Emirates,Papua New Guinea,Aryan Lakra,CP Rizwan,R Hekure,0,0,,,,,,,,,,,,,
1358088,2022/23,2023-03-10,"Tribhuvan University International Cricket Ground, Kirtipur",2,18.3,18.3,United Arab Emirates,Papua New Guinea,Aryan Lakra,CP Rizwan,R Hekure,0,0,,,,,,,,,,,,,
1358088,2022/23,2023-03-10,"Tribhuvan University International Cricket Ground, Kirtipur",2,18.4,18.4,United Arab Emirates,Papua New Guinea,Aryan Lakra,CP Rizwan,R Hekure,2,0,,,,,,,,,,,,,
1358088,2022/23,2023-03-10,"Tribhuvan University International Cricket Ground, Kirtipur",2,18.5,18.5,United Arab Emirates,Papua New Guinea,Aryan Lakra,CP Rizwan,R Hekure,0,0,,,,,,,,,,,,,
1358088,2022/23,2023-03-10,"Tribhuvan University International Cricket Ground, Kirtipur",2,18.6,18.6,United Arab Emirates,Papua New Guinea,Aryan Lakra,CP Rizwan,R Hekure,0,0,,,,,,,,,,,,,
1358088,2022/23,2023-03-10,"Tribhuvan University International Cricket Ground, Kirtipur",2,19.1,19.1,United Arab Emirates,Papua New Guinea,CP Rizwan,Aryan Lakra,A Vala,4,0,,,,,,,,,,,,,
1358088,2022/23,2023-03-10,"Tribhuvan University International Cricket Ground, Kirtipur",2,19.2,19.2,United Arab Emirates,Papua New Guinea,CP Rizwan,Aryan Lakra,A Vala,2,0,,,,,,,,,,,,,
1358088,2022/23,2023-03-10,"Tribhuvan University International Cricket Ground, Kirtipur",2,19.3,19.3,United Arab Emirates,Papua New Guinea,CP Rizwan,Aryan Lakra,A Vala,0,0,,,,,,,,,,,,,
1358088,2022/23,2023-03-10,"Tribhuvan University International Cricket Ground, Kirtipur",2,19.4,19.4,United Arab Emirates,Papua New Guinea,CP Rizwan,Aryan Lakra,A Vala,4,0,,,,,,,,,,,,,
1358088,2022/23,2023-03-10,"Tribhuvan University International Cricket Ground, Kirtipur",2,19.5,19.5,United Arab Emirates,Papua New Guinea,CP Rizwan,Aryan Lakra,A Vala,1,0,,,,,,,,,,,,,
1358088,2022/23,2023-03-10,"Tribhuvan University International Cricket Ground, Kirtipur",2,19.6,19.6,United Arab Emirates,Papua New Guinea,Aryan Lakra,CP Rizwan,A Vala,4,0,,,,,,,,,,,,,
1358088,2022/23,2023-03-10,"Tribhuvan University International Cricket Ground, Kirtipur",2,20.1,20.1,United Arab Emirates,Papua New Guinea,CP Rizwan,Aryan Lakra,R Hekure,0,0,,,,,,,,,,,,,
1358088,2022/23,2023-03-10,"Tribhuvan University International Cricket Ground, Kirtipur",2,20.2,20.2,United Arab Emirates,Papua New Guinea,CP Rizwan,Aryan Lakra,R Hekure,0,0,,,,,,,,,,,,,
1358088,2022/23,2023-03-10,"Tribhuvan University International Cricket Ground, Kirtipur",2,20.3,20.3,United Arab Emirates,Papua New Guinea,CP Rizwan,Aryan Lakra,R Hekure,1,0,,,,,,,,,,,,,
1358088,2022/23,2023-03-10,"Tribhuvan University International Cricket Ground, Kirtipur",2,20.4,20.4,United Arab Emirates,Papua New Guinea,Aryan Lakra,CP Rizwan,R Hekure,0,0,,,,,,,,,,,,,
1358088,2022/23,2023-03-10,"Tribhuvan University International Cricket Ground, Kirtipur",2,20.5,20.5,United Arab Emirates,Papua New Guinea,Aryan Lakra,CP Rizwan,R Hekure,0,0,,,,,,,,,,,,,
1358088,2022/23,2023-03-10,"Tribhuvan University International Cricket Ground, Kirtipur",2,20.6,20.6,United Arab Emirates,Papua New Guinea,Aryan Lakra,CP Rizwan,R Hekure,0,0,,,,,,,,,,,,,
1358088,2022/23,2023-03-10,"Tribhuvan University International Cricket Ground, Kirtipur",2,21.1,21.1,United Arab Emirates,Papua New Guinea,CP Rizwan,Aryan Lakra,S Bau,0,0,,,,,,,,,,,,,
1358088,2022/23,2023-03-10,"Tribhuvan University International Cricket Ground, Kirtipur",2,21.2,21.2,United Arab Emirates,Papua New Guinea,CP Rizwan,Aryan Lakra,S Bau,0,0,,,,,,,,,,,,,
1358088,2022/23,2023-03-10,"Tribhuvan University International Cricket Ground, Kirtipur",2,21.3,21.3,United Arab Emirates,Papua New Guinea,CP Rizwan,Aryan Lakra,S Bau,0,0,,,,,,,,,,,,,
1358088,2022/23,2023-03-10,"Tribhuvan University International Cricket Ground, Kirtipur",2,21.4,21.4,United Arab Emirates,Papua New Guinea,CP Rizwan,Aryan Lakra,S Bau,0,0,,,,,,,,,,,,,
1358088,2022/23,2023-03-10,"Tribhuvan University International Cricket Ground, Kirtipur",2,21.5,21.5,United Arab Emirates,Papua New Guinea,CP Rizwan,Aryan Lakra,S Bau,1,0,,,,,,,,,,,,,
1358088,2022/23,2023-03-10,"Tribhuvan University International Cricket Ground, Kirtipur",2,21.6,21.6,United Arab Emirates,Papua New Guinea,Aryan Lakra,CP Rizwan,S Bau,0,0,,,,,,,,,,,,,
1358088,2022/23,2023-03-10,"Tribhuvan University International Cricket Ground, Kirtipur",2,22.1,22.1,United Arab Emirates,Papua New Guinea,CP Rizwan,Aryan Lakra,CA Soper,0,0,,,,,,,,,,,,,
1358088,2022/23,2023-03-10,"Tribhuvan University International Cricket Ground, Kirtipur",2,22.2,22.2,United Arab Emirates,Papua New Guinea,CP Rizwan,Aryan Lakra,CA Soper,1,0,,,,,,,,,,,,,
1358088,2022/23,2023-03-10,"Tribhuvan University International Cricket Ground, Kirtipur",2,22.3,22.3,United Arab Emirates,Papua New Guinea,Aryan Lakra,CP Rizwan,CA Soper,0,0,,,,,,,,,,,,,
1358088,2022/23,2023-03-10,"Tribhuvan University International Cricket Ground, Kirtipur",2,22.4,22.4,United Arab Emirates,Papua New Guinea,Aryan Lakra,CP Rizwan,CA Soper,0,0,,,,,,,,,,,,,
1358088,2022/23,2023-03-10,"Tribhuvan University International Cricket Ground, Kirtipur",2,22.5,22.5,United Arab Emirates,Papua New Guinea,Aryan Lakra,CP Rizwan,CA Soper,0,0,,,,,,,,,,,,,
1358088,2022/23,2023-03-10,"Tribhuvan University International Cricket Ground, Kirtipur",2,22.6,22.6,United Arab Emirates,Papua New Guinea,Aryan Lakra,CP Rizwan,CA Soper,1,0,,,,,,,,,,,,,
1358088,2022/23,2023-03-10,"Tribhuvan University International Cricket Ground, Kirtipur",2,23.1,23.1,United Arab Emirates,Papua New Guinea,Aryan Lakra,CP Rizwan,S Bau,4,0,,,,,,,,,,,,,
1358088,2022/23,2023-03-10,"Tribhuvan University International Cricket Ground, Kirtipur",2,23.2,23.2,United Arab Emirates,Papua New Guinea,Aryan Lakra,CP Rizwan,S Bau,6,0,,,,,,,,,,,,,
1358088,2022/23,2023-03-10,"Tribhuvan University International Cricket Ground, Kirtipur",2,23.3,23.3,United Arab Emirates,Papua New Guinea,Aryan Lakra,CP Rizwan,S Bau,1,0,,,,,,,,,,,,,
1358088,2022/23,2023-03-10,"Tribhuvan University International Cricket Ground, Kirtipur",2,23.4,23.4,United Arab Emirates,Papua New Guinea,CP Rizwan,Aryan Lakra,S Bau,0,0,,,,,,,,,,,,,
1358088,2022/23,2023-03-10,"Tribhuvan University International Cricket Ground, Kirtipur",2,23.5,23.5,United Arab Emirates,Papua New Guinea,CP Rizwan,Aryan Lakra,S Bau,0,0,,,,,,,,,,,,,
1358088,2022/23,2023-03-10,"Tribhuvan University International Cricket Ground, Kirtipur",2,23.6,23.6,United Arab Emirates,Papua New Guinea,CP Rizwan,Aryan Lakra,S Bau,0,0,,,,,,,,,,,,,
1358088,2022/23,2023-03-10,"Tribhuvan University International Cricket Ground, Kirtipur",2,24.1,24.1,United Arab Emirates,Papua New Guinea,Aryan Lakra,CP Rizwan,CA Soper,0,0,,,,,,,,,,,,,
1358088,2022/23,2023-03-10,"Tribhuvan University International Cricket Ground, Kirtipur",2,24.2,24.2,United Arab Emirates,Papua New Guinea,Aryan Lakra,CP Rizwan,CA Soper,0,0,,,,,,,,,,,,,
1358088,2022/23,2023-03-10,"Tribhuvan University International Cricket Ground, Kirtipur",2,24.3,24.3,United Arab Emirates,Papua New Guinea,Aryan Lakra,CP Rizwan,CA Soper,0,0,,,,,,,,,,,,,
1358088,2022/23,2023-03-10,"Tribhuvan University International Cricket Ground, Kirtipur",2,24.4,24.4,United Arab Emirates,Papua New Guinea,Aryan Lakra,CP Rizwan,CA Soper,1,0,,,,,,,,,,,,,
1358088,2022/23,2023-03-10,"Tribhuvan University International Cricket Ground, Kirtipur",2,24.5,24.5,United Arab Emirates,Papua New Guinea,CP Rizwan,Aryan Lakra,CA Soper,0,0,,,,,,,,,,,,,
1358088,2022/23,2023-03-10,"Tribhuvan University International Cricket Ground, Kirtipur",2,24.6,24.6,United Arab Emirates,Papua New Guinea,CP Rizwan,Aryan Lakra,CA Soper,0,0,,,,,,,run out,CP Rizwan,,,K Doriga,HGV Vare,
1358088,2022/23,2023-03-10,"Tribhuvan University International Cricket Ground, Kirtipur",2,25.1,25.1,United Arab Emirates,Papua New Guinea,Aryan Lakra,Rohan Mustafa,S Bau,0,1,,,,1,,,,,,,,,
1358088,2022/23,2023-03-10,"Tribhuvan University International Cricket Ground, Kirtipur",2,25.2,25.2,United Arab Emirates,Papua New Guinea,Rohan Mustafa,Aryan Lakra,S Bau,0,0,,,,,,,,,,,,,
1358088,2022/23,2023-03-10,"Tribhuvan University International Cricket Ground, Kirtipur",2,25.3,25.3,United Arab Emirates,Papua New Guinea,Rohan Mustafa,Aryan Lakra,S Bau,0,0,,,,,,,,,,,,,
1358088,2022/23,2023-03-10,"Tribhuvan University International Cricket Ground, Kirtipur",2,25.4,25.4,United Arab Emirates,Papua New Guinea,Rohan Mustafa,Aryan Lakra,S Bau,1,0,,,,,,,,,,,,,
1358088,2022/23,2023-03-10,"Tribhuvan University International Cricket Ground, Kirtipur",2,25.5,25.5,United Arab Emirates,Papua New Guinea,Aryan Lakra,Rohan Mustafa,S Bau,1,0,,,,,,,,,,,,,
1358088,2022/23,2023-03-10,"Tribhuvan University International Cricket Ground, Kirtipur",2,25.6,25.6,United Arab Emirates,Papua New Guinea,Rohan Mustafa,Aryan Lakra,S Bau,1,0,,,,,,,,,,,,,
1358088,2022/23,2023-03-10,"Tribhuvan University International Cricket Ground, Kirtipur",2,26.1,26.1,United Arab Emirates,Papua New Guinea,Rohan Mustafa,Aryan Lakra,A Vala,0,0,,,,,,,,,,,,,
1358088,2022/23,2023-03-10,"Tribhuvan University International Cricket Ground, Kirtipur",2,26.2,26.2,United Arab Emirates,Papua New Guinea,Rohan Mustafa,Aryan Lakra,A Vala,0,0,,,,,,,,,,,,,
1358088,2022/23,2023-03-10,"Tribhuvan University International Cricket Ground, Kirtipur",2,26.3,26.3,United Arab Emirates,Papua New Guinea,Rohan Mustafa,Aryan Lakra,A Vala,0,0,,,,,,,,,,,,,
1358088,2022/23,2023-03-10,"Tribhuvan University International Cricket Ground, Kirtipur",2,26.4,26.4,United Arab Emirates,Papua New Guinea,Rohan Mustafa,Aryan Lakra,A Vala,4,0,,,,,,,,,,,,,
1358088,2022/23,2023-03-10,"Tribhuvan University International Cricket Ground, Kirtipur",2,26.5,26.5,United Arab Emirates,Papua New Guinea,Rohan Mustafa,Aryan Lakra,A Vala,0,0,,,,,,,,,,,,,
1358088,2022/23,2023-03-10,"Tribhuvan University International Cricket Ground, Kirtipur",2,26.6,26.6,United Arab Emirates,Papua New Guinea,Rohan Mustafa,Aryan Lakra,A Vala,1,0,,,,,,,,,,,,,
1358088,2022/23,2023-03-10,"Tribhuvan University International Cricket Ground, Kirtipur",2,27.1,27.1,United Arab Emirates,Papua New Guinea,Rohan Mustafa,Aryan Lakra,S Bau,1,0,,,,,,,,,,,,,
1358088,2022/23,2023-03-10,"Tribhuvan University International Cricket Ground, Kirtipur",2,27.2,27.2,United Arab Emirates,Papua New Guinea,Aryan Lakra,Rohan Mustafa,S Bau,0,0,,,,,,,,,,,,,
1358088,2022/23,2023-03-10,"Tribhuvan University International Cricket Ground, Kirtipur",2,27.3,27.3,United Arab Emirates,Papua New Guinea,Aryan Lakra,Rohan Mustafa,S Bau,4,0,,,,,,,,,,,,,
1358088,2022/23,2023-03-10,"Tribhuvan University International Cricket Ground, Kirtipur",2,27.4,27.4,United Arab Emirates,Papua New Guinea,Aryan Lakra,Rohan Mustafa,S Bau,0,0,,,,,,,,,,,,,
1358088,2022/23,2023-03-10,"Tribhuvan University International Cricket Ground, Kirtipur",2,27.5,27.5,United Arab Emirates,Papua New Guinea,Aryan Lakra,Rohan Mustafa,S Bau,0,1,1,,,,,,,,,,,,
1358088,2022/23,2023-03-10,"Tribhuvan University International Cricket Ground, Kirtipur",2,27.6,27.5,United Arab Emirates,Papua New Guinea,Aryan Lakra,Rohan Mustafa,S Bau,0,0,,,,,,,,,,,,,
1358088,2022/23,2023-03-10,"Tribhuvan University International Cricket Ground, Kirtipur",2,27.7,27.6,United Arab Emirates,Papua New Guinea,Aryan Lakra,Rohan Mustafa,S Bau,0,0,,,,,,,,,,,,,
1358088,2022/23,2023-03-10,"Tribhuvan University International Cricket Ground, Kirtipur",2,28.1,28.1,United Arab Emirates,Papua New Guinea,Rohan Mustafa,Aryan Lakra,A Vala,1,0,,,,,,,,,,,,,
1358088,2022/23,2023-03-10,"Tribhuvan University International Cricket Ground, Kirtipur",2,28.2,28.2,United Arab Emirates,Papua New Guinea,Aryan Lakra,Rohan Mustafa,A Vala,1,0,,,,,,,,,,,,,
1358088,2022/23,2023-03-10,"Tribhuvan University International Cricket Ground, Kirtipur",2,28.3,28.3,United Arab Emirates,Papua New Guinea,Rohan Mustafa,Aryan Lakra,A Vala,0,0,,,,,,,,,,,,,
1358088,2022/23,2023-03-10,"Tribhuvan University International Cricket Ground, Kirtipur",2,28.4,28.4,United Arab Emirates,Papua New Guinea,Rohan Mustafa,Aryan Lakra,A Vala,0,0,,,,,,,,,,,,,
1358088,2022/23,2023-03-10,"Tribhuvan University International Cricket Ground, Kirtipur",2,28.5,28.5,United Arab Emirates,Papua New Guinea,Rohan Mustafa,Aryan Lakra,A Vala,0,0,,,,,,,,,,,,,
1358088,2022/23,2023-03-10,"Tribhuvan University International Cricket Ground, Kirtipur",2,28.6,28.6,United Arab Emirates,Papua New Guinea,Rohan Mustafa,Aryan Lakra,A Vala,1,0,,,,,,,,,,,,,
1358088,2022/23,2023-03-10,"Tribhuvan University International Cricket Ground, Kirtipur",2,29.1,29.1,United Arab Emirates,Papua New Guinea,Rohan Mustafa,Aryan Lakra,N Vanua,0,0,,,,,,,,,,,,,
1358088,2022/23,2023-03-10,"Tribhuvan University International Cricket Ground, Kirtipur",2,29.2,29.2,United Arab Emirates,Papua New Guinea,Rohan Mustafa,Aryan Lakra,N Vanua,1,0,,,,,,,,,,,,,
1358088,2022/23,2023-03-10,"Tribhuvan University International Cricket Ground, Kirtipur",2,29.3,29.3,United Arab Emirates,Papua New Guinea,Aryan Lakra,Rohan Mustafa,N Vanua,0,0,,,,,,,,,,,,,
1358088,2022/23,2023-03-10,"Tribhuvan University International Cricket Ground, Kirtipur",2,29.4,29.4,United Arab Emirates,Papua New Guinea,Aryan Lakra,Rohan Mustafa,N Vanua,0,0,,,,,,,,,,,,,
1358088,2022/23,2023-03-10,"Tribhuvan University International Cricket Ground, Kirtipur",2,29.5,29.5,United Arab Emirates,Papua New Guinea,Aryan Lakra,Rohan Mustafa,N Vanua,0,0,,,,,,,,,,,,,
1358088,2022/23,2023-03-10,"Tribhuvan University International Cricket Ground, Kirtipur",2,29.6,29.6,United Arab Emirates,Papua New Guinea,Aryan Lakra,Rohan Mustafa,N Vanua,1,0,,,,,,,,,,,,,
1358088,2022/23,2023-03-10,"Tribhuvan University International Cricket Ground, Kirtipur",2,30.1,30.1,United Arab Emirates,Papua New Guinea,Aryan Lakra,Rohan Mustafa,A Vala,0,0,,,,,,,,,,,,,
1358088,2022/23,2023-03-10,"Tribhuvan University International Cricket Ground, Kirtipur",2,30.2,30.2,United Arab Emirates,Papua New Guinea,Aryan Lakra,Rohan Mustafa,A Vala,0,0,,,,,,,,,,,,,
1358088,2022/23,2023-03-10,"Tribhuvan University International Cricket Ground, Kirtipur",2,30.3,30.3,United Arab Emirates,Papua New Guinea,Aryan Lakra,Rohan Mustafa,A Vala,0,0,,,,,,,,,,,,,
1358088,2022/23,2023-03-10,"Tribhuvan University International Cricket Ground, Kirtipur",2,30.4,30.4,United Arab Emirates,Papua New Guinea,Aryan Lakra,Rohan Mustafa,A Vala,0,0,,,,,,,,,,,,,
1358088,2022/23,2023-03-10,"Tribhuvan University International Cricket Ground, Kirtipur",2,30.5,30.5,United Arab Emirates,Papua New Guinea,Aryan Lakra,Rohan Mustafa,A Vala,1,0,,,,,,,,,,,,,
1358088,2022/23,2023-03-10,"Tribhuvan University International Cricket Ground, Kirtipur",2,30.6,30.6,United Arab Emirates,Papua New Guinea,Rohan Mustafa,Aryan Lakra,A Vala,0,0,,,,,,,lbw,Rohan Mustafa,,,,,
1358088,2022/23,2023-03-10,"Tribhuvan University International Cricket Ground, Kirtipur",2,31.1,31.1,United Arab Emirates,Papua New Guinea,Aryan Lakra,Aayan Afzal Khan,N Vanua,0,0,,,,,,,caught,Aryan Lakra,,,A Vala,,
1358088,2022/23,2023-03-10,"Tribhuvan University International Cricket Ground, Kirtipur",2,31.2,31.2,United Arab Emirates,Papua New Guinea,Zawar Farid,Aayan Afzal Khan,N Vanua,0,1,1,,,,,,,,,,,,
1358088,2022/23,2023-03-10,"Tribhuvan University International Cricket Ground, Kirtipur",2,31.3,31.2,United Arab Emirates,Papua New Guinea,Zawar Farid,Aayan Afzal Khan,N Vanua,0,0,,,,,,,,,,,,,
1358088,2022/23,2023-03-10,"Tribhuvan University International Cricket Ground, Kirtipur",2,31.4,31.3,United Arab Emirates,Papua New Guinea,Zawar Farid,Aayan Afzal Khan,N Vanua,0,1,1,,,,,,,,,,,,
1358088,2022/23,2023-03-10,"Tribhuvan University International Cricket Ground, Kirtipur",2,31.5,31.3,United Arab Emirates,Papua New Guinea,Zawar Farid,Aayan Afzal Khan,N Vanua,0,0,,,,,,,,,,,,,
1358088,2022/23,2023-03-10,"Tribhuvan University International Cricket Ground, Kirtipur",2,31.6,31.4,United Arab Emirates,Papua New Guinea,Zawar Farid,Aayan Afzal Khan,N Vanua,0,0,,,,,,,,,,,,,
1358088,2022/23,2023-03-10,"Tribhuvan University International Cricket Ground, Kirtipur",2,31.7,31.5,United Arab Emirates,Papua New Guinea,Zawar Farid,Aayan Afzal Khan,N Vanua,0,0,,,,,,,,,,,,,
1358088,2022/23,2023-03-10,"Tribhuvan University International Cricket Ground, Kirtipur",2,31.8,31.6,United Arab Emirates,Papua New Guinea,Zawar Farid,Aayan Afzal Khan,N Vanua,0,0,,,,,,,,,,,,,
1358088,2022/23,2023-03-10,"Tribhuvan University International Cricket Ground, Kirtipur",2,32.1,32.1,United Arab Emirates,Papua New Guinea,Aayan Afzal Khan,Zawar Farid,KV Morea,0,0,,,,,,,caught,Aayan Afzal Khan,,,CJA Amini,,
1358088,2022/23,2023-03-10,"Tribhuvan University International Cricket Ground, Kirtipur",2,32.2,32.2,United Arab Emirates,Papua New Guinea,KP Meiyappan,Zawar Farid,KV Morea,0,0,,,,,,,,,,,,,
1358088,2022/23,2023-03-10,"Tribhuvan University International Cricket Ground, Kirtipur",2,32.3,32.3,United Arab Emirates,Papua New Guinea,KP Meiyappan,Zawar Farid,KV Morea,0,0,,,,,,,,,,,,,
1358088,2022/23,2023-03-10,"Tribhuvan University International Cricket Ground, Kirtipur",2,32.4,32.4,United Arab Emirates,Papua New Guinea,KP Meiyappan,Zawar Farid,KV Morea,0,0,,,,,,,,,,,,,
1358088,2022/23,2023-03-10,"Tribhuvan University International Cricket Ground, Kirtipur",2,32.5,32.5,United Arab Emirates,Papua New Guinea,KP Meiyappan,Zawar Farid,KV Morea,0,0,,,,,,,,,,,,,
1358088,2022/23,2023-03-10,"Tribhuvan University International Cricket Ground, Kirtipur",2,32.6,32.6,United Arab Emirates,Papua New Guinea,KP Meiyappan,Zawar Farid,KV Morea,1,0,,,,,,,,,,,,,
1358088,2022/23,2023-03-10,"Tribhuvan University International Cricket Ground, Kirtipur",2,33.1,33.1,United Arab Emirates,Papua New Guinea,KP Meiyappan,Zawar Farid,N Vanua,1,0,,,,,,,,,,,,,
1358088,2022/23,2023-03-10,"Tribhuvan University International Cricket Ground, Kirtipur",2,33.2,33.2,United Arab Emirates,Papua New Guinea,Zawar Farid,KP Meiyappan,N Vanua,0,0,,,,,,,,,,,,,
1358088,2022/23,2023-03-10,"Tribhuvan University International Cricket Ground, Kirtipur",2,33.3,33.3,United Arab Emirates,Papua New Guinea,Zawar Farid,KP Meiyappan,N Vanua,4,0,,,,,,,,,,,,,
1358088,2022/23,2023-03-10,"Tribhuvan University International Cricket Ground, Kirtipur",2,33.4,33.4,United Arab Emirates,Papua New Guinea,Zawar Farid,KP Meiyappan,N Vanua,0,0,,,,,,,,,,,,,
1358088,2022/23,2023-03-10,"Tribhuvan University International Cricket Ground, Kirtipur",2,33.5,33.5,United Arab Emirates,Papua New Guinea,Zawar Farid,KP Meiyappan,N Vanua,0,1,1,,,,,,,,,,,,
1358088,2022/23,2023-03-10,"Tribhuvan University International Cricket Ground, Kirtipur",2,33.6,33.5,United Arab Emirates,Papua New Guinea,Zawar Farid,KP Meiyappan,N Vanua,0,1,,,1,,,,,,,,,,
1358088,2022/23,2023-03-10,"Tribhuvan University International Cricket Ground, Kirtipur",2,33.7,33.6,United Arab Emirates,Papua New Guinea,KP Meiyappan,Zawar Farid,N Vanua,4,0,,,,,,,,,,,,,
1358088,2022/23,2023-03-10,"Tribhuvan University International Cricket Ground, Kirtipur",2,34.1,34.1,United Arab Emirates,Papua New Guinea,Zawar Farid,KP Meiyappan,KV Morea,0,0,,,,,,,,,,,,,
1358088,2022/23,2023-03-10,"Tribhuvan University International Cricket Ground, Kirtipur",2,34.2,34.2,United Arab Emirates,Papua New Guinea,Zawar Farid,KP Meiyappan,KV Morea,1,0,,,,,,,,,,,,,
1358088,2022/23,2023-03-10,"Tribhuvan University International Cricket Ground, Kirtipur",2,34.3,34.3,United Arab Emirates,Papua New Guinea,KP Meiyappan,Zawar Farid,KV Morea,0,0,,,,,,,,,,,,,
1358088,2022/23,2023-03-10,"Tribhuvan University International Cricket Ground, Kirtipur",2,34.4,34.4,United Arab Emirates,Papua New Guinea,KP Meiyappan,Zawar Farid,KV Morea,0,0,,,,,,,,,,,,,
1358088,2022/23,2023-03-10,"Tribhuvan University International Cricket Ground, Kirtipur",2,34.5,34.5,United Arab Emirates,Papua New Guinea,KP Meiyappan,Zawar Farid,KV Morea,0,0,,,,,,,,,,,,,
1358088,2022/23,2023-03-10,"Tribhuvan University International Cricket Ground, Kirtipur",2,34.6,34.6,United Arab Emirates,Papua New Guinea,KP Meiyappan,Zawar Farid,KV Morea,0,0,,,,,,,,,,,,,
1358088,2022/23,2023-03-10,"Tribhuvan University International Cricket Ground, Kirtipur",2,35.1,35.1,United Arab Emirates,Papua New Guinea,Zawar Farid,KP Meiyappan,SI Kamea,4,0,,,,,,,,,,,,,
1358088,2022/23,2023-03-10,"Tribhuvan University International Cricket Ground, Kirtipur",2,35.2,35.2,United Arab Emirates,Papua New Guinea,Zawar Farid,KP Meiyappan,SI Kamea,1,0,,,,,,,,,,,,,
1358088,2022/23,2023-03-10,"Tribhuvan University International Cricket Ground, Kirtipur",2,35.3,35.3,United Arab Emirates,Papua New Guinea,KP Meiyappan,Zawar Farid,SI Kamea,0,0,,,,,,,,,,,,,
1358088,2022/23,2023-03-10,"Tribhuvan University International Cricket Ground, Kirtipur",2,35.4,35.4,United Arab Emirates,Papua New Guinea,KP Meiyappan,Zawar Farid,SI Kamea,0,0,,,,,,,,,,,,,
1358088,2022/23,2023-03-10,"Tribhuvan University International Cricket Ground, Kirtipur",2,35.5,35.5,United Arab Emirates,Papua New Guinea,KP Meiyappan,Zawar Farid,SI Kamea,0,0,,,,,,,,,,,,,
1358088,2022/23,2023-03-10,"Tribhuvan University International Cricket Ground, Kirtipur",2,35.6,35.6,United Arab Emirates,Papua New Guinea,KP Meiyappan,Zawar Farid,SI Kamea,0,0,,,,,,,,,,,,,
1358088,2022/23,2023-03-10,"Tribhuvan University International Cricket Ground, Kirtipur",2,36.1,36.1,United Arab Emirates,Papua New Guinea,Zawar Farid,KP Meiyappan,KV Morea,0,0,,,,,,,,,,,,,
1358088,2022/23,2023-03-10,"Tribhuvan University International Cricket Ground, Kirtipur",2,36.2,36.2,United Arab Emirates,Papua New Guinea,Zawar Farid,KP Meiyappan,KV Morea,2,0,,,,,,,,,,,,,
1358088,2022/23,2023-03-10,"Tribhuvan University International Cricket Ground, Kirtipur",2,36.3,36.3,United Arab Emirates,Papua New Guinea,Zawar Farid,KP Meiyappan,KV Morea,1,0,,,,,,,,,,,,,
1358088,2022/23,2023-03-10,"Tribhuvan University International Cricket Ground, Kirtipur",2,36.4,36.4,United Arab Emirates,Papua New Guinea,KP Meiyappan,Zawar Farid,KV Morea,2,0,,,,,,,,,,,,,
1358088,2022/23,2023-03-10,"Tribhuvan University International Cricket Ground, Kirtipur",2,36.5,36.5,United Arab Emirates,Papua New Guinea,KP Meiyappan,Zawar Farid,KV Morea,1,0,,,,,,,,,,,,,
1358088,2022/23,2023-03-10,"Tribhuvan University International Cricket Ground, Kirtipur",2,36.6,36.6,United Arab Emirates,Papua New Guinea,Zawar Farid,KP Meiyappan,KV Morea,1,0,,,,,,,,,,,,,
1358088,2022/23,2023-03-10,"Tribhuvan University International Cricket Ground, Kirtipur",2,37.1,37.1,United Arab Emirates,Papua New Guinea,Zawar Farid,KP Meiyappan,SI Kamea,1,0,,,,,,,,,,,,,
1358088,2022/23,2023-03-10,"Tribhuvan University International Cricket Ground, Kirtipur",2,37.2,37.2,United Arab Emirates,Papua New Guinea,KP Meiyappan,Zawar Farid,SI Kamea,1,0,,,,,,,,,,,,,
1358088,2022/23,2023-03-10,"Tribhuvan University International Cricket Ground, Kirtipur",2,37.3,37.3,United Arab Emirates,Papua New Guinea,Zawar Farid,KP Meiyappan,SI Kamea,1,0,,,,,,,,,,,,,
1358088,2022/23,2023-03-10,"Tribhuvan University International Cricket Ground, Kirtipur",2,37.4,37.4,United Arab Emirates,Papua New Guinea,KP Meiyappan,Zawar Farid,SI Kamea,0,1,1,,,,,,,,,,,,
1358088,2022/23,2023-03-10,"Tribhuvan University International Cricket Ground, Kirtipur",2,37.5,37.4,United Arab Emirates,Papua New Guinea,KP Meiyappan,Zawar Farid,SI Kamea,0,0,,,,,,,,,,,,,
1358088,2022/23,2023-03-10,"Tribhuvan University International Cricket Ground, Kirtipur",2,37.6,37.5,United Arab Emirates,Papua New Guinea,KP Meiyappan,Zawar Farid,SI Kamea,0,0,,,,,,,,,,,,,
1358088,2022/23,2023-03-10,"Tribhuvan University International Cricket Ground, Kirtipur",2,37.7,37.6,United Arab Emirates,Papua New Guinea,KP Meiyappan,Zawar Farid,SI Kamea,1,0,,,,,,,,,,,,,
1358088,2022/23,2023-03-10,"Tribhuvan University International Cricket Ground, Kirtipur",2,38.1,38.1,United Arab Emirates,Papua New Guinea,KP Meiyappan,Zawar Farid,KV Morea,1,0,,,,,,,,,,,,,
1358088,2022/23,2023-03-10,"Tribhuvan University International Cricket Ground, Kirtipur",2,38.2,38.2,United Arab Emirates,Papua New Guinea,Zawar Farid,KP Meiyappan,KV Morea,1,0,,,,,,,,,,,,,
1358088,2022/23,2023-03-10,"Tribhuvan University International Cricket Ground, Kirtipur",2,38.3,38.3,United Arab Emirates,Papua New Guinea,KP Meiyappan,Zawar Farid,KV Morea,0,0,,,,,,,,,,,,,
1358088,2022/23,2023-03-10,"Tribhuvan University International Cricket Ground, Kirtipur",2,38.4,38.4,United Arab Emirates,Papua New Guinea,KP Meiyappan,Zawar Farid,KV Morea,1,0,,,,,,,,,,,,,
1358088,2022/23,2023-03-10,"Tribhuvan University International Cricket Ground, Kirtipur",2,38.5,38.5,United Arab Emirates,Papua New Guinea,Zawar Farid,KP Meiyappan,KV Morea,0,1,1,,,,,,,,,,,,
1358088,2022/23,2023-03-10,"Tribhuvan University International Cricket Ground, Kirtipur",2,38.6,38.5,United Arab Emirates,Papua New Guinea,Zawar Farid,KP Meiyappan,KV Morea,0,1,1,,,,,,,,,,,,
1358088,2022/23,2023-03-10,"Tribhuvan University International Cricket Ground, Kirtipur",2,38.7,38.5,United Arab Emirates,Papua New Guinea,Zawar Farid,KP Meiyappan,KV Morea,0,0,,,,,,,,,,,,,
1358088,2022/23,2023-03-10,"Tribhuvan University International Cricket Ground, Kirtipur",2,38.8,38.6,United Arab Emirates,Papua New Guinea,Zawar Farid,KP Meiyappan,KV Morea,1,0,,,,,,,,,,,,,
1358088,2022/23,2023-03-10,"Tribhuvan University International Cricket Ground, Kirtipur",2,39.1,39.1,United Arab Emirates,Papua New Guinea,Zawar Farid,KP Meiyappan,SI Kamea,1,0,,,,,,,,,,,,,
1358088,2022/23,2023-03-10,"Tribhuvan University International Cricket Ground, Kirtipur",2,39.2,39.2,United Arab Emirates,Papua New Guinea,KP Meiyappan,Zawar Farid,SI Kamea,1,0,,,,,,,,,,,,,
1358088,2022/23,2023-03-10,"Tribhuvan University International Cricket Ground, Kirtipur",2,39.3,39.3,United Arab Emirates,Papua New Guinea,Zawar Farid,KP Meiyappan,SI Kamea,0,0,,,,,,,,,,,,,
1358088,2022/23,2023-03-10,"Tribhuvan University International Cricket Ground, Kirtipur",2,39.4,39.4,United Arab Emirates,Papua New Guinea,Zawar Farid,KP Meiyappan,SI Kamea,0,0,,,,,,,,,,,,,
1358088,2022/23,2023-03-10,"Tribhuvan University International Cricket Ground, Kirtipur",2,39.5,39.5,United Arab Emirates,Papua New Guinea,Zawar Farid,KP Meiyappan,SI Kamea,0,0,,,,,,,bowled,Zawar Farid,,,,,
1358088,2022/23,2023-03-10,"Tribhuvan University International Cricket Ground, Kirtipur",2,39.6,39.6,United Arab Emirates,Papua New Guinea,Zahoor Khan,KP Meiyappan,SI Kamea,1,0,,,,,,,,,,,,,
1358088,2022/23,2023-03-10,"Tribhuvan University International Cricket Ground, Kirtipur",2,40.1,40.1,United Arab Emirates,Papua New Guinea,Zahoor Khan,KP Meiyappan,R Hekure,0,1,,,,1,,,,,,,,,
1358088,2022/23,2023-03-10,"Tribhuvan University International Cricket Ground, Kirtipur",2,40.2,40.2,United Arab Emirates,Papua New Guinea,KP Meiyappan,Zahoor Khan,R Hekure,0,1,1,,,,,,stumped,KP Meiyappan,,,K Doriga,,
1358088,2022/23,2023-03-10,"Tribhuvan University International Cricket Ground, Kirtipur",2,40.3,40.2,United Arab Emirates,Papua New Guinea,Junaid Siddique,Zahoor Khan,R Hekure,1,0,,,,,,,,,,,,,
1358088,2022/23,2023-03-10,"Tribhuvan University International Cricket Ground, Kirtipur",2,40.4,40.3,United Arab Emirates,Papua New Guinea,Zahoor Khan,Junaid Siddique,R Hekure,1,0,,,,,,,,,,,,,
1358088,2022/23,2023-03-10,"Tribhuvan University International Cricket Ground, Kirtipur",2,40.5,40.4,United Arab Emirates,Papua New Guinea,Junaid Siddique,Zahoor Khan,R Hekure,1,0,,,,,,,,,,,,,
1358088,2022/23,2023-03-10,"Tribhuvan University International Cricket Ground, Kirtipur",2,40.6,40.5,United Arab Emirates,Papua New Guinea,Zahoor Khan,Junaid Siddique,R Hekure,0,0,,,,,,,,,,,,,
1358088,2022/23,2023-03-10,"Tribhuvan University International Cricket Ground, Kirtipur",2,40.7,40.6,United Arab Emirates,Papua New Guinea,Zahoor Khan,Junaid Siddique,R Hekure,0,0,,,,,,,,,,,,,
1358088,2022/23,2023-03-10,"Tribhuvan University International Cricket Ground, Kirtipur",2,41.1,41.1,United Arab Emirates,Papua New Guinea,Junaid Siddique,Zahoor Khan,SI Kamea,0,0,,,,,,,,,,,,,
1358088,2022/23,2023-03-10,"Tribhuvan University International Cricket Ground, Kirtipur",2,41.2,41.2,United Arab Emirates,Papua New Guinea,Junaid Siddique,Zahoor Khan,SI Kamea,0,1,1,,,,,,,,,,,,
1358088,2022/23,2023-03-10,"Tribhuvan University International Cricket Ground, Kirtipur",2,41.3,41.2,United Arab Emirates,Papua New Guinea,Junaid Siddique,Zahoor Khan,SI Kamea,0,1,1,,,,,,,,,,,,
1358088,2022/23,2023-03-10,"Tribhuvan University International Cricket Ground, Kirtipur",2,41.4,41.2,United Arab Emirates,Papua New Guinea,Junaid Siddique,Zahoor Khan,SI Kamea,0,1,1,,,,,,,,,,,,
1358088,2022/23,2023-03-10,"Tribhuvan University International Cricket Ground, Kirtipur",2,41.5,41.2,United Arab Emirates,Papua New Guinea,Junaid Siddique,Zahoor Khan,SI Kamea,0,0,,,,,,,,,,,,,
1358088,2022/23,2023-03-10,"Tribhuvan University International Cricket Ground, Kirtipur",2,41.6,41.3,United Arab Emirates,Papua New Guinea,Junaid Siddique,Zahoor Khan,SI Kamea,0,0,,,,,,,,,,,,,
1358088,2022/23,2023-03-10,"Tribhuvan University International Cricket Ground, Kirtipur",2,41.7,41.4,United Arab Emirates,Papua New Guinea,Junaid Siddique,Zahoor Khan,SI Kamea,0,0,,,,,,,,,,,,,
1358088,2022/23,2023-03-10,"Tribhuvan University International Cricket Ground, Kirtipur",2,41.8,41.5,United Arab Emirates,Papua New Guinea,Junaid Siddique,Zahoor Khan,SI Kamea,0,0,,,,,,,,,,,,,
1358088,2022/23,2023-03-10,"Tribhuvan University International Cricket Ground, Kirtipur",2,41.9,41.6,United Arab Emirates,Papua New Guinea,Junaid Siddique,Zahoor Khan,SI Kamea,0,0,,,,,,,,,,,,,
1358088,2022/23,2023-03-10,"Tribhuvan University International Cricket Ground, Kirtipur",2,42.1,42.1,United Arab Emirates,Papua New Guinea,Zahoor Khan,Junaid Siddique,R Hekure,0,0,,,,,,,,,,,,,
1358088,2022/23,2023-03-10,"Tribhuvan University International Cricket Ground, Kirtipur",2,42.2,42.2,United Arab Emirates,Papua New Guinea,Zahoor Khan,Junaid Siddique,R Hekure,0,0,,,,,,,bowled,Zahoor Khan,,,,,
