match_id,season,start_date,venue,innings,ball,actual_delivery,batting_team,bowling_team,striker,non_striker,bowler,runs_off_bat,extras,wides,noballs,byes,legbyes,penalty,non_boundary,wicket_type,player_dismissed,other_wicket_type,other_player_dismissed,fielder_1,fielder_2,fielder_3
1358073,2022/23,2023-02-14,"Tribhuvan University International Cricket Ground, Kirtipur",1,0.1,0.1,Namibia,Nepal,L Louwrens,K Birkenstock,Sompal Kami,0,1,,1,,,,,,,,,,,
1358073,2022/23,2023-02-14,"Tribhuvan University International Cricket Ground, Kirtipur",1,0.2,0.1,Namibia,Nepal,L Louwrens,K Birkenstock,Sompal Kami,4,0,,,,,,,,,,,,,
1358073,2022/23,2023-02-14,"Tribhuvan University International Cricket Ground, Kirtipur",1,0.3,0.2,Namibia,Nepal,L Louwrens,K Birkenstock,Sompal Kami,0,0,,,,,,,,,,,,,
1358073,2022/23,2023-02-14,"Tribhuvan University International Cricket Ground, Kirtipur",1,0.4,0.3,Namibia,Nepal,L Louwrens,K Birkenstock,Sompal Kami,0,0,,,,,,,,,,,,,
1358073,2022/23,2023-02-14,"Tribhuvan University International Cricket Ground, Kirtipur",1,0.5,0.4,Namibia,Nepal,L Louwrens,K Birkenstock,Sompal Kami,0,0,,,,,,,,,,,,,
1358073,2022/23,2023-02-14,"Tribhuvan University International Cricket Ground, Kirtipur",1,0.6,0.5,Namibia,Nepal,L Louwrens,K Birkenstock,Sompal Kami,1,0,,,,,,,,,,,,,
1358073,2022/23,2023-02-14,"Tribhuvan University International Cricket Ground, Kirtipur",1,0.7,0.6,Namibia,Nepal,K Birkenstock,L Louwrens,Sompal Kami,0,0,,,,,,,,,,,,,
1358073,2022/23,2023-02-14,"Tribhuvan University International Cricket Ground, Kirtipur",1,1.1,1.1,Namibia,Nepal,L Louwrens,K Birkenstock,Karan KC,0,0,,,,,,,,,,,,,
1358073,2022/23,2023-02-14,"Tribhuvan University International Cricket Ground, Kirtipur",1,1.2,1.2,Namibia,Nepal,L Louwrens,K Birkenstock,Karan KC,0,0,,,,,,,,,,,,,
1358073,2022/23,2023-02-14,"Tribhuvan University International Cricket Ground, Kirtipur",1,1.3,1.3,Namibia,Nepal,L Louwrens,K Birkenstock,Karan KC,0,0,,,,,,,,,,,,,
1358073,2022/23,2023-02-14,"Tribhuvan University International Cricket Ground, Kirtipur",1,1.4,1.4,Namibia,Nepal,L Louwrens,K Birkenstock,Karan KC,0,0,,,,,,,,,,,,,
1358073,2022/23,2023-02-14,"Tribhuvan University International Cricket Ground, Kirtipur",1,1.5,1.5,Namibia,Nepal,L Louwrens,K Birkenstock,Karan KC,0,0,,,,,,,,,,,,,
1358073,2022/23,2023-02-14,"Tribhuvan University International Cricket Ground, Kirtipur",1,1.6,1.6,Namibia,Nepal,L Louwrens,K Birkenstock,Karan KC,0,0,,,,,,,,,,,,,
1358073,2022/23,2023-02-14,"Tribhuvan University International Cricket Ground, Kirtipur",1,2.1,2.1,Namibia,Nepal,K Birkenstock,L Louwrens,Sompal Kami,0,0,,,,,,,,,,,,,
1358073,2022/23,2023-02-14,"Tribhuvan University International Cricket Ground, Kirtipur",1,2.2,2.2,Namibia,Nepal,K Birkenstock,L Louwrens,Sompal Kami,0,0,,,,,,,,,,,,,
1358073,2022/23,2023-02-14,"Tribhuvan University International Cricket Ground, Kirtipur",1,2.3,2.3,Namibia,Nepal,K Birkenstock,L Louwrens,Sompal Kami,0,0,,,,,,,,,,,,,
1358073,2022/23,2023-02-14,"Tribhuvan University International Cricket Ground, Kirtipur",1,2.4,2.4,Namibia,Nepal,K Birkenstock,L Louwrens,Sompal Kami,0,1,,,1,,,,,,,,,,
1358073,2022/23,2023-02-14,"Tribhuvan University International Cricket Ground, Kirtipur",1,2.5,2.5,Namibia,Nepal,L Louwrens,K Birkenstock,Sompal Kami,0,0,,,,,,,bowled,L Louwrens,,,,,
1358073,2022/23,2023-02-14,"Tribhuvan University International Cricket Ground, Kirtipur",1,2.6,2.6,Namibia,Nepal,M van Lingen,K Birkenstock,Sompal Kami,0,0,,,,,,,,,,,,,
1358073,2022/23,2023-02-14,"Tribhuvan University International Cricket Ground, Kirtipur",1,3.1,3.1,Namibia,Nepal,K Birkenstock,M van Lingen,Karan KC,1,0,,,,,,,,,,,,,
1358073,2022/23,2023-02-14,"Tribhuvan University International Cricket Ground, Kirtipur",1,3.2,3.2,Namibia,Nepal,M van Lingen,K Birkenstock,Karan KC,0,0,,,,,,,,,,,,,
1358073,2022/23,2023-02-14,"Tribhuvan University International Cricket Ground, Kirtipur",1,3.3,3.3,Namibia,Nepal,M van Lingen,K Birkenstock,Karan KC,0,0,,,,,,,,,,,,,
1358073,2022/23,2023-02-14,"Tribhuvan University International Cricket Ground, Kirtipur",1,3.4,3.4,Namibia,Nepal,M van Lingen,K Birkenstock,Karan KC,0,0,,,,,,,,,,,,,
1358073,2022/23,2023-02-14,"Tribhuvan University International Cricket Ground, Kirtipur",1,3.5,3.5,Namibia,Nepal,M van Lingen,K Birkenstock,Karan KC,1,0,,,,,,,,,,,,,
1358073,2022/23,2023-02-14,"Tribhuvan University International Cricket Ground, Kirtipur",1,3.6,3.6,Namibia,Nepal,K Birkenstock,M van Lingen,Karan KC,0,0,,,,,,,,,,,,,
1358073,2022/23,2023-02-14,"Tribhuvan University International Cricket Ground, Kirtipur",1,4.1,4.1,Namibia,Nepal,M van Lingen,K Birkenstock,Sompal Kami,1,0,,,,,,,,,,,,,
1358073,2022/23,2023-02-14,"Tribhuvan University International Cricket Ground, Kirtipur",1,4.2,4.2,Namibia,Nepal,K Birkenstock,M van Lingen,Sompal Kami,0,0,,,,,,,,,,,,,
1358073,2022/23,2023-02-14,"Tribhuvan University International Cricket Ground, Kirtipur",1,4.3,4.3,Namibia,Nepal,K Birkenstock,M van Lingen,Sompal Kami,0,0,,,,,,,,,,,,,
1358073,2022/23,2023-02-14,"Tribhuvan University International Cricket Ground, Kirtipur",1,4.4,4.4,Namibia,Nepal,K Birkenstock,M van Lingen,Sompal Kami,0,0,,,,,,,,,,,,,
1358073,2022/23,2023-02-14,"Tribhuvan University International Cricket Ground, Kirtipur",1,4.5,4.5,Namibia,Nepal,K Birkenstock,M van Lingen,Sompal Kami,0,0,,,,,,,,,,,,,
1358073,2022/23,2023-02-14,"Tribhuvan University International Cricket Ground, Kirtipur",1,4.6,4.6,Namibia,Nepal,K Birkenstock,M van Lingen,Sompal Kami,0,0,,,,,,,,,,,,,
1358073,2022/23,2023-02-14,"Tribhuvan University International Cricket Ground, Kirtipur",1,5.1,5.1,Namibia,Nepal,M van Lingen,K Birkenstock,Karan KC,0,0,,,,,,,,,,,,,
1358073,2022/23,2023-02-14,"Tribhuvan University International Cricket Ground, Kirtipur",1,5.2,5.2,Namibia,Nepal,M van Lingen,K Birkenstock,Karan KC,0,0,,,,,,,,,,,,,
1358073,2022/23,2023-02-14,"Tribhuvan University International Cricket Ground, Kirtipur",1,5.3,5.3,Namibia,Nepal,M van Lingen,K Birkenstock,Karan KC,4,0,,,,,,,,,,,,,
1358073,2022/23,2023-02-14,"Tribhuvan University International Cricket Ground, Kirtipur",1,5.4,5.4,Namibia,Nepal,M van Lingen,K Birkenstock,Karan KC,0,0,,,,,,,,,,,,,
1358073,2022/23,2023-02-14,"Tribhuvan University International Cricket Ground, Kirtipur",1,5.5,5.5,Namibia,Nepal,M van Lingen,K Birkenstock,Karan KC,0,0,,,,,,,,,,,,,
1358073,2022/23,2023-02-14,"Tribhuvan University International Cricket Ground, Kirtipur",1,5.6,5.6,Namibia,Nepal,M van Lingen,K Birkenstock,Karan KC,1,0,,,,,,,,,,,,,
1358073,2022/23,2023-02-14,"Tribhuvan University International Cricket Ground, Kirtipur",1,6.1,6.1,Namibia,Nepal,M van Lingen,K Birkenstock,Sompal Kami,0,0,,,,,,,,,,,,,
1358073,2022/23,2023-02-14,"Tribhuvan University International Cricket Ground, Kirtipur",1,6.2,6.2,Namibia,Nepal,M van Lingen,K Birkenstock,Sompal Kami,0,0,,,,,,,,,,,,,
1358073,2022/23,2023-02-14,"Tribhuvan University International Cricket Ground, Kirtipur",1,6.3,6.3,Namibia,Nepal,M van Lingen,K Birkenstock,Sompal Kami,0,1,1,,,,,,,,,,,,
1358073,2022/23,2023-02-14,"Tribhuvan University International Cricket Ground, Kirtipur",1,6.4,6.3,Namibia,Nepal,M van Lingen,K Birkenstock,Sompal Kami,4,0,,,,,,,,,,,,,
1358073,2022/23,2023-02-14,"Tribhuvan University International Cricket Ground, Kirtipur",1,6.5,6.4,Namibia,Nepal,M van Lingen,K Birkenstock,Sompal Kami,6,0,,,,,,,,,,,,,
1358073,2022/23,2023-02-14,"Tribhuvan University International Cricket Ground, Kirtipur",1,6.6,6.5,Namibia,Nepal,M van Lingen,K Birkenstock,Sompal Kami,0,0,,,,,,,,,,,,,
1358073,2022/23,2023-02-14,"Tribhuvan University International Cricket Ground, Kirtipur",1,6.7,6.6,Namibia,Nepal,M van Lingen,K Birkenstock,Sompal Kami,0,0,,,,,,,,,,,,,
1358073,2022/23,2023-02-14,"Tribhuvan University International Cricket Ground, Kirtipur",1,7.1,7.1,Namibia,Nepal,K Birkenstock,M van Lingen,DS Airee,4,0,,,,,,,,,,,,,
1358073,2022/23,2023-02-14,"Tribhuvan University International Cricket Ground, Kirtipur",1,7.2,7.2,Namibia,Nepal,K Birkenstock,M van Lingen,DS Airee,4,0,,,,,,,,,,,,,
1358073,2022/23,2023-02-14,"Tribhuvan University International Cricket Ground, Kirtipur",1,7.3,7.3,Namibia,Nepal,K Birkenstock,M van Lingen,DS Airee,0,0,,,,,,,,,,,,,
1358073,2022/23,2023-02-14,"Tribhuvan University International Cricket Ground, Kirtipur",1,7.4,7.4,Namibia,Nepal,K Birkenstock,M van Lingen,DS Airee,0,0,,,,,,,,,,,,,
1358073,2022/23,2023-02-14,"Tribhuvan University International Cricket Ground, Kirtipur",1,7.5,7.5,Namibia,Nepal,K Birkenstock,M van Lingen,DS Airee,0,0,,,,,,,,,,,,,
1358073,2022/23,2023-02-14,"Tribhuvan University International Cricket Ground, Kirtipur",1,7.6,7.6,Namibia,Nepal,K Birkenstock,M van Lingen,DS Airee,0,0,,,,,,,,,,,,,
1358073,2022/23,2023-02-14,"Tribhuvan University International Cricket Ground, Kirtipur",1,8.1,8.1,Namibia,Nepal,M van Lingen,K Birkenstock,Karan KC,0,0,,,,,,,,,,,,,
1358073,2022/23,2023-02-14,"Tribhuvan University International Cricket Ground, Kirtipur",1,8.2,8.2,Namibia,Nepal,M van Lingen,K Birkenstock,Karan KC,1,0,,,,,,,,,,,,,
1358073,2022/23,2023-02-14,"Tribhuvan University International Cricket Ground, Kirtipur",1,8.3,8.3,Namibia,Nepal,K Birkenstock,M van Lingen,Karan KC,0,0,,,,,,,,,,,,,
1358073,2022/23,2023-02-14,"Tribhuvan University International Cricket Ground, Kirtipur",1,8.4,8.4,Namibia,Nepal,K Birkenstock,M van Lingen,Karan KC,0,0,,,,,,,,,,,,,
1358073,2022/23,2023-02-14,"Tribhuvan University International Cricket Ground, Kirtipur",1,8.5,8.5,Namibia,Nepal,K Birkenstock,M van Lingen,Karan KC,0,0,,,,,,,,,,,,,
1358073,2022/23,2023-02-14,"Tribhuvan University International Cricket Ground, Kirtipur",1,8.6,8.6,Namibia,Nepal,K Birkenstock,M van Lingen,Karan KC,4,0,,,,,,,,,,,,,
1358073,2022/23,2023-02-14,"Tribhuvan University International Cricket Ground, Kirtipur",1,9.1,9.1,Namibia,Nepal,M van Lingen,K Birkenstock,DS Airee,0,0,,,,,,,,,,,,,
1358073,2022/23,2023-02-14,"Tribhuvan University International Cricket Ground, Kirtipur",1,9.2,9.2,Namibia,Nepal,M van Lingen,K Birkenstock,DS Airee,0,0,,,,,,,,,,,,,
1358073,2022/23,2023-02-14,"Tribhuvan University International Cricket Ground, Kirtipur",1,9.3,9.3,Namibia,Nepal,M van Lingen,K Birkenstock,DS Airee,4,0,,,,,,,,,,,,,
1358073,2022/23,2023-02-14,"Tribhuvan University International Cricket Ground, Kirtipur",1,9.4,9.4,Namibia,Nepal,M van Lingen,K Birkenstock,DS Airee,0,0,,,,,,,,,,,,,
1358073,2022/23,2023-02-14,"Tribhuvan University International Cricket Ground, Kirtipur",1,9.5,9.5,Namibia,Nepal,M van Lingen,K Birkenstock,DS Airee,1,0,,,,,,,,,,,,,
1358073,2022/23,2023-02-14,"Tribhuvan University International Cricket Ground, Kirtipur",1,9.6,9.6,Namibia,Nepal,K Birkenstock,M van Lingen,DS Airee,0,0,,,,,,,,,,,,,
1358073,2022/23,2023-02-14,"Tribhuvan University International Cricket Ground, Kirtipur",1,10.1,10.1,Namibia,Nepal,M van Lingen,K Birkenstock,S Lamichhane,1,0,,,,,,,,,,,,,
1358073,2022/23,2023-02-14,"Tribhuvan University International Cricket Ground, Kirtipur",1,10.2,10.2,Namibia,Nepal,K Birkenstock,M van Lingen,S Lamichhane,0,0,,,,,,,bowled,K Birkenstock,,,,,
1358073,2022/23,2023-02-14,"Tribhuvan University International Cricket Ground, Kirtipur",1,10.3,10.3,Namibia,Nepal,MG Erasmus,M van Lingen,S Lamichhane,1,0,,,,,,,,,,,,,
1358073,2022/23,2023-02-14,"Tribhuvan University International Cricket Ground, Kirtipur",1,10.4,10.4,Namibia,Nepal,M van Lingen,MG Erasmus,S Lamichhane,0,0,,,,,,,,,,,,,
1358073,2022/23,2023-02-14,"Tribhuvan University International Cricket Ground, Kirtipur",1,10.5,10.5,Namibia,Nepal,M van Lingen,MG Erasmus,S Lamichhane,0,0,,,,,,,,,,,,,
1358073,2022/23,2023-02-14,"Tribhuvan University International Cricket Ground, Kirtipur",1,10.6,10.6,Namibia,Nepal,M van Lingen,MG Erasmus,S Lamichhane,1,0,,,,,,,,,,,,,
1358073,2022/23,2023-02-14,"Tribhuvan University International Cricket Ground, Kirtipur",1,11.1,11.1,Namibia,Nepal,M van Lingen,MG Erasmus,DS Airee,0,0,,,,,,,,,,,,,
1358073,2022/23,2023-02-14,"Tribhuvan University International Cricket Ground, Kirtipur",1,11.2,11.2,Namibia,Nepal,M van Lingen,MG Erasmus,DS Airee,0,0,,,,,,,,,,,,,
1358073,2022/23,2023-02-14,"Tribhuvan University International Cricket Ground, Kirtipur",1,11.3,11.3,Namibia,Nepal,M van Lingen,MG Erasmus,DS Airee,1,0,,,,,,,,,,,,,
1358073,2022/23,2023-02-14,"Tribhuvan University International Cricket Ground, Kirtipur",1,11.4,11.4,Namibia,Nepal,MG Erasmus,M van Lingen,DS Airee,0,0,,,,,,,,,,,,,
1358073,2022/23,2023-02-14,"Tribhuvan University International Cricket Ground, Kirtipur",1,11.5,11.5,Namibia,Nepal,MG Erasmus,M van Lingen,DS Airee,0,0,,,,,,,,,,,,,
1358073,2022/23,2023-02-14,"Tribhuvan University International Cricket Ground, Kirtipur",1,11.6,11.6,Namibia,Nepal,MG Erasmus,M van Lingen,DS Airee,0,0,,,,,,,,,,,,,
1358073,2022/23,2023-02-14,"Tribhuvan University International Cricket Ground, Kirtipur",1,12.1,12.1,Namibia,Nepal,M van Lingen,MG Erasmus,S Lamichhane,0,0,,,,,,,,,,,,,
1358073,2022/23,2023-02-14,"Tribhuvan University International Cricket Ground, Kirtipur",1,12.2,12.2,Namibia,Nepal,M van Lingen,MG Erasmus,S Lamichhane,0,0,,,,,,,,,,,,,
1358073,2022/23,2023-02-14,"Tribhuvan University International Cricket Ground, Kirtipur",1,12.3,12.3,Namibia,Nepal,M van Lingen,MG Erasmus,S Lamichhane,0,0,,,,,,,,,,,,,
1358073,2022/23,2023-02-14,"Tribhuvan University International Cricket Ground, Kirtipur",1,12.4,12.4,Namibia,Nepal,M van Lingen,MG Erasmus,S Lamichhane,0,0,,,,,,,,,,,,,
1358073,2022/23,2023-02-14,"Tribhuvan University International Cricket Ground, Kirtipur",1,12.5,12.5,Namibia,Nepal,M van Lingen,MG Erasmus,S Lamichhane,0,0,,,,,,,,,,,,,
1358073,2022/23,2023-02-14,"Tribhuvan University International Cricket Ground, Kirtipur",1,12.6,12.6,Namibia,Nepal,M van Lingen,MG Erasmus,S Lamichhane,1,0,,,,,,,,,,,,,
1358073,2022/23,2023-02-14,"Tribhuvan University International Cricket Ground, Kirtipur",1,13.1,13.1,Namibia,Nepal,M van Lingen,MG Erasmus,DS Airee,1,0,,,,,,,,,,,,,
1358073,2022/23,2023-02-14,"Tribhuvan University International Cricket Ground, Kirtipur",1,13.2,13.2,Namibia,Nepal,MG Erasmus,M van Lingen,DS Airee,0,0,,,,,,,,,,,,,
1358073,2022/23,2023-02-14,"Tribhuvan University International Cricket Ground, Kirtipur",1,13.3,13.3,Namibia,Nepal,MG Erasmus,M van Lingen,DS Airee,0,0,,,,,,,,,,,,,
1358073,2022/23,2023-02-14,"Tribhuvan University International Cricket Ground, Kirtipur",1,13.4,13.4,Namibia,Nepal,MG Erasmus,M van Lingen,DS Airee,1,0,,,,,,,,,,,,,
1358073,2022/23,2023-02-14,"Tribhuvan University International Cricket Ground, Kirtipur",1,13.5,13.5,Namibia,Nepal,M van Lingen,MG Erasmus,DS Airee,0,0,,,,,,,,,,,,,
1358073,2022/23,2023-02-14,"Tribhuvan University International Cricket Ground, Kirtipur",1,13.6,13.6,Namibia,Nepal,M van Lingen,MG Erasmus,DS Airee,0,0,,,,,,,,,,,,,
1358073,2022/23,2023-02-14,"Tribhuvan University International Cricket Ground, Kirtipur",1,14.1,14.1,Namibia,Nepal,MG Erasmus,M van Lingen,S Lamichhane,0,0,,,,,,,,,,,,,
1358073,2022/23,2023-02-14,"Tribhuvan University International Cricket Ground, Kirtipur",1,14.2,14.2,Namibia,Nepal,MG Erasmus,M van Lingen,S Lamichhane,0,0,,,,,,,,,,,,,
1358073,2022/23,2023-02-14,"Tribhuvan University International Cricket Ground, Kirtipur",1,14.3,14.3,Namibia,Nepal,MG Erasmus,M van Lingen,S Lamichhane,1,0,,,,,,,,,,,,,
1358073,2022/23,2023-02-14,"Tribhuvan University International Cricket Ground, Kirtipur",1,14.4,14.4,Namibia,Nepal,M van Lingen,MG Erasmus,S Lamichhane,1,0,,,,,,,,,,,,,
1358073,2022/23,2023-02-14,"Tribhuvan University International Cricket Ground, Kirtipur",1,14.5,14.5,Namibia,Nepal,MG Erasmus,M van Lingen,S Lamichhane,0,0,,,,,,,,,,,,,
1358073,2022/23,2023-02-14,"Tribhuvan University International Cricket Ground, Kirtipur",1,14.6,14.6,Namibia,Nepal,MG Erasmus,M van Lingen,S Lamichhane,1,0,,,,,,,,,,,,,
1358073,2022/23,2023-02-14,"Tribhuvan University International Cricket Ground, Kirtipur",1,15.1,15.1,Namibia,Nepal,MG Erasmus,M van Lingen,Sompal Kami,0,0,,,,,,,,,,,,,
1358073,2022/23,2023-02-14,"Tribhuvan University International Cricket Ground, Kirtipur",1,15.2,15.2,Namibia,Nepal,MG Erasmus,M van Lingen,Sompal Kami,0,0,,,,,,,,,,,,,
1358073,2022/23,2023-02-14,"Tribhuvan University International Cricket Ground, Kirtipur",1,15.3,15.3,Namibia,Nepal,MG Erasmus,M van Lingen,Sompal Kami,1,0,,,,,,,,,,,,,
1358073,2022/23,2023-02-14,"Tribhuvan University International Cricket Ground, Kirtipur",1,15.4,15.4,Namibia,Nepal,M van Lingen,MG Erasmus,Sompal Kami,0,0,,,,,,,,,,,,,
1358073,2022/23,2023-02-14,"Tribhuvan University International Cricket Ground, Kirtipur",1,15.5,15.5,Namibia,Nepal,M van Lingen,MG Erasmus,Sompal Kami,1,0,,,,,,,,,,,,,
1358073,2022/23,2023-02-14,"Tribhuvan University International Cricket Ground, Kirtipur",1,15.6,15.6,Namibia,Nepal,MG Erasmus,M van Lingen,Sompal Kami,0,0,,,,,,,,,,,,,
1358073,2022/23,2023-02-14,"Tribhuvan University International Cricket Ground, Kirtipur",1,16.1,16.1,Namibia,Nepal,M van Lingen,MG Erasmus,LN Rajbanshi,0,0,,,,,,,,,,,,,
1358073,2022/23,2023-02-14,"Tribhuvan University International Cricket Ground, Kirtipur",1,16.2,16.2,Namibia,Nepal,M van Lingen,MG Erasmus,LN Rajbanshi,1,0,,,,,,,,,,,,,
1358073,2022/23,2023-02-14,"Tribhuvan University International Cricket Ground, Kirtipur",1,16.3,16.3,Namibia,Nepal,MG Erasmus,M van Lingen,LN Rajbanshi,0,0,,,,,,,,,,,,,
1358073,2022/23,2023-02-14,"Tribhuvan University International Cricket Ground, Kirtipur",1,16.4,16.4,Namibia,Nepal,MG Erasmus,M van Lingen,LN Rajbanshi,0,0,,,,,,,,,,,,,
1358073,2022/23,2023-02-14,"Tribhuvan University International Cricket Ground, Kirtipur",1,16.5,16.5,Namibia,Nepal,MG Erasmus,M van Lingen,LN Rajbanshi,4,0,,,,,,,,,,,,,
1358073,2022/23,2023-02-14,"Tribhuvan University International Cricket Ground, Kirtipur",1,16.6,16.6,Namibia,Nepal,MG Erasmus,M van Lingen,LN Rajbanshi,0,0,,,,,,,,,,,,,
1358073,2022/23,2023-02-14,"Tribhuvan University International Cricket Ground, Kirtipur",1,17.1,17.1,Namibia,Nepal,M van Lingen,MG Erasmus,DS Airee,0,0,,,,,,,,,,,,,
1358073,2022/23,2023-02-14,"Tribhuvan University International Cricket Ground, Kirtipur",1,17.2,17.2,Namibia,Nepal,M van Lingen,MG Erasmus,DS Airee,1,0,,,,,,,,,,,,,
1358073,2022/23,2023-02-14,"Tribhuvan University International Cricket Ground, Kirtipur",1,17.3,17.3,Namibia,Nepal,MG Erasmus,M van Lingen,DS Airee,0,0,,,,,,,,,,,,,
1358073,2022/23,2023-02-14,"Tribhuvan University International Cricket Ground, Kirtipur",1,17.4,17.4,Namibia,Nepal,MG Erasmus,M van Lingen,DS Airee,1,0,,,,,,,,,,,,,
1358073,2022/23,2023-02-14,"Tribhuvan University International Cricket Ground, Kirtipur",1,17.5,17.5,Namibia,Nepal,M van Lingen,MG Erasmus,DS Airee,0,0,,,,,,,,,,,,,
1358073,2022/23,2023-02-14,"Tribhuvan University International Cricket Ground, Kirtipur",1,17.6,17.6,Namibia,Nepal,M van Lingen,MG Erasmus,DS Airee,1,0,,,,,,,,,,,,,
1358073,2022/23,2023-02-14,"Tribhuvan University International Cricket Ground, Kirtipur",1,18.1,18.1,Namibia,Nepal,M van Lingen,MG Erasmus,LN Rajbanshi,0,0,,,,,,,,,,,,,
1358073,2022/23,2023-02-14,"Tribhuvan University International Cricket Ground, Kirtipur",1,18.2,18.2,Namibia,Nepal,M van Lingen,MG Erasmus,LN Rajbanshi,1,0,,,,,,,,,,,,,
1358073,2022/23,2023-02-14,"Tribhuvan University International Cricket Ground, Kirtipur",1,18.3,18.3,Namibia,Nepal,MG Erasmus,M van Lingen,LN Rajbanshi,1,0,,,,,,,,,,,,,
1358073,2022/23,2023-02-14,"Tribhuvan University International Cricket Ground, Kirtipur",1,18.4,18.4,Namibia,Nepal,M van Lingen,MG Erasmus,LN Rajbanshi,1,0,,,,,,,,,,,,,
1358073,2022/23,2023-02-14,"Tribhuvan University International Cricket Ground, Kirtipur",1,18.5,18.5,Namibia,Nepal,MG Erasmus,M van Lingen,LN Rajbanshi,0,0,,,,,,,,,,,,,
1358073,2022/23,2023-02-14,"Tribhuvan University International Cricket Ground, Kirtipur",1,18.6,18.6,Namibia,Nepal,MG Erasmus,M van Lingen,LN Rajbanshi,1,0,,,,,,,,,,,,,
1358073,2022/23,2023-02-14,"Tribhuvan University International Cricket Ground, Kirtipur",1,19.1,19.1,Namibia,Nepal,MG Erasmus,M van Lingen,S Lamichhane,0,0,,,,,,,,,,,,,
1358073,2022/23,2023-02-14,"Tribhuvan University International Cricket Ground, Kirtipur",1,19.2,19.2,Namibia,Nepal,MG Erasmus,M van Lingen,S Lamichhane,2,0,,,,,,,,,,,,,
1358073,2022/23,2023-02-14,"Tribhuvan University International Cricket Ground, Kirtipur",1,19.3,19.3,Namibia,Nepal,MG Erasmus,M van Lingen,S Lamichhane,1,0,,,,,,,,,,,,,
1358073,2022/23,2023-02-14,"Tribhuvan University International Cricket Ground, Kirtipur",1,19.4,19.4,Namibia,Nepal,M van Lingen,MG Erasmus,S Lamichhane,0,0,,,,,,,,,,,,,
1358073,2022/23,2023-02-14,"Tribhuvan University International Cricket Ground, Kirtipur",1,19.5,19.5,Namibia,Nepal,M van Lingen,MG Erasmus,S Lamichhane,1,0,,,,,,,,,,,,,
1358073,2022/23,2023-02-14,"Tribhuvan University International Cricket Ground, Kirtipur",1,19.6,19.6,Namibia,Nepal,MG Erasmus,M van Lingen,S Lamichhane,0,0,,,,,,,,,,,,,
1358073,2022/23,2023-02-14,"Tribhuvan University International Cricket Ground, Kirtipur",1,20.1,20.1,Namibia,Nepal,M van Lingen,MG Erasmus,LN Rajbanshi,0,0,,,,,,,,,,,,,
1358073,2022/23,2023-02-14,"Tribhuvan University International Cricket Ground, Kirtipur",1,20.2,20.2,Namibia,Nepal,M van Lingen,MG Erasmus,LN Rajbanshi,6,0,,,,,,,,,,,,,
1358073,2022/23,2023-02-14,"Tribhuvan University International Cricket Ground, Kirtipur",1,20.3,20.3,Namibia,Nepal,M van Lingen,MG Erasmus,LN Rajbanshi,1,0,,,,,,,,,,,,,
1358073,2022/23,2023-02-14,"Tribhuvan University International Cricket Ground, Kirtipur",1,20.4,20.4,Namibia,Nepal,MG Erasmus,M van Lingen,LN Rajbanshi,0,0,,,,,,,,,,,,,
1358073,2022/23,2023-02-14,"Tribhuvan University International Cricket Ground, Kirtipur",1,20.5,20.5,Namibia,Nepal,MG Erasmus,M van Lingen,LN Rajbanshi,0,0,,,,,,,,,,,,,
1358073,2022/23,2023-02-14,"Tribhuvan University International Cricket Ground, Kirtipur",1,20.6,20.6,Namibia,Nepal,MG Erasmus,M van Lingen,LN Rajbanshi,0,0,,,,,,,,,,,,,
1358073,2022/23,2023-02-14,"Tribhuvan University International Cricket Ground, Kirtipur",1,21.1,21.1,Namibia,Nepal,M van Lingen,MG Erasmus,S Lamichhane,0,0,,,,,,,,,,,,,
1358073,2022/23,2023-02-14,"Tribhuvan University International Cricket Ground, Kirtipur",1,21.2,21.2,Namibia,Nepal,M van Lingen,MG Erasmus,S Lamichhane,0,0,,,,,,,,,,,,,
1358073,2022/23,2023-02-14,"Tribhuvan University International Cricket Ground, Kirtipur",1,21.3,21.3,Namibia,Nepal,M van Lingen,MG Erasmus,S Lamichhane,0,0,,,,,,,,,,,,,
1358073,2022/23,2023-02-14,"Tribhuvan University International Cricket Ground, Kirtipur",1,21.4,21.4,Namibia,Nepal,M van Lingen,MG Erasmus,S Lamichhane,1,0,,,,,,,,,,,,,
1358073,2022/23,2023-02-14,"Tribhuvan University International Cricket Ground, Kirtipur",1,21.5,21.5,Namibia,Nepal,MG Erasmus,M van Lingen,S Lamichhane,0,0,,,,,,,,,,,,,
1358073,2022/23,2023-02-14,"Tribhuvan University International Cricket Ground, Kirtipur",1,21.6,21.6,Namibia,Nepal,MG Erasmus,M van Lingen,S Lamichhane,1,0,,,,,,,,,,,,,
1358073,2022/23,2023-02-14,"Tribhuvan University International Cricket Ground, Kirtipur",1,22.1,22.1,Namibia,Nepal,MG Erasmus,M van Lingen,LN Rajbanshi,0,0,,,,,,,,,,,,,
1358073,2022/23,2023-02-14,"Tribhuvan University International Cricket Ground, Kirtipur",1,22.2,22.2,Namibia,Nepal,MG Erasmus,M van Lingen,LN Rajbanshi,1,0,,,,,,,,,,,,,
1358073,2022/23,2023-02-14,"Tribhuvan University International Cricket Ground, Kirtipur",1,22.3,22.3,Namibia,Nepal,M van Lingen,MG Erasmus,LN Rajbanshi,0,0,,,,,,,,,,,,,
1358073,2022/23,2023-02-14,"Tribhuvan University International Cricket Ground, Kirtipur",1,22.4,22.4,Namibia,Nepal,M van Lingen,MG Erasmus,LN Rajbanshi,0,0,,,,,,,,,,,,,
1358073,2022/23,2023-02-14,"Tribhuvan University International Cricket Ground, Kirtipur",1,22.5,22.5,Namibia,Nepal,M van Lingen,MG Erasmus,LN Rajbanshi,4,0,,,,,,,,,,,,,
1358073,2022/23,2023-02-14,"Tribhuvan University International Cricket Ground, Kirtipur",1,22.6,22.6,Namibia,Nepal,M van Lingen,MG Erasmus,LN Rajbanshi,0,0,,,,,,,,,,,,,
1358073,2022/23,2023-02-14,"Tribhuvan University International Cricket Ground, Kirtipur",1,23.1,23.1,Namibia,Nepal,MG Erasmus,M van Lingen,Kushal Malla,1,0,,,,,,,,,,,,,
1358073,2022/23,2023-02-14,"Tribhuvan University International Cricket Ground, Kirtipur",1,23.2,23.2,Namibia,Nepal,M van Lingen,MG Erasmus,Kushal Malla,1,0,,,,,,,,,,,,,
1358073,2022/23,2023-02-14,"Tribhuvan University International Cricket Ground, Kirtipur",1,23.3,23.3,Namibia,Nepal,MG Erasmus,M van Lingen,Kushal Malla,1,0,,,,,,,,,,,,,
1358073,2022/23,2023-02-14,"Tribhuvan University International Cricket Ground, Kirtipur",1,23.4,23.4,Namibia,Nepal,M van Lingen,MG Erasmus,Kushal Malla,0,0,,,,,,,,,,,,,
1358073,2022/23,2023-02-14,"Tribhuvan University International Cricket Ground, Kirtipur",1,23.5,23.5,Namibia,Nepal,M van Lingen,MG Erasmus,Kushal Malla,1,0,,,,,,,,,,,,,
1358073,2022/23,2023-02-14,"Tribhuvan University International Cricket Ground, Kirtipur",1,23.6,23.6,Namibia,Nepal,MG Erasmus,M van Lingen,Kushal Malla,0,0,,,,,,,,,,,,,
1358073,2022/23,2023-02-14,"Tribhuvan University International Cricket Ground, Kirtipur",1,24.1,24.1,Namibia,Nepal,M van Lingen,MG Erasmus,DS Airee,0,0,,,,,,,,,,,,,
1358073,2022/23,2023-02-14,"Tribhuvan University International Cricket Ground, Kirtipur",1,24.2,24.2,Namibia,Nepal,M van Lingen,MG Erasmus,DS Airee,0,0,,,,,,,,,,,,,
1358073,2022/23,2023-02-14,"Tribhuvan University International Cricket Ground, Kirtipur",1,24.3,24.3,Namibia,Nepal,M van Lingen,MG Erasmus,DS Airee,1,0,,,,,,,,,,,,,
1358073,2022/23,2023-02-14,"Tribhuvan University International Cricket Ground, Kirtipur",1,24.4,24.4,Namibia,Nepal,MG Erasmus,M van Lingen,DS Airee,1,0,,,,,,,,,,,,,
1358073,2022/23,2023-02-14,"Tribhuvan University International Cricket Ground, Kirtipur",1,24.5,24.5,Namibia,Nepal,M van Lingen,MG Erasmus,DS Airee,1,0,,,,,,,,,,,,,
1358073,2022/23,2023-02-14,"Tribhuvan University International Cricket Ground, Kirtipur",1,24.6,24.6,Namibia,Nepal,MG Erasmus,M van Lingen,DS Airee,0,0,,,,,,,,,,,,,
1358073,2022/23,2023-02-14,"Tribhuvan University International Cricket Ground, Kirtipur",1,25.1,25.1,Namibia,Nepal,M van Lingen,MG Erasmus,Kushal Malla,0,0,,,,,,,,,,,,,
1358073,2022/23,2023-02-14,"Tribhuvan University International Cricket Ground, Kirtipur",1,25.2,25.2,Namibia,Nepal,M van Lingen,MG Erasmus,Kushal Malla,1,0,,,,,,,,,,,,,
1358073,2022/23,2023-02-14,"Tribhuvan University International Cricket Ground, Kirtipur",1,25.3,25.3,Namibia,Nepal,MG Erasmus,M van Lingen,Kushal Malla,0,0,,,,,,,,,,,,,
1358073,2022/23,2023-02-14,"Tribhuvan University International Cricket Ground, Kirtipur",1,25.4,25.4,Namibia,Nepal,MG Erasmus,M van Lingen,Kushal Malla,1,0,,,,,,,,,,,,,
1358073,2022/23,2023-02-14,"Tribhuvan University International Cricket Ground, Kirtipur",1,25.5,25.5,Namibia,Nepal,M van Lingen,MG Erasmus,Kushal Malla,2,0,,,,,,,,,,,,,
1358073,2022/23,2023-02-14,"Tribhuvan University International Cricket Ground, Kirtipur",1,25.6,25.6,Namibia,Nepal,M van Lingen,MG Erasmus,Kushal Malla,1,0,,,,,,,,,,,,,
1358073,2022/23,2023-02-14,"Tribhuvan University International Cricket Ground, Kirtipur",1,26.1,26.1,Namibia,Nepal,M van Lingen,MG Erasmus,DS Airee,0,0,,,,,,,,,,,,,
1358073,2022/23,2023-02-14,"Tribhuvan University International Cricket Ground, Kirtipur",1,26.2,26.2,Namibia,Nepal,M van Lingen,MG Erasmus,DS Airee,0,0,,,,,,,,,,,,,
1358073,2022/23,2023-02-14,"Tribhuvan University International Cricket Ground, Kirtipur",1,26.3,26.3,Namibia,Nepal,M van Lingen,MG Erasmus,DS Airee,0,0,,,,,,,,,,,,,
1358073,2022/23,2023-02-14,"Tribhuvan University International Cricket Ground, Kirtipur",1,26.4,26.4,Namibia,Nepal,M van Lingen,MG Erasmus,DS Airee,1,0,,,,,,,,,,,,,
1358073,2022/23,2023-02-14,"Tribhuvan University International Cricket Ground, Kirtipur",1,26.5,26.5,Namibia,Nepal,MG Erasmus,M van Lingen,DS Airee,0,0,,,,,,,,,,,,,
1358073,2022/23,2023-02-14,"Tribhuvan University International Cricket Ground, Kirtipur",1,26.6,26.6,Namibia,Nepal,MG Erasmus,M van Lingen,DS Airee,1,0,,,,,,,,,,,,,
1358073,2022/23,2023-02-14,"Tribhuvan University International Cricket Ground, Kirtipur",1,27.1,27.1,Namibia,Nepal,MG Erasmus,M van Lingen,Kushal Malla,0,0,,,,,,,,,,,,,
1358073,2022/23,2023-02-14,"Tribhuvan University International Cricket Ground, Kirtipur",1,27.2,27.2,Namibia,Nepal,MG Erasmus,M van Lingen,Kushal Malla,0,0,,,,,,,,,,,,,
1358073,2022/23,2023-02-14,"Tribhuvan University International Cricket Ground, Kirtipur",1,27.3,27.3,Namibia,Nepal,MG Erasmus,M van Lingen,Kushal Malla,1,0,,,,,,,,,,,,,
1358073,2022/23,2023-02-14,"Tribhuvan University International Cricket Ground, Kirtipur",1,27.4,27.4,Namibia,Nepal,M van Lingen,MG Erasmus,Kushal Malla,1,0,,,,,,,,,,,,,
1358073,2022/23,2023-02-14,"Tribhuvan University International Cricket Ground, Kirtipur",1,27.5,27.5,Namibia,Nepal,MG Erasmus,M van Lingen,Kushal Malla,0,0,,,,,,,,,,,,,
1358073,2022/23,2023-02-14,"Tribhuvan University International Cricket Ground, Kirtipur",1,27.6,27.6,Namibia,Nepal,MG Erasmus,M van Lingen,Kushal Malla,1,0,,,,,,,,,,,,,
1358073,2022/23,2023-02-14,"Tribhuvan University International Cricket Ground, Kirtipur",1,28.1,28.1,Namibia,Nepal,MG Erasmus,M van Lingen,LN Rajbanshi,6,0,,,,,,,,,,,,,
1358073,2022/23,2023-02-14,"Tribhuvan University International Cricket Ground, Kirtipur",1,28.2,28.2,Namibia,Nepal,MG Erasmus,M van Lingen,LN Rajbanshi,0,0,,,,,,,,,,,,,
1358073,2022/23,2023-02-14,"Tribhuvan University International Cricket Ground, Kirtipur",1,28.3,28.3,Namibia,Nepal,MG Erasmus,M van Lingen,LN Rajbanshi,0,0,,,,,,,,,,,,,
1358073,2022/23,2023-02-14,"Tribhuvan University International Cricket Ground, Kirtipur",1,28.4,28.4,Namibia,Nepal,MG Erasmus,M van Lingen,LN Rajbanshi,0,0,,,,,,,,,,,,,
1358073,2022/23,2023-02-14,"Tribhuvan University International Cricket Ground, Kirtipur",1,28.5,28.5,Namibia,Nepal,MG Erasmus,M van Lingen,LN Rajbanshi,0,0,,,,,,,,,,,,,
1358073,2022/23,2023-02-14,"Tribhuvan University International Cricket Ground, Kirtipur",1,28.6,28.6,Namibia,Nepal,MG Erasmus,M van Lingen,LN Rajbanshi,0,0,,,,,,,,,,,,,
1358073,2022/23,2023-02-14,"Tribhuvan University International Cricket Ground, Kirtipur",1,29.1,29.1,Namibia,Nepal,M van Lingen,MG Erasmus,Kushal Malla,1,0,,,,,,,,,,,,,
1358073,2022/23,2023-02-14,"Tribhuvan University International Cricket Ground, Kirtipur",1,29.2,29.2,Namibia,Nepal,MG Erasmus,M van Lingen,Kushal Malla,0,0,,,,,,,,,,,,,
1358073,2022/23,2023-02-14,"Tribhuvan University International Cricket Ground, Kirtipur",1,29.3,29.3,Namibia,Nepal,MG Erasmus,M van Lingen,Kushal Malla,1,0,,,,,,,,,,,,,
1358073,2022/23,2023-02-14,"Tribhuvan University International Cricket Ground, Kirtipur",1,29.4,29.4,Namibia,Nepal,M van Lingen,MG Erasmus,Kushal Malla,1,0,,,,,,,,,,,,,
1358073,2022/23,2023-02-14,"Tribhuvan University International Cricket Ground, Kirtipur",1,29.5,29.5,Namibia,Nepal,MG Erasmus,M van Lingen,Kushal Malla,0,0,,,,,,,,,,,,,
1358073,2022/23,2023-02-14,"Tribhuvan University International Cricket Ground, Kirtipur",1,29.6,29.6,Namibia,Nepal,MG Erasmus,M van Lingen,Kushal Malla,1,0,,,,,,,,,,,,,
1358073,2022/23,2023-02-14,"Tribhuvan University International Cricket Ground, Kirtipur",1,30.1,30.1,Namibia,Nepal,MG Erasmus,M van Lingen,LN Rajbanshi,0,0,,,,,,,,,,,,,
1358073,2022/23,2023-02-14,"Tribhuvan University International Cricket Ground, Kirtipur",1,30.2,30.2,Namibia,Nepal,MG Erasmus,M van Lingen,LN Rajbanshi,1,0,,,,,,,,,,,,,
1358073,2022/23,2023-02-14,"Tribhuvan University International Cricket Ground, Kirtipur",1,30.3,30.3,Namibia,Nepal,M van Lingen,MG Erasmus,LN Rajbanshi,0,1,1,,,,,,,,,,,,
1358073,2022/23,2023-02-14,"Tribhuvan University International Cricket Ground, Kirtipur",1,30.4,30.3,Namibia,Nepal,M van Lingen,MG Erasmus,LN Rajbanshi,6,0,,,,,,,,,,,,,
1358073,2022/23,2023-02-14,"Tribhuvan University International Cricket Ground, Kirtipur",1,30.5,30.4,Namibia,Nepal,M van Lingen,MG Erasmus,LN Rajbanshi,0,0,,,,,,,,,,,,,
1358073,2022/23,2023-02-14,"Tribhuvan University International Cricket Ground, Kirtipur",1,30.6,30.5,Namibia,Nepal,M van Lingen,MG Erasmus,LN Rajbanshi,4,0,,,,,,,,,,,,,
1358073,2022/23,2023-02-14,"Tribhuvan University International Cricket Ground, Kirtipur",1,30.7,30.6,Namibia,Nepal,M van Lingen,MG Erasmus,LN Rajbanshi,1,0,,,,,,,,,,,,,
1358073,2022/23,2023-02-14,"Tribhuvan University International Cricket Ground, Kirtipur",1,31.1,31.1,Namibia,Nepal,M van Lingen,MG Erasmus,Kushal Malla,1,0,,,,,,,,,,,,,
1358073,2022/23,2023-02-14,"Tribhuvan University International Cricket Ground, Kirtipur",1,31.2,31.2,Namibia,Nepal,MG Erasmus,M van Lingen,Kushal Malla,0,0,,,,,,,,,,,,,
1358073,2022/23,2023-02-14,"Tribhuvan University International Cricket Ground, Kirtipur",1,31.3,31.3,Namibia,Nepal,MG Erasmus,M van Lingen,Kushal Malla,0,0,,,,,,,,,,,,,
1358073,2022/23,2023-02-14,"Tribhuvan University International Cricket Ground, Kirtipur",1,31.4,31.4,Namibia,Nepal,MG Erasmus,M van Lingen,Kushal Malla,0,0,,,,,,,,,,,,,
1358073,2022/23,2023-02-14,"Tribhuvan University International Cricket Ground, Kirtipur",1,31.5,31.5,Namibia,Nepal,MG Erasmus,M van Lingen,Kushal Malla,1,0,,,,,,,,,,,,,
1358073,2022/23,2023-02-14,"Tribhuvan University International Cricket Ground, Kirtipur",1,31.6,31.6,Namibia,Nepal,M van Lingen,MG Erasmus,Kushal Malla,1,0,,,,,,,,,,,,,
1358073,2022/23,2023-02-14,"Tribhuvan University International Cricket Ground, Kirtipur",1,32.1,32.1,Namibia,Nepal,M van Lingen,MG Erasmus,S Lamichhane,1,0,,,,,,,,,,,,,
1358073,2022/23,2023-02-14,"Tribhuvan University International Cricket Ground, Kirtipur",1,32.2,32.2,Namibia,Nepal,MG Erasmus,M van Lingen,S Lamichhane,6,0,,,,,,,,,,,,,
1358073,2022/23,2023-02-14,"Tribhuvan University International Cricket Ground, Kirtipur",1,32.3,32.3,Namibia,Nepal,MG Erasmus,M van Lingen,S Lamichhane,1,0,,,,,,,,,,,,,
1358073,2022/23,2023-02-14,"Tribhuvan University International Cricket Ground, Kirtipur",1,32.4,32.4,Namibia,Nepal,M van Lingen,MG Erasmus,S Lamichhane,0,0,,,,,,,,,,,,,
1358073,2022/23,2023-02-14,"Tribhuvan University International Cricket Ground, Kirtipur",1,32.5,32.5,Namibia,Nepal,M van Lingen,MG Erasmus,S Lamichhane,1,0,,,,,,,,,,,,,
1358073,2022/23,2023-02-14,"Tribhuvan University International Cricket Ground, Kirtipur",1,32.6,32.6,Namibia,Nepal,MG Erasmus,M van Lingen,S Lamichhane,1,0,,,,,,,,,,,,,
1358073,2022/23,2023-02-14,"Tribhuvan University International Cricket Ground, Kirtipur",1,33.1,33.1,Namibia,Nepal,MG Erasmus,M van Lingen,Kushal Malla,6,0,,,,,,,,,,,,,
1358073,2022/23,2023-02-14,"Tribhuvan University International Cricket Ground, Kirtipur",1,33.2,33.2,Namibia,Nepal,MG Erasmus,M van Lingen,Kushal Malla,1,0,,,,,,,,,,,,,
1358073,2022/23,2023-02-14,"Tribhuvan University International Cricket Ground, Kirtipur",1,33.3,33.3,Namibia,Nepal,M van Lingen,MG Erasmus,Kushal Malla,0,0,,,,,,,,,,,,,
1358073,2022/23,2023-02-14,"Tribhuvan University International Cricket Ground, Kirtipur",1,33.4,33.4,Namibia,Nepal,M van Lingen,MG Erasmus,Kushal Malla,1,0,,,,,,,,,,,,,
1358073,2022/23,2023-02-14,"Tribhuvan University International Cricket Ground, Kirtipur",1,33.5,33.5,Namibia,Nepal,MG Erasmus,M van Lingen,Kushal Malla,4,0,,,,,,,,,,,,,
1358073,2022/23,2023-02-14,"Tribhuvan University International Cricket Ground, Kirtipur",1,33.6,33.6,Namibia,Nepal,MG Erasmus,M van Lingen,Kushal Malla,0,0,,,,,,,,,,,,,
1358073,2022/23,2023-02-14,"Tribhuvan University International Cricket Ground, Kirtipur",1,34.1,34.1,Namibia,Nepal,M van Lingen,MG Erasmus,S Lamichhane,2,0,,,,,,,,,,,,,
1358073,2022/23,2023-02-14,"Tribhuvan University International Cricket Ground, Kirtipur",1,34.2,34.2,Namibia,Nepal,M van Lingen,MG Erasmus,S Lamichhane,1,0,,,,,,,,,,,,,
1358073,2022/23,2023-02-14,"Tribhuvan University International Cricket Ground, Kirtipur",1,34.3,34.3,Namibia,Nepal,MG Erasmus,M van Lingen,S Lamichhane,1,0,,,,,,,,,,,,,
1358073,2022/23,2023-02-14,"Tribhuvan University International Cricket Ground, Kirtipur",1,34.4,34.4,Namibia,Nepal,M van Lingen,MG Erasmus,S Lamichhane,1,0,,,,,,,,,,,,,
1358073,2022/23,2023-02-14,"Tribhuvan University International Cricket Ground, Kirtipur",1,34.5,34.5,Namibia,Nepal,MG Erasmus,M van Lingen,S Lamichhane,1,0,,,,,,,,,,,,,
1358073,2022/23,2023-02-14,"Tribhuvan University International Cricket Ground, Kirtipur",1,34.6,34.6,Namibia,Nepal,M van Lingen,MG Erasmus,S Lamichhane,0,5,5,,,,,,,,,,,,
1358073,2022/23,2023-02-14,"Tribhuvan University International Cricket Ground, Kirtipur",1,34.7,34.6,Namibia,Nepal,M van Lingen,MG Erasmus,S Lamichhane,1,0,,,,,,,,,,,,,
1358073,2022/23,2023-02-14,"Tribhuvan University International Cricket Ground, Kirtipur",1,35.1,35.1,Namibia,Nepal,M van Lingen,MG Erasmus,Karan KC,0,0,,,,,,,,,,,,,
1358073,2022/23,2023-02-14,"Tribhuvan University International Cricket Ground, Kirtipur",1,35.2,35.2,Namibia,Nepal,M van Lingen,MG Erasmus,Karan KC,4,0,,,,,,,,,,,,,
1358073,2022/23,2023-02-14,"Tribhuvan University International Cricket Ground, Kirtipur",1,35.3,35.3,Namibia,Nepal,M van Lingen,MG Erasmus,Karan KC,1,0,,,,,,,,,,,,,
1358073,2022/23,2023-02-14,"Tribhuvan University International Cricket Ground, Kirtipur",1,35.4,35.4,Namibia,Nepal,MG Erasmus,M van Lingen,Karan KC,0,0,,,,,,,,,,,,,
1358073,2022/23,2023-02-14,"Tribhuvan University International Cricket Ground, Kirtipur",1,35.5,35.5,Namibia,Nepal,MG Erasmus,M van Lingen,Karan KC,0,0,,,,,,,,,,,,,
1358073,2022/23,2023-02-14,"Tribhuvan University International Cricket Ground, Kirtipur",1,35.6,35.6,Namibia,Nepal,MG Erasmus,M van Lingen,Karan KC,1,0,,,,,,,,,,,,,
1358073,2022/23,2023-02-14,"Tribhuvan University International Cricket Ground, Kirtipur",1,36.1,36.1,Namibia,Nepal,MG Erasmus,M van Lingen,Kushal Malla,0,0,,,,,,,caught,MG Erasmus,,,S Lamichhane,,
1358073,2022/23,2023-02-14,"Tribhuvan University International Cricket Ground, Kirtipur",1,36.2,36.2,Namibia,Nepal,JN Loftie-Eaton,M van Lingen,Kushal Malla,1,0,,,,,,,,,,,,,
1358073,2022/23,2023-02-14,"Tribhuvan University International Cricket Ground, Kirtipur",1,36.3,36.3,Namibia,Nepal,M van Lingen,JN Loftie-Eaton,Kushal Malla,2,0,,,,,,,,,,,,,
1358073,2022/23,2023-02-14,"Tribhuvan University International Cricket Ground, Kirtipur",1,36.4,36.4,Namibia,Nepal,M van Lingen,JN Loftie-Eaton,Kushal Malla,0,0,,,,,,,,,,,,,
1358073,2022/23,2023-02-14,"Tribhuvan University International Cricket Ground, Kirtipur",1,36.5,36.5,Namibia,Nepal,M van Lingen,JN Loftie-Eaton,Kushal Malla,1,0,,,,,,,,,,,,,
1358073,2022/23,2023-02-14,"Tribhuvan University International Cricket Ground, Kirtipur",1,36.6,36.6,Namibia,Nepal,JN Loftie-Eaton,M van Lingen,Kushal Malla,0,0,,,,,,,,,,,,,
1358073,2022/23,2023-02-14,"Tribhuvan University International Cricket Ground, Kirtipur",1,37.1,37.1,Namibia,Nepal,M van Lingen,JN Loftie-Eaton,Karan KC,1,0,,,,,,,,,,,,,
1358073,2022/23,2023-02-14,"Tribhuvan University International Cricket Ground, Kirtipur",1,37.2,37.2,Namibia,Nepal,JN Loftie-Eaton,M van Lingen,Karan KC,4,0,,,,,,,,,,,,,
1358073,2022/23,2023-02-14,"Tribhuvan University International Cricket Ground, Kirtipur",1,37.3,37.3,Namibia,Nepal,JN Loftie-Eaton,M van Lingen,Karan KC,0,0,,,,,,,,,,,,,
1358073,2022/23,2023-02-14,"Tribhuvan University International Cricket Ground, Kirtipur",1,37.4,37.4,Namibia,Nepal,JN Loftie-Eaton,M van Lingen,Karan KC,0,0,,,,,,,,,,,,,
1358073,2022/23,2023-02-14,"Tribhuvan University International Cricket Ground, Kirtipur",1,37.5,37.5,Namibia,Nepal,JN Loftie-Eaton,M van Lingen,Karan KC,0,0,,,,,,,,,,,,,
1358073,2022/23,2023-02-14,"Tribhuvan University International Cricket Ground, Kirtipur",1,37.6,37.6,Namibia,Nepal,JN Loftie-Eaton,M van Lingen,Karan KC,1,0,,,,,,,,,,,,,
1358073,2022/23,2023-02-14,"Tribhuvan University International Cricket Ground, Kirtipur",1,38.1,38.1,Namibia,Nepal,JN Loftie-Eaton,M van Lingen,DS Airee,1,0,,,,,,,,,,,,,
1358073,2022/23,2023-02-14,"Tribhuvan University International Cricket Ground, Kirtipur",1,38.2,38.2,Namibia,Nepal,M van Lingen,JN Loftie-Eaton,DS Airee,0,0,,,,,,,,,,,,,
1358073,2022/23,2023-02-14,"Tribhuvan University International Cricket Ground, Kirtipur",1,38.3,38.3,Namibia,Nepal,M van Lingen,JN Loftie-Eaton,DS Airee,0,0,,,,,,,,,,,,,
1358073,2022/23,2023-02-14,"Tribhuvan University International Cricket Ground, Kirtipur",1,38.4,38.4,Namibia,Nepal,M van Lingen,JN Loftie-Eaton,DS Airee,0,0,,,,,,,,,,,,,
1358073,2022/23,2023-02-14,"Tribhuvan University International Cricket Ground, Kirtipur",1,38.5,38.5,Namibia,Nepal,M van Lingen,JN Loftie-Eaton,DS Airee,0,0,,,,,,,,,,,,,
1358073,2022/23,2023-02-14,"Tribhuvan University International Cricket Ground, Kirtipur",1,38.6,38.6,Namibia,Nepal,M van Lingen,JN Loftie-Eaton,DS Airee,1,0,,,,,,,,,,,,,
1358073,2022/23,2023-02-14,"Tribhuvan University International Cricket Ground, Kirtipur",1,39.1,39.1,Namibia,Nepal,M van Lingen,JN Loftie-Eaton,Karan KC,0,0,,,,,,,,,,,,,
1358073,2022/23,2023-02-14,"Tribhuvan University International Cricket Ground, Kirtipur",1,39.2,39.2,Namibia,Nepal,M van Lingen,JN Loftie-Eaton,Karan KC,6,0,,,,,,,,,,,,,
1358073,2022/23,2023-02-14,"Tribhuvan University International Cricket Ground, Kirtipur",1,39.3,39.3,Namibia,Nepal,M van Lingen,JN Loftie-Eaton,Karan KC,1,0,,,,,,,,,,,,,
1358073,2022/23,2023-02-14,"Tribhuvan University International Cricket Ground, Kirtipur",1,39.4,39.4,Namibia,Nepal,JN Loftie-Eaton,M van Lingen,Karan KC,1,0,,,,,,,,,,,,,
1358073,2022/23,2023-02-14,"Tribhuvan University International Cricket Ground, Kirtipur",1,39.5,39.5,Namibia,Nepal,M van Lingen,JN Loftie-Eaton,Karan KC,1,0,,,,,,,,,,,,,
1358073,2022/23,2023-02-14,"Tribhuvan University International Cricket Ground, Kirtipur",1,39.6,39.6,Namibia,Nepal,JN Loftie-Eaton,M van Lingen,Karan KC,0,0,,,,,,,caught,JN Loftie-Eaton,,,G Malla,,
1358073,2022/23,2023-02-14,"Tribhuvan University International Cricket Ground, Kirtipur",1,40.1,40.1,Namibia,Nepal,M van Lingen,JN Frylinck,S Lamichhane,0,0,,,,,,,,,,,,,
1358073,2022/23,2023-02-14,"Tribhuvan University International Cricket Ground, Kirtipur",1,40.2,40.2,Namibia,Nepal,M van Lingen,JN Frylinck,S Lamichhane,0,0,,,,,,,,,,,,,
1358073,2022/23,2023-02-14,"Tribhuvan University International Cricket Ground, Kirtipur",1,40.3,40.3,Namibia,Nepal,M van Lingen,JN Frylinck,S Lamichhane,2,0,,,,,,,,,,,,,
1358073,2022/23,2023-02-14,"Tribhuvan University International Cricket Ground, Kirtipur",1,40.4,40.4,Namibia,Nepal,M van Lingen,JN Frylinck,S Lamichhane,0,0,,,,,,,,,,,,,
1358073,2022/23,2023-02-14,"Tribhuvan University International Cricket Ground, Kirtipur",1,40.5,40.5,Namibia,Nepal,M van Lingen,JN Frylinck,S Lamichhane,6,0,,,,,,,,,,,,,
1358073,2022/23,2023-02-14,"Tribhuvan University International Cricket Ground, Kirtipur",1,40.6,40.6,Namibia,Nepal,M van Lingen,JN Frylinck,S Lamichhane,1,0,,,,,,,,,,,,,
1358073,2022/23,2023-02-14,"Tribhuvan University International Cricket Ground, Kirtipur",1,41.1,41.1,Namibia,Nepal,M van Lingen,JN Frylinck,Sompal Kami,1,0,,,,,,,,,,,,,
1358073,2022/23,2023-02-14,"Tribhuvan University International Cricket Ground, Kirtipur",1,41.2,41.2,Namibia,Nepal,JN Frylinck,M van Lingen,Sompal Kami,1,0,,,,,,,,,,,,,
1358073,2022/23,2023-02-14,"Tribhuvan University International Cricket Ground, Kirtipur",1,41.3,41.3,Namibia,Nepal,M van Lingen,JN Frylinck,Sompal Kami,0,0,,,,,,,,,,,,,
1358073,2022/23,2023-02-14,"Tribhuvan University International Cricket Ground, Kirtipur",1,41.4,41.4,Namibia,Nepal,M van Lingen,JN Frylinck,Sompal Kami,4,0,,,,,,,,,,,,,
1358073,2022/23,2023-02-14,"Tribhuvan University International Cricket Ground, Kirtipur",1,41.5,41.5,Namibia,Nepal,M van Lingen,JN Frylinck,Sompal Kami,1,0,,,,,,,,,,,,,
1358073,2022/23,2023-02-14,"Tribhuvan University International Cricket Ground, Kirtipur",1,41.6,41.6,Namibia,Nepal,JN Frylinck,M van Lingen,Sompal Kami,1,0,,,,,,,,,,,,,
1358073,2022/23,2023-02-14,"Tribhuvan University International Cricket Ground, Kirtipur",1,42.1,42.1,Namibia,Nepal,JN Frylinck,M van Lingen,S Lamichhane,0,0,,,,,,,,,,,,,
1358073,2022/23,2023-02-14,"Tribhuvan University International Cricket Ground, Kirtipur",1,42.2,42.2,Namibia,Nepal,JN Frylinck,M van Lingen,S Lamichhane,6,0,,,,,,,,,,,,,
1358073,2022/23,2023-02-14,"Tribhuvan University International Cricket Ground, Kirtipur",1,42.3,42.3,Namibia,Nepal,JN Frylinck,M van Lingen,S Lamichhane,1,0,,,,,,,,,,,,,
1358073,2022/23,2023-02-14,"Tribhuvan University International Cricket Ground, Kirtipur",1,42.4,42.4,Namibia,Nepal,M van Lingen,JN Frylinck,S Lamichhane,1,0,,,,,,,,,,,,,
1358073,2022/23,2023-02-14,"Tribhuvan University International Cricket Ground, Kirtipur",1,42.5,42.5,Namibia,Nepal,JN Frylinck,M van Lingen,S Lamichhane,1,0,,,,,,,,,,,,,
1358073,2022/23,2023-02-14,"Tribhuvan University International Cricket Ground, Kirtipur",1,42.6,42.6,Namibia,Nepal,M van Lingen,JN Frylinck,S Lamichhane,1,0,,,,,,,,,,,,,
1358073,2022/23,2023-02-14,"Tribhuvan University International Cricket Ground, Kirtipur",1,43.1,43.1,Namibia,Nepal,M van Lingen,JN Frylinck,Sompal Kami,1,0,,,,,,,,,,,,,
1358073,2022/23,2023-02-14,"Tribhuvan University International Cricket Ground, Kirtipur",1,43.2,43.2,Namibia,Nepal,JN Frylinck,M van Lingen,Sompal Kami,1,0,,,,,,,,,,,,,
1358073,2022/23,2023-02-14,"Tribhuvan University International Cricket Ground, Kirtipur",1,43.3,43.3,Namibia,Nepal,M van Lingen,JN Frylinck,Sompal Kami,1,0,,,,,,,,,,,,,
1358073,2022/23,2023-02-14,"Tribhuvan University International Cricket Ground, Kirtipur",1,43.4,43.4,Namibia,Nepal,JN Frylinck,M van Lingen,Sompal Kami,1,0,,,,,,,,,,,,,
1358073,2022/23,2023-02-14,"Tribhuvan University International Cricket Ground, Kirtipur",1,43.5,43.5,Namibia,Nepal,M van Lingen,JN Frylinck,Sompal Kami,1,0,,,,,,,,,,,,,
1358073,2022/23,2023-02-14,"Tribhuvan University International Cricket Ground, Kirtipur",1,43.6,43.6,Namibia,Nepal,JN Frylinck,M van Lingen,Sompal Kami,1,0,,,,,,,,,,,,,
1358073,2022/23,2023-02-14,"Tribhuvan University International Cricket Ground, Kirtipur",1,44.1,44.1,Namibia,Nepal,JN Frylinck,M van Lingen,Karan KC,0,0,,,,,,,bowled,JN Frylinck,,,,,
1358073,2022/23,2023-02-14,"Tribhuvan University International Cricket Ground, Kirtipur",1,44.2,44.2,Namibia,Nepal,ZE Green,M van Lingen,Karan KC,0,0,,,,,,,,,,,,,
1358073,2022/23,2023-02-14,"Tribhuvan University International Cricket Ground, Kirtipur",1,44.3,44.3,Namibia,Nepal,ZE Green,M van Lingen,Karan KC,1,0,,,,,,,,,,,,,
1358073,2022/23,2023-02-14,"Tribhuvan University International Cricket Ground, Kirtipur",1,44.4,44.4,Namibia,Nepal,M van Lingen,ZE Green,Karan KC,4,0,,,,,,,,,,,,,
1358073,2022/23,2023-02-14,"Tribhuvan University International Cricket Ground, Kirtipur",1,44.5,44.5,Namibia,Nepal,M van Lingen,ZE Green,Karan KC,1,0,,,,,,,,,,,,,
1358073,2022/23,2023-02-14,"Tribhuvan University International Cricket Ground, Kirtipur",1,44.6,44.6,Namibia,Nepal,ZE Green,M van Lingen,Karan KC,4,0,,,,,,,,,,,,,
1358073,2022/23,2023-02-14,"Tribhuvan University International Cricket Ground, Kirtipur",1,45.1,45.1,Namibia,Nepal,M van Lingen,ZE Green,Sompal Kami,3,0,,,,,,,,,,,,,
1358073,2022/23,2023-02-14,"Tribhuvan University International Cricket Ground, Kirtipur",1,45.2,45.2,Namibia,Nepal,ZE Green,M van Lingen,Sompal Kami,0,0,,,,,,,,,,,,,
1358073,2022/23,2023-02-14,"Tribhuvan University International Cricket Ground, Kirtipur",1,45.3,45.3,Namibia,Nepal,ZE Green,M van Lingen,Sompal Kami,4,0,,,,,,,,,,,,,
1358073,2022/23,2023-02-14,"Tribhuvan University International Cricket Ground, Kirtipur",1,45.4,45.4,Namibia,Nepal,ZE Green,M van Lingen,Sompal Kami,1,0,,,,,,,,,,,,,
1358073,2022/23,2023-02-14,"Tribhuvan University International Cricket Ground, Kirtipur",1,45.5,45.5,Namibia,Nepal,M van Lingen,ZE Green,Sompal Kami,1,0,,,,,,,,,,,,,
1358073,2022/23,2023-02-14,"Tribhuvan University International Cricket Ground, Kirtipur",1,45.6,45.6,Namibia,Nepal,ZE Green,M van Lingen,Sompal Kami,1,0,,,,,,,,,,,,,
1358073,2022/23,2023-02-14,"Tribhuvan University International Cricket Ground, Kirtipur",1,46.1,46.1,Namibia,Nepal,ZE Green,M van Lingen,Karan KC,2,0,,,,,,,,,,,,,
1358073,2022/23,2023-02-14,"Tribhuvan University International Cricket Ground, Kirtipur",1,46.2,46.2,Namibia,Nepal,ZE Green,M van Lingen,Karan KC,1,0,,,,,,,,,,,,,
1358073,2022/23,2023-02-14,"Tribhuvan University International Cricket Ground, Kirtipur",1,46.3,46.3,Namibia,Nepal,M van Lingen,ZE Green,Karan KC,4,0,,,,,,,,,,,,,
1358073,2022/23,2023-02-14,"Tribhuvan University International Cricket Ground, Kirtipur",1,46.4,46.4,Namibia,Nepal,M van Lingen,ZE Green,Karan KC,1,0,,,,,,,,,,,,,
1358073,2022/23,2023-02-14,"Tribhuvan University International Cricket Ground, Kirtipur",1,46.5,46.5,Namibia,Nepal,ZE Green,M van Lingen,Karan KC,1,0,,,,,,,,,,,,,
1358073,2022/23,2023-02-14,"Tribhuvan University International Cricket Ground, Kirtipur",1,46.6,46.6,Namibia,Nepal,M van Lingen,ZE Green,Karan KC,0,0,,,,,,,caught,M van Lingen,,,DS Airee,,
1358073,2022/23,2023-02-14,"Tribhuvan University International Cricket Ground, Kirtipur",1,47.1,47.1,Namibia,Nepal,ZE Green,HN Ya France,Sompal Kami,1,0,,,,,,,,,,,,,
1358073,2022/23,2023-02-14,"Tribhuvan University International Cricket Ground, Kirtipur",1,47.2,47.2,Namibia,Nepal,HN Ya France,ZE Green,Sompal Kami,1,0,,,,,,,,,,,,,
1358073,2022/23,2023-02-14,"Tribhuvan University International Cricket Ground, Kirtipur",1,47.3,47.3,Namibia,Nepal,ZE Green,HN Ya France,Sompal Kami,2,0,,,,,,,,,,,,,
1358073,2022/23,2023-02-14,"Tribhuvan University International Cricket Ground, Kirtipur",1,47.4,47.4,Namibia,Nepal,ZE Green,HN Ya France,Sompal Kami,1,0,,,,,,,,,,,,,
1358073,2022/23,2023-02-14,"Tribhuvan University International Cricket Ground, Kirtipur",1,47.5,47.5,Namibia,Nepal,HN Ya France,ZE Green,Sompal Kami,1,0,,,,,,,,,,,,,
1358073,2022/23,2023-02-14,"Tribhuvan University International Cricket Ground, Kirtipur",1,47.6,47.6,Namibia,Nepal,ZE Green,HN Ya France,Sompal Kami,6,0,,,,,,,,,,,,,
1358073,2022/23,2023-02-14,"Tribhuvan University International Cricket Ground, Kirtipur",1,48.1,48.1,Namibia,Nepal,HN Ya France,ZE Green,S Lamichhane,0,0,,,,,,,caught,HN Ya France,,,G Malla,,
1358073,2022/23,2023-02-14,"Tribhuvan University International Cricket Ground, Kirtipur",1,48.2,48.2,Namibia,Nepal,R Trumpelmann,ZE Green,S Lamichhane,1,0,,,,,,,,,,,,,
1358073,2022/23,2023-02-14,"Tribhuvan University International Cricket Ground, Kirtipur",1,48.3,48.3,Namibia,Nepal,ZE Green,R Trumpelmann,S Lamichhane,1,0,,,,,,,,,,,,,
1358073,2022/23,2023-02-14,"Tribhuvan University International Cricket Ground, Kirtipur",1,48.4,48.4,Namibia,Nepal,R Trumpelmann,ZE Green,S Lamichhane,6,0,,,,,,,,,,,,,
1358073,2022/23,2023-02-14,"Tribhuvan University International Cricket Ground, Kirtipur",1,48.5,48.5,Namibia,Nepal,R Trumpelmann,ZE Green,S Lamichhane,4,0,,,,,,,,,,,,,
1358073,2022/23,2023-02-14,"Tribhuvan University International Cricket Ground, Kirtipur",1,48.6,48.6,Namibia,Nepal,R Trumpelmann,ZE Green,S Lamichhane,0,0,,,,,,,bowled,R Trumpelmann,,,,,
1358073,2022/23,2023-02-14,"Tribhuvan University International Cricket Ground, Kirtipur",1,49.1,49.1,Namibia,Nepal,ZE Green,BM Scholtz,Karan KC,4,0,,,,,,,,,,,,,
1358073,2022/23,2023-02-14,"Tribhuvan University International Cricket Ground, Kirtipur",1,49.2,49.2,Namibia,Nepal,ZE Green,BM Scholtz,Karan KC,0,0,,,,,,,,,,,,,
1358073,2022/23,2023-02-14,"Tribhuvan University International Cricket Ground, Kirtipur",1,49.3,49.3,Namibia,Nepal,ZE Green,BM Scholtz,Karan KC,4,0,,,,,,,,,,,,,
1358073,2022/23,2023-02-14,"Tribhuvan University International Cricket Ground, Kirtipur",1,49.4,49.4,Namibia,Nepal,ZE Green,BM Scholtz,Karan KC,0,0,,,,,,,caught,ZE Green,,,Aasif Sheikh,,
1358073,2022/23,2023-02-14,"Tribhuvan University International Cricket Ground, Kirtipur",1,49.5,49.5,Namibia,Nepal,T Lungameni,BM Scholtz,Karan KC,1,0,,,,,,,,,,,,,
1358073,2022/23,2023-02-14,"Tribhuvan University International Cricket Ground, Kirtipur",1,49.6,49.6,Namibia,Nepal,BM Scholtz,T Lungameni,Karan KC,0,0,,,,,,,caught,BM Scholtz,,,RK Paudel,,
1358073,2022/23,2023-02-14,"Tribhuvan University International Cricket Ground, Kirtipur",2,0.1,0.1,Nepal,Namibia,K Bhurtel,Aasif Sheikh,R Trumpelmann,0,1,1,,,,,,,,,,,,
1358073,2022/23,2023-02-14,"Tribhuvan University International Cricket Ground, Kirtipur",2,0.2,0.1,Nepal,Namibia,K Bhurtel,Aasif Sheikh,R Trumpelmann,0,0,,,,,,,,,,,,,
1358073,2022/23,2023-02-14,"Tribhuvan University International Cricket Ground, Kirtipur",2,0.3,0.2,Nepal,Namibia,K Bhurtel,Aasif Sheikh,R Trumpelmann,0,1,1,,,,,,,,,,,,
1358073,2022/23,2023-02-14,"Tribhuvan University International Cricket Ground, Kirtipur",2,0.4,0.2,Nepal,Namibia,K Bhurtel,Aasif Sheikh,R Trumpelmann,0,1,1,,,,,,,,,,,,
1358073,2022/23,2023-02-14,"Tribhuvan University International Cricket Ground, Kirtipur",2,0.5,0.2,Nepal,Namibia,K Bhurtel,Aasif Sheikh,R Trumpelmann,0,0,,,,,,,,,,,,,
1358073,2022/23,2023-02-14,"Tribhuvan University International Cricket Ground, Kirtipur",2,0.6,0.3,Nepal,Namibia,K Bhurtel,Aasif Sheikh,R Trumpelmann,0,0,,,,,,,,,,,,,
1358073,2022/23,2023-02-14,"Tribhuvan University International Cricket Ground, Kirtipur",2,0.7,0.4,Nepal,Namibia,K Bhurtel,Aasif Sheikh,R Trumpelmann,0,0,,,,,,,,,,,,,
1358073,2022/23,2023-02-14,"Tribhuvan University International Cricket Ground, Kirtipur",2,0.8,0.5,Nepal,Namibia,K Bhurtel,Aasif Sheikh,R Trumpelmann,0,0,,,,,,,,,,,,,
1358073,2022/23,2023-02-14,"Tribhuvan University International Cricket Ground, Kirtipur",2,0.9,0.6,Nepal,Namibia,K Bhurtel,Aasif Sheikh,R Trumpelmann,0,0,,,,,,,,,,,,,
1358073,2022/23,2023-02-14,"Tribhuvan University International Cricket Ground, Kirtipur",2,1.1,1.1,Nepal,Namibia,Aasif Sheikh,K Bhurtel,BM Scholtz,0,0,,,,,,,,,,,,,
1358073,2022/23,2023-02-14,"Tribhuvan University International Cricket Ground, Kirtipur",2,1.2,1.2,Nepal,Namibia,Aasif Sheikh,K Bhurtel,BM Scholtz,0,0,,,,,,,,,,,,,
1358073,2022/23,2023-02-14,"Tribhuvan University International Cricket Ground, Kirtipur",2,1.3,1.3,Nepal,Namibia,Aasif Sheikh,K Bhurtel,BM Scholtz,0,0,,,,,,,,,,,,,
1358073,2022/23,2023-02-14,"Tribhuvan University International Cricket Ground, Kirtipur",2,1.4,1.4,Nepal,Namibia,Aasif Sheikh,K Bhurtel,BM Scholtz,0,0,,,,,,,,,,,,,
1358073,2022/23,2023-02-14,"Tribhuvan University International Cricket Ground, Kirtipur",2,1.5,1.5,Nepal,Namibia,Aasif Sheikh,K Bhurtel,BM Scholtz,0,0,,,,,,,bowled,Aasif Sheikh,,,,,
1358073,2022/23,2023-02-14,"Tribhuvan University International Cricket Ground, Kirtipur",2,1.6,1.6,Nepal,Namibia,G Malla,K Bhurtel,BM Scholtz,0,0,,,,,,,,,,,,,
1358073,2022/23,2023-02-14,"Tribhuvan University International Cricket Ground, Kirtipur",2,2.1,2.1,Nepal,Namibia,K Bhurtel,G Malla,R Trumpelmann,1,0,,,,,,,,,,,,,
1358073,2022/23,2023-02-14,"Tribhuvan University International Cricket Ground, Kirtipur",2,2.2,2.2,Nepal,Namibia,G Malla,K Bhurtel,R Trumpelmann,1,0,,,,,,,,,,,,,
1358073,2022/23,2023-02-14,"Tribhuvan University International Cricket Ground, Kirtipur",2,2.3,2.3,Nepal,Namibia,K Bhurtel,G Malla,R Trumpelmann,1,0,,,,,,,,,,,,,
1358073,2022/23,2023-02-14,"Tribhuvan University International Cricket Ground, Kirtipur",2,2.4,2.4,Nepal,Namibia,G Malla,K Bhurtel,R Trumpelmann,0,0,,,,,,,,,,,,,
1358073,2022/23,2023-02-14,"Tribhuvan University International Cricket Ground, Kirtipur",2,2.5,2.5,Nepal,Namibia,G Malla,K Bhurtel,R Trumpelmann,0,0,,,,,,,,,,,,,
1358073,2022/23,2023-02-14,"Tribhuvan University International Cricket Ground, Kirtipur",2,2.6,2.6,Nepal,Namibia,G Malla,K Bhurtel,R Trumpelmann,0,0,,,,,,,,,,,,,
1358073,2022/23,2023-02-14,"Tribhuvan University International Cricket Ground, Kirtipur",2,3.1,3.1,Nepal,Namibia,K Bhurtel,G Malla,BM Scholtz,0,0,,,,,,,,,,,,,
1358073,2022/23,2023-02-14,"Tribhuvan University International Cricket Ground, Kirtipur",2,3.2,3.2,Nepal,Namibia,K Bhurtel,G Malla,BM Scholtz,4,0,,,,,,,,,,,,,
1358073,2022/23,2023-02-14,"Tribhuvan University International Cricket Ground, Kirtipur",2,3.3,3.3,Nepal,Namibia,K Bhurtel,G Malla,BM Scholtz,0,0,,,,,,,,,,,,,
1358073,2022/23,2023-02-14,"Tribhuvan University International Cricket Ground, Kirtipur",2,3.4,3.4,Nepal,Namibia,K Bhurtel,G Malla,BM Scholtz,6,0,,,,,,,,,,,,,
1358073,2022/23,2023-02-14,"Tribhuvan University International Cricket Ground, Kirtipur",2,3.5,3.5,Nepal,Namibia,K Bhurtel,G Malla,BM Scholtz,0,0,,,,,,,,,,,,,
1358073,2022/23,2023-02-14,"Tribhuvan University International Cricket Ground, Kirtipur",2,3.6,3.6,Nepal,Namibia,K Bhurtel,G Malla,BM Scholtz,0,0,,,,,,,,,,,,,
1358073,2022/23,2023-02-14,"Tribhuvan University International Cricket Ground, Kirtipur",2,4.1,4.1,Nepal,Namibia,G Malla,K Bhurtel,R Trumpelmann,0,0,,,,,,,,,,,,,
1358073,2022/23,2023-02-14,"Tribhuvan University International Cricket Ground, Kirtipur",2,4.2,4.2,Nepal,Namibia,G Malla,K Bhurtel,R Trumpelmann,4,0,,,,,,,,,,,,,
1358073,2022/23,2023-02-14,"Tribhuvan University International Cricket Ground, Kirtipur",2,4.3,4.3,Nepal,Namibia,G Malla,K Bhurtel,R Trumpelmann,4,0,,,,,,,,,,,,,
1358073,2022/23,2023-02-14,"Tribhuvan University International Cricket Ground, Kirtipur",2,4.4,4.4,Nepal,Namibia,G Malla,K Bhurtel,R Trumpelmann,0,1,1,,,,,,,,,,,,
1358073,2022/23,2023-02-14,"Tribhuvan University International Cricket Ground, Kirtipur",2,4.5,4.4,Nepal,Namibia,G Malla,K Bhurtel,R Trumpelmann,0,0,,,,,,,,,,,,,
1358073,2022/23,2023-02-14,"Tribhuvan University International Cricket Ground, Kirtipur",2,4.6,4.5,Nepal,Namibia,G Malla,K Bhurtel,R Trumpelmann,0,0,,,,,,,,,,,,,
1358073,2022/23,2023-02-14,"Tribhuvan University International Cricket Ground, Kirtipur",2,4.7,4.6,Nepal,Namibia,G Malla,K Bhurtel,R Trumpelmann,0,1,1,,,,,,,,,,,,
1358073,2022/23,2023-02-14,"Tribhuvan University International Cricket Ground, Kirtipur",2,4.8,4.6,Nepal,Namibia,G Malla,K Bhurtel,R Trumpelmann,0,0,,,,,,,,,,,,,
1358073,2022/23,2023-02-14,"Tribhuvan University International Cricket Ground, Kirtipur",2,5.1,5.1,Nepal,Namibia,K Bhurtel,G Malla,MG Erasmus,4,0,,,,,,,,,,,,,
1358073,2022/23,2023-02-14,"Tribhuvan University International Cricket Ground, Kirtipur",2,5.2,5.2,Nepal,Namibia,K Bhurtel,G Malla,MG Erasmus,0,0,,,,,,,,,,,,,
1358073,2022/23,2023-02-14,"Tribhuvan University International Cricket Ground, Kirtipur",2,5.3,5.3,Nepal,Namibia,K Bhurtel,G Malla,MG Erasmus,4,0,,,,,,,,,,,,,
1358073,2022/23,2023-02-14,"Tribhuvan University International Cricket Ground, Kirtipur",2,5.4,5.4,Nepal,Namibia,K Bhurtel,G Malla,MG Erasmus,0,0,,,,,,,,,,,,,
1358073,2022/23,2023-02-14,"Tribhuvan University International Cricket Ground, Kirtipur",2,5.5,5.5,Nepal,Namibia,K Bhurtel,G Malla,MG Erasmus,0,0,,,,,,,,,,,,,
1358073,2022/23,2023-02-14,"Tribhuvan University International Cricket Ground, Kirtipur",2,5.6,5.6,Nepal,Namibia,K Bhurtel,G Malla,MG Erasmus,0,0,,,,,,,,,,,,,
1358073,2022/23,2023-02-14,"Tribhuvan University International Cricket Ground, Kirtipur",2,6.1,6.1,Nepal,Namibia,G Malla,K Bhurtel,T Lungameni,0,0,,,,,,,,,,,,,
1358073,2022/23,2023-02-14,"Tribhuvan University International Cricket Ground, Kirtipur",2,6.2,6.2,Nepal,Namibia,G Malla,K Bhurtel,T Lungameni,2,0,,,,,,,,,,,,,
1358073,2022/23,2023-02-14,"Tribhuvan University International Cricket Ground, Kirtipur",2,6.3,6.3,Nepal,Namibia,G Malla,K Bhurtel,T Lungameni,0,0,,,,,,,,,,,,,
1358073,2022/23,2023-02-14,"Tribhuvan University International Cricket Ground, Kirtipur",2,6.4,6.4,Nepal,Namibia,G Malla,K Bhurtel,T Lungameni,0,0,,,,,,,,,,,,,
1358073,2022/23,2023-02-14,"Tribhuvan University International Cricket Ground, Kirtipur",2,6.5,6.5,Nepal,Namibia,G Malla,K Bhurtel,T Lungameni,0,0,,,,,,,,,,,,,
1358073,2022/23,2023-02-14,"Tribhuvan University International Cricket Ground, Kirtipur",2,6.6,6.6,Nepal,Namibia,G Malla,K Bhurtel,T Lungameni,0,0,,,,,,,,,,,,,
1358073,2022/23,2023-02-14,"Tribhuvan University International Cricket Ground, Kirtipur",2,7.1,7.1,Nepal,Namibia,K Bhurtel,G Malla,MG Erasmus,1,0,,,,,,,,,,,,,
1358073,2022/23,2023-02-14,"Tribhuvan University International Cricket Ground, Kirtipur",2,7.2,7.2,Nepal,Namibia,G Malla,K Bhurtel,MG Erasmus,1,0,,,,,,,,,,,,,
1358073,2022/23,2023-02-14,"Tribhuvan University International Cricket Ground, Kirtipur",2,7.3,7.3,Nepal,Namibia,K Bhurtel,G Malla,MG Erasmus,0,0,,,,,,,,,,,,,
1358073,2022/23,2023-02-14,"Tribhuvan University International Cricket Ground, Kirtipur",2,7.4,7.4,Nepal,Namibia,K Bhurtel,G Malla,MG Erasmus,0,0,,,,,,,,,,,,,
1358073,2022/23,2023-02-14,"Tribhuvan University International Cricket Ground, Kirtipur",2,7.5,7.5,Nepal,Namibia,K Bhurtel,G Malla,MG Erasmus,0,0,,,,,,,,,,,,,
1358073,2022/23,2023-02-14,"Tribhuvan University International Cricket Ground, Kirtipur",2,7.6,7.6,Nepal,Namibia,K Bhurtel,G Malla,MG Erasmus,0,0,,,,,,,,,,,,,
1358073,2022/23,2023-02-14,"Tribhuvan University International Cricket Ground, Kirtipur",2,8.1,8.1,Nepal,Namibia,G Malla,K Bhurtel,T Lungameni,0,0,,,,,,,,,,,,,
1358073,2022/23,2023-02-14,"Tribhuvan University International Cricket Ground, Kirtipur",2,8.2,8.2,Nepal,Namibia,G Malla,K Bhurtel,T Lungameni,0,0,,,,,,,,,,,,,
1358073,2022/23,2023-02-14,"Tribhuvan University International Cricket Ground, Kirtipur",2,8.3,8.3,Nepal,Namibia,G Malla,K Bhurtel,T Lungameni,0,0,,,,,,,,,,,,,
1358073,2022/23,2023-02-14,"Tribhuvan University International Cricket Ground, Kirtipur",2,8.4,8.4,Nepal,Namibia,G Malla,K Bhurtel,T Lungameni,2,0,,,,,,,,,,,,,
1358073,2022/23,2023-02-14,"Tribhuvan University International Cricket Ground, Kirtipur",2,8.5,8.5,Nepal,Namibia,G Malla,K Bhurtel,T Lungameni,1,0,,,,,,,,,,,,,
1358073,2022/23,2023-02-14,"Tribhuvan University International Cricket Ground, Kirtipur",2,8.6,8.6,Nepal,Namibia,K Bhurtel,G Malla,T Lungameni,0,0,,,,,,,,,,,,,
1358073,2022/23,2023-02-14,"Tribhuvan University International Cricket Ground, Kirtipur",2,9.1,9.1,Nepal,Namibia,G Malla,K Bhurtel,MG Erasmus,0,0,,,,,,,,,,,,,
1358073,2022/23,2023-02-14,"Tribhuvan University International Cricket Ground, Kirtipur",2,9.2,9.2,Nepal,Namibia,G Malla,K Bhurtel,MG Erasmus,0,0,,,,,,,,,,,,,
1358073,2022/23,2023-02-14,"Tribhuvan University International Cricket Ground, Kirtipur",2,9.3,9.3,Nepal,Namibia,G Malla,K Bhurtel,MG Erasmus,0,1,1,,,,,,,,,,,,
1358073,2022/23,2023-02-14,"Tribhuvan University International Cricket Ground, Kirtipur",2,9.4,9.3,Nepal,Namibia,G Malla,K Bhurtel,MG Erasmus,0,0,,,,,,,,,,,,,
1358073,2022/23,2023-02-14,"Tribhuvan University International Cricket Ground, Kirtipur",2,9.5,9.4,Nepal,Namibia,G Malla,K Bhurtel,MG Erasmus,4,0,,,,,,,,,,,,,
1358073,2022/23,2023-02-14,"Tribhuvan University International Cricket Ground, Kirtipur",2,9.6,9.5,Nepal,Namibia,G Malla,K Bhurtel,MG Erasmus,0,0,,,,,,,,,,,,,
1358073,2022/23,2023-02-14,"Tribhuvan University International Cricket Ground, Kirtipur",2,9.7,9.6,Nepal,Namibia,G Malla,K Bhurtel,MG Erasmus,1,0,,,,,,,,,,,,,
1358073,2022/23,2023-02-14,"Tribhuvan University International Cricket Ground, Kirtipur",2,10.1,10.1,Nepal,Namibia,G Malla,K Bhurtel,T Lungameni,4,0,,,,,,,,,,,,,
1358073,2022/23,2023-02-14,"Tribhuvan University International Cricket Ground, Kirtipur",2,10.2,10.2,Nepal,Namibia,G Malla,K Bhurtel,T Lungameni,0,0,,,,,,,,,,,,,
1358073,2022/23,2023-02-14,"Tribhuvan University International Cricket Ground, Kirtipur",2,10.3,10.3,Nepal,Namibia,G Malla,K Bhurtel,T Lungameni,0,0,,,,,,,,,,,,,
1358073,2022/23,2023-02-14,"Tribhuvan University International Cricket Ground, Kirtipur",2,10.4,10.4,Nepal,Namibia,G Malla,K Bhurtel,T Lungameni,0,0,,,,,,,,,,,,,
1358073,2022/23,2023-02-14,"Tribhuvan University International Cricket Ground, Kirtipur",2,10.5,10.5,Nepal,Namibia,G Malla,K Bhurtel,T Lungameni,1,0,,,,,,,,,,,,,
1358073,2022/23,2023-02-14,"Tribhuvan University International Cricket Ground, Kirtipur",2,10.6,10.6,Nepal,Namibia,K Bhurtel,G Malla,T Lungameni,0,0,,,,,,,,,,,,,
1358073,2022/23,2023-02-14,"Tribhuvan University International Cricket Ground, Kirtipur",2,11.1,11.1,Nepal,Namibia,G Malla,K Bhurtel,JN Loftie-Eaton,0,1,1,,,,,,,,,,,,
1358073,2022/23,2023-02-14,"Tribhuvan University International Cricket Ground, Kirtipur",2,11.2,11.1,Nepal,Namibia,G Malla,K Bhurtel,JN Loftie-Eaton,0,0,,,,,,,lbw,G Malla,,,,,
1358073,2022/23,2023-02-14,"Tribhuvan University International Cricket Ground, Kirtipur",2,11.3,11.2,Nepal,Namibia,RK Paudel,K Bhurtel,JN Loftie-Eaton,0,0,,,,,,,,,,,,,
1358073,2022/23,2023-02-14,"Tribhuvan University International Cricket Ground, Kirtipur",2,11.4,11.3,Nepal,Namibia,RK Paudel,K Bhurtel,JN Loftie-Eaton,0,0,,,,,,,,,,,,,
1358073,2022/23,2023-02-14,"Tribhuvan University International Cricket Ground, Kirtipur",2,11.5,11.4,Nepal,Namibia,RK Paudel,K Bhurtel,JN Loftie-Eaton,1,0,,,,,,,,,,,,,
1358073,2022/23,2023-02-14,"Tribhuvan University International Cricket Ground, Kirtipur",2,11.6,11.5,Nepal,Namibia,K Bhurtel,RK Paudel,JN Loftie-Eaton,1,0,,,,,,,,,,,,,
1358073,2022/23,2023-02-14,"Tribhuvan University International Cricket Ground, Kirtipur",2,11.7,11.6,Nepal,Namibia,RK Paudel,K Bhurtel,JN Loftie-Eaton,0,0,,,,,,,,,,,,,
1358073,2022/23,2023-02-14,"Tribhuvan University International Cricket Ground, Kirtipur",2,12.1,12.1,Nepal,Namibia,K Bhurtel,RK Paudel,BM Scholtz,0,0,,,,,,,,,,,,,
1358073,2022/23,2023-02-14,"Tribhuvan University International Cricket Ground, Kirtipur",2,12.2,12.2,Nepal,Namibia,K Bhurtel,RK Paudel,BM Scholtz,4,0,,,,,,,,,,,,,
1358073,2022/23,2023-02-14,"Tribhuvan University International Cricket Ground, Kirtipur",2,12.3,12.3,Nepal,Namibia,K Bhurtel,RK Paudel,BM Scholtz,1,0,,,,,,,,,,,,,
1358073,2022/23,2023-02-14,"Tribhuvan University International Cricket Ground, Kirtipur",2,12.4,12.4,Nepal,Namibia,RK Paudel,K Bhurtel,BM Scholtz,1,0,,,,,,,,,,,,,
1358073,2022/23,2023-02-14,"Tribhuvan University International Cricket Ground, Kirtipur",2,12.5,12.5,Nepal,Namibia,K Bhurtel,RK Paudel,BM Scholtz,0,0,,,,,,,,,,,,,
1358073,2022/23,2023-02-14,"Tribhuvan University International Cricket Ground, Kirtipur",2,12.6,12.6,Nepal,Namibia,K Bhurtel,RK Paudel,BM Scholtz,1,0,,,,,,,,,,,,,
1358073,2022/23,2023-02-14,"Tribhuvan University International Cricket Ground, Kirtipur",2,13.1,13.1,Nepal,Namibia,K Bhurtel,RK Paudel,JN Loftie-Eaton,0,0,,,,,,,,,,,,,
1358073,2022/23,2023-02-14,"Tribhuvan University International Cricket Ground, Kirtipur",2,13.2,13.2,Nepal,Namibia,K Bhurtel,RK Paudel,JN Loftie-Eaton,1,0,,,,,,,,,,,,,
1358073,2022/23,2023-02-14,"Tribhuvan University International Cricket Ground, Kirtipur",2,13.3,13.3,Nepal,Namibia,RK Paudel,K Bhurtel,JN Loftie-Eaton,4,0,,,,,,,,,,,,,
1358073,2022/23,2023-02-14,"Tribhuvan University International Cricket Ground, Kirtipur",2,13.4,13.4,Nepal,Namibia,RK Paudel,K Bhurtel,JN Loftie-Eaton,1,0,,,,,,,,,,,,,
1358073,2022/23,2023-02-14,"Tribhuvan University International Cricket Ground, Kirtipur",2,13.5,13.5,Nepal,Namibia,K Bhurtel,RK Paudel,JN Loftie-Eaton,1,0,,,,,,,,,,,,,
1358073,2022/23,2023-02-14,"Tribhuvan University International Cricket Ground, Kirtipur",2,13.6,13.6,Nepal,Namibia,RK Paudel,K Bhurtel,JN Loftie-Eaton,1,0,,,,,,,,,,,,,
1358073,2022/23,2023-02-14,"Tribhuvan University International Cricket Ground, Kirtipur",2,14.1,14.1,Nepal,Namibia,RK Paudel,K Bhurtel,BM Scholtz,0,0,,,,,,,,,,,,,
1358073,2022/23,2023-02-14,"Tribhuvan University International Cricket Ground, Kirtipur",2,14.2,14.2,Nepal,Namibia,RK Paudel,K Bhurtel,BM Scholtz,0,0,,,,,,,,,,,,,
1358073,2022/23,2023-02-14,"Tribhuvan University International Cricket Ground, Kirtipur",2,14.3,14.3,Nepal,Namibia,RK Paudel,K Bhurtel,BM Scholtz,1,0,,,,,,,,,,,,,
1358073,2022/23,2023-02-14,"Tribhuvan University International Cricket Ground, Kirtipur",2,14.4,14.4,Nepal,Namibia,K Bhurtel,RK Paudel,BM Scholtz,4,0,,,,,,,,,,,,,
1358073,2022/23,2023-02-14,"Tribhuvan University International Cricket Ground, Kirtipur",2,14.5,14.5,Nepal,Namibia,K Bhurtel,RK Paudel,BM Scholtz,0,0,,,,,,,,,,,,,
1358073,2022/23,2023-02-14,"Tribhuvan University International Cricket Ground, Kirtipur",2,14.6,14.6,Nepal,Namibia,K Bhurtel,RK Paudel,BM Scholtz,0,0,,,,,,,,,,,,,
1358073,2022/23,2023-02-14,"Tribhuvan University International Cricket Ground, Kirtipur",2,15.1,15.1,Nepal,Namibia,RK Paudel,K Bhurtel,JN Loftie-Eaton,0,0,,,,,,,,,,,,,
1358073,2022/23,2023-02-14,"Tribhuvan University International Cricket Ground, Kirtipur",2,15.2,15.2,Nepal,Namibia,RK Paudel,K Bhurtel,JN Loftie-Eaton,6,0,,,,,,,,,,,,,
1358073,2022/23,2023-02-14,"Tribhuvan University International Cricket Ground, Kirtipur",2,15.3,15.3,Nepal,Namibia,RK Paudel,K Bhurtel,JN Loftie-Eaton,1,0,,,,,,,,,,,,,
1358073,2022/23,2023-02-14,"Tribhuvan University International Cricket Ground, Kirtipur",2,15.4,15.4,Nepal,Namibia,K Bhurtel,RK Paudel,JN Loftie-Eaton,4,0,,,,,,,,,,,,,
1358073,2022/23,2023-02-14,"Tribhuvan University International Cricket Ground, Kirtipur",2,15.5,15.5,Nepal,Namibia,K Bhurtel,RK Paudel,JN Loftie-Eaton,1,0,,,,,,,,,,,,,
1358073,2022/23,2023-02-14,"Tribhuvan University International Cricket Ground, Kirtipur",2,15.6,15.6,Nepal,Namibia,RK Paudel,K Bhurtel,JN Loftie-Eaton,1,0,,,,,,,,,,,,,
1358073,2022/23,2023-02-14,"Tribhuvan University International Cricket Ground, Kirtipur",2,16.1,16.1,Nepal,Namibia,RK Paudel,K Bhurtel,BM Scholtz,1,0,,,,,,,,,,,,,
1358073,2022/23,2023-02-14,"Tribhuvan University International Cricket Ground, Kirtipur",2,16.2,16.2,Nepal,Namibia,K Bhurtel,RK Paudel,BM Scholtz,1,0,,,,,,,,,,,,,
1358073,2022/23,2023-02-14,"Tribhuvan University International Cricket Ground, Kirtipur",2,16.3,16.3,Nepal,Namibia,RK Paudel,K Bhurtel,BM Scholtz,0,0,,,,,,,,,,,,,
1358073,2022/23,2023-02-14,"Tribhuvan University International Cricket Ground, Kirtipur",2,16.4,16.4,Nepal,Namibia,RK Paudel,K Bhurtel,BM Scholtz,0,0,,,,,,,,,,,,,
1358073,2022/23,2023-02-14,"Tribhuvan University International Cricket Ground, Kirtipur",2,16.5,16.5,Nepal,Namibia,RK Paudel,K Bhurtel,BM Scholtz,1,0,,,,,,,,,,,,,
1358073,2022/23,2023-02-14,"Tribhuvan University International Cricket Ground, Kirtipur",2,16.6,16.6,Nepal,Namibia,K Bhurtel,RK Paudel,BM Scholtz,0,0,,,,,,,,,,,,,
1358073,2022/23,2023-02-14,"Tribhuvan University International Cricket Ground, Kirtipur",2,17.1,17.1,Nepal,Namibia,RK Paudel,K Bhurtel,K Birkenstock,0,0,,,,,,,,,,,,,
1358073,2022/23,2023-02-14,"Tribhuvan University International Cricket Ground, Kirtipur",2,17.2,17.2,Nepal,Namibia,RK Paudel,K Bhurtel,K Birkenstock,1,0,,,,,,,,,,,,,
1358073,2022/23,2023-02-14,"Tribhuvan University International Cricket Ground, Kirtipur",2,17.3,17.3,Nepal,Namibia,K Bhurtel,RK Paudel,K Birkenstock,0,1,1,,,,,,,,,,,,
1358073,2022/23,2023-02-14,"Tribhuvan University International Cricket Ground, Kirtipur",2,17.4,17.3,Nepal,Namibia,K Bhurtel,RK Paudel,K Birkenstock,1,0,,,,,,,,,,,,,
1358073,2022/23,2023-02-14,"Tribhuvan University International Cricket Ground, Kirtipur",2,17.5,17.4,Nepal,Namibia,RK Paudel,K Bhurtel,K Birkenstock,0,0,,,,,,,,,,,,,
1358073,2022/23,2023-02-14,"Tribhuvan University International Cricket Ground, Kirtipur",2,17.6,17.5,Nepal,Namibia,RK Paudel,K Bhurtel,K Birkenstock,0,0,,,,,,,,,,,,,
1358073,2022/23,2023-02-14,"Tribhuvan University International Cricket Ground, Kirtipur",2,17.7,17.6,Nepal,Namibia,RK Paudel,K Bhurtel,K Birkenstock,1,0,,,,,,,,,,,,,
1358073,2022/23,2023-02-14,"Tribhuvan University International Cricket Ground, Kirtipur",2,18.1,18.1,Nepal,Namibia,RK Paudel,K Bhurtel,BM Scholtz,0,0,,,,,,,,,,,,,
1358073,2022/23,2023-02-14,"Tribhuvan University International Cricket Ground, Kirtipur",2,18.2,18.2,Nepal,Namibia,RK Paudel,K Bhurtel,BM Scholtz,1,0,,,,,,,,,,,,,
1358073,2022/23,2023-02-14,"Tribhuvan University International Cricket Ground, Kirtipur",2,18.3,18.3,Nepal,Namibia,K Bhurtel,RK Paudel,BM Scholtz,6,0,,,,,,,,,,,,,
1358073,2022/23,2023-02-14,"Tribhuvan University International Cricket Ground, Kirtipur",2,18.4,18.4,Nepal,Namibia,K Bhurtel,RK Paudel,BM Scholtz,0,0,,,,,,,,,,,,,
1358073,2022/23,2023-02-14,"Tribhuvan University International Cricket Ground, Kirtipur",2,18.5,18.5,Nepal,Namibia,K Bhurtel,RK Paudel,BM Scholtz,0,0,,,,,,,,,,,,,
1358073,2022/23,2023-02-14,"Tribhuvan University International Cricket Ground, Kirtipur",2,18.6,18.6,Nepal,Namibia,K Bhurtel,RK Paudel,BM Scholtz,0,0,,,,,,,,,,,,,
1358073,2022/23,2023-02-14,"Tribhuvan University International Cricket Ground, Kirtipur",2,19.1,19.1,Nepal,Namibia,RK Paudel,K Bhurtel,K Birkenstock,0,0,,,,,,,,,,,,,
1358073,2022/23,2023-02-14,"Tribhuvan University International Cricket Ground, Kirtipur",2,19.2,19.2,Nepal,Namibia,RK Paudel,K Bhurtel,K Birkenstock,1,0,,,,,,,,,,,,,
1358073,2022/23,2023-02-14,"Tribhuvan University International Cricket Ground, Kirtipur",2,19.3,19.3,Nepal,Namibia,K Bhurtel,RK Paudel,K Birkenstock,1,0,,,,,,,,,,,,,
1358073,2022/23,2023-02-14,"Tribhuvan University International Cricket Ground, Kirtipur",2,19.4,19.4,Nepal,Namibia,RK Paudel,K Bhurtel,K Birkenstock,4,0,,,,,,,,,,,,,
1358073,2022/23,2023-02-14,"Tribhuvan University International Cricket Ground, Kirtipur",2,19.5,19.5,Nepal,Namibia,RK Paudel,K Bhurtel,K Birkenstock,0,0,,,,,,,,,,,,,
1358073,2022/23,2023-02-14,"Tribhuvan University International Cricket Ground, Kirtipur",2,19.6,19.6,Nepal,Namibia,RK Paudel,K Bhurtel,K Birkenstock,2,0,,,,,,,,,,,,,
1358073,2022/23,2023-02-14,"Tribhuvan University International Cricket Ground, Kirtipur",2,20.1,20.1,Nepal,Namibia,K Bhurtel,RK Paudel,R Trumpelmann,1,0,,,,,,,,,,,,,
1358073,2022/23,2023-02-14,"Tribhuvan University International Cricket Ground, Kirtipur",2,20.2,20.2,Nepal,Namibia,RK Paudel,K Bhurtel,R Trumpelmann,0,0,,,,,,,,,,,,,
1358073,2022/23,2023-02-14,"Tribhuvan University International Cricket Ground, Kirtipur",2,20.3,20.3,Nepal,Namibia,RK Paudel,K Bhurtel,R Trumpelmann,0,0,,,,,,,,,,,,,
1358073,2022/23,2023-02-14,"Tribhuvan University International Cricket Ground, Kirtipur",2,20.4,20.4,Nepal,Namibia,RK Paudel,K Bhurtel,R Trumpelmann,0,0,,,,,,,,,,,,,
1358073,2022/23,2023-02-14,"Tribhuvan University International Cricket Ground, Kirtipur",2,20.5,20.5,Nepal,Namibia,RK Paudel,K Bhurtel,R Trumpelmann,0,0,,,,,,,,,,,,,
1358073,2022/23,2023-02-14,"Tribhuvan University International Cricket Ground, Kirtipur",2,20.6,20.6,Nepal,Namibia,RK Paudel,K Bhurtel,R Trumpelmann,0,0,,,,,,,,,,,,,
1358073,2022/23,2023-02-14,"Tribhuvan University International Cricket Ground, Kirtipur",2,21.1,21.1,Nepal,Namibia,K Bhurtel,RK Paudel,HN Ya France,1,0,,,,,,,,,,,,,
1358073,2022/23,2023-02-14,"Tribhuvan University International Cricket Ground, Kirtipur",2,21.2,21.2,Nepal,Namibia,RK Paudel,K Bhurtel,HN Ya France,0,0,,,,,,,,,,,,,
1358073,2022/23,2023-02-14,"Tribhuvan University International Cricket Ground, Kirtipur",2,21.3,21.3,Nepal,Namibia,RK Paudel,K Bhurtel,HN Ya France,0,0,,,,,,,,,,,,,
1358073,2022/23,2023-02-14,"Tribhuvan University International Cricket Ground, Kirtipur",2,21.4,21.4,Nepal,Namibia,RK Paudel,K Bhurtel,HN Ya France,0,0,,,,,,,,,,,,,
1358073,2022/23,2023-02-14,"Tribhuvan University International Cricket Ground, Kirtipur",2,21.5,21.5,Nepal,Namibia,RK Paudel,K Bhurtel,HN Ya France,4,0,,,,,,,,,,,,,
1358073,2022/23,2023-02-14,"Tribhuvan University International Cricket Ground, Kirtipur",2,21.6,21.6,Nepal,Namibia,RK Paudel,K Bhurtel,HN Ya France,6,0,,,,,,,,,,,,,
1358073,2022/23,2023-02-14,"Tribhuvan University International Cricket Ground, Kirtipur",2,22.1,22.1,Nepal,Namibia,K Bhurtel,RK Paudel,R Trumpelmann,2,0,,,,,,,,,,,,,
1358073,2022/23,2023-02-14,"Tribhuvan University International Cricket Ground, Kirtipur",2,22.2,22.2,Nepal,Namibia,K Bhurtel,RK Paudel,R Trumpelmann,0,0,,,,,,,,,,,,,
1358073,2022/23,2023-02-14,"Tribhuvan University International Cricket Ground, Kirtipur",2,22.3,22.3,Nepal,Namibia,K Bhurtel,RK Paudel,R Trumpelmann,0,0,,,,,,,,,,,,,
1358073,2022/23,2023-02-14,"Tribhuvan University International Cricket Ground, Kirtipur",2,22.4,22.4,Nepal,Namibia,K Bhurtel,RK Paudel,R Trumpelmann,2,0,,,,,,,,,,,,,
1358073,2022/23,2023-02-14,"Tribhuvan University International Cricket Ground, Kirtipur",2,22.5,22.5,Nepal,Namibia,K Bhurtel,RK Paudel,R Trumpelmann,0,0,,,,,,,,,,,,,
1358073,2022/23,2023-02-14,"Tribhuvan University International Cricket Ground, Kirtipur",2,22.6,22.6,Nepal,Namibia,K Bhurtel,RK Paudel,R Trumpelmann,0,0,,,,,,,,,,,,,
1358073,2022/23,2023-02-14,"Tribhuvan University International Cricket Ground, Kirtipur",2,23.1,23.1,Nepal,Namibia,RK Paudel,K Bhurtel,HN Ya France,0,0,,,,,,,,,,,,,
1358073,2022/23,2023-02-14,"Tribhuvan University International Cricket Ground, Kirtipur",2,23.2,23.2,Nepal,Namibia,RK Paudel,K Bhurtel,HN Ya France,4,0,,,,,,,,,,,,,
1358073,2022/23,2023-02-14,"Tribhuvan University International Cricket Ground, Kirtipur",2,23.3,23.3,Nepal,Namibia,RK Paudel,K Bhurtel,HN Ya France,0,0,,,,,,,,,,,,,
1358073,2022/23,2023-02-14,"Tribhuvan University International Cricket Ground, Kirtipur",2,23.4,23.4,Nepal,Namibia,RK Paudel,K Bhurtel,HN Ya France,0,0,,,,,,,,,,,,,
1358073,2022/23,2023-02-14,"Tribhuvan University International Cricket Ground, Kirtipur",2,23.5,23.5,Nepal,Namibia,RK Paudel,K Bhurtel,HN Ya France,6,0,,,,,,,,,,,,,
1358073,2022/23,2023-02-14,"Tribhuvan University International Cricket Ground, Kirtipur",2,23.6,23.6,Nepal,Namibia,RK Paudel,K Bhurtel,HN Ya France,1,0,,,,,,,,,,,,,
1358073,2022/23,2023-02-14,"Tribhuvan University International Cricket Ground, Kirtipur",2,24.1,24.1,Nepal,Namibia,RK Paudel,K Bhurtel,R Trumpelmann,0,0,,,,,,,,,,,,,
1358073,2022/23,2023-02-14,"Tribhuvan University International Cricket Ground, Kirtipur",2,24.2,24.2,Nepal,Namibia,RK Paudel,K Bhurtel,R Trumpelmann,0,0,,,,,,,,,,,,,
1358073,2022/23,2023-02-14,"Tribhuvan University International Cricket Ground, Kirtipur",2,24.3,24.3,Nepal,Namibia,RK Paudel,K Bhurtel,R Trumpelmann,1,0,,,,,,,,,,,,,
1358073,2022/23,2023-02-14,"Tribhuvan University International Cricket Ground, Kirtipur",2,24.4,24.4,Nepal,Namibia,K Bhurtel,RK Paudel,R Trumpelmann,0,0,,,,,,,,,,,,,
1358073,2022/23,2023-02-14,"Tribhuvan University International Cricket Ground, Kirtipur",2,24.5,24.5,Nepal,Namibia,K Bhurtel,RK Paudel,R Trumpelmann,0,0,,,,,,,,,,,,,
1358073,2022/23,2023-02-14,"Tribhuvan University International Cricket Ground, Kirtipur",2,24.6,24.6,Nepal,Namibia,K Bhurtel,RK Paudel,R Trumpelmann,0,0,,,,,,,,,,,,,
1358073,2022/23,2023-02-14,"Tribhuvan University International Cricket Ground, Kirtipur",2,25.1,25.1,Nepal,Namibia,RK Paudel,K Bhurtel,M van Lingen,4,0,,,,,,,,,,,,,
1358073,2022/23,2023-02-14,"Tribhuvan University International Cricket Ground, Kirtipur",2,25.2,25.2,Nepal,Namibia,RK Paudel,K Bhurtel,M van Lingen,0,0,,,,,,,,,,,,,
1358073,2022/23,2023-02-14,"Tribhuvan University International Cricket Ground, Kirtipur",2,25.3,25.3,Nepal,Namibia,RK Paudel,K Bhurtel,M van Lingen,1,0,,,,,,,,,,,,,
1358073,2022/23,2023-02-14,"Tribhuvan University International Cricket Ground, Kirtipur",2,25.4,25.4,Nepal,Namibia,K Bhurtel,RK Paudel,M van Lingen,1,0,,,,,,,,,,,,,
1358073,2022/23,2023-02-14,"Tribhuvan University International Cricket Ground, Kirtipur",2,25.5,25.5,Nepal,Namibia,RK Paudel,K Bhurtel,M van Lingen,4,0,,,,,,,,,,,,,
1358073,2022/23,2023-02-14,"Tribhuvan University International Cricket Ground, Kirtipur",2,25.6,25.6,Nepal,Namibia,RK Paudel,K Bhurtel,M van Lingen,1,0,,,,,,,,,,,,,
1358073,2022/23,2023-02-14,"Tribhuvan University International Cricket Ground, Kirtipur",2,26.1,26.1,Nepal,Namibia,RK Paudel,K Bhurtel,T Lungameni,0,0,,,,,,,,,,,,,
1358073,2022/23,2023-02-14,"Tribhuvan University International Cricket Ground, Kirtipur",2,26.2,26.2,Nepal,Namibia,RK Paudel,K Bhurtel,T Lungameni,0,0,,,,,,,,,,,,,
1358073,2022/23,2023-02-14,"Tribhuvan University International Cricket Ground, Kirtipur",2,26.3,26.3,Nepal,Namibia,RK Paudel,K Bhurtel,T Lungameni,0,0,,,,,,,,,,,,,
1358073,2022/23,2023-02-14,"Tribhuvan University International Cricket Ground, Kirtipur",2,26.4,26.4,Nepal,Namibia,RK Paudel,K Bhurtel,T Lungameni,0,0,,,,,,,,,,,,,
1358073,2022/23,2023-02-14,"Tribhuvan University International Cricket Ground, Kirtipur",2,26.5,26.5,Nepal,Namibia,RK Paudel,K Bhurtel,T Lungameni,0,0,,,,,,,,,,,,,
1358073,2022/23,2023-02-14,"Tribhuvan University International Cricket Ground, Kirtipur",2,26.6,26.6,Nepal,Namibia,RK Paudel,K Bhurtel,T Lungameni,0,0,,,,,,,,,,,,,
1358073,2022/23,2023-02-14,"Tribhuvan University International Cricket Ground, Kirtipur",2,27.1,27.1,Nepal,Namibia,K Bhurtel,RK Paudel,BM Scholtz,0,0,,,,,,,,,,,,,
1358073,2022/23,2023-02-14,"Tribhuvan University International Cricket Ground, Kirtipur",2,27.2,27.2,Nepal,Namibia,K Bhurtel,RK Paudel,BM Scholtz,0,0,,,,,,,,,,,,,
1358073,2022/23,2023-02-14,"Tribhuvan University International Cricket Ground, Kirtipur",2,27.3,27.3,Nepal,Namibia,K Bhurtel,RK Paudel,BM Scholtz,2,0,,,,,,,,,,,,,
1358073,2022/23,2023-02-14,"Tribhuvan University International Cricket Ground, Kirtipur",2,27.4,27.4,Nepal,Namibia,K Bhurtel,RK Paudel,BM Scholtz,0,0,,,,,,,,,,,,,
1358073,2022/23,2023-02-14,"Tribhuvan University International Cricket Ground, Kirtipur",2,27.5,27.5,Nepal,Namibia,K Bhurtel,RK Paudel,BM Scholtz,0,0,,,,,,,,,,,,,
1358073,2022/23,2023-02-14,"Tribhuvan University International Cricket Ground, Kirtipur",2,27.6,27.6,Nepal,Namibia,K Bhurtel,RK Paudel,BM Scholtz,0,0,,,,,,,,,,,,,
1358073,2022/23,2023-02-14,"Tribhuvan University International Cricket Ground, Kirtipur",2,28.1,28.1,Nepal,Namibia,RK Paudel,K Bhurtel,T Lungameni,0,0,,,,,,,,,,,,,
1358073,2022/23,2023-02-14,"Tribhuvan University International Cricket Ground, Kirtipur",2,28.2,28.2,Nepal,Namibia,RK Paudel,K Bhurtel,T Lungameni,1,0,,,,,,,,,,,,,
1358073,2022/23,2023-02-14,"Tribhuvan University International Cricket Ground, Kirtipur",2,28.3,28.3,Nepal,Namibia,K Bhurtel,RK Paudel,T Lungameni,0,0,,,,,,,,,,,,,
1358073,2022/23,2023-02-14,"Tribhuvan University International Cricket Ground, Kirtipur",2,28.4,28.4,Nepal,Namibia,K Bhurtel,RK Paudel,T Lungameni,1,0,,,,,,,,,,,,,
1358073,2022/23,2023-02-14,"Tribhuvan University International Cricket Ground, Kirtipur",2,28.5,28.5,Nepal,Namibia,RK Paudel,K Bhurtel,T Lungameni,1,0,,,,,,,,,,,,,
1358073,2022/23,2023-02-14,"Tribhuvan University International Cricket Ground, Kirtipur",2,28.6,28.6,Nepal,Namibia,K Bhurtel,RK Paudel,T Lungameni,0,0,,,,,,,,,,,,,
1358073,2022/23,2023-02-14,"Tribhuvan University International Cricket Ground, Kirtipur",2,29.1,29.1,Nepal,Namibia,RK Paudel,K Bhurtel,BM Scholtz,0,0,,,,,,,,,,,,,
1358073,2022/23,2023-02-14,"Tribhuvan University International Cricket Ground, Kirtipur",2,29.2,29.2,Nepal,Namibia,RK Paudel,K Bhurtel,BM Scholtz,1,0,,,,,,,,,,,,,
1358073,2022/23,2023-02-14,"Tribhuvan University International Cricket Ground, Kirtipur",2,29.3,29.3,Nepal,Namibia,K Bhurtel,RK Paudel,BM Scholtz,0,0,,,,,,,,,,,,,
1358073,2022/23,2023-02-14,"Tribhuvan University International Cricket Ground, Kirtipur",2,29.4,29.4,Nepal,Namibia,K Bhurtel,RK Paudel,BM Scholtz,0,0,,,,,,,,,,,,,
1358073,2022/23,2023-02-14,"Tribhuvan University International Cricket Ground, Kirtipur",2,29.5,29.5,Nepal,Namibia,K Bhurtel,RK Paudel,BM Scholtz,4,0,,,,,,,,,,,,,
1358073,2022/23,2023-02-14,"Tribhuvan University International Cricket Ground, Kirtipur",2,29.6,29.6,Nepal,Namibia,K Bhurtel,RK Paudel,BM Scholtz,0,0,,,,,,,,,,,,,
1358073,2022/23,2023-02-14,"Tribhuvan University International Cricket Ground, Kirtipur",2,30.1,30.1,Nepal,Namibia,RK Paudel,K Bhurtel,T Lungameni,0,0,,,,,,,,,,,,,
1358073,2022/23,2023-02-14,"Tribhuvan University International Cricket Ground, Kirtipur",2,30.2,30.2,Nepal,Namibia,RK Paudel,K Bhurtel,T Lungameni,1,0,,,,,,,,,,,,,
1358073,2022/23,2023-02-14,"Tribhuvan University International Cricket Ground, Kirtipur",2,30.3,30.3,Nepal,Namibia,K Bhurtel,RK Paudel,T Lungameni,1,0,,,,,,,,,,,,,
1358073,2022/23,2023-02-14,"Tribhuvan University International Cricket Ground, Kirtipur",2,30.4,30.4,Nepal,Namibia,RK Paudel,K Bhurtel,T Lungameni,0,0,,,,,,,,,,,,,
1358073,2022/23,2023-02-14,"Tribhuvan University International Cricket Ground, Kirtipur",2,30.5,30.5,Nepal,Namibia,RK Paudel,K Bhurtel,T Lungameni,0,0,,,,,,,,,,,,,
1358073,2022/23,2023-02-14,"Tribhuvan University International Cricket Ground, Kirtipur",2,30.6,30.6,Nepal,Namibia,RK Paudel,K Bhurtel,T Lungameni,0,0,,,,,,,,,,,,,
1358073,2022/23,2023-02-14,"Tribhuvan University International Cricket Ground, Kirtipur",2,31.1,31.1,Nepal,Namibia,K Bhurtel,RK Paudel,R Trumpelmann,4,0,,,,,,,,,,,,,
1358073,2022/23,2023-02-14,"Tribhuvan University International Cricket Ground, Kirtipur",2,31.2,31.2,Nepal,Namibia,K Bhurtel,RK Paudel,R Trumpelmann,0,0,,,,,,,,,,,,,
1358073,2022/23,2023-02-14,"Tribhuvan University International Cricket Ground, Kirtipur",2,31.3,31.3,Nepal,Namibia,K Bhurtel,RK Paudel,R Trumpelmann,0,0,,,,,,,,,,,,,
1358073,2022/23,2023-02-14,"Tribhuvan University International Cricket Ground, Kirtipur",2,31.4,31.4,Nepal,Namibia,K Bhurtel,RK Paudel,R Trumpelmann,2,0,,,,,,,,,,,,,
1358073,2022/23,2023-02-14,"Tribhuvan University International Cricket Ground, Kirtipur",2,31.5,31.5,Nepal,Namibia,K Bhurtel,RK Paudel,R Trumpelmann,1,0,,,,,,,,,,,,,
1358073,2022/23,2023-02-14,"Tribhuvan University International Cricket Ground, Kirtipur",2,31.6,31.6,Nepal,Namibia,RK Paudel,K Bhurtel,R Trumpelmann,2,0,,,,,,,,,,,,,
1358073,2022/23,2023-02-14,"Tribhuvan University International Cricket Ground, Kirtipur",2,32.1,32.1,Nepal,Namibia,K Bhurtel,RK Paudel,JN Loftie-Eaton,6,0,,,,,,,,,,,,,
1358073,2022/23,2023-02-14,"Tribhuvan University International Cricket Ground, Kirtipur",2,32.2,32.2,Nepal,Namibia,K Bhurtel,RK Paudel,JN Loftie-Eaton,1,0,,,,,,,,,,,,,
1358073,2022/23,2023-02-14,"Tribhuvan University International Cricket Ground, Kirtipur",2,32.3,32.3,Nepal,Namibia,RK Paudel,K Bhurtel,JN Loftie-Eaton,0,0,,,,,,,,,,,,,
1358073,2022/23,2023-02-14,"Tribhuvan University International Cricket Ground, Kirtipur",2,32.4,32.4,Nepal,Namibia,RK Paudel,K Bhurtel,JN Loftie-Eaton,4,0,,,,,,,,,,,,,
1358073,2022/23,2023-02-14,"Tribhuvan University International Cricket Ground, Kirtipur",2,32.5,32.5,Nepal,Namibia,RK Paudel,K Bhurtel,JN Loftie-Eaton,1,0,,,,,,,,,,,,,
1358073,2022/23,2023-02-14,"Tribhuvan University International Cricket Ground, Kirtipur",2,32.6,32.6,Nepal,Namibia,K Bhurtel,RK Paudel,JN Loftie-Eaton,4,0,,,,,,,,,,,,,
1358073,2022/23,2023-02-14,"Tribhuvan University International Cricket Ground, Kirtipur",2,33.1,33.1,Nepal,Namibia,RK Paudel,K Bhurtel,R Trumpelmann,0,0,,,,,,,caught and bowled,RK Paudel,,,,,
1358073,2022/23,2023-02-14,"Tribhuvan University International Cricket Ground, Kirtipur",2,33.2,33.2,Nepal,Namibia,Kushal Malla,K Bhurtel,R Trumpelmann,0,0,,,,,,,,,,,,,
1358073,2022/23,2023-02-14,"Tribhuvan University International Cricket Ground, Kirtipur",2,33.3,33.3,Nepal,Namibia,Kushal Malla,K Bhurtel,R Trumpelmann,0,0,,,,,,,,,,,,,
1358073,2022/23,2023-02-14,"Tribhuvan University International Cricket Ground, Kirtipur",2,33.4,33.4,Nepal,Namibia,Kushal Malla,K Bhurtel,R Trumpelmann,1,0,,,,,,,,,,,,,
1358073,2022/23,2023-02-14,"Tribhuvan University International Cricket Ground, Kirtipur",2,33.5,33.5,Nepal,Namibia,K Bhurtel,Kushal Malla,R Trumpelmann,2,0,,,,,,,,,,,,,
1358073,2022/23,2023-02-14,"Tribhuvan University International Cricket Ground, Kirtipur",2,33.6,33.6,Nepal,Namibia,K Bhurtel,Kushal Malla,R Trumpelmann,0,0,,,,,,,,,,,,,
1358073,2022/23,2023-02-14,"Tribhuvan University International Cricket Ground, Kirtipur",2,34.1,34.1,Nepal,Namibia,Kushal Malla,K Bhurtel,HN Ya France,0,0,,,,,,,,,,,,,
1358073,2022/23,2023-02-14,"Tribhuvan University International Cricket Ground, Kirtipur",2,34.2,34.2,Nepal,Namibia,Kushal Malla,K Bhurtel,HN Ya France,0,0,,,,,,,,,,,,,
1358073,2022/23,2023-02-14,"Tribhuvan University International Cricket Ground, Kirtipur",2,34.3,34.3,Nepal,Namibia,Kushal Malla,K Bhurtel,HN Ya France,0,0,,,,,,,,,,,,,
1358073,2022/23,2023-02-14,"Tribhuvan University International Cricket Ground, Kirtipur",2,34.4,34.4,Nepal,Namibia,Kushal Malla,K Bhurtel,HN Ya France,0,0,,,,,,,,,,,,,
1358073,2022/23,2023-02-14,"Tribhuvan University International Cricket Ground, Kirtipur",2,34.5,34.5,Nepal,Namibia,Kushal Malla,K Bhurtel,HN Ya France,0,0,,,,,,,,,,,,,
1358073,2022/23,2023-02-14,"Tribhuvan University International Cricket Ground, Kirtipur",2,34.6,34.6,Nepal,Namibia,Kushal Malla,K Bhurtel,HN Ya France,0,0,,,,,,,,,,,,,
1358073,2022/23,2023-02-14,"Tribhuvan University International Cricket Ground, Kirtipur",2,35.1,35.1,Nepal,Namibia,K Bhurtel,Kushal Malla,R Trumpelmann,1,0,,,,,,,,,,,,,
1358073,2022/23,2023-02-14,"Tribhuvan University International Cricket Ground, Kirtipur",2,35.2,35.2,Nepal,Namibia,Kushal Malla,K Bhurtel,R Trumpelmann,1,0,,,,,,,,,,,,,
1358073,2022/23,2023-02-14,"Tribhuvan University International Cricket Ground, Kirtipur",2,35.3,35.3,Nepal,Namibia,K Bhurtel,Kushal Malla,R Trumpelmann,0,0,,,,,,,,,,,,,
1358073,2022/23,2023-02-14,"Tribhuvan University International Cricket Ground, Kirtipur",2,35.4,35.4,Nepal,Namibia,K Bhurtel,Kushal Malla,R Trumpelmann,1,0,,,,,,,,,,,,,
1358073,2022/23,2023-02-14,"Tribhuvan University International Cricket Ground, Kirtipur",2,35.5,35.5,Nepal,Namibia,Kushal Malla,K Bhurtel,R Trumpelmann,4,0,,,,,,,,,,,,,
1358073,2022/23,2023-02-14,"Tribhuvan University International Cricket Ground, Kirtipur",2,35.6,35.6,Nepal,Namibia,Kushal Malla,K Bhurtel,R Trumpelmann,0,0,,,,,,,bowled,Kushal Malla,,,,,
1358073,2022/23,2023-02-14,"Tribhuvan University International Cricket Ground, Kirtipur",2,36.1,36.1,Nepal,Namibia,K Bhurtel,DS Airee,BM Scholtz,1,0,,,,,,,,,,,,,
1358073,2022/23,2023-02-14,"Tribhuvan University International Cricket Ground, Kirtipur",2,36.2,36.2,Nepal,Namibia,DS Airee,K Bhurtel,BM Scholtz,1,0,,,,,,,,,,,,,
1358073,2022/23,2023-02-14,"Tribhuvan University International Cricket Ground, Kirtipur",2,36.3,36.3,Nepal,Namibia,K Bhurtel,DS Airee,BM Scholtz,0,0,,,,,,,,,,,,,
1358073,2022/23,2023-02-14,"Tribhuvan University International Cricket Ground, Kirtipur",2,36.4,36.4,Nepal,Namibia,K Bhurtel,DS Airee,BM Scholtz,6,0,,,,,,,,,,,,,
1358073,2022/23,2023-02-14,"Tribhuvan University International Cricket Ground, Kirtipur",2,36.5,36.5,Nepal,Namibia,K Bhurtel,DS Airee,BM Scholtz,1,0,,,,,,,,,,,,,
1358073,2022/23,2023-02-14,"Tribhuvan University International Cricket Ground, Kirtipur",2,36.6,36.6,Nepal,Namibia,DS Airee,K Bhurtel,BM Scholtz,0,0,,,,,,,,,,,,,
1358073,2022/23,2023-02-14,"Tribhuvan University International Cricket Ground, Kirtipur",2,37.1,37.1,Nepal,Namibia,K Bhurtel,DS Airee,R Trumpelmann,1,0,,,,,,,,,,,,,
1358073,2022/23,2023-02-14,"Tribhuvan University International Cricket Ground, Kirtipur",2,37.2,37.2,Nepal,Namibia,DS Airee,K Bhurtel,R Trumpelmann,4,0,,,,,,,,,,,,,
1358073,2022/23,2023-02-14,"Tribhuvan University International Cricket Ground, Kirtipur",2,37.3,37.3,Nepal,Namibia,DS Airee,K Bhurtel,R Trumpelmann,0,0,,,,,,,,,,,,,
1358073,2022/23,2023-02-14,"Tribhuvan University International Cricket Ground, Kirtipur",2,37.4,37.4,Nepal,Namibia,DS Airee,K Bhurtel,R Trumpelmann,0,0,,,,,,,,,,,,,
1358073,2022/23,2023-02-14,"Tribhuvan University International Cricket Ground, Kirtipur",2,37.5,37.5,Nepal,Namibia,DS Airee,K Bhurtel,R Trumpelmann,2,0,,,,,,,,,,,,,
1358073,2022/23,2023-02-14,"Tribhuvan University International Cricket Ground, Kirtipur",2,37.6,37.6,Nepal,Namibia,DS Airee,K Bhurtel,R Trumpelmann,0,0,,,,,,,lbw,DS Airee,,,,,
1358073,2022/23,2023-02-14,"Tribhuvan University International Cricket Ground, Kirtipur",2,38.1,38.1,Nepal,Namibia,K Bhurtel,S Jora,BM Scholtz,1,0,,,,,,,,,,,,,
1358073,2022/23,2023-02-14,"Tribhuvan University International Cricket Ground, Kirtipur",2,38.2,38.2,Nepal,Namibia,S Jora,K Bhurtel,BM Scholtz,0,0,,,,,,,,,,,,,
1358073,2022/23,2023-02-14,"Tribhuvan University International Cricket Ground, Kirtipur",2,38.3,38.3,Nepal,Namibia,S Jora,K Bhurtel,BM Scholtz,1,0,,,,,,,,,,,,,
1358073,2022/23,2023-02-14,"Tribhuvan University International Cricket Ground, Kirtipur",2,38.4,38.4,Nepal,Namibia,K Bhurtel,S Jora,BM Scholtz,1,0,,,,,,,,,,,,,
1358073,2022/23,2023-02-14,"Tribhuvan University International Cricket Ground, Kirtipur",2,38.5,38.5,Nepal,Namibia,S Jora,K Bhurtel,BM Scholtz,0,0,,,,,,,,,,,,,
1358073,2022/23,2023-02-14,"Tribhuvan University International Cricket Ground, Kirtipur",2,38.6,38.6,Nepal,Namibia,S Jora,K Bhurtel,BM Scholtz,0,0,,,,,,,,,,,,,
1358073,2022/23,2023-02-14,"Tribhuvan University International Cricket Ground, Kirtipur",2,39.1,39.1,Nepal,Namibia,K Bhurtel,S Jora,T Lungameni,1,0,,,,,,,,,,,,,
1358073,2022/23,2023-02-14,"Tribhuvan University International Cricket Ground, Kirtipur",2,39.2,39.2,Nepal,Namibia,S Jora,K Bhurtel,T Lungameni,0,0,,,,,,,,,,,,,
1358073,2022/23,2023-02-14,"Tribhuvan University International Cricket Ground, Kirtipur",2,39.3,39.3,Nepal,Namibia,S Jora,K Bhurtel,T Lungameni,0,0,,,,,,,,,,,,,
1358073,2022/23,2023-02-14,"Tribhuvan University International Cricket Ground, Kirtipur",2,39.4,39.4,Nepal,Namibia,S Jora,K Bhurtel,T Lungameni,0,0,,,,,,,,,,,,,
1358073,2022/23,2023-02-14,"Tribhuvan University International Cricket Ground, Kirtipur",2,39.5,39.5,Nepal,Namibia,S Jora,K Bhurtel,T Lungameni,0,0,,,,,,,,,,,,,
1358073,2022/23,2023-02-14,"Tribhuvan University International Cricket Ground, Kirtipur",2,39.6,39.6,Nepal,Namibia,S Jora,K Bhurtel,T Lungameni,0,1,1,,,,,,,,,,,,
1358073,2022/23,2023-02-14,"Tribhuvan University International Cricket Ground, Kirtipur",2,39.7,39.6,Nepal,Namibia,S Jora,K Bhurtel,T Lungameni,2,0,,,,,,,,,,,,,
1358073,2022/23,2023-02-14,"Tribhuvan University International Cricket Ground, Kirtipur",2,40.1,40.1,Nepal,Namibia,K Bhurtel,S Jora,MG Erasmus,1,0,,,,,,,,,,,,,
1358073,2022/23,2023-02-14,"Tribhuvan University International Cricket Ground, Kirtipur",2,40.2,40.2,Nepal,Namibia,S Jora,K Bhurtel,MG Erasmus,1,0,,,,,,,,,,,,,
1358073,2022/23,2023-02-14,"Tribhuvan University International Cricket Ground, Kirtipur",2,40.3,40.3,Nepal,Namibia,K Bhurtel,S Jora,MG Erasmus,0,1,1,,,,,,,,,,,,
1358073,2022/23,2023-02-14,"Tribhuvan University International Cricket Ground, Kirtipur",2,40.4,40.3,Nepal,Namibia,K Bhurtel,S Jora,MG Erasmus,1,0,,,,,,,,,,,,,
1358073,2022/23,2023-02-14,"Tribhuvan University International Cricket Ground, Kirtipur",2,40.5,40.4,Nepal,Namibia,S Jora,K Bhurtel,MG Erasmus,4,0,,,,,,,,,,,,,
1358073,2022/23,2023-02-14,"Tribhuvan University International Cricket Ground, Kirtipur",2,40.6,40.5,Nepal,Namibia,S Jora,K Bhurtel,MG Erasmus,1,0,,,,,,,,,,,,,
1358073,2022/23,2023-02-14,"Tribhuvan University International Cricket Ground, Kirtipur",2,40.7,40.6,Nepal,Namibia,K Bhurtel,S Jora,MG Erasmus,1,0,,,,,,,,,,,,,
1358073,2022/23,2023-02-14,"Tribhuvan University International Cricket Ground, Kirtipur",2,41.1,41.1,Nepal,Namibia,K Bhurtel,S Jora,T Lungameni,1,0,,,,,,,,,,,,,
1358073,2022/23,2023-02-14,"Tribhuvan University International Cricket Ground, Kirtipur",2,41.2,41.2,Nepal,Namibia,S Jora,K Bhurtel,T Lungameni,4,0,,,,,,,,,,,,,
1358073,2022/23,2023-02-14,"Tribhuvan University International Cricket Ground, Kirtipur",2,41.3,41.3,Nepal,Namibia,S Jora,K Bhurtel,T Lungameni,1,0,,,,,,,,,,,,,
1358073,2022/23,2023-02-14,"Tribhuvan University International Cricket Ground, Kirtipur",2,41.4,41.4,Nepal,Namibia,K Bhurtel,S Jora,T Lungameni,1,0,,,,,,,,,,,,,
1358073,2022/23,2023-02-14,"Tribhuvan University International Cricket Ground, Kirtipur",2,41.5,41.5,Nepal,Namibia,S Jora,K Bhurtel,T Lungameni,0,0,,,,,,,,,,,,,
1358073,2022/23,2023-02-14,"Tribhuvan University International Cricket Ground, Kirtipur",2,41.6,41.6,Nepal,Namibia,S Jora,K Bhurtel,T Lungameni,4,0,,,,,,,,,,,,,
1358073,2022/23,2023-02-14,"Tribhuvan University International Cricket Ground, Kirtipur",2,42.1,42.1,Nepal,Namibia,K Bhurtel,S Jora,K Birkenstock,1,0,,,,,,,,,,,,,
1358073,2022/23,2023-02-14,"Tribhuvan University International Cricket Ground, Kirtipur",2,42.2,42.2,Nepal,Namibia,S Jora,K Bhurtel,K Birkenstock,1,0,,,,,,,,,,,,,
1358073,2022/23,2023-02-14,"Tribhuvan University International Cricket Ground, Kirtipur",2,42.3,42.3,Nepal,Namibia,K Bhurtel,S Jora,K Birkenstock,4,0,,,,,,,,,,,,,
1358073,2022/23,2023-02-14,"Tribhuvan University International Cricket Ground, Kirtipur",2,42.4,42.4,Nepal,Namibia,K Bhurtel,S Jora,K Birkenstock,1,0,,,,,,,,,,,,,
1358073,2022/23,2023-02-14,"Tribhuvan University International Cricket Ground, Kirtipur",2,42.5,42.5,Nepal,Namibia,S Jora,K Bhurtel,K Birkenstock,1,0,,,,,,,,,,,,,
1358073,2022/23,2023-02-14,"Tribhuvan University International Cricket Ground, Kirtipur",2,42.6,42.6,Nepal,Namibia,K Bhurtel,S Jora,K Birkenstock,1,0,,,,,,,,,,,,,
1358073,2022/23,2023-02-14,"Tribhuvan University International Cricket Ground, Kirtipur",2,43.1,43.1,Nepal,Namibia,K Bhurtel,S Jora,JN Loftie-Eaton,1,0,,,,,,,,,,,,,
1358073,2022/23,2023-02-14,"Tribhuvan University International Cricket Ground, Kirtipur",2,43.2,43.2,Nepal,Namibia,S Jora,K Bhurtel,JN Loftie-Eaton,6,0,,,,,,,,,,,,,
1358073,2022/23,2023-02-14,"Tribhuvan University International Cricket Ground, Kirtipur",2,43.3,43.3,Nepal,Namibia,S Jora,K Bhurtel,JN Loftie-Eaton,0,0,,,,,,,,,,,,,
1358073,2022/23,2023-02-14,"Tribhuvan University International Cricket Ground, Kirtipur",2,43.4,43.4,Nepal,Namibia,S Jora,K Bhurtel,JN Loftie-Eaton,1,0,,,,,,,,,,,,,
1358073,2022/23,2023-02-14,"Tribhuvan University International Cricket Ground, Kirtipur",2,43.5,43.5,Nepal,Namibia,K Bhurtel,S Jora,JN Loftie-Eaton,1,0,,,,,,,,,,,,,
1358073,2022/23,2023-02-14,"Tribhuvan University International Cricket Ground, Kirtipur",2,43.6,43.6,Nepal,Namibia,S Jora,K Bhurtel,JN Loftie-Eaton,0,0,,,,,,,,,,,,,
1358073,2022/23,2023-02-14,"Tribhuvan University International Cricket Ground, Kirtipur",2,44.1,44.1,Nepal,Namibia,K Bhurtel,S Jora,T Lungameni,1,0,,,,,,,,,,,,,
1358073,2022/23,2023-02-14,"Tribhuvan University International Cricket Ground, Kirtipur",2,44.2,44.2,Nepal,Namibia,S Jora,K Bhurtel,T Lungameni,1,0,,,,,,,,,,,,,
1358073,2022/23,2023-02-14,"Tribhuvan University International Cricket Ground, Kirtipur",2,44.3,44.3,Nepal,Namibia,K Bhurtel,S Jora,T Lungameni,1,0,,,,,,,,,,,,,
1358073,2022/23,2023-02-14,"Tribhuvan University International Cricket Ground, Kirtipur",2,44.4,44.4,Nepal,Namibia,S Jora,K Bhurtel,T Lungameni,0,0,,,,,,,caught,S Jora,,,HN Ya France,,
1358073,2022/23,2023-02-14,"Tribhuvan University International Cricket Ground, Kirtipur",2,44.5,44.5,Nepal,Namibia,Karan KC,K Bhurtel,T Lungameni,0,0,,,,,,,,,,,,,
1358073,2022/23,2023-02-14,"Tribhuvan University International Cricket Ground, Kirtipur",2,44.6,44.6,Nepal,Namibia,Karan KC,K Bhurtel,T Lungameni,1,0,,,,,,,,,,,,,
1358073,2022/23,2023-02-14,"Tribhuvan University International Cricket Ground, Kirtipur",2,45.1,45.1,Nepal,Namibia,Karan KC,K Bhurtel,K Birkenstock,0,0,,,,,,,,,,,,,
1358073,2022/23,2023-02-14,"Tribhuvan University International Cricket Ground, Kirtipur",2,45.2,45.2,Nepal,Namibia,Karan KC,K Bhurtel,K Birkenstock,0,0,,,,,,,,,,,,,
1358073,2022/23,2023-02-14,"Tribhuvan University International Cricket Ground, Kirtipur",2,45.3,45.3,Nepal,Namibia,Karan KC,K Bhurtel,K Birkenstock,0,0,,,,,,,,,,,,,
1358073,2022/23,2023-02-14,"Tribhuvan University International Cricket Ground, Kirtipur",2,45.4,45.4,Nepal,Namibia,Karan KC,K Bhurtel,K Birkenstock,0,0,,,,,,,,,,,,,
1358073,2022/23,2023-02-14,"Tribhuvan University International Cricket Ground, Kirtipur",2,45.5,45.5,Nepal,Namibia,Karan KC,K Bhurtel,K Birkenstock,6,0,,,,,,,,,,,,,
1358073,2022/23,2023-02-14,"Tribhuvan University International Cricket Ground, Kirtipur",2,45.6,45.6,Nepal,Namibia,Karan KC,K Bhurtel,K Birkenstock,4,0,,,,,,,,,,,,,
1358073,2022/23,2023-02-14,"Tribhuvan University International Cricket Ground, Kirtipur",2,46.1,46.1,Nepal,Namibia,K Bhurtel,Karan KC,T Lungameni,0,0,,,,,,,,,,,,,
1358073,2022/23,2023-02-14,"Tribhuvan University International Cricket Ground, Kirtipur",2,46.2,46.2,Nepal,Namibia,K Bhurtel,Karan KC,T Lungameni,1,0,,,,,,,,,,,,,
1358073,2022/23,2023-02-14,"Tribhuvan University International Cricket Ground, Kirtipur",2,46.3,46.3,Nepal,Namibia,Karan KC,K Bhurtel,T Lungameni,6,0,,,,,,,,,,,,,
1358073,2022/23,2023-02-14,"Tribhuvan University International Cricket Ground, Kirtipur",2,46.4,46.4,Nepal,Namibia,Karan KC,K Bhurtel,T Lungameni,1,0,,,,,,,,,,,,,
1358073,2022/23,2023-02-14,"Tribhuvan University International Cricket Ground, Kirtipur",2,46.5,46.5,Nepal,Namibia,K Bhurtel,Karan KC,T Lungameni,1,0,,,,,,,,,,,,,
1358073,2022/23,2023-02-14,"Tribhuvan University International Cricket Ground, Kirtipur",2,46.6,46.6,Nepal,Namibia,Karan KC,K Bhurtel,T Lungameni,1,0,,,,,,,,,,,,,
1358073,2022/23,2023-02-14,"Tribhuvan University International Cricket Ground, Kirtipur",2,47.1,47.1,Nepal,Namibia,Karan KC,K Bhurtel,JN Loftie-Eaton,1,0,,,,,,,,,,,,,
1358073,2022/23,2023-02-14,"Tribhuvan University International Cricket Ground, Kirtipur",2,47.2,47.2,Nepal,Namibia,K Bhurtel,Karan KC,JN Loftie-Eaton,0,0,,,,,,,caught,K Bhurtel,,,HN Ya France,,
1358073,2022/23,2023-02-14,"Tribhuvan University International Cricket Ground, Kirtipur",2,47.3,47.3,Nepal,Namibia,S Lamichhane,Karan KC,JN Loftie-Eaton,0,0,,,,,,,caught,S Lamichhane,,,K Birkenstock,,
1358073,2022/23,2023-02-14,"Tribhuvan University International Cricket Ground, Kirtipur",2,47.4,47.4,Nepal,Namibia,Sompal Kami,Karan KC,JN Loftie-Eaton,4,0,,,,,,,,,,,,,
