match_id,season,start_date,venue,innings,ball,actual_delivery,batting_team,bowling_team,striker,non_striker,bowler,runs_off_bat,extras,wides,noballs,byes,legbyes,penalty,non_boundary,wicket_type,player_dismissed,other_wicket_type,other_player_dismissed,fielder_1,fielder_2,fielder_3
1365098,2023,2023-03-30,"United Cricket Club Ground, Windhoek",1,0.1,0.1,United Arab Emirates,United States of America,Waseem Muhammad,Aryan Lakra,SN Netravalkar,0,0,,,,,,,,,,,,,
1365098,2023,2023-03-30,"United Cricket Club Ground, Windhoek",1,0.2,0.2,United Arab Emirates,United States of America,Waseem Muhammad,Aryan Lakra,SN Netravalkar,0,0,,,,,,,,,,,,,
1365098,2023,2023-03-30,"United Cricket Club Ground, Windhoek",1,0.3,0.3,United Arab Emirates,United States of America,Waseem Muhammad,Aryan Lakra,SN Netravalkar,2,0,,,,,,,,,,,,,
1365098,2023,2023-03-30,"United Cricket Club Ground, Windhoek",1,0.4,0.4,United Arab Emirates,United States of America,Waseem Muhammad,Aryan Lakra,SN Netravalkar,0,0,,,,,,,,,,,,,
1365098,2023,2023-03-30,"United Cricket Club Ground, Windhoek",1,0.5,0.5,United Arab Emirates,United States of America,Waseem Muhammad,Aryan Lakra,SN Netravalkar,0,0,,,,,,,,,,,,,
1365098,2023,2023-03-30,"United Cricket Club Ground, Windhoek",1,0.6,0.6,United Arab Emirates,United States of America,Waseem Muhammad,Aryan Lakra,SN Netravalkar,0,0,,,,,,,caught,Waseem Muhammad,,,SR Mukkamalla,,
1365098,2023,2023-03-30,"United Cricket Club Ground, Windhoek",1,1.1,1.1,United Arab Emirates,United States of America,Aryan Lakra,V Aravind,Ali Khan,2,0,,,,,,,,,,,,,
1365098,2023,2023-03-30,"United Cricket Club Ground, Windhoek",1,1.2,1.2,United Arab Emirates,United States of America,Aryan Lakra,V Aravind,Ali Khan,1,0,,,,,,,,,,,,,
1365098,2023,2023-03-30,"United Cricket Club Ground, Windhoek",1,1.3,1.3,United Arab Emirates,United States of America,V Aravind,Aryan Lakra,Ali Khan,0,0,,,,,,,,,,,,,
1365098,2023,2023-03-30,"United Cricket Club Ground, Windhoek",1,1.4,1.4,United Arab Emirates,United States of America,V Aravind,Aryan Lakra,Ali Khan,1,0,,,,,,,,,,,,,
1365098,2023,2023-03-30,"United Cricket Club Ground, Windhoek",1,1.5,1.5,United Arab Emirates,United States of America,Aryan Lakra,V Aravind,Ali Khan,4,0,,,,,,,,,,,,,
1365098,2023,2023-03-30,"United Cricket Club Ground, Windhoek",1,1.6,1.6,United Arab Emirates,United States of America,Aryan Lakra,V Aravind,Ali Khan,0,0,,,,,,,,,,,,,
1365098,2023,2023-03-30,"United Cricket Club Ground, Windhoek",1,2.1,2.1,United Arab Emirates,United States of America,V Aravind,Aryan Lakra,SN Netravalkar,0,0,,,,,,,,,,,,,
1365098,2023,2023-03-30,"United Cricket Club Ground, Windhoek",1,2.2,2.2,United Arab Emirates,United States of America,V Aravind,Aryan Lakra,SN Netravalkar,4,0,,,,,,,,,,,,,
1365098,2023,2023-03-30,"United Cricket Club Ground, Windhoek",1,2.3,2.3,United Arab Emirates,United States of America,V Aravind,Aryan Lakra,SN Netravalkar,0,0,,,,,,,,,,,,,
1365098,2023,2023-03-30,"United Cricket Club Ground, Windhoek",1,2.4,2.4,United Arab Emirates,United States of America,V Aravind,Aryan Lakra,SN Netravalkar,1,0,,,,,,,,,,,,,
1365098,2023,2023-03-30,"United Cricket Club Ground, Windhoek",1,2.5,2.5,United Arab Emirates,United States of America,Aryan Lakra,V Aravind,SN Netravalkar,4,0,,,,,,,,,,,,,
1365098,2023,2023-03-30,"United Cricket Club Ground, Windhoek",1,2.6,2.6,United Arab Emirates,United States of America,Aryan Lakra,V Aravind,SN Netravalkar,0,0,,,,,,,,,,,,,
1365098,2023,2023-03-30,"United Cricket Club Ground, Windhoek",1,3.1,3.1,United Arab Emirates,United States of America,V Aravind,Aryan Lakra,Ali Khan,4,0,,,,,,,,,,,,,
1365098,2023,2023-03-30,"United Cricket Club Ground, Windhoek",1,3.2,3.2,United Arab Emirates,United States of America,V Aravind,Aryan Lakra,Ali Khan,4,0,,,,,,,,,,,,,
1365098,2023,2023-03-30,"United Cricket Club Ground, Windhoek",1,3.3,3.3,United Arab Emirates,United States of America,V Aravind,Aryan Lakra,Ali Khan,4,0,,,,,,,,,,,,,
1365098,2023,2023-03-30,"United Cricket Club Ground, Windhoek",1,3.4,3.4,United Arab Emirates,United States of America,V Aravind,Aryan Lakra,Ali Khan,0,0,,,,,,,,,,,,,
1365098,2023,2023-03-30,"United Cricket Club Ground, Windhoek",1,3.5,3.5,United Arab Emirates,United States of America,V Aravind,Aryan Lakra,Ali Khan,0,0,,,,,,,,,,,,,
1365098,2023,2023-03-30,"United Cricket Club Ground, Windhoek",1,3.6,3.6,United Arab Emirates,United States of America,V Aravind,Aryan Lakra,Ali Khan,6,0,,,,,,,,,,,,,
1365098,2023,2023-03-30,"United Cricket Club Ground, Windhoek",1,4.1,4.1,United Arab Emirates,United States of America,Aryan Lakra,V Aravind,SN Netravalkar,1,0,,,,,,,,,,,,,
1365098,2023,2023-03-30,"United Cricket Club Ground, Windhoek",1,4.2,4.2,United Arab Emirates,United States of America,V Aravind,Aryan Lakra,SN Netravalkar,0,0,,,,,,,,,,,,,
1365098,2023,2023-03-30,"United Cricket Club Ground, Windhoek",1,4.3,4.3,United Arab Emirates,United States of America,V Aravind,Aryan Lakra,SN Netravalkar,1,0,,,,,,,,,,,,,
1365098,2023,2023-03-30,"United Cricket Club Ground, Windhoek",1,4.4,4.4,United Arab Emirates,United States of America,Aryan Lakra,V Aravind,SN Netravalkar,0,0,,,,,,,,,,,,,
1365098,2023,2023-03-30,"United Cricket Club Ground, Windhoek",1,4.5,4.5,United Arab Emirates,United States of America,Aryan Lakra,V Aravind,SN Netravalkar,0,0,,,,,,,,,,,,,
1365098,2023,2023-03-30,"United Cricket Club Ground, Windhoek",1,4.6,4.6,United Arab Emirates,United States of America,Aryan Lakra,V Aravind,SN Netravalkar,0,0,,,,,,,,,,,,,
1365098,2023,2023-03-30,"United Cricket Club Ground, Windhoek",1,5.1,5.1,United Arab Emirates,United States of America,V Aravind,Aryan Lakra,Ali Khan,1,0,,,,,,,,,,,,,
1365098,2023,2023-03-30,"United Cricket Club Ground, Windhoek",1,5.2,5.2,United Arab Emirates,United States of America,Aryan Lakra,V Aravind,Ali Khan,0,0,,,,,,,,,,,,,
1365098,2023,2023-03-30,"United Cricket Club Ground, Windhoek",1,5.3,5.3,United Arab Emirates,United States of America,Aryan Lakra,V Aravind,Ali Khan,0,0,,,,,,,,,,,,,
1365098,2023,2023-03-30,"United Cricket Club Ground, Windhoek",1,5.4,5.4,United Arab Emirates,United States of America,Aryan Lakra,V Aravind,Ali Khan,4,0,,,,,,,,,,,,,
1365098,2023,2023-03-30,"United Cricket Club Ground, Windhoek",1,5.5,5.5,United Arab Emirates,United States of America,Aryan Lakra,V Aravind,Ali Khan,1,0,,,,,,,,,,,,,
1365098,2023,2023-03-30,"United Cricket Club Ground, Windhoek",1,5.6,5.6,United Arab Emirates,United States of America,V Aravind,Aryan Lakra,Ali Khan,1,0,,,,,,,,,,,,,
1365098,2023,2023-03-30,"United Cricket Club Ground, Windhoek",1,6.1,6.1,United Arab Emirates,United States of America,V Aravind,Aryan Lakra,SN Netravalkar,0,0,,,,,,,,,,,,,
1365098,2023,2023-03-30,"United Cricket Club Ground, Windhoek",1,6.2,6.2,United Arab Emirates,United States of America,V Aravind,Aryan Lakra,SN Netravalkar,0,0,,,,,,,,,,,,,
1365098,2023,2023-03-30,"United Cricket Club Ground, Windhoek",1,6.3,6.3,United Arab Emirates,United States of America,V Aravind,Aryan Lakra,SN Netravalkar,0,0,,,,,,,,,,,,,
1365098,2023,2023-03-30,"United Cricket Club Ground, Windhoek",1,6.4,6.4,United Arab Emirates,United States of America,V Aravind,Aryan Lakra,SN Netravalkar,0,0,,,,,,,,,,,,,
1365098,2023,2023-03-30,"United Cricket Club Ground, Windhoek",1,6.5,6.5,United Arab Emirates,United States of America,V Aravind,Aryan Lakra,SN Netravalkar,0,0,,,,,,,,,,,,,
1365098,2023,2023-03-30,"United Cricket Club Ground, Windhoek",1,6.6,6.6,United Arab Emirates,United States of America,V Aravind,Aryan Lakra,SN Netravalkar,0,0,,,,,,,,,,,,,
1365098,2023,2023-03-30,"United Cricket Club Ground, Windhoek",1,7.1,7.1,United Arab Emirates,United States of America,Aryan Lakra,V Aravind,Ali Khan,0,0,,,,,,,,,,,,,
1365098,2023,2023-03-30,"United Cricket Club Ground, Windhoek",1,7.2,7.2,United Arab Emirates,United States of America,Aryan Lakra,V Aravind,Ali Khan,1,0,,,,,,,,,,,,,
1365098,2023,2023-03-30,"United Cricket Club Ground, Windhoek",1,7.3,7.3,United Arab Emirates,United States of America,V Aravind,Aryan Lakra,Ali Khan,1,0,,,,,,,,,,,,,
1365098,2023,2023-03-30,"United Cricket Club Ground, Windhoek",1,7.4,7.4,United Arab Emirates,United States of America,Aryan Lakra,V Aravind,Ali Khan,4,0,,,,,,,,,,,,,
1365098,2023,2023-03-30,"United Cricket Club Ground, Windhoek",1,7.5,7.5,United Arab Emirates,United States of America,Aryan Lakra,V Aravind,Ali Khan,0,0,,,,,,,,,,,,,
1365098,2023,2023-03-30,"United Cricket Club Ground, Windhoek",1,7.6,7.6,United Arab Emirates,United States of America,Aryan Lakra,V Aravind,Ali Khan,0,0,,,,,,,,,,,,,
1365098,2023,2023-03-30,"United Cricket Club Ground, Windhoek",1,8.1,8.1,United Arab Emirates,United States of America,V Aravind,Aryan Lakra,SN Netravalkar,0,0,,,,,,,,,,,,,
1365098,2023,2023-03-30,"United Cricket Club Ground, Windhoek",1,8.2,8.2,United Arab Emirates,United States of America,V Aravind,Aryan Lakra,SN Netravalkar,0,0,,,,,,,,,,,,,
1365098,2023,2023-03-30,"United Cricket Club Ground, Windhoek",1,8.3,8.3,United Arab Emirates,United States of America,V Aravind,Aryan Lakra,SN Netravalkar,0,0,,,,,,,,,,,,,
1365098,2023,2023-03-30,"United Cricket Club Ground, Windhoek",1,8.4,8.4,United Arab Emirates,United States of America,V Aravind,Aryan Lakra,SN Netravalkar,1,0,,,,,,,,,,,,,
1365098,2023,2023-03-30,"United Cricket Club Ground, Windhoek",1,8.5,8.5,United Arab Emirates,United States of America,Aryan Lakra,V Aravind,SN Netravalkar,0,0,,,,,,,,,,,,,
1365098,2023,2023-03-30,"United Cricket Club Ground, Windhoek",1,8.6,8.6,United Arab Emirates,United States of America,Aryan Lakra,V Aravind,SN Netravalkar,0,0,,,,,,,,,,,,,
1365098,2023,2023-03-30,"United Cricket Club Ground, Windhoek",1,9.1,9.1,United Arab Emirates,United States of America,V Aravind,Aryan Lakra,Jasdeep Singh,0,0,,,,,,,,,,,,,
1365098,2023,2023-03-30,"United Cricket Club Ground, Windhoek",1,9.2,9.2,United Arab Emirates,United States of America,V Aravind,Aryan Lakra,Jasdeep Singh,4,0,,,,,,,,,,,,,
1365098,2023,2023-03-30,"United Cricket Club Ground, Windhoek",1,9.3,9.3,United Arab Emirates,United States of America,V Aravind,Aryan Lakra,Jasdeep Singh,0,0,,,,,,,,,,,,,
1365098,2023,2023-03-30,"United Cricket Club Ground, Windhoek",1,9.4,9.4,United Arab Emirates,United States of America,V Aravind,Aryan Lakra,Jasdeep Singh,0,0,,,,,,,,,,,,,
1365098,2023,2023-03-30,"United Cricket Club Ground, Windhoek",1,9.5,9.5,United Arab Emirates,United States of America,V Aravind,Aryan Lakra,Jasdeep Singh,1,0,,,,,,,,,,,,,
1365098,2023,2023-03-30,"United Cricket Club Ground, Windhoek",1,9.6,9.6,United Arab Emirates,United States of America,Aryan Lakra,V Aravind,Jasdeep Singh,0,0,,,,,,,,,,,,,
1365098,2023,2023-03-30,"United Cricket Club Ground, Windhoek",1,10.1,10.1,United Arab Emirates,United States of America,V Aravind,Aryan Lakra,NK Patel,0,0,,,,,,,,,,,,,
1365098,2023,2023-03-30,"United Cricket Club Ground, Windhoek",1,10.2,10.2,United Arab Emirates,United States of America,V Aravind,Aryan Lakra,NK Patel,0,0,,,,,,,,,,,,,
1365098,2023,2023-03-30,"United Cricket Club Ground, Windhoek",1,10.3,10.3,United Arab Emirates,United States of America,V Aravind,Aryan Lakra,NK Patel,0,0,,,,,,,,,,,,,
1365098,2023,2023-03-30,"United Cricket Club Ground, Windhoek",1,10.4,10.4,United Arab Emirates,United States of America,V Aravind,Aryan Lakra,NK Patel,1,0,,,,,,,,,,,,,
1365098,2023,2023-03-30,"United Cricket Club Ground, Windhoek",1,10.5,10.5,United Arab Emirates,United States of America,Aryan Lakra,V Aravind,NK Patel,0,0,,,,,,,,,,,,,
1365098,2023,2023-03-30,"United Cricket Club Ground, Windhoek",1,10.6,10.6,United Arab Emirates,United States of America,Aryan Lakra,V Aravind,NK Patel,0,0,,,,,,,,,,,,,
1365098,2023,2023-03-30,"United Cricket Club Ground, Windhoek",1,11.1,11.1,United Arab Emirates,United States of America,V Aravind,Aryan Lakra,Jasdeep Singh,1,0,,,,,,,,,,,,,
1365098,2023,2023-03-30,"United Cricket Club Ground, Windhoek",1,11.2,11.2,United Arab Emirates,United States of America,Aryan Lakra,V Aravind,Jasdeep Singh,0,0,,,,,,,,,,,,,
1365098,2023,2023-03-30,"United Cricket Club Ground, Windhoek",1,11.3,11.3,United Arab Emirates,United States of America,Aryan Lakra,V Aravind,Jasdeep Singh,1,0,,,,,,,,,,,,,
1365098,2023,2023-03-30,"United Cricket Club Ground, Windhoek",1,11.4,11.4,United Arab Emirates,United States of America,V Aravind,Aryan Lakra,Jasdeep Singh,2,0,,,,,,,,,,,,,
1365098,2023,2023-03-30,"United Cricket Club Ground, Windhoek",1,11.5,11.5,United Arab Emirates,United States of America,V Aravind,Aryan Lakra,Jasdeep Singh,0,0,,,,,,,,,,,,,
1365098,2023,2023-03-30,"United Cricket Club Ground, Windhoek",1,11.6,11.6,United Arab Emirates,United States of America,V Aravind,Aryan Lakra,Jasdeep Singh,1,0,,,,,,,,,,,,,
1365098,2023,2023-03-30,"United Cricket Club Ground, Windhoek",1,12.1,12.1,United Arab Emirates,United States of America,V Aravind,Aryan Lakra,NK Patel,4,0,,,,,,,,,,,,,
1365098,2023,2023-03-30,"United Cricket Club Ground, Windhoek",1,12.2,12.2,United Arab Emirates,United States of America,V Aravind,Aryan Lakra,NK Patel,1,0,,,,,,,,,,,,,
1365098,2023,2023-03-30,"United Cricket Club Ground, Windhoek",1,12.3,12.3,United Arab Emirates,United States of America,Aryan Lakra,V Aravind,NK Patel,1,0,,,,,,,,,,,,,
1365098,2023,2023-03-30,"United Cricket Club Ground, Windhoek",1,12.4,12.4,United Arab Emirates,United States of America,V Aravind,Aryan Lakra,NK Patel,0,0,,,,,,,,,,,,,
1365098,2023,2023-03-30,"United Cricket Club Ground, Windhoek",1,12.5,12.5,United Arab Emirates,United States of America,V Aravind,Aryan Lakra,NK Patel,1,0,,,,,,,,,,,,,
1365098,2023,2023-03-30,"United Cricket Club Ground, Windhoek",1,12.6,12.6,United Arab Emirates,United States of America,Aryan Lakra,V Aravind,NK Patel,0,0,,,,,,,,,,,,,
1365098,2023,2023-03-30,"United Cricket Club Ground, Windhoek",1,13.1,13.1,United Arab Emirates,United States of America,V Aravind,Aryan Lakra,Jasdeep Singh,1,0,,,,,,,,,,,,,
1365098,2023,2023-03-30,"United Cricket Club Ground, Windhoek",1,13.2,13.2,United Arab Emirates,United States of America,Aryan Lakra,V Aravind,Jasdeep Singh,1,0,,,,,,,,,,,,,
1365098,2023,2023-03-30,"United Cricket Club Ground, Windhoek",1,13.3,13.3,United Arab Emirates,United States of America,V Aravind,Aryan Lakra,Jasdeep Singh,1,0,,,,,,,,,,,,,
1365098,2023,2023-03-30,"United Cricket Club Ground, Windhoek",1,13.4,13.4,United Arab Emirates,United States of America,Aryan Lakra,V Aravind,Jasdeep Singh,0,0,,,,,,,,,,,,,
1365098,2023,2023-03-30,"United Cricket Club Ground, Windhoek",1,13.5,13.5,United Arab Emirates,United States of America,Aryan Lakra,V Aravind,Jasdeep Singh,1,0,,,,,,,,,,,,,
1365098,2023,2023-03-30,"United Cricket Club Ground, Windhoek",1,13.6,13.6,United Arab Emirates,United States of America,V Aravind,Aryan Lakra,Jasdeep Singh,0,0,,,,,,,,,,,,,
1365098,2023,2023-03-30,"United Cricket Club Ground, Windhoek",1,14.1,14.1,United Arab Emirates,United States of America,Aryan Lakra,V Aravind,NK Patel,0,0,,,,,,,,,,,,,
1365098,2023,2023-03-30,"United Cricket Club Ground, Windhoek",1,14.2,14.2,United Arab Emirates,United States of America,Aryan Lakra,V Aravind,NK Patel,0,0,,,,,,,,,,,,,
1365098,2023,2023-03-30,"United Cricket Club Ground, Windhoek",1,14.3,14.3,United Arab Emirates,United States of America,Aryan Lakra,V Aravind,NK Patel,0,0,,,,,,,,,,,,,
1365098,2023,2023-03-30,"United Cricket Club Ground, Windhoek",1,14.4,14.4,United Arab Emirates,United States of America,Aryan Lakra,V Aravind,NK Patel,0,0,,,,,,,lbw,Aryan Lakra,,,,,
1365098,2023,2023-03-30,"United Cricket Club Ground, Windhoek",1,14.5,14.5,United Arab Emirates,United States of America,Rameez Shahzad,V Aravind,NK Patel,0,0,,,,,,,,,,,,,
1365098,2023,2023-03-30,"United Cricket Club Ground, Windhoek",1,14.6,14.6,United Arab Emirates,United States of America,Rameez Shahzad,V Aravind,NK Patel,0,0,,,,,,,,,,,,,
1365098,2023,2023-03-30,"United Cricket Club Ground, Windhoek",1,15.1,15.1,United Arab Emirates,United States of America,V Aravind,Rameez Shahzad,NP Kenjige,0,0,,,,,,,,,,,,,
1365098,2023,2023-03-30,"United Cricket Club Ground, Windhoek",1,15.2,15.2,United Arab Emirates,United States of America,V Aravind,Rameez Shahzad,NP Kenjige,0,0,,,,,,,,,,,,,
1365098,2023,2023-03-30,"United Cricket Club Ground, Windhoek",1,15.3,15.3,United Arab Emirates,United States of America,V Aravind,Rameez Shahzad,NP Kenjige,1,0,,,,,,,,,,,,,
1365098,2023,2023-03-30,"United Cricket Club Ground, Windhoek",1,15.4,15.4,United Arab Emirates,United States of America,Rameez Shahzad,V Aravind,NP Kenjige,0,0,,,,,,,,,,,,,
1365098,2023,2023-03-30,"United Cricket Club Ground, Windhoek",1,15.5,15.5,United Arab Emirates,United States of America,Rameez Shahzad,V Aravind,NP Kenjige,0,0,,,,,,,,,,,,,
1365098,2023,2023-03-30,"United Cricket Club Ground, Windhoek",1,15.6,15.6,United Arab Emirates,United States of America,Rameez Shahzad,V Aravind,NP Kenjige,0,0,,,,,,,,,,,,,
1365098,2023,2023-03-30,"United Cricket Club Ground, Windhoek",1,16.1,16.1,United Arab Emirates,United States of America,V Aravind,Rameez Shahzad,NK Patel,1,0,,,,,,,,,,,,,
1365098,2023,2023-03-30,"United Cricket Club Ground, Windhoek",1,16.2,16.2,United Arab Emirates,United States of America,Rameez Shahzad,V Aravind,NK Patel,0,0,,,,,,,,,,,,,
1365098,2023,2023-03-30,"United Cricket Club Ground, Windhoek",1,16.3,16.3,United Arab Emirates,United States of America,Rameez Shahzad,V Aravind,NK Patel,0,0,,,,,,,,,,,,,
1365098,2023,2023-03-30,"United Cricket Club Ground, Windhoek",1,16.4,16.4,United Arab Emirates,United States of America,Rameez Shahzad,V Aravind,NK Patel,4,0,,,,,,,,,,,,,
1365098,2023,2023-03-30,"United Cricket Club Ground, Windhoek",1,16.5,16.5,United Arab Emirates,United States of America,Rameez Shahzad,V Aravind,NK Patel,1,0,,,,,,,,,,,,,
1365098,2023,2023-03-30,"United Cricket Club Ground, Windhoek",1,16.6,16.6,United Arab Emirates,United States of America,V Aravind,Rameez Shahzad,NK Patel,1,0,,,,,,,,,,,,,
1365098,2023,2023-03-30,"United Cricket Club Ground, Windhoek",1,17.1,17.1,United Arab Emirates,United States of America,V Aravind,Rameez Shahzad,NP Kenjige,1,0,,,,,,,,,,,,,
1365098,2023,2023-03-30,"United Cricket Club Ground, Windhoek",1,17.2,17.2,United Arab Emirates,United States of America,Rameez Shahzad,V Aravind,NP Kenjige,1,0,,,,,,,,,,,,,
1365098,2023,2023-03-30,"United Cricket Club Ground, Windhoek",1,17.3,17.3,United Arab Emirates,United States of America,V Aravind,Rameez Shahzad,NP Kenjige,0,0,,,,,,,,,,,,,
1365098,2023,2023-03-30,"United Cricket Club Ground, Windhoek",1,17.4,17.4,United Arab Emirates,United States of America,V Aravind,Rameez Shahzad,NP Kenjige,1,0,,,,,,,,,,,,,
1365098,2023,2023-03-30,"United Cricket Club Ground, Windhoek",1,17.5,17.5,United Arab Emirates,United States of America,Rameez Shahzad,V Aravind,NP Kenjige,0,0,,,,,,,,,,,,,
1365098,2023,2023-03-30,"United Cricket Club Ground, Windhoek",1,17.6,17.6,United Arab Emirates,United States of America,Rameez Shahzad,V Aravind,NP Kenjige,1,0,,,,,,,,,,,,,
1365098,2023,2023-03-30,"United Cricket Club Ground, Windhoek",1,18.1,18.1,United Arab Emirates,United States of America,Rameez Shahzad,V Aravind,NK Patel,4,0,,,,,,,,,,,,,
1365098,2023,2023-03-30,"United Cricket Club Ground, Windhoek",1,18.2,18.2,United Arab Emirates,United States of America,Rameez Shahzad,V Aravind,NK Patel,0,0,,,,,,,,,,,,,
1365098,2023,2023-03-30,"United Cricket Club Ground, Windhoek",1,18.3,18.3,United Arab Emirates,United States of America,Rameez Shahzad,V Aravind,NK Patel,0,0,,,,,,,,,,,,,
1365098,2023,2023-03-30,"United Cricket Club Ground, Windhoek",1,18.4,18.4,United Arab Emirates,United States of America,Rameez Shahzad,V Aravind,NK Patel,1,0,,,,,,,,,,,,,
1365098,2023,2023-03-30,"United Cricket Club Ground, Windhoek",1,18.5,18.5,United Arab Emirates,United States of America,V Aravind,Rameez Shahzad,NK Patel,0,0,,,,,,,,,,,,,
1365098,2023,2023-03-30,"United Cricket Club Ground, Windhoek",1,18.6,18.6,United Arab Emirates,United States of America,V Aravind,Rameez Shahzad,NK Patel,0,0,,,,,,,,,,,,,
1365098,2023,2023-03-30,"United Cricket Club Ground, Windhoek",1,19.1,19.1,United Arab Emirates,United States of America,Rameez Shahzad,V Aravind,NP Kenjige,1,0,,,,,,,,,,,,,
1365098,2023,2023-03-30,"United Cricket Club Ground, Windhoek",1,19.2,19.2,United Arab Emirates,United States of America,V Aravind,Rameez Shahzad,NP Kenjige,0,0,,,,,,,,,,,,,
1365098,2023,2023-03-30,"United Cricket Club Ground, Windhoek",1,19.3,19.3,United Arab Emirates,United States of America,V Aravind,Rameez Shahzad,NP Kenjige,0,0,,,,,,,,,,,,,
1365098,2023,2023-03-30,"United Cricket Club Ground, Windhoek",1,19.4,19.4,United Arab Emirates,United States of America,V Aravind,Rameez Shahzad,NP Kenjige,3,0,,,,,,,,,,,,,
1365098,2023,2023-03-30,"United Cricket Club Ground, Windhoek",1,19.5,19.5,United Arab Emirates,United States of America,Rameez Shahzad,V Aravind,NP Kenjige,1,0,,,,,,,,,,,,,
1365098,2023,2023-03-30,"United Cricket Club Ground, Windhoek",1,19.6,19.6,United Arab Emirates,United States of America,V Aravind,Rameez Shahzad,NP Kenjige,1,0,,,,,,,,,,,,,
1365098,2023,2023-03-30,"United Cricket Club Ground, Windhoek",1,20.1,20.1,United Arab Emirates,United States of America,V Aravind,Rameez Shahzad,NK Patel,0,0,,,,,,,,,,,,,
1365098,2023,2023-03-30,"United Cricket Club Ground, Windhoek",1,20.2,20.2,United Arab Emirates,United States of America,V Aravind,Rameez Shahzad,NK Patel,0,0,,,,,,,,,,,,,
1365098,2023,2023-03-30,"United Cricket Club Ground, Windhoek",1,20.3,20.3,United Arab Emirates,United States of America,V Aravind,Rameez Shahzad,NK Patel,0,0,,,,,,,,,,,,,
1365098,2023,2023-03-30,"United Cricket Club Ground, Windhoek",1,20.4,20.4,United Arab Emirates,United States of America,V Aravind,Rameez Shahzad,NK Patel,1,0,,,,,,,,,,,,,
1365098,2023,2023-03-30,"United Cricket Club Ground, Windhoek",1,20.5,20.5,United Arab Emirates,United States of America,Rameez Shahzad,V Aravind,NK Patel,1,0,,,,,,,,,,,,,
1365098,2023,2023-03-30,"United Cricket Club Ground, Windhoek",1,20.6,20.6,United Arab Emirates,United States of America,V Aravind,Rameez Shahzad,NK Patel,0,0,,,,,,,,,,,,,
1365098,2023,2023-03-30,"United Cricket Club Ground, Windhoek",1,21.1,21.1,United Arab Emirates,United States of America,Rameez Shahzad,V Aravind,NP Kenjige,0,0,,,,,,,run out,Rameez Shahzad,,,Shayan Jahangir,Aaron Jones,
1365098,2023,2023-03-30,"United Cricket Club Ground, Windhoek",1,21.2,21.2,United Arab Emirates,United States of America,Rohan Mustafa,V Aravind,NP Kenjige,0,0,,,,,,,,,,,,,
1365098,2023,2023-03-30,"United Cricket Club Ground, Windhoek",1,21.3,21.3,United Arab Emirates,United States of America,Rohan Mustafa,V Aravind,NP Kenjige,0,0,,,,,,,,,,,,,
1365098,2023,2023-03-30,"United Cricket Club Ground, Windhoek",1,21.4,21.4,United Arab Emirates,United States of America,Rohan Mustafa,V Aravind,NP Kenjige,0,0,,,,,,,,,,,,,
1365098,2023,2023-03-30,"United Cricket Club Ground, Windhoek",1,21.5,21.5,United Arab Emirates,United States of America,Rohan Mustafa,V Aravind,NP Kenjige,0,0,,,,,,,,,,,,,
1365098,2023,2023-03-30,"United Cricket Club Ground, Windhoek",1,21.6,21.6,United Arab Emirates,United States of America,Rohan Mustafa,V Aravind,NP Kenjige,0,0,,,,,,,,,,,,,
1365098,2023,2023-03-30,"United Cricket Club Ground, Windhoek",1,22.1,22.1,United Arab Emirates,United States of America,V Aravind,Rohan Mustafa,NK Patel,0,0,,,,,,,,,,,,,
1365098,2023,2023-03-30,"United Cricket Club Ground, Windhoek",1,22.2,22.2,United Arab Emirates,United States of America,V Aravind,Rohan Mustafa,NK Patel,0,0,,,,,,,bowled,V Aravind,,,,,
1365098,2023,2023-03-30,"United Cricket Club Ground, Windhoek",1,22.3,22.3,United Arab Emirates,United States of America,Asif Khan,Rohan Mustafa,NK Patel,0,0,,,,,,,,,,,,,
1365098,2023,2023-03-30,"United Cricket Club Ground, Windhoek",1,22.4,22.4,United Arab Emirates,United States of America,Asif Khan,Rohan Mustafa,NK Patel,1,0,,,,,,,,,,,,,
1365098,2023,2023-03-30,"United Cricket Club Ground, Windhoek",1,22.5,22.5,United Arab Emirates,United States of America,Rohan Mustafa,Asif Khan,NK Patel,0,0,,,,,,,,,,,,,
1365098,2023,2023-03-30,"United Cricket Club Ground, Windhoek",1,22.6,22.6,United Arab Emirates,United States of America,Rohan Mustafa,Asif Khan,NK Patel,0,0,,,,,,,,,,,,,
1365098,2023,2023-03-30,"United Cricket Club Ground, Windhoek",1,23.1,23.1,United Arab Emirates,United States of America,Asif Khan,Rohan Mustafa,Ali Khan,0,0,,,,,,,,,,,,,
1365098,2023,2023-03-30,"United Cricket Club Ground, Windhoek",1,23.2,23.2,United Arab Emirates,United States of America,Asif Khan,Rohan Mustafa,Ali Khan,0,0,,,,,,,,,,,,,
1365098,2023,2023-03-30,"United Cricket Club Ground, Windhoek",1,23.3,23.3,United Arab Emirates,United States of America,Asif Khan,Rohan Mustafa,Ali Khan,0,0,,,,,,,,,,,,,
1365098,2023,2023-03-30,"United Cricket Club Ground, Windhoek",1,23.4,23.4,United Arab Emirates,United States of America,Asif Khan,Rohan Mustafa,Ali Khan,0,0,,,,,,,,,,,,,
1365098,2023,2023-03-30,"United Cricket Club Ground, Windhoek",1,23.5,23.5,United Arab Emirates,United States of America,Asif Khan,Rohan Mustafa,Ali Khan,0,0,,,,,,,,,,,,,
1365098,2023,2023-03-30,"United Cricket Club Ground, Windhoek",1,23.6,23.6,United Arab Emirates,United States of America,Asif Khan,Rohan Mustafa,Ali Khan,2,0,,,,,,,,,,,,,
1365098,2023,2023-03-30,"United Cricket Club Ground, Windhoek",1,24.1,24.1,United Arab Emirates,United States of America,Rohan Mustafa,Asif Khan,NK Patel,0,0,,,,,,,,,,,,,
1365098,2023,2023-03-30,"United Cricket Club Ground, Windhoek",1,24.2,24.2,United Arab Emirates,United States of America,Rohan Mustafa,Asif Khan,NK Patel,1,0,,,,,,,,,,,,,
1365098,2023,2023-03-30,"United Cricket Club Ground, Windhoek",1,24.3,24.3,United Arab Emirates,United States of America,Asif Khan,Rohan Mustafa,NK Patel,2,0,,,,,,,,,,,,,
1365098,2023,2023-03-30,"United Cricket Club Ground, Windhoek",1,24.4,24.4,United Arab Emirates,United States of America,Asif Khan,Rohan Mustafa,NK Patel,0,0,,,,,,,,,,,,,
1365098,2023,2023-03-30,"United Cricket Club Ground, Windhoek",1,24.5,24.5,United Arab Emirates,United States of America,Asif Khan,Rohan Mustafa,NK Patel,0,0,,,,,,,,,,,,,
1365098,2023,2023-03-30,"United Cricket Club Ground, Windhoek",1,24.6,24.6,United Arab Emirates,United States of America,Asif Khan,Rohan Mustafa,NK Patel,2,0,,,,,,,,,,,,,
1365098,2023,2023-03-30,"United Cricket Club Ground, Windhoek",1,25.1,25.1,United Arab Emirates,United States of America,Rohan Mustafa,Asif Khan,Ali Khan,0,0,,,,,,,,,,,,,
1365098,2023,2023-03-30,"United Cricket Club Ground, Windhoek",1,25.2,25.2,United Arab Emirates,United States of America,Rohan Mustafa,Asif Khan,Ali Khan,2,0,,,,,,,,,,,,,
1365098,2023,2023-03-30,"United Cricket Club Ground, Windhoek",1,25.3,25.3,United Arab Emirates,United States of America,Rohan Mustafa,Asif Khan,Ali Khan,0,0,,,,,,,,,,,,,
1365098,2023,2023-03-30,"United Cricket Club Ground, Windhoek",1,25.4,25.4,United Arab Emirates,United States of America,Rohan Mustafa,Asif Khan,Ali Khan,0,1,1,,,,,,,,,,,,
1365098,2023,2023-03-30,"United Cricket Club Ground, Windhoek",1,25.5,25.4,United Arab Emirates,United States of America,Rohan Mustafa,Asif Khan,Ali Khan,0,1,1,,,,,,,,,,,,
1365098,2023,2023-03-30,"United Cricket Club Ground, Windhoek",1,25.6,25.4,United Arab Emirates,United States of America,Rohan Mustafa,Asif Khan,Ali Khan,0,0,,,,,,,,,,,,,
1365098,2023,2023-03-30,"United Cricket Club Ground, Windhoek",1,25.7,25.5,United Arab Emirates,United States of America,Rohan Mustafa,Asif Khan,Ali Khan,0,0,,,,,,,,,,,,,
1365098,2023,2023-03-30,"United Cricket Club Ground, Windhoek",1,25.8,25.6,United Arab Emirates,United States of America,Rohan Mustafa,Asif Khan,Ali Khan,0,0,,,,,,,,,,,,,
1365098,2023,2023-03-30,"United Cricket Club Ground, Windhoek",1,26.1,26.1,United Arab Emirates,United States of America,Asif Khan,Rohan Mustafa,NP Kenjige,1,0,,,,,,,,,,,,,
1365098,2023,2023-03-30,"United Cricket Club Ground, Windhoek",1,26.2,26.2,United Arab Emirates,United States of America,Rohan Mustafa,Asif Khan,NP Kenjige,0,0,,,,,,,,,,,,,
1365098,2023,2023-03-30,"United Cricket Club Ground, Windhoek",1,26.3,26.3,United Arab Emirates,United States of America,Rohan Mustafa,Asif Khan,NP Kenjige,6,0,,,,,,,,,,,,,
1365098,2023,2023-03-30,"United Cricket Club Ground, Windhoek",1,26.4,26.4,United Arab Emirates,United States of America,Rohan Mustafa,Asif Khan,NP Kenjige,0,0,,,,,,,,,,,,,
1365098,2023,2023-03-30,"United Cricket Club Ground, Windhoek",1,26.5,26.5,United Arab Emirates,United States of America,Rohan Mustafa,Asif Khan,NP Kenjige,0,0,,,,,,,,,,,,,
1365098,2023,2023-03-30,"United Cricket Club Ground, Windhoek",1,26.6,26.6,United Arab Emirates,United States of America,Rohan Mustafa,Asif Khan,NP Kenjige,0,0,,,,,,,,,,,,,
1365098,2023,2023-03-30,"United Cricket Club Ground, Windhoek",1,27.1,27.1,United Arab Emirates,United States of America,Asif Khan,Rohan Mustafa,Jasdeep Singh,1,0,,,,,,,,,,,,,
1365098,2023,2023-03-30,"United Cricket Club Ground, Windhoek",1,27.2,27.2,United Arab Emirates,United States of America,Rohan Mustafa,Asif Khan,Jasdeep Singh,1,0,,,,,,,,,,,,,
1365098,2023,2023-03-30,"United Cricket Club Ground, Windhoek",1,27.3,27.3,United Arab Emirates,United States of America,Asif Khan,Rohan Mustafa,Jasdeep Singh,1,0,,,,,,,,,,,,,
1365098,2023,2023-03-30,"United Cricket Club Ground, Windhoek",1,27.4,27.4,United Arab Emirates,United States of America,Rohan Mustafa,Asif Khan,Jasdeep Singh,0,0,,,,,,,,,,,,,
1365098,2023,2023-03-30,"United Cricket Club Ground, Windhoek",1,27.5,27.5,United Arab Emirates,United States of America,Rohan Mustafa,Asif Khan,Jasdeep Singh,0,0,,,,,,,,,,,,,
1365098,2023,2023-03-30,"United Cricket Club Ground, Windhoek",1,27.6,27.6,United Arab Emirates,United States of America,Rohan Mustafa,Asif Khan,Jasdeep Singh,0,0,,,,,,,,,,,,,
1365098,2023,2023-03-30,"United Cricket Club Ground, Windhoek",1,28.1,28.1,United Arab Emirates,United States of America,Asif Khan,Rohan Mustafa,NP Kenjige,1,0,,,,,,,,,,,,,
1365098,2023,2023-03-30,"United Cricket Club Ground, Windhoek",1,28.2,28.2,United Arab Emirates,United States of America,Rohan Mustafa,Asif Khan,NP Kenjige,0,0,,,,,,,,,,,,,
1365098,2023,2023-03-30,"United Cricket Club Ground, Windhoek",1,28.3,28.3,United Arab Emirates,United States of America,Rohan Mustafa,Asif Khan,NP Kenjige,1,0,,,,,,,,,,,,,
1365098,2023,2023-03-30,"United Cricket Club Ground, Windhoek",1,28.4,28.4,United Arab Emirates,United States of America,Asif Khan,Rohan Mustafa,NP Kenjige,0,0,,,,,,,,,,,,,
1365098,2023,2023-03-30,"United Cricket Club Ground, Windhoek",1,28.5,28.5,United Arab Emirates,United States of America,Asif Khan,Rohan Mustafa,NP Kenjige,1,0,,,,,,,,,,,,,
1365098,2023,2023-03-30,"United Cricket Club Ground, Windhoek",1,28.6,28.6,United Arab Emirates,United States of America,Rohan Mustafa,Asif Khan,NP Kenjige,0,0,,,,,,,,,,,,,
1365098,2023,2023-03-30,"United Cricket Club Ground, Windhoek",1,29.1,29.1,United Arab Emirates,United States of America,Asif Khan,Rohan Mustafa,Jasdeep Singh,1,0,,,,,,,,,,,,,
1365098,2023,2023-03-30,"United Cricket Club Ground, Windhoek",1,29.2,29.2,United Arab Emirates,United States of America,Rohan Mustafa,Asif Khan,Jasdeep Singh,1,0,,,,,,,,,,,,,
1365098,2023,2023-03-30,"United Cricket Club Ground, Windhoek",1,29.3,29.3,United Arab Emirates,United States of America,Asif Khan,Rohan Mustafa,Jasdeep Singh,0,0,,,,,,,,,,,,,
1365098,2023,2023-03-30,"United Cricket Club Ground, Windhoek",1,29.4,29.4,United Arab Emirates,United States of America,Asif Khan,Rohan Mustafa,Jasdeep Singh,1,0,,,,,,,,,,,,,
1365098,2023,2023-03-30,"United Cricket Club Ground, Windhoek",1,29.5,29.5,United Arab Emirates,United States of America,Rohan Mustafa,Asif Khan,Jasdeep Singh,0,0,,,,,,,,,,,,,
1365098,2023,2023-03-30,"United Cricket Club Ground, Windhoek",1,29.6,29.6,United Arab Emirates,United States of America,Rohan Mustafa,Asif Khan,Jasdeep Singh,1,0,,,,,,,,,,,,,
1365098,2023,2023-03-30,"United Cricket Club Ground, Windhoek",1,30.1,30.1,United Arab Emirates,United States of America,Rohan Mustafa,Asif Khan,NP Kenjige,6,0,,,,,,,,,,,,,
1365098,2023,2023-03-30,"United Cricket Club Ground, Windhoek",1,30.2,30.2,United Arab Emirates,United States of America,Rohan Mustafa,Asif Khan,NP Kenjige,0,0,,,,,,,,,,,,,
1365098,2023,2023-03-30,"United Cricket Club Ground, Windhoek",1,30.3,30.3,United Arab Emirates,United States of America,Rohan Mustafa,Asif Khan,NP Kenjige,4,0,,,,,,,,,,,,,
1365098,2023,2023-03-30,"United Cricket Club Ground, Windhoek",1,30.4,30.4,United Arab Emirates,United States of America,Rohan Mustafa,Asif Khan,NP Kenjige,0,0,,,,,,,,,,,,,
1365098,2023,2023-03-30,"United Cricket Club Ground, Windhoek",1,30.5,30.5,United Arab Emirates,United States of America,Rohan Mustafa,Asif Khan,NP Kenjige,0,0,,,,,,,,,,,,,
1365098,2023,2023-03-30,"United Cricket Club Ground, Windhoek",1,30.6,30.6,United Arab Emirates,United States of America,Rohan Mustafa,Asif Khan,NP Kenjige,2,0,,,,,,,,,,,,,
1365098,2023,2023-03-30,"United Cricket Club Ground, Windhoek",1,31.1,31.1,United Arab Emirates,United States of America,Asif Khan,Rohan Mustafa,Jasdeep Singh,4,0,,,,,,,,,,,,,
1365098,2023,2023-03-30,"United Cricket Club Ground, Windhoek",1,31.2,31.2,United Arab Emirates,United States of America,Asif Khan,Rohan Mustafa,Jasdeep Singh,2,0,,,,,,,,,,,,,
1365098,2023,2023-03-30,"United Cricket Club Ground, Windhoek",1,31.3,31.3,United Arab Emirates,United States of America,Asif Khan,Rohan Mustafa,Jasdeep Singh,1,0,,,,,,,,,,,,,
1365098,2023,2023-03-30,"United Cricket Club Ground, Windhoek",1,31.4,31.4,United Arab Emirates,United States of America,Rohan Mustafa,Asif Khan,Jasdeep Singh,1,0,,,,,,,,,,,,,
1365098,2023,2023-03-30,"United Cricket Club Ground, Windhoek",1,31.5,31.5,United Arab Emirates,United States of America,Asif Khan,Rohan Mustafa,Jasdeep Singh,0,0,,,,,,,,,,,,,
1365098,2023,2023-03-30,"United Cricket Club Ground, Windhoek",1,31.6,31.6,United Arab Emirates,United States of America,Asif Khan,Rohan Mustafa,Jasdeep Singh,1,0,,,,,,,,,,,,,
1365098,2023,2023-03-30,"United Cricket Club Ground, Windhoek",1,32.1,32.1,United Arab Emirates,United States of America,Asif Khan,Rohan Mustafa,NP Kenjige,0,0,,,,,,,,,,,,,
1365098,2023,2023-03-30,"United Cricket Club Ground, Windhoek",1,32.2,32.2,United Arab Emirates,United States of America,Asif Khan,Rohan Mustafa,NP Kenjige,4,0,,,,,,,,,,,,,
1365098,2023,2023-03-30,"United Cricket Club Ground, Windhoek",1,32.3,32.3,United Arab Emirates,United States of America,Asif Khan,Rohan Mustafa,NP Kenjige,2,0,,,,,,,,,,,,,
1365098,2023,2023-03-30,"United Cricket Club Ground, Windhoek",1,32.4,32.4,United Arab Emirates,United States of America,Asif Khan,Rohan Mustafa,NP Kenjige,1,0,,,,,,,,,,,,,
1365098,2023,2023-03-30,"United Cricket Club Ground, Windhoek",1,32.5,32.5,United Arab Emirates,United States of America,Rohan Mustafa,Asif Khan,NP Kenjige,0,0,,,,,,,,,,,,,
1365098,2023,2023-03-30,"United Cricket Club Ground, Windhoek",1,32.6,32.6,United Arab Emirates,United States of America,Rohan Mustafa,Asif Khan,NP Kenjige,1,0,,,,,,,,,,,,,
1365098,2023,2023-03-30,"United Cricket Club Ground, Windhoek",1,33.1,33.1,United Arab Emirates,United States of America,Rohan Mustafa,Asif Khan,SN Netravalkar,1,0,,,,,,,,,,,,,
1365098,2023,2023-03-30,"United Cricket Club Ground, Windhoek",1,33.2,33.2,United Arab Emirates,United States of America,Asif Khan,Rohan Mustafa,SN Netravalkar,2,0,,,,,,,,,,,,,
1365098,2023,2023-03-30,"United Cricket Club Ground, Windhoek",1,33.3,33.3,United Arab Emirates,United States of America,Asif Khan,Rohan Mustafa,SN Netravalkar,0,0,,,,,,,,,,,,,
1365098,2023,2023-03-30,"United Cricket Club Ground, Windhoek",1,33.4,33.4,United Arab Emirates,United States of America,Asif Khan,Rohan Mustafa,SN Netravalkar,0,0,,,,,,,,,,,,,
1365098,2023,2023-03-30,"United Cricket Club Ground, Windhoek",1,33.5,33.5,United Arab Emirates,United States of America,Asif Khan,Rohan Mustafa,SN Netravalkar,0,0,,,,,,,,,,,,,
1365098,2023,2023-03-30,"United Cricket Club Ground, Windhoek",1,33.6,33.6,United Arab Emirates,United States of America,Asif Khan,Rohan Mustafa,SN Netravalkar,1,0,,,,,,,,,,,,,
1365098,2023,2023-03-30,"United Cricket Club Ground, Windhoek",1,34.1,34.1,United Arab Emirates,United States of America,Asif Khan,Rohan Mustafa,G Singh,2,0,,,,,,,,,,,,,
1365098,2023,2023-03-30,"United Cricket Club Ground, Windhoek",1,34.2,34.2,United Arab Emirates,United States of America,Asif Khan,Rohan Mustafa,G Singh,2,0,,,,,,,,,,,,,
1365098,2023,2023-03-30,"United Cricket Club Ground, Windhoek",1,34.3,34.3,United Arab Emirates,United States of America,Asif Khan,Rohan Mustafa,G Singh,0,0,,,,,,,,,,,,,
1365098,2023,2023-03-30,"United Cricket Club Ground, Windhoek",1,34.4,34.4,United Arab Emirates,United States of America,Asif Khan,Rohan Mustafa,G Singh,0,0,,,,,,,,,,,,,
1365098,2023,2023-03-30,"United Cricket Club Ground, Windhoek",1,34.5,34.5,United Arab Emirates,United States of America,Asif Khan,Rohan Mustafa,G Singh,4,0,,,,,,,,,,,,,
1365098,2023,2023-03-30,"United Cricket Club Ground, Windhoek",1,34.6,34.6,United Arab Emirates,United States of America,Asif Khan,Rohan Mustafa,G Singh,0,0,,,,,,,,,,,,,
1365098,2023,2023-03-30,"United Cricket Club Ground, Windhoek",1,35.1,35.1,United Arab Emirates,United States of America,Rohan Mustafa,Asif Khan,SN Netravalkar,1,0,,,,,,,,,,,,,
1365098,2023,2023-03-30,"United Cricket Club Ground, Windhoek",1,35.2,35.2,United Arab Emirates,United States of America,Asif Khan,Rohan Mustafa,SN Netravalkar,0,0,,,,,,,,,,,,,
1365098,2023,2023-03-30,"United Cricket Club Ground, Windhoek",1,35.3,35.3,United Arab Emirates,United States of America,Asif Khan,Rohan Mustafa,SN Netravalkar,1,0,,,,,,,,,,,,,
1365098,2023,2023-03-30,"United Cricket Club Ground, Windhoek",1,35.4,35.4,United Arab Emirates,United States of America,Rohan Mustafa,Asif Khan,SN Netravalkar,1,0,,,,,,,,,,,,,
1365098,2023,2023-03-30,"United Cricket Club Ground, Windhoek",1,35.5,35.5,United Arab Emirates,United States of America,Asif Khan,Rohan Mustafa,SN Netravalkar,1,0,,,,,,,,,,,,,
1365098,2023,2023-03-30,"United Cricket Club Ground, Windhoek",1,35.6,35.6,United Arab Emirates,United States of America,Rohan Mustafa,Asif Khan,SN Netravalkar,2,0,,,,,,,,,,,,,
1365098,2023,2023-03-30,"United Cricket Club Ground, Windhoek",1,36.1,36.1,United Arab Emirates,United States of America,Asif Khan,Rohan Mustafa,G Singh,4,0,,,,,,,,,,,,,
1365098,2023,2023-03-30,"United Cricket Club Ground, Windhoek",1,36.2,36.2,United Arab Emirates,United States of America,Asif Khan,Rohan Mustafa,G Singh,4,0,,,,,,,,,,,,,
1365098,2023,2023-03-30,"United Cricket Club Ground, Windhoek",1,36.3,36.3,United Arab Emirates,United States of America,Asif Khan,Rohan Mustafa,G Singh,6,0,,,,,,,,,,,,,
1365098,2023,2023-03-30,"United Cricket Club Ground, Windhoek",1,36.4,36.4,United Arab Emirates,United States of America,Asif Khan,Rohan Mustafa,G Singh,0,0,,,,,,,,,,,,,
1365098,2023,2023-03-30,"United Cricket Club Ground, Windhoek",1,36.5,36.5,United Arab Emirates,United States of America,Asif Khan,Rohan Mustafa,G Singh,4,0,,,,,,,,,,,,,
1365098,2023,2023-03-30,"United Cricket Club Ground, Windhoek",1,36.6,36.6,United Arab Emirates,United States of America,Asif Khan,Rohan Mustafa,G Singh,1,0,,,,,,,,,,,,,
1365098,2023,2023-03-30,"United Cricket Club Ground, Windhoek",1,37.1,37.1,United Arab Emirates,United States of America,Asif Khan,Rohan Mustafa,SN Netravalkar,1,0,,,,,,,,,,,,,
1365098,2023,2023-03-30,"United Cricket Club Ground, Windhoek",1,37.2,37.2,United Arab Emirates,United States of America,Rohan Mustafa,Asif Khan,SN Netravalkar,0,0,,,,,,,,,,,,,
1365098,2023,2023-03-30,"United Cricket Club Ground, Windhoek",1,37.3,37.3,United Arab Emirates,United States of America,Rohan Mustafa,Asif Khan,SN Netravalkar,0,0,,,,,,,,,,,,,
1365098,2023,2023-03-30,"United Cricket Club Ground, Windhoek",1,37.4,37.4,United Arab Emirates,United States of America,Rohan Mustafa,Asif Khan,SN Netravalkar,1,0,,,,,,,,,,,,,
1365098,2023,2023-03-30,"United Cricket Club Ground, Windhoek",1,37.5,37.5,United Arab Emirates,United States of America,Asif Khan,Rohan Mustafa,SN Netravalkar,1,0,,,,,,,,,,,,,
1365098,2023,2023-03-30,"United Cricket Club Ground, Windhoek",1,37.6,37.6,United Arab Emirates,United States of America,Rohan Mustafa,Asif Khan,SN Netravalkar,1,0,,,,,,,,,,,,,
1365098,2023,2023-03-30,"United Cricket Club Ground, Windhoek",1,38.1,38.1,United Arab Emirates,United States of America,Rohan Mustafa,Asif Khan,NK Patel,2,0,,,,,,,,,,,,,
1365098,2023,2023-03-30,"United Cricket Club Ground, Windhoek",1,38.2,38.2,United Arab Emirates,United States of America,Rohan Mustafa,Asif Khan,NK Patel,0,0,,,,,,,,,,,,,
1365098,2023,2023-03-30,"United Cricket Club Ground, Windhoek",1,38.3,38.3,United Arab Emirates,United States of America,Rohan Mustafa,Asif Khan,NK Patel,0,2,,,2,,,,,,,,,,
1365098,2023,2023-03-30,"United Cricket Club Ground, Windhoek",1,38.4,38.4,United Arab Emirates,United States of America,Rohan Mustafa,Asif Khan,NK Patel,0,0,,,,,,,,,,,,,
1365098,2023,2023-03-30,"United Cricket Club Ground, Windhoek",1,38.5,38.5,United Arab Emirates,United States of America,Rohan Mustafa,Asif Khan,NK Patel,2,0,,,,,,,,,,,,,
1365098,2023,2023-03-30,"United Cricket Club Ground, Windhoek",1,38.6,38.6,United Arab Emirates,United States of America,Rohan Mustafa,Asif Khan,NK Patel,0,0,,,,,,,run out,Rohan Mustafa,,,SR Mukkamalla,NK Patel,
1365098,2023,2023-03-30,"United Cricket Club Ground, Windhoek",1,39.1,39.1,United Arab Emirates,United States of America,Aayan Afzal Khan,Asif Khan,Ali Khan,0,0,,,,,,,,,,,,,
1365098,2023,2023-03-30,"United Cricket Club Ground, Windhoek",1,39.2,39.2,United Arab Emirates,United States of America,Aayan Afzal Khan,Asif Khan,Ali Khan,0,0,,,,,,,bowled,Aayan Afzal Khan,,,,,
1365098,2023,2023-03-30,"United Cricket Club Ground, Windhoek",1,39.3,39.3,United Arab Emirates,United States of America,KP Meiyappan,Asif Khan,Ali Khan,0,0,,,,,,,,,,,,,
1365098,2023,2023-03-30,"United Cricket Club Ground, Windhoek",1,39.4,39.4,United Arab Emirates,United States of America,KP Meiyappan,Asif Khan,Ali Khan,2,0,,,,,,,,,,,,,
1365098,2023,2023-03-30,"United Cricket Club Ground, Windhoek",1,39.5,39.5,United Arab Emirates,United States of America,KP Meiyappan,Asif Khan,Ali Khan,0,0,,,,,,,,,,,,,
1365098,2023,2023-03-30,"United Cricket Club Ground, Windhoek",1,39.6,39.6,United Arab Emirates,United States of America,KP Meiyappan,Asif Khan,Ali Khan,0,0,,,,,,,,,,,,,
1365098,2023,2023-03-30,"United Cricket Club Ground, Windhoek",1,40.1,40.1,United Arab Emirates,United States of America,Asif Khan,KP Meiyappan,NK Patel,1,0,,,,,,,,,,,,,
1365098,2023,2023-03-30,"United Cricket Club Ground, Windhoek",1,40.2,40.2,United Arab Emirates,United States of America,KP Meiyappan,Asif Khan,NK Patel,1,0,,,,,,,,,,,,,
1365098,2023,2023-03-30,"United Cricket Club Ground, Windhoek",1,40.3,40.3,United Arab Emirates,United States of America,Asif Khan,KP Meiyappan,NK Patel,1,0,,,,,,,,,,,,,
1365098,2023,2023-03-30,"United Cricket Club Ground, Windhoek",1,40.4,40.4,United Arab Emirates,United States of America,KP Meiyappan,Asif Khan,NK Patel,0,0,,,,,,,,,,,,,
1365098,2023,2023-03-30,"United Cricket Club Ground, Windhoek",1,40.5,40.5,United Arab Emirates,United States of America,KP Meiyappan,Asif Khan,NK Patel,0,0,,,,,,,,,,,,,
1365098,2023,2023-03-30,"United Cricket Club Ground, Windhoek",1,40.6,40.6,United Arab Emirates,United States of America,KP Meiyappan,Asif Khan,NK Patel,0,0,,,,,,,,,,,,,
1365098,2023,2023-03-30,"United Cricket Club Ground, Windhoek",1,41.1,41.1,United Arab Emirates,United States of America,Asif Khan,KP Meiyappan,Jasdeep Singh,0,0,,,,,,,,,,,,,
1365098,2023,2023-03-30,"United Cricket Club Ground, Windhoek",1,41.2,41.2,United Arab Emirates,United States of America,Asif Khan,KP Meiyappan,Jasdeep Singh,2,0,,,,,,,,,,,,,
1365098,2023,2023-03-30,"United Cricket Club Ground, Windhoek",1,41.3,41.3,United Arab Emirates,United States of America,Asif Khan,KP Meiyappan,Jasdeep Singh,0,0,,,,,,,,,,,,,
1365098,2023,2023-03-30,"United Cricket Club Ground, Windhoek",1,41.4,41.4,United Arab Emirates,United States of America,Asif Khan,KP Meiyappan,Jasdeep Singh,0,0,,,,,,,,,,,,,
1365098,2023,2023-03-30,"United Cricket Club Ground, Windhoek",1,41.5,41.5,United Arab Emirates,United States of America,Asif Khan,KP Meiyappan,Jasdeep Singh,1,0,,,,,,,,,,,,,
1365098,2023,2023-03-30,"United Cricket Club Ground, Windhoek",1,41.6,41.6,United Arab Emirates,United States of America,KP Meiyappan,Asif Khan,Jasdeep Singh,0,0,,,,,,,,,,,,,
1365098,2023,2023-03-30,"United Cricket Club Ground, Windhoek",1,42.1,42.1,United Arab Emirates,United States of America,Asif Khan,KP Meiyappan,Ali Khan,0,1,1,,,,,,,,,,,,
1365098,2023,2023-03-30,"United Cricket Club Ground, Windhoek",1,42.2,42.1,United Arab Emirates,United States of America,Asif Khan,KP Meiyappan,Ali Khan,1,0,,,,,,,,,,,,,
1365098,2023,2023-03-30,"United Cricket Club Ground, Windhoek",1,42.3,42.2,United Arab Emirates,United States of America,KP Meiyappan,Asif Khan,Ali Khan,1,0,,,,,,,,,,,,,
1365098,2023,2023-03-30,"United Cricket Club Ground, Windhoek",1,42.4,42.3,United Arab Emirates,United States of America,Asif Khan,KP Meiyappan,Ali Khan,1,0,,,,,,,,,,,,,
1365098,2023,2023-03-30,"United Cricket Club Ground, Windhoek",1,42.5,42.4,United Arab Emirates,United States of America,KP Meiyappan,Asif Khan,Ali Khan,1,0,,,,,,,,,,,,,
1365098,2023,2023-03-30,"United Cricket Club Ground, Windhoek",1,42.6,42.5,United Arab Emirates,United States of America,Asif Khan,KP Meiyappan,Ali Khan,0,0,,,,,,,,,,,,,
1365098,2023,2023-03-30,"United Cricket Club Ground, Windhoek",1,42.7,42.6,United Arab Emirates,United States of America,Asif Khan,KP Meiyappan,Ali Khan,2,0,,,,,,,,,,,,,
1365098,2023,2023-03-30,"United Cricket Club Ground, Windhoek",1,43.1,43.1,United Arab Emirates,United States of America,KP Meiyappan,Asif Khan,Jasdeep Singh,1,0,,,,,,,,,,,,,
1365098,2023,2023-03-30,"United Cricket Club Ground, Windhoek",1,43.2,43.2,United Arab Emirates,United States of America,Asif Khan,KP Meiyappan,Jasdeep Singh,0,0,,,,,,,,,,,,,
1365098,2023,2023-03-30,"United Cricket Club Ground, Windhoek",1,43.3,43.3,United Arab Emirates,United States of America,Asif Khan,KP Meiyappan,Jasdeep Singh,6,0,,,,,,,,,,,,,
1365098,2023,2023-03-30,"United Cricket Club Ground, Windhoek",1,43.4,43.4,United Arab Emirates,United States of America,Asif Khan,KP Meiyappan,Jasdeep Singh,0,4,,,,4,,,,,,,,,
1365098,2023,2023-03-30,"United Cricket Club Ground, Windhoek",1,43.5,43.5,United Arab Emirates,United States of America,Asif Khan,KP Meiyappan,Jasdeep Singh,1,0,,,,,,,,,,,,,
1365098,2023,2023-03-30,"United Cricket Club Ground, Windhoek",1,43.6,43.6,United Arab Emirates,United States of America,KP Meiyappan,Asif Khan,Jasdeep Singh,0,0,,,,,,,,,,,,,
1365098,2023,2023-03-30,"United Cricket Club Ground, Windhoek",1,44.1,44.1,United Arab Emirates,United States of America,Asif Khan,KP Meiyappan,SN Netravalkar,0,0,,,,,,,,,,,,,
1365098,2023,2023-03-30,"United Cricket Club Ground, Windhoek",1,44.2,44.2,United Arab Emirates,United States of America,Asif Khan,KP Meiyappan,SN Netravalkar,1,0,,,,,,,,,,,,,
1365098,2023,2023-03-30,"United Cricket Club Ground, Windhoek",1,44.3,44.3,United Arab Emirates,United States of America,KP Meiyappan,Asif Khan,SN Netravalkar,0,0,,,,,,,,,,,,,
1365098,2023,2023-03-30,"United Cricket Club Ground, Windhoek",1,44.4,44.4,United Arab Emirates,United States of America,KP Meiyappan,Asif Khan,SN Netravalkar,1,0,,,,,,,,,,,,,
1365098,2023,2023-03-30,"United Cricket Club Ground, Windhoek",1,44.5,44.5,United Arab Emirates,United States of America,Asif Khan,KP Meiyappan,SN Netravalkar,0,0,,,,,,,,,,,,,
1365098,2023,2023-03-30,"United Cricket Club Ground, Windhoek",1,44.6,44.6,United Arab Emirates,United States of America,Asif Khan,KP Meiyappan,SN Netravalkar,1,0,,,,,,,,,,,,,
1365098,2023,2023-03-30,"United Cricket Club Ground, Windhoek",1,45.1,45.1,United Arab Emirates,United States of America,Asif Khan,KP Meiyappan,Ali Khan,0,0,,,,,,,,,,,,,
1365098,2023,2023-03-30,"United Cricket Club Ground, Windhoek",1,45.2,45.2,United Arab Emirates,United States of America,Asif Khan,KP Meiyappan,Ali Khan,4,0,,,,,,,,,,,,,
1365098,2023,2023-03-30,"United Cricket Club Ground, Windhoek",1,45.3,45.3,United Arab Emirates,United States of America,Asif Khan,KP Meiyappan,Ali Khan,4,0,,,,,,,,,,,,,
1365098,2023,2023-03-30,"United Cricket Club Ground, Windhoek",1,45.4,45.4,United Arab Emirates,United States of America,Asif Khan,KP Meiyappan,Ali Khan,2,0,,,,,,,,,,,,,
1365098,2023,2023-03-30,"United Cricket Club Ground, Windhoek",1,45.5,45.5,United Arab Emirates,United States of America,Asif Khan,KP Meiyappan,Ali Khan,0,0,,,,,,,,,,,,,
1365098,2023,2023-03-30,"United Cricket Club Ground, Windhoek",1,45.6,45.6,United Arab Emirates,United States of America,Asif Khan,KP Meiyappan,Ali Khan,1,0,,,,,,,,,,,,,
1365098,2023,2023-03-30,"United Cricket Club Ground, Windhoek",1,46.1,46.1,United Arab Emirates,United States of America,Asif Khan,KP Meiyappan,Jasdeep Singh,2,0,,,,,,,,,,,,,
1365098,2023,2023-03-30,"United Cricket Club Ground, Windhoek",1,46.2,46.2,United Arab Emirates,United States of America,Asif Khan,KP Meiyappan,Jasdeep Singh,1,0,,,,,,,,,,,,,
1365098,2023,2023-03-30,"United Cricket Club Ground, Windhoek",1,46.3,46.3,United Arab Emirates,United States of America,KP Meiyappan,Asif Khan,Jasdeep Singh,0,0,,,,,,,lbw,KP Meiyappan,,,,,
1365098,2023,2023-03-30,"United Cricket Club Ground, Windhoek",1,46.4,46.4,United Arab Emirates,United States of America,Junaid Siddique,Asif Khan,Jasdeep Singh,0,0,,,,,,,,,,,,,
1365098,2023,2023-03-30,"United Cricket Club Ground, Windhoek",1,46.5,46.5,United Arab Emirates,United States of America,Junaid Siddique,Asif Khan,Jasdeep Singh,1,0,,,,,,,,,,,,,
1365098,2023,2023-03-30,"United Cricket Club Ground, Windhoek",1,46.6,46.6,United Arab Emirates,United States of America,Asif Khan,Junaid Siddique,Jasdeep Singh,4,0,,,,,,,,,,,,,
1365098,2023,2023-03-30,"United Cricket Club Ground, Windhoek",1,47.1,47.1,United Arab Emirates,United States of America,Junaid Siddique,Asif Khan,SN Netravalkar,1,0,,,,,,,,,,,,,
1365098,2023,2023-03-30,"United Cricket Club Ground, Windhoek",1,47.2,47.2,United Arab Emirates,United States of America,Asif Khan,Junaid Siddique,SN Netravalkar,1,0,,,,,,,,,,,,,
1365098,2023,2023-03-30,"United Cricket Club Ground, Windhoek",1,47.3,47.3,United Arab Emirates,United States of America,Junaid Siddique,Asif Khan,SN Netravalkar,0,3,,,,3,,,,,,,,,
1365098,2023,2023-03-30,"United Cricket Club Ground, Windhoek",1,47.4,47.4,United Arab Emirates,United States of America,Asif Khan,Junaid Siddique,SN Netravalkar,1,0,,,,,,,,,,,,,
1365098,2023,2023-03-30,"United Cricket Club Ground, Windhoek",1,47.5,47.5,United Arab Emirates,United States of America,Junaid Siddique,Asif Khan,SN Netravalkar,6,0,,,,,,,,,,,,,
1365098,2023,2023-03-30,"United Cricket Club Ground, Windhoek",1,47.6,47.6,United Arab Emirates,United States of America,Junaid Siddique,Asif Khan,SN Netravalkar,0,0,,,,,,,,,,,,,
1365098,2023,2023-03-30,"United Cricket Club Ground, Windhoek",1,48.1,48.1,United Arab Emirates,United States of America,Asif Khan,Junaid Siddique,Jasdeep Singh,2,0,,,,,,,,,,,,,
1365098,2023,2023-03-30,"United Cricket Club Ground, Windhoek",1,48.2,48.2,United Arab Emirates,United States of America,Asif Khan,Junaid Siddique,Jasdeep Singh,0,0,,,,,,,caught,Asif Khan,,,Shayan Jahangir,,
1365098,2023,2023-03-30,"United Cricket Club Ground, Windhoek",1,48.3,48.3,United Arab Emirates,United States of America,Zahoor Khan,Junaid Siddique,Jasdeep Singh,1,0,,,,,,,,,,,,,
1365098,2023,2023-03-30,"United Cricket Club Ground, Windhoek",1,48.4,48.4,United Arab Emirates,United States of America,Junaid Siddique,Zahoor Khan,Jasdeep Singh,1,0,,,,,,,,,,,,,
1365098,2023,2023-03-30,"United Cricket Club Ground, Windhoek",1,48.5,48.5,United Arab Emirates,United States of America,Zahoor Khan,Junaid Siddique,Jasdeep Singh,0,0,,,,,,,,,,,,,
1365098,2023,2023-03-30,"United Cricket Club Ground, Windhoek",1,48.6,48.6,United Arab Emirates,United States of America,Zahoor Khan,Junaid Siddique,Jasdeep Singh,1,0,,,,,,,,,,,,,
1365098,2023,2023-03-30,"United Cricket Club Ground, Windhoek",1,49.1,49.1,United Arab Emirates,United States of America,Zahoor Khan,Junaid Siddique,Ali Khan,0,0,,,,,,,,,,,,,
1365098,2023,2023-03-30,"United Cricket Club Ground, Windhoek",1,49.2,49.2,United Arab Emirates,United States of America,Zahoor Khan,Junaid Siddique,Ali Khan,1,0,,,,,,,,,,,,,
1365098,2023,2023-03-30,"United Cricket Club Ground, Windhoek",1,49.3,49.3,United Arab Emirates,United States of America,Junaid Siddique,Zahoor Khan,Ali Khan,1,0,,,,,,,run out,Zahoor Khan,,,SR Mukkamalla,Ali Khan,
1365098,2023,2023-03-30,"United Cricket Club Ground, Windhoek",1,49.4,49.4,United Arab Emirates,United States of America,Junaid Siddique,Matiullah Khan,Ali Khan,4,0,,,,,,,,,,,,,
1365098,2023,2023-03-30,"United Cricket Club Ground, Windhoek",1,49.5,49.5,United Arab Emirates,United States of America,Junaid Siddique,Matiullah Khan,Ali Khan,0,0,,,,,,,,,,,,,
1365098,2023,2023-03-30,"United Cricket Club Ground, Windhoek",1,49.6,49.6,United Arab Emirates,United States of America,Junaid Siddique,Matiullah Khan,Ali Khan,2,0,,,,,,,,,,,,,
1365098,2023,2023-03-30,"United Cricket Club Ground, Windhoek",2,0.1,0.1,United States of America,United Arab Emirates,Shayan Jahangir,SJ Modani,Junaid Siddique,0,0,,,,,,,,,,,,,
1365098,2023,2023-03-30,"United Cricket Club Ground, Windhoek",2,0.2,0.2,United States of America,United Arab Emirates,Shayan Jahangir,SJ Modani,Junaid Siddique,1,0,,,,,,,,,,,,,
1365098,2023,2023-03-30,"United Cricket Club Ground, Windhoek",2,0.3,0.3,United States of America,United Arab Emirates,SJ Modani,Shayan Jahangir,Junaid Siddique,1,0,,,,,,,,,,,,,
1365098,2023,2023-03-30,"United Cricket Club Ground, Windhoek",2,0.4,0.4,United States of America,United Arab Emirates,Shayan Jahangir,SJ Modani,Junaid Siddique,0,0,,,,,,,,,,,,,
1365098,2023,2023-03-30,"United Cricket Club Ground, Windhoek",2,0.5,0.5,United States of America,United Arab Emirates,Shayan Jahangir,SJ Modani,Junaid Siddique,0,0,,,,,,,,,,,,,
1365098,2023,2023-03-30,"United Cricket Club Ground, Windhoek",2,0.6,0.6,United States of America,United Arab Emirates,Shayan Jahangir,SJ Modani,Junaid Siddique,0,0,,,,,,,,,,,,,
1365098,2023,2023-03-30,"United Cricket Club Ground, Windhoek",2,1.1,1.1,United States of America,United Arab Emirates,SJ Modani,Shayan Jahangir,Matiullah Khan,1,0,,,,,,,,,,,,,
1365098,2023,2023-03-30,"United Cricket Club Ground, Windhoek",2,1.2,1.2,United States of America,United Arab Emirates,Shayan Jahangir,SJ Modani,Matiullah Khan,1,0,,,,,,,,,,,,,
1365098,2023,2023-03-30,"United Cricket Club Ground, Windhoek",2,1.3,1.3,United States of America,United Arab Emirates,SJ Modani,Shayan Jahangir,Matiullah Khan,0,1,,,,1,,,,,,,,,
1365098,2023,2023-03-30,"United Cricket Club Ground, Windhoek",2,1.4,1.4,United States of America,United Arab Emirates,Shayan Jahangir,SJ Modani,Matiullah Khan,2,0,,,,,,,,,,,,,
1365098,2023,2023-03-30,"United Cricket Club Ground, Windhoek",2,1.5,1.5,United States of America,United Arab Emirates,Shayan Jahangir,SJ Modani,Matiullah Khan,0,0,,,,,,,,,,,,,
1365098,2023,2023-03-30,"United Cricket Club Ground, Windhoek",2,1.6,1.6,United States of America,United Arab Emirates,Shayan Jahangir,SJ Modani,Matiullah Khan,0,0,,,,,,,,,,,,,
1365098,2023,2023-03-30,"United Cricket Club Ground, Windhoek",2,2.1,2.1,United States of America,United Arab Emirates,SJ Modani,Shayan Jahangir,Junaid Siddique,0,0,,,,,,,,,,,,,
1365098,2023,2023-03-30,"United Cricket Club Ground, Windhoek",2,2.2,2.2,United States of America,United Arab Emirates,SJ Modani,Shayan Jahangir,Junaid Siddique,0,0,,,,,,,,,,,,,
1365098,2023,2023-03-30,"United Cricket Club Ground, Windhoek",2,2.3,2.3,United States of America,United Arab Emirates,SJ Modani,Shayan Jahangir,Junaid Siddique,0,0,,,,,,,,,,,,,
1365098,2023,2023-03-30,"United Cricket Club Ground, Windhoek",2,2.4,2.4,United States of America,United Arab Emirates,SJ Modani,Shayan Jahangir,Junaid Siddique,2,0,,,,,,,,,,,,,
1365098,2023,2023-03-30,"United Cricket Club Ground, Windhoek",2,2.5,2.5,United States of America,United Arab Emirates,SJ Modani,Shayan Jahangir,Junaid Siddique,1,0,,,,,,,,,,,,,
1365098,2023,2023-03-30,"United Cricket Club Ground, Windhoek",2,2.6,2.6,United States of America,United Arab Emirates,Shayan Jahangir,SJ Modani,Junaid Siddique,1,0,,,,,,,,,,,,,
1365098,2023,2023-03-30,"United Cricket Club Ground, Windhoek",2,3.1,3.1,United States of America,United Arab Emirates,Shayan Jahangir,SJ Modani,Matiullah Khan,0,0,,,,,,,,,,,,,
1365098,2023,2023-03-30,"United Cricket Club Ground, Windhoek",2,3.2,3.2,United States of America,United Arab Emirates,Shayan Jahangir,SJ Modani,Matiullah Khan,0,0,,,,,,,,,,,,,
1365098,2023,2023-03-30,"United Cricket Club Ground, Windhoek",2,3.3,3.3,United States of America,United Arab Emirates,Shayan Jahangir,SJ Modani,Matiullah Khan,2,0,,,,,,,,,,,,,
1365098,2023,2023-03-30,"United Cricket Club Ground, Windhoek",2,3.4,3.4,United States of America,United Arab Emirates,Shayan Jahangir,SJ Modani,Matiullah Khan,0,0,,,,,,,,,,,,,
1365098,2023,2023-03-30,"United Cricket Club Ground, Windhoek",2,3.5,3.5,United States of America,United Arab Emirates,Shayan Jahangir,SJ Modani,Matiullah Khan,0,0,,,,,,,,,,,,,
1365098,2023,2023-03-30,"United Cricket Club Ground, Windhoek",2,3.6,3.6,United States of America,United Arab Emirates,Shayan Jahangir,SJ Modani,Matiullah Khan,0,0,,,,,,,,,,,,,
1365098,2023,2023-03-30,"United Cricket Club Ground, Windhoek",2,4.1,4.1,United States of America,United Arab Emirates,SJ Modani,Shayan Jahangir,Junaid Siddique,0,1,1,,,,,,,,,,,,
1365098,2023,2023-03-30,"United Cricket Club Ground, Windhoek",2,4.2,4.1,United States of America,United Arab Emirates,SJ Modani,Shayan Jahangir,Junaid Siddique,2,0,,,,,,,,,,,,,
1365098,2023,2023-03-30,"United Cricket Club Ground, Windhoek",2,4.3,4.2,United States of America,United Arab Emirates,SJ Modani,Shayan Jahangir,Junaid Siddique,0,0,,,,,,,,,,,,,
1365098,2023,2023-03-30,"United Cricket Club Ground, Windhoek",2,4.4,4.3,United States of America,United Arab Emirates,SJ Modani,Shayan Jahangir,Junaid Siddique,0,1,,,,1,,,,,,,,,
1365098,2023,2023-03-30,"United Cricket Club Ground, Windhoek",2,4.5,4.4,United States of America,United Arab Emirates,Shayan Jahangir,SJ Modani,Junaid Siddique,0,0,,,,,,,,,,,,,
1365098,2023,2023-03-30,"United Cricket Club Ground, Windhoek",2,4.6,4.5,United States of America,United Arab Emirates,Shayan Jahangir,SJ Modani,Junaid Siddique,1,0,,,,,,,,,,,,,
1365098,2023,2023-03-30,"United Cricket Club Ground, Windhoek",2,4.7,4.6,United States of America,United Arab Emirates,SJ Modani,Shayan Jahangir,Junaid Siddique,0,0,,,,,,,,,,,,,
1365098,2023,2023-03-30,"United Cricket Club Ground, Windhoek",2,5.1,5.1,United States of America,United Arab Emirates,Shayan Jahangir,SJ Modani,Matiullah Khan,0,0,,,,,,,,,,,,,
1365098,2023,2023-03-30,"United Cricket Club Ground, Windhoek",2,5.2,5.2,United States of America,United Arab Emirates,Shayan Jahangir,SJ Modani,Matiullah Khan,4,0,,,,,,,,,,,,,
1365098,2023,2023-03-30,"United Cricket Club Ground, Windhoek",2,5.3,5.3,United States of America,United Arab Emirates,Shayan Jahangir,SJ Modani,Matiullah Khan,2,0,,,,,,,,,,,,,
1365098,2023,2023-03-30,"United Cricket Club Ground, Windhoek",2,5.4,5.4,United States of America,United Arab Emirates,Shayan Jahangir,SJ Modani,Matiullah Khan,4,0,,,,,,,,,,,,,
1365098,2023,2023-03-30,"United Cricket Club Ground, Windhoek",2,5.5,5.5,United States of America,United Arab Emirates,Shayan Jahangir,SJ Modani,Matiullah Khan,1,0,,,,,,,,,,,,,
1365098,2023,2023-03-30,"United Cricket Club Ground, Windhoek",2,5.6,5.6,United States of America,United Arab Emirates,SJ Modani,Shayan Jahangir,Matiullah Khan,2,0,,,,,,,,,,,,,
1365098,2023,2023-03-30,"United Cricket Club Ground, Windhoek",2,6.1,6.1,United States of America,United Arab Emirates,Shayan Jahangir,SJ Modani,Junaid Siddique,1,0,,,,,,,,,,,,,
1365098,2023,2023-03-30,"United Cricket Club Ground, Windhoek",2,6.2,6.2,United States of America,United Arab Emirates,SJ Modani,Shayan Jahangir,Junaid Siddique,1,0,,,,,,,,,,,,,
1365098,2023,2023-03-30,"United Cricket Club Ground, Windhoek",2,6.3,6.3,United States of America,United Arab Emirates,Shayan Jahangir,SJ Modani,Junaid Siddique,0,0,,,,,,,,,,,,,
1365098,2023,2023-03-30,"United Cricket Club Ground, Windhoek",2,6.4,6.4,United States of America,United Arab Emirates,Shayan Jahangir,SJ Modani,Junaid Siddique,1,0,,,,,,,,,,,,,
1365098,2023,2023-03-30,"United Cricket Club Ground, Windhoek",2,6.5,6.5,United States of America,United Arab Emirates,SJ Modani,Shayan Jahangir,Junaid Siddique,6,0,,,,,,,,,,,,,
1365098,2023,2023-03-30,"United Cricket Club Ground, Windhoek",2,6.6,6.6,United States of America,United Arab Emirates,SJ Modani,Shayan Jahangir,Junaid Siddique,0,0,,,,,,,,,,,,,
1365098,2023,2023-03-30,"United Cricket Club Ground, Windhoek",2,7.1,7.1,United States of America,United Arab Emirates,Shayan Jahangir,SJ Modani,Aayan Afzal Khan,1,0,,,,,,,,,,,,,
1365098,2023,2023-03-30,"United Cricket Club Ground, Windhoek",2,7.2,7.2,United States of America,United Arab Emirates,SJ Modani,Shayan Jahangir,Aayan Afzal Khan,0,0,,,,,,,,,,,,,
1365098,2023,2023-03-30,"United Cricket Club Ground, Windhoek",2,7.3,7.3,United States of America,United Arab Emirates,SJ Modani,Shayan Jahangir,Aayan Afzal Khan,1,0,,,,,,,,,,,,,
1365098,2023,2023-03-30,"United Cricket Club Ground, Windhoek",2,7.4,7.4,United States of America,United Arab Emirates,Shayan Jahangir,SJ Modani,Aayan Afzal Khan,0,0,,,,,,,,,,,,,
1365098,2023,2023-03-30,"United Cricket Club Ground, Windhoek",2,7.5,7.5,United States of America,United Arab Emirates,Shayan Jahangir,SJ Modani,Aayan Afzal Khan,0,0,,,,,,,,,,,,,
1365098,2023,2023-03-30,"United Cricket Club Ground, Windhoek",2,7.6,7.6,United States of America,United Arab Emirates,Shayan Jahangir,SJ Modani,Aayan Afzal Khan,0,0,,,,,,,,,,,,,
1365098,2023,2023-03-30,"United Cricket Club Ground, Windhoek",2,8.1,8.1,United States of America,United Arab Emirates,SJ Modani,Shayan Jahangir,Junaid Siddique,0,1,1,,,,,,,,,,,,
1365098,2023,2023-03-30,"United Cricket Club Ground, Windhoek",2,8.2,8.1,United States of America,United Arab Emirates,SJ Modani,Shayan Jahangir,Junaid Siddique,1,0,,,,,,,,,,,,,
1365098,2023,2023-03-30,"United Cricket Club Ground, Windhoek",2,8.3,8.2,United States of America,United Arab Emirates,Shayan Jahangir,SJ Modani,Junaid Siddique,0,0,,,,,,,,,,,,,
1365098,2023,2023-03-30,"United Cricket Club Ground, Windhoek",2,8.4,8.3,United States of America,United Arab Emirates,Shayan Jahangir,SJ Modani,Junaid Siddique,0,0,,,,,,,bowled,Shayan Jahangir,,,,,
1365098,2023,2023-03-30,"United Cricket Club Ground, Windhoek",2,8.5,8.4,United States of America,United Arab Emirates,SR Mukkamalla,SJ Modani,Junaid Siddique,0,0,,,,,,,,,,,,,
1365098,2023,2023-03-30,"United Cricket Club Ground, Windhoek",2,8.6,8.5,United States of America,United Arab Emirates,SR Mukkamalla,SJ Modani,Junaid Siddique,0,0,,,,,,,,,,,,,
1365098,2023,2023-03-30,"United Cricket Club Ground, Windhoek",2,8.7,8.6,United States of America,United Arab Emirates,SR Mukkamalla,SJ Modani,Junaid Siddique,0,0,,,,,,,,,,,,,
1365098,2023,2023-03-30,"United Cricket Club Ground, Windhoek",2,9.1,9.1,United States of America,United Arab Emirates,SJ Modani,SR Mukkamalla,Aayan Afzal Khan,0,0,,,,,,,,,,,,,
1365098,2023,2023-03-30,"United Cricket Club Ground, Windhoek",2,9.2,9.2,United States of America,United Arab Emirates,SJ Modani,SR Mukkamalla,Aayan Afzal Khan,0,0,,,,,,,,,,,,,
1365098,2023,2023-03-30,"United Cricket Club Ground, Windhoek",2,9.3,9.3,United States of America,United Arab Emirates,SJ Modani,SR Mukkamalla,Aayan Afzal Khan,0,0,,,,,,,,,,,,,
1365098,2023,2023-03-30,"United Cricket Club Ground, Windhoek",2,9.4,9.4,United States of America,United Arab Emirates,SJ Modani,SR Mukkamalla,Aayan Afzal Khan,0,0,,,,,,,,,,,,,
1365098,2023,2023-03-30,"United Cricket Club Ground, Windhoek",2,9.5,9.5,United States of America,United Arab Emirates,SJ Modani,SR Mukkamalla,Aayan Afzal Khan,1,0,,,,,,,,,,,,,
1365098,2023,2023-03-30,"United Cricket Club Ground, Windhoek",2,9.6,9.6,United States of America,United Arab Emirates,SR Mukkamalla,SJ Modani,Aayan Afzal Khan,1,0,,,,,,,,,,,,,
1365098,2023,2023-03-30,"United Cricket Club Ground, Windhoek",2,10.1,10.1,United States of America,United Arab Emirates,SR Mukkamalla,SJ Modani,Zahoor Khan,4,0,,,,,,true,,,,,,,
1365098,2023,2023-03-30,"United Cricket Club Ground, Windhoek",2,10.2,10.2,United States of America,United Arab Emirates,SR Mukkamalla,SJ Modani,Zahoor Khan,0,0,,,,,,,,,,,,,
1365098,2023,2023-03-30,"United Cricket Club Ground, Windhoek",2,10.3,10.3,United States of America,United Arab Emirates,SR Mukkamalla,SJ Modani,Zahoor Khan,2,0,,,,,,,,,,,,,
1365098,2023,2023-03-30,"United Cricket Club Ground, Windhoek",2,10.4,10.4,United States of America,United Arab Emirates,SR Mukkamalla,SJ Modani,Zahoor Khan,0,0,,,,,,,,,,,,,
1365098,2023,2023-03-30,"United Cricket Club Ground, Windhoek",2,10.5,10.5,United States of America,United Arab Emirates,SR Mukkamalla,SJ Modani,Zahoor Khan,1,0,,,,,,,,,,,,,
1365098,2023,2023-03-30,"United Cricket Club Ground, Windhoek",2,10.6,10.6,United States of America,United Arab Emirates,SJ Modani,SR Mukkamalla,Zahoor Khan,0,1,1,,,,,,,,,,,,
1365098,2023,2023-03-30,"United Cricket Club Ground, Windhoek",2,10.7,10.6,United States of America,United Arab Emirates,SJ Modani,SR Mukkamalla,Zahoor Khan,1,0,,,,,,,,,,,,,
1365098,2023,2023-03-30,"United Cricket Club Ground, Windhoek",2,11.1,11.1,United States of America,United Arab Emirates,SJ Modani,SR Mukkamalla,Aayan Afzal Khan,0,0,,,,,,,,,,,,,
1365098,2023,2023-03-30,"United Cricket Club Ground, Windhoek",2,11.2,11.2,United States of America,United Arab Emirates,SJ Modani,SR Mukkamalla,Aayan Afzal Khan,4,0,,,,,,,,,,,,,
1365098,2023,2023-03-30,"United Cricket Club Ground, Windhoek",2,11.3,11.3,United States of America,United Arab Emirates,SJ Modani,SR Mukkamalla,Aayan Afzal Khan,1,0,,,,,,,,,,,,,
1365098,2023,2023-03-30,"United Cricket Club Ground, Windhoek",2,11.4,11.4,United States of America,United Arab Emirates,SR Mukkamalla,SJ Modani,Aayan Afzal Khan,1,0,,,,,,,,,,,,,
1365098,2023,2023-03-30,"United Cricket Club Ground, Windhoek",2,11.5,11.5,United States of America,United Arab Emirates,SJ Modani,SR Mukkamalla,Aayan Afzal Khan,0,0,,,,,,,,,,,,,
1365098,2023,2023-03-30,"United Cricket Club Ground, Windhoek",2,11.6,11.6,United States of America,United Arab Emirates,SJ Modani,SR Mukkamalla,Aayan Afzal Khan,1,0,,,,,,,,,,,,,
1365098,2023,2023-03-30,"United Cricket Club Ground, Windhoek",2,12.1,12.1,United States of America,United Arab Emirates,SJ Modani,SR Mukkamalla,Zahoor Khan,0,0,,,,,,,,,,,,,
1365098,2023,2023-03-30,"United Cricket Club Ground, Windhoek",2,12.2,12.2,United States of America,United Arab Emirates,SJ Modani,SR Mukkamalla,Zahoor Khan,0,0,,,,,,,,,,,,,
1365098,2023,2023-03-30,"United Cricket Club Ground, Windhoek",2,12.3,12.3,United States of America,United Arab Emirates,SJ Modani,SR Mukkamalla,Zahoor Khan,1,0,,,,,,,,,,,,,
1365098,2023,2023-03-30,"United Cricket Club Ground, Windhoek",2,12.4,12.4,United States of America,United Arab Emirates,SR Mukkamalla,SJ Modani,Zahoor Khan,0,0,,,,,,,,,,,,,
1365098,2023,2023-03-30,"United Cricket Club Ground, Windhoek",2,12.5,12.5,United States of America,United Arab Emirates,SR Mukkamalla,SJ Modani,Zahoor Khan,2,0,,,,,,,,,,,,,
1365098,2023,2023-03-30,"United Cricket Club Ground, Windhoek",2,12.6,12.6,United States of America,United Arab Emirates,SR Mukkamalla,SJ Modani,Zahoor Khan,0,0,,,,,,,,,,,,,
1365098,2023,2023-03-30,"United Cricket Club Ground, Windhoek",2,13.1,13.1,United States of America,United Arab Emirates,SJ Modani,SR Mukkamalla,Aayan Afzal Khan,0,0,,,,,,,,,,,,,
1365098,2023,2023-03-30,"United Cricket Club Ground, Windhoek",2,13.2,13.2,United States of America,United Arab Emirates,SJ Modani,SR Mukkamalla,Aayan Afzal Khan,0,0,,,,,,,,,,,,,
1365098,2023,2023-03-30,"United Cricket Club Ground, Windhoek",2,13.3,13.3,United States of America,United Arab Emirates,SJ Modani,SR Mukkamalla,Aayan Afzal Khan,4,0,,,,,,,,,,,,,
1365098,2023,2023-03-30,"United Cricket Club Ground, Windhoek",2,13.4,13.4,United States of America,United Arab Emirates,SJ Modani,SR Mukkamalla,Aayan Afzal Khan,0,0,,,,,,,,,,,,,
1365098,2023,2023-03-30,"United Cricket Club Ground, Windhoek",2,13.5,13.5,United States of America,United Arab Emirates,SJ Modani,SR Mukkamalla,Aayan Afzal Khan,1,0,,,,,,,,,,,,,
1365098,2023,2023-03-30,"United Cricket Club Ground, Windhoek",2,13.6,13.6,United States of America,United Arab Emirates,SR Mukkamalla,SJ Modani,Aayan Afzal Khan,1,0,,,,,,,,,,,,,
1365098,2023,2023-03-30,"United Cricket Club Ground, Windhoek",2,14.1,14.1,United States of America,United Arab Emirates,SR Mukkamalla,SJ Modani,Zahoor Khan,0,0,,,,,,,,,,,,,
1365098,2023,2023-03-30,"United Cricket Club Ground, Windhoek",2,14.2,14.2,United States of America,United Arab Emirates,SR Mukkamalla,SJ Modani,Zahoor Khan,4,0,,,,,,,,,,,,,
1365098,2023,2023-03-30,"United Cricket Club Ground, Windhoek",2,14.3,14.3,United States of America,United Arab Emirates,SR Mukkamalla,SJ Modani,Zahoor Khan,1,0,,,,,,,,,,,,,
1365098,2023,2023-03-30,"United Cricket Club Ground, Windhoek",2,14.4,14.4,United States of America,United Arab Emirates,SJ Modani,SR Mukkamalla,Zahoor Khan,0,0,,,,,,,,,,,,,
1365098,2023,2023-03-30,"United Cricket Club Ground, Windhoek",2,14.5,14.5,United States of America,United Arab Emirates,SJ Modani,SR Mukkamalla,Zahoor Khan,0,0,,,,,,,,,,,,,
1365098,2023,2023-03-30,"United Cricket Club Ground, Windhoek",2,14.6,14.6,United States of America,United Arab Emirates,SJ Modani,SR Mukkamalla,Zahoor Khan,0,0,,,,,,,,,,,,,
1365098,2023,2023-03-30,"United Cricket Club Ground, Windhoek",2,15.1,15.1,United States of America,United Arab Emirates,SR Mukkamalla,SJ Modani,Rohan Mustafa,0,0,,,,,,,,,,,,,
1365098,2023,2023-03-30,"United Cricket Club Ground, Windhoek",2,15.2,15.2,United States of America,United Arab Emirates,SR Mukkamalla,SJ Modani,Rohan Mustafa,1,0,,,,,,,,,,,,,
1365098,2023,2023-03-30,"United Cricket Club Ground, Windhoek",2,15.3,15.3,United States of America,United Arab Emirates,SJ Modani,SR Mukkamalla,Rohan Mustafa,1,0,,,,,,,,,,,,,
1365098,2023,2023-03-30,"United Cricket Club Ground, Windhoek",2,15.4,15.4,United States of America,United Arab Emirates,SR Mukkamalla,SJ Modani,Rohan Mustafa,0,0,,,,,,,,,,,,,
1365098,2023,2023-03-30,"United Cricket Club Ground, Windhoek",2,15.5,15.5,United States of America,United Arab Emirates,SR Mukkamalla,SJ Modani,Rohan Mustafa,0,0,,,,,,,,,,,,,
1365098,2023,2023-03-30,"United Cricket Club Ground, Windhoek",2,15.6,15.6,United States of America,United Arab Emirates,SR Mukkamalla,SJ Modani,Rohan Mustafa,1,0,,,,,,,,,,,,,
1365098,2023,2023-03-30,"United Cricket Club Ground, Windhoek",2,16.1,16.1,United States of America,United Arab Emirates,SR Mukkamalla,SJ Modani,Zahoor Khan,0,0,,,,,,,,,,,,,
1365098,2023,2023-03-30,"United Cricket Club Ground, Windhoek",2,16.2,16.2,United States of America,United Arab Emirates,SR Mukkamalla,SJ Modani,Zahoor Khan,0,0,,,,,,,,,,,,,
1365098,2023,2023-03-30,"United Cricket Club Ground, Windhoek",2,16.3,16.3,United States of America,United Arab Emirates,SR Mukkamalla,SJ Modani,Zahoor Khan,1,0,,,,,,,,,,,,,
1365098,2023,2023-03-30,"United Cricket Club Ground, Windhoek",2,16.4,16.4,United States of America,United Arab Emirates,SJ Modani,SR Mukkamalla,Zahoor Khan,4,0,,,,,,,,,,,,,
1365098,2023,2023-03-30,"United Cricket Club Ground, Windhoek",2,16.5,16.5,United States of America,United Arab Emirates,SJ Modani,SR Mukkamalla,Zahoor Khan,0,1,1,,,,,,,,,,,,
1365098,2023,2023-03-30,"United Cricket Club Ground, Windhoek",2,16.6,16.5,United States of America,United Arab Emirates,SJ Modani,SR Mukkamalla,Zahoor Khan,0,0,,,,,,,,,,,,,
1365098,2023,2023-03-30,"United Cricket Club Ground, Windhoek",2,16.7,16.6,United States of America,United Arab Emirates,SJ Modani,SR Mukkamalla,Zahoor Khan,0,0,,,,,,,,,,,,,
1365098,2023,2023-03-30,"United Cricket Club Ground, Windhoek",2,17.1,17.1,United States of America,United Arab Emirates,SR Mukkamalla,SJ Modani,Rohan Mustafa,0,0,,,,,,,,,,,,,
1365098,2023,2023-03-30,"United Cricket Club Ground, Windhoek",2,17.2,17.2,United States of America,United Arab Emirates,SR Mukkamalla,SJ Modani,Rohan Mustafa,4,0,,,,,,,,,,,,,
1365098,2023,2023-03-30,"United Cricket Club Ground, Windhoek",2,17.3,17.3,United States of America,United Arab Emirates,SR Mukkamalla,SJ Modani,Rohan Mustafa,1,0,,,,,,,,,,,,,
1365098,2023,2023-03-30,"United Cricket Club Ground, Windhoek",2,17.4,17.4,United States of America,United Arab Emirates,SJ Modani,SR Mukkamalla,Rohan Mustafa,1,0,,,,,,,,,,,,,
1365098,2023,2023-03-30,"United Cricket Club Ground, Windhoek",2,17.5,17.5,United States of America,United Arab Emirates,SR Mukkamalla,SJ Modani,Rohan Mustafa,0,0,,,,,,,,,,,,,
1365098,2023,2023-03-30,"United Cricket Club Ground, Windhoek",2,17.6,17.6,United States of America,United Arab Emirates,SR Mukkamalla,SJ Modani,Rohan Mustafa,0,0,,,,,,,,,,,,,
1365098,2023,2023-03-30,"United Cricket Club Ground, Windhoek",2,18.1,18.1,United States of America,United Arab Emirates,SJ Modani,SR Mukkamalla,Matiullah Khan,1,0,,,,,,,,,,,,,
1365098,2023,2023-03-30,"United Cricket Club Ground, Windhoek",2,18.2,18.2,United States of America,United Arab Emirates,SR Mukkamalla,SJ Modani,Matiullah Khan,4,0,,,,,,,,,,,,,
1365098,2023,2023-03-30,"United Cricket Club Ground, Windhoek",2,18.3,18.3,United States of America,United Arab Emirates,SR Mukkamalla,SJ Modani,Matiullah Khan,1,0,,,,,,,,,,,,,
1365098,2023,2023-03-30,"United Cricket Club Ground, Windhoek",2,18.4,18.4,United States of America,United Arab Emirates,SJ Modani,SR Mukkamalla,Matiullah Khan,0,0,,,,,,,,,,,,,
1365098,2023,2023-03-30,"United Cricket Club Ground, Windhoek",2,18.5,18.5,United States of America,United Arab Emirates,SJ Modani,SR Mukkamalla,Matiullah Khan,0,0,,,,,,,lbw,SJ Modani,,,,,
1365098,2023,2023-03-30,"United Cricket Club Ground, Windhoek",2,18.6,18.6,United States of America,United Arab Emirates,MD Patel,SR Mukkamalla,Matiullah Khan,0,0,,,,,,,,,,,,,
1365098,2023,2023-03-30,"United Cricket Club Ground, Windhoek",2,19.1,19.1,United States of America,United Arab Emirates,SR Mukkamalla,MD Patel,KP Meiyappan,0,0,,,,,,,,,,,,,
1365098,2023,2023-03-30,"United Cricket Club Ground, Windhoek",2,19.2,19.2,United States of America,United Arab Emirates,SR Mukkamalla,MD Patel,KP Meiyappan,1,0,,,,,,,,,,,,,
1365098,2023,2023-03-30,"United Cricket Club Ground, Windhoek",2,19.3,19.3,United States of America,United Arab Emirates,MD Patel,SR Mukkamalla,KP Meiyappan,0,0,,,,,,,,,,,,,
1365098,2023,2023-03-30,"United Cricket Club Ground, Windhoek",2,19.4,19.4,United States of America,United Arab Emirates,MD Patel,SR Mukkamalla,KP Meiyappan,0,0,,,,,,,,,,,,,
1365098,2023,2023-03-30,"United Cricket Club Ground, Windhoek",2,19.5,19.5,United States of America,United Arab Emirates,MD Patel,SR Mukkamalla,KP Meiyappan,0,0,,,,,,,,,,,,,
1365098,2023,2023-03-30,"United Cricket Club Ground, Windhoek",2,19.6,19.6,United States of America,United Arab Emirates,MD Patel,SR Mukkamalla,KP Meiyappan,0,0,,,,,,,,,,,,,
1365098,2023,2023-03-30,"United Cricket Club Ground, Windhoek",2,20.1,20.1,United States of America,United Arab Emirates,SR Mukkamalla,MD Patel,Matiullah Khan,1,0,,,,,,,,,,,,,
1365098,2023,2023-03-30,"United Cricket Club Ground, Windhoek",2,20.2,20.2,United States of America,United Arab Emirates,MD Patel,SR Mukkamalla,Matiullah Khan,1,0,,,,,,,,,,,,,
1365098,2023,2023-03-30,"United Cricket Club Ground, Windhoek",2,20.3,20.3,United States of America,United Arab Emirates,SR Mukkamalla,MD Patel,Matiullah Khan,4,0,,,,,,,,,,,,,
1365098,2023,2023-03-30,"United Cricket Club Ground, Windhoek",2,20.4,20.4,United States of America,United Arab Emirates,SR Mukkamalla,MD Patel,Matiullah Khan,1,0,,,,,,,,,,,,,
1365098,2023,2023-03-30,"United Cricket Club Ground, Windhoek",2,20.5,20.5,United States of America,United Arab Emirates,MD Patel,SR Mukkamalla,Matiullah Khan,0,0,,,,,,,,,,,,,
1365098,2023,2023-03-30,"United Cricket Club Ground, Windhoek",2,20.6,20.6,United States of America,United Arab Emirates,MD Patel,SR Mukkamalla,Matiullah Khan,0,1,1,,,,,,,,,,,,
1365098,2023,2023-03-30,"United Cricket Club Ground, Windhoek",2,20.7,20.6,United States of America,United Arab Emirates,MD Patel,SR Mukkamalla,Matiullah Khan,4,0,,,,,,,,,,,,,
1365098,2023,2023-03-30,"United Cricket Club Ground, Windhoek",2,21.1,21.1,United States of America,United Arab Emirates,SR Mukkamalla,MD Patel,KP Meiyappan,0,0,,,,,,,,,,,,,
1365098,2023,2023-03-30,"United Cricket Club Ground, Windhoek",2,21.2,21.2,United States of America,United Arab Emirates,SR Mukkamalla,MD Patel,KP Meiyappan,0,0,,,,,,,,,,,,,
1365098,2023,2023-03-30,"United Cricket Club Ground, Windhoek",2,21.3,21.3,United States of America,United Arab Emirates,SR Mukkamalla,MD Patel,KP Meiyappan,1,0,,,,,,,,,,,,,
1365098,2023,2023-03-30,"United Cricket Club Ground, Windhoek",2,21.4,21.4,United States of America,United Arab Emirates,MD Patel,SR Mukkamalla,KP Meiyappan,2,0,,,,,,,,,,,,,
1365098,2023,2023-03-30,"United Cricket Club Ground, Windhoek",2,21.5,21.5,United States of America,United Arab Emirates,MD Patel,SR Mukkamalla,KP Meiyappan,0,0,,,,,,,,,,,,,
1365098,2023,2023-03-30,"United Cricket Club Ground, Windhoek",2,21.6,21.6,United States of America,United Arab Emirates,MD Patel,SR Mukkamalla,KP Meiyappan,0,0,,,,,,,,,,,,,
1365098,2023,2023-03-30,"United Cricket Club Ground, Windhoek",2,22.1,22.1,United States of America,United Arab Emirates,SR Mukkamalla,MD Patel,Aryan Lakra,2,0,,,,,,,,,,,,,
1365098,2023,2023-03-30,"United Cricket Club Ground, Windhoek",2,22.2,22.2,United States of America,United Arab Emirates,SR Mukkamalla,MD Patel,Aryan Lakra,2,0,,,,,,,,,,,,,
1365098,2023,2023-03-30,"United Cricket Club Ground, Windhoek",2,22.3,22.3,United States of America,United Arab Emirates,SR Mukkamalla,MD Patel,Aryan Lakra,0,0,,,,,,,,,,,,,
1365098,2023,2023-03-30,"United Cricket Club Ground, Windhoek",2,22.4,22.4,United States of America,United Arab Emirates,SR Mukkamalla,MD Patel,Aryan Lakra,1,0,,,,,,,,,,,,,
1365098,2023,2023-03-30,"United Cricket Club Ground, Windhoek",2,22.5,22.5,United States of America,United Arab Emirates,MD Patel,SR Mukkamalla,Aryan Lakra,1,0,,,,,,,,,,,,,
1365098,2023,2023-03-30,"United Cricket Club Ground, Windhoek",2,22.6,22.6,United States of America,United Arab Emirates,SR Mukkamalla,MD Patel,Aryan Lakra,1,0,,,,,,,,,,,,,
1365098,2023,2023-03-30,"United Cricket Club Ground, Windhoek",2,23.1,23.1,United States of America,United Arab Emirates,SR Mukkamalla,MD Patel,KP Meiyappan,0,0,,,,,,,,,,,,,
1365098,2023,2023-03-30,"United Cricket Club Ground, Windhoek",2,23.2,23.2,United States of America,United Arab Emirates,SR Mukkamalla,MD Patel,KP Meiyappan,1,0,,,,,,,,,,,,,
1365098,2023,2023-03-30,"United Cricket Club Ground, Windhoek",2,23.3,23.3,United States of America,United Arab Emirates,MD Patel,SR Mukkamalla,KP Meiyappan,0,0,,,,,,,,,,,,,
1365098,2023,2023-03-30,"United Cricket Club Ground, Windhoek",2,23.4,23.4,United States of America,United Arab Emirates,MD Patel,SR Mukkamalla,KP Meiyappan,1,0,,,,,,,,,,,,,
1365098,2023,2023-03-30,"United Cricket Club Ground, Windhoek",2,23.5,23.5,United States of America,United Arab Emirates,SR Mukkamalla,MD Patel,KP Meiyappan,1,0,,,,,,,,,,,,,
1365098,2023,2023-03-30,"United Cricket Club Ground, Windhoek",2,23.6,23.6,United States of America,United Arab Emirates,MD Patel,SR Mukkamalla,KP Meiyappan,0,0,,,,,,,,,,,,,
1365098,2023,2023-03-30,"United Cricket Club Ground, Windhoek",2,24.1,24.1,United States of America,United Arab Emirates,SR Mukkamalla,MD Patel,Aryan Lakra,1,0,,,,,,,,,,,,,
1365098,2023,2023-03-30,"United Cricket Club Ground, Windhoek",2,24.2,24.2,United States of America,United Arab Emirates,MD Patel,SR Mukkamalla,Aryan Lakra,0,1,1,,,,,,,,,,,,
1365098,2023,2023-03-30,"United Cricket Club Ground, Windhoek",2,24.3,24.2,United States of America,United Arab Emirates,MD Patel,SR Mukkamalla,Aryan Lakra,0,0,,,,,,,,,,,,,
1365098,2023,2023-03-30,"United Cricket Club Ground, Windhoek",2,24.4,24.3,United States of America,United Arab Emirates,MD Patel,SR Mukkamalla,Aryan Lakra,0,0,,,,,,,,,,,,,
1365098,2023,2023-03-30,"United Cricket Club Ground, Windhoek",2,24.5,24.4,United States of America,United Arab Emirates,MD Patel,SR Mukkamalla,Aryan Lakra,1,0,,,,,,,,,,,,,
1365098,2023,2023-03-30,"United Cricket Club Ground, Windhoek",2,24.6,24.5,United States of America,United Arab Emirates,SR Mukkamalla,MD Patel,Aryan Lakra,0,0,,,,,,,,,,,,,
1365098,2023,2023-03-30,"United Cricket Club Ground, Windhoek",2,24.7,24.6,United States of America,United Arab Emirates,SR Mukkamalla,MD Patel,Aryan Lakra,1,0,,,,,,,,,,,,,
1365098,2023,2023-03-30,"United Cricket Club Ground, Windhoek",2,25.1,25.1,United States of America,United Arab Emirates,SR Mukkamalla,MD Patel,KP Meiyappan,1,0,,,,,,,,,,,,,
1365098,2023,2023-03-30,"United Cricket Club Ground, Windhoek",2,25.2,25.2,United States of America,United Arab Emirates,MD Patel,SR Mukkamalla,KP Meiyappan,0,0,,,,,,,,,,,,,
1365098,2023,2023-03-30,"United Cricket Club Ground, Windhoek",2,25.3,25.3,United States of America,United Arab Emirates,MD Patel,SR Mukkamalla,KP Meiyappan,1,0,,,,,,,,,,,,,
1365098,2023,2023-03-30,"United Cricket Club Ground, Windhoek",2,25.4,25.4,United States of America,United Arab Emirates,SR Mukkamalla,MD Patel,KP Meiyappan,0,0,,,,,,,,,,,,,
1365098,2023,2023-03-30,"United Cricket Club Ground, Windhoek",2,25.5,25.5,United States of America,United Arab Emirates,SR Mukkamalla,MD Patel,KP Meiyappan,1,0,,,,,,,,,,,,,
1365098,2023,2023-03-30,"United Cricket Club Ground, Windhoek",2,25.6,25.6,United States of America,United Arab Emirates,MD Patel,SR Mukkamalla,KP Meiyappan,1,0,,,,,,,,,,,,,
1365098,2023,2023-03-30,"United Cricket Club Ground, Windhoek",2,26.1,26.1,United States of America,United Arab Emirates,MD Patel,SR Mukkamalla,Aryan Lakra,0,0,,,,,,,,,,,,,
1365098,2023,2023-03-30,"United Cricket Club Ground, Windhoek",2,26.2,26.2,United States of America,United Arab Emirates,MD Patel,SR Mukkamalla,Aryan Lakra,0,1,1,,,,,,,,,,,,
1365098,2023,2023-03-30,"United Cricket Club Ground, Windhoek",2,26.3,26.2,United States of America,United Arab Emirates,MD Patel,SR Mukkamalla,Aryan Lakra,2,0,,,,,,,,,,,,,
1365098,2023,2023-03-30,"United Cricket Club Ground, Windhoek",2,26.4,26.3,United States of America,United Arab Emirates,MD Patel,SR Mukkamalla,Aryan Lakra,4,0,,,,,,,,,,,,,
1365098,2023,2023-03-30,"United Cricket Club Ground, Windhoek",2,26.5,26.4,United States of America,United Arab Emirates,MD Patel,SR Mukkamalla,Aryan Lakra,1,0,,,,,,,,,,,,,
1365098,2023,2023-03-30,"United Cricket Club Ground, Windhoek",2,26.6,26.5,United States of America,United Arab Emirates,SR Mukkamalla,MD Patel,Aryan Lakra,1,0,,,,,,,,,,,,,
1365098,2023,2023-03-30,"United Cricket Club Ground, Windhoek",2,26.7,26.6,United States of America,United Arab Emirates,MD Patel,SR Mukkamalla,Aryan Lakra,1,0,,,,,,,,,,,,,
1365098,2023,2023-03-30,"United Cricket Club Ground, Windhoek",2,27.1,27.1,United States of America,United Arab Emirates,MD Patel,SR Mukkamalla,KP Meiyappan,1,0,,,,,,,,,,,,,
1365098,2023,2023-03-30,"United Cricket Club Ground, Windhoek",2,27.2,27.2,United States of America,United Arab Emirates,SR Mukkamalla,MD Patel,KP Meiyappan,0,0,,,,,,,,,,,,,
1365098,2023,2023-03-30,"United Cricket Club Ground, Windhoek",2,27.3,27.3,United States of America,United Arab Emirates,SR Mukkamalla,MD Patel,KP Meiyappan,0,0,,,,,,,,,,,,,
1365098,2023,2023-03-30,"United Cricket Club Ground, Windhoek",2,27.4,27.4,United States of America,United Arab Emirates,SR Mukkamalla,MD Patel,KP Meiyappan,1,0,,,,,,,,,,,,,
1365098,2023,2023-03-30,"United Cricket Club Ground, Windhoek",2,27.5,27.5,United States of America,United Arab Emirates,MD Patel,SR Mukkamalla,KP Meiyappan,1,0,,,,,,,,,,,,,
1365098,2023,2023-03-30,"United Cricket Club Ground, Windhoek",2,27.6,27.6,United States of America,United Arab Emirates,SR Mukkamalla,MD Patel,KP Meiyappan,1,0,,,,,,,,,,,,,
1365098,2023,2023-03-30,"United Cricket Club Ground, Windhoek",2,28.1,28.1,United States of America,United Arab Emirates,SR Mukkamalla,MD Patel,Aayan Afzal Khan,1,0,,,,,,,,,,,,,
1365098,2023,2023-03-30,"United Cricket Club Ground, Windhoek",2,28.2,28.2,United States of America,United Arab Emirates,MD Patel,SR Mukkamalla,Aayan Afzal Khan,2,0,,,,,,,,,,,,,
1365098,2023,2023-03-30,"United Cricket Club Ground, Windhoek",2,28.3,28.3,United States of America,United Arab Emirates,MD Patel,SR Mukkamalla,Aayan Afzal Khan,0,0,,,,,,,,,,,,,
1365098,2023,2023-03-30,"United Cricket Club Ground, Windhoek",2,28.4,28.4,United States of America,United Arab Emirates,MD Patel,SR Mukkamalla,Aayan Afzal Khan,0,0,,,,,,,,,,,,,
1365098,2023,2023-03-30,"United Cricket Club Ground, Windhoek",2,28.5,28.5,United States of America,United Arab Emirates,MD Patel,SR Mukkamalla,Aayan Afzal Khan,0,1,1,,,,,,,,,,,,
1365098,2023,2023-03-30,"United Cricket Club Ground, Windhoek",2,28.6,28.5,United States of America,United Arab Emirates,MD Patel,SR Mukkamalla,Aayan Afzal Khan,0,0,,,,,,,,,,,,,
1365098,2023,2023-03-30,"United Cricket Club Ground, Windhoek",2,28.7,28.6,United States of America,United Arab Emirates,MD Patel,SR Mukkamalla,Aayan Afzal Khan,1,0,,,,,,,,,,,,,
1365098,2023,2023-03-30,"United Cricket Club Ground, Windhoek",2,29.1,29.1,United States of America,United Arab Emirates,MD Patel,SR Mukkamalla,Rohan Mustafa,0,0,,,,,,,,,,,,,
1365098,2023,2023-03-30,"United Cricket Club Ground, Windhoek",2,29.2,29.2,United States of America,United Arab Emirates,MD Patel,SR Mukkamalla,Rohan Mustafa,2,0,,,,,,,,,,,,,
1365098,2023,2023-03-30,"United Cricket Club Ground, Windhoek",2,29.3,29.3,United States of America,United Arab Emirates,MD Patel,SR Mukkamalla,Rohan Mustafa,1,0,,,,,,,,,,,,,
1365098,2023,2023-03-30,"United Cricket Club Ground, Windhoek",2,29.4,29.4,United States of America,United Arab Emirates,SR Mukkamalla,MD Patel,Rohan Mustafa,1,0,,,,,,,,,,,,,
1365098,2023,2023-03-30,"United Cricket Club Ground, Windhoek",2,29.5,29.5,United States of America,United Arab Emirates,MD Patel,SR Mukkamalla,Rohan Mustafa,2,0,,,,,,,,,,,,,
1365098,2023,2023-03-30,"United Cricket Club Ground, Windhoek",2,29.6,29.6,United States of America,United Arab Emirates,MD Patel,SR Mukkamalla,Rohan Mustafa,1,0,,,,,,,,,,,,,
1365098,2023,2023-03-30,"United Cricket Club Ground, Windhoek",2,30.1,30.1,United States of America,United Arab Emirates,MD Patel,SR Mukkamalla,Junaid Siddique,0,0,,,,,,,,,,,,,
1365098,2023,2023-03-30,"United Cricket Club Ground, Windhoek",2,30.2,30.2,United States of America,United Arab Emirates,MD Patel,SR Mukkamalla,Junaid Siddique,0,1,1,,,,,,,,,,,,
1365098,2023,2023-03-30,"United Cricket Club Ground, Windhoek",2,30.3,30.2,United States of America,United Arab Emirates,MD Patel,SR Mukkamalla,Junaid Siddique,4,0,,,,,,,,,,,,,
1365098,2023,2023-03-30,"United Cricket Club Ground, Windhoek",2,30.4,30.3,United States of America,United Arab Emirates,MD Patel,SR Mukkamalla,Junaid Siddique,1,0,,,,,,,,,,,,,
1365098,2023,2023-03-30,"United Cricket Club Ground, Windhoek",2,30.5,30.4,United States of America,United Arab Emirates,SR Mukkamalla,MD Patel,Junaid Siddique,0,0,,,,,,,,,,,,,
1365098,2023,2023-03-30,"United Cricket Club Ground, Windhoek",2,30.6,30.5,United States of America,United Arab Emirates,SR Mukkamalla,MD Patel,Junaid Siddique,0,0,,,,,,,,,,,,,
1365098,2023,2023-03-30,"United Cricket Club Ground, Windhoek",2,30.7,30.6,United States of America,United Arab Emirates,SR Mukkamalla,MD Patel,Junaid Siddique,0,0,,,,,,,,,,,,,
1365098,2023,2023-03-30,"United Cricket Club Ground, Windhoek",2,31.1,31.1,United States of America,United Arab Emirates,MD Patel,SR Mukkamalla,Aayan Afzal Khan,1,0,,,,,,,,,,,,,
1365098,2023,2023-03-30,"United Cricket Club Ground, Windhoek",2,31.2,31.2,United States of America,United Arab Emirates,SR Mukkamalla,MD Patel,Aayan Afzal Khan,1,0,,,,,,,,,,,,,
1365098,2023,2023-03-30,"United Cricket Club Ground, Windhoek",2,31.3,31.3,United States of America,United Arab Emirates,MD Patel,SR Mukkamalla,Aayan Afzal Khan,0,0,,,,,,,,,,,,,
1365098,2023,2023-03-30,"United Cricket Club Ground, Windhoek",2,31.4,31.4,United States of America,United Arab Emirates,MD Patel,SR Mukkamalla,Aayan Afzal Khan,1,0,,,,,,,,,,,,,
1365098,2023,2023-03-30,"United Cricket Club Ground, Windhoek",2,31.5,31.5,United States of America,United Arab Emirates,SR Mukkamalla,MD Patel,Aayan Afzal Khan,0,0,,,,,,,,,,,,,
1365098,2023,2023-03-30,"United Cricket Club Ground, Windhoek",2,31.6,31.6,United States of America,United Arab Emirates,SR Mukkamalla,MD Patel,Aayan Afzal Khan,1,0,,,,,,,,,,,,,
1365098,2023,2023-03-30,"United Cricket Club Ground, Windhoek",2,32.1,32.1,United States of America,United Arab Emirates,SR Mukkamalla,MD Patel,Junaid Siddique,1,0,,,,,,,,,,,,,
1365098,2023,2023-03-30,"United Cricket Club Ground, Windhoek",2,32.2,32.2,United States of America,United Arab Emirates,MD Patel,SR Mukkamalla,Junaid Siddique,3,0,,,,,,,,,,,,,
1365098,2023,2023-03-30,"United Cricket Club Ground, Windhoek",2,32.3,32.3,United States of America,United Arab Emirates,SR Mukkamalla,MD Patel,Junaid Siddique,4,0,,,,,,,,,,,,,
1365098,2023,2023-03-30,"United Cricket Club Ground, Windhoek",2,32.4,32.4,United States of America,United Arab Emirates,SR Mukkamalla,MD Patel,Junaid Siddique,2,0,,,,,,,,,,,,,
1365098,2023,2023-03-30,"United Cricket Club Ground, Windhoek",2,32.5,32.5,United States of America,United Arab Emirates,SR Mukkamalla,MD Patel,Junaid Siddique,0,0,,,,,,,,,,,,,
1365098,2023,2023-03-30,"United Cricket Club Ground, Windhoek",2,32.6,32.6,United States of America,United Arab Emirates,SR Mukkamalla,MD Patel,Junaid Siddique,1,0,,,,,,,,,,,,,
1365098,2023,2023-03-30,"United Cricket Club Ground, Windhoek",2,33.1,33.1,United States of America,United Arab Emirates,SR Mukkamalla,MD Patel,Aayan Afzal Khan,0,0,,,,,,,,,,,,,
1365098,2023,2023-03-30,"United Cricket Club Ground, Windhoek",2,33.2,33.2,United States of America,United Arab Emirates,SR Mukkamalla,MD Patel,Aayan Afzal Khan,0,0,,,,,,,,,,,,,
1365098,2023,2023-03-30,"United Cricket Club Ground, Windhoek",2,33.3,33.3,United States of America,United Arab Emirates,SR Mukkamalla,MD Patel,Aayan Afzal Khan,1,0,,,,,,,,,,,,,
1365098,2023,2023-03-30,"United Cricket Club Ground, Windhoek",2,33.4,33.4,United States of America,United Arab Emirates,MD Patel,SR Mukkamalla,Aayan Afzal Khan,2,0,,,,,,,,,,,,,
1365098,2023,2023-03-30,"United Cricket Club Ground, Windhoek",2,33.5,33.5,United States of America,United Arab Emirates,MD Patel,SR Mukkamalla,Aayan Afzal Khan,1,0,,,,,,,,,,,,,
1365098,2023,2023-03-30,"United Cricket Club Ground, Windhoek",2,33.6,33.6,United States of America,United Arab Emirates,SR Mukkamalla,MD Patel,Aayan Afzal Khan,0,0,,,,,,,,,,,,,
1365098,2023,2023-03-30,"United Cricket Club Ground, Windhoek",2,34.1,34.1,United States of America,United Arab Emirates,MD Patel,SR Mukkamalla,Zahoor Khan,0,0,,,,,,,,,,,,,
1365098,2023,2023-03-30,"United Cricket Club Ground, Windhoek",2,34.2,34.2,United States of America,United Arab Emirates,MD Patel,SR Mukkamalla,Zahoor Khan,1,0,,,,,,,,,,,,,
1365098,2023,2023-03-30,"United Cricket Club Ground, Windhoek",2,34.3,34.3,United States of America,United Arab Emirates,SR Mukkamalla,MD Patel,Zahoor Khan,0,0,,,,,,,,,,,,,
1365098,2023,2023-03-30,"United Cricket Club Ground, Windhoek",2,34.4,34.4,United States of America,United Arab Emirates,SR Mukkamalla,MD Patel,Zahoor Khan,1,0,,,,,,,,,,,,,
1365098,2023,2023-03-30,"United Cricket Club Ground, Windhoek",2,34.5,34.5,United States of America,United Arab Emirates,MD Patel,SR Mukkamalla,Zahoor Khan,0,0,,,,,,,,,,,,,
1365098,2023,2023-03-30,"United Cricket Club Ground, Windhoek",2,34.6,34.6,United States of America,United Arab Emirates,MD Patel,SR Mukkamalla,Zahoor Khan,0,0,,,,,,,,,,,,,
1365098,2023,2023-03-30,"United Cricket Club Ground, Windhoek",2,35.1,35.1,United States of America,United Arab Emirates,SR Mukkamalla,MD Patel,Aayan Afzal Khan,1,0,,,,,,,,,,,,,
1365098,2023,2023-03-30,"United Cricket Club Ground, Windhoek",2,35.2,35.2,United States of America,United Arab Emirates,MD Patel,SR Mukkamalla,Aayan Afzal Khan,0,0,,,,,,,,,,,,,
1365098,2023,2023-03-30,"United Cricket Club Ground, Windhoek",2,35.3,35.3,United States of America,United Arab Emirates,MD Patel,SR Mukkamalla,Aayan Afzal Khan,0,0,,,,,,,,,,,,,
1365098,2023,2023-03-30,"United Cricket Club Ground, Windhoek",2,35.4,35.4,United States of America,United Arab Emirates,MD Patel,SR Mukkamalla,Aayan Afzal Khan,1,0,,,,,,,,,,,,,
1365098,2023,2023-03-30,"United Cricket Club Ground, Windhoek",2,35.5,35.5,United States of America,United Arab Emirates,SR Mukkamalla,MD Patel,Aayan Afzal Khan,1,0,,,,,,,,,,,,,
1365098,2023,2023-03-30,"United Cricket Club Ground, Windhoek",2,35.6,35.6,United States of America,United Arab Emirates,MD Patel,SR Mukkamalla,Aayan Afzal Khan,1,0,,,,,,,,,,,,,
1365098,2023,2023-03-30,"United Cricket Club Ground, Windhoek",2,36.1,36.1,United States of America,United Arab Emirates,MD Patel,SR Mukkamalla,Zahoor Khan,0,0,,,,,,,,,,,,,
1365098,2023,2023-03-30,"United Cricket Club Ground, Windhoek",2,36.2,36.2,United States of America,United Arab Emirates,MD Patel,SR Mukkamalla,Zahoor Khan,1,0,,,,,,,,,,,,,
1365098,2023,2023-03-30,"United Cricket Club Ground, Windhoek",2,36.3,36.3,United States of America,United Arab Emirates,SR Mukkamalla,MD Patel,Zahoor Khan,0,1,1,,,,,,,,,,,,
1365098,2023,2023-03-30,"United Cricket Club Ground, Windhoek",2,36.4,36.3,United States of America,United Arab Emirates,SR Mukkamalla,MD Patel,Zahoor Khan,0,0,,,,,,,,,,,,,
1365098,2023,2023-03-30,"United Cricket Club Ground, Windhoek",2,36.5,36.4,United States of America,United Arab Emirates,SR Mukkamalla,MD Patel,Zahoor Khan,0,1,1,,,,,,,,,,,,
1365098,2023,2023-03-30,"United Cricket Club Ground, Windhoek",2,36.6,36.4,United States of America,United Arab Emirates,SR Mukkamalla,MD Patel,Zahoor Khan,4,0,,,,,,,,,,,,,
1365098,2023,2023-03-30,"United Cricket Club Ground, Windhoek",2,36.7,36.5,United States of America,United Arab Emirates,SR Mukkamalla,MD Patel,Zahoor Khan,1,0,,,,,,,,,,,,,
1365098,2023,2023-03-30,"United Cricket Club Ground, Windhoek",2,36.8,36.6,United States of America,United Arab Emirates,MD Patel,SR Mukkamalla,Zahoor Khan,1,0,,,,,,,,,,,,,
1365098,2023,2023-03-30,"United Cricket Club Ground, Windhoek",2,37.1,37.1,United States of America,United Arab Emirates,MD Patel,SR Mukkamalla,Aayan Afzal Khan,0,0,,,,,,,,,,,,,
1365098,2023,2023-03-30,"United Cricket Club Ground, Windhoek",2,37.2,37.2,United States of America,United Arab Emirates,MD Patel,SR Mukkamalla,Aayan Afzal Khan,1,0,,,,,,,,,,,,,
1365098,2023,2023-03-30,"United Cricket Club Ground, Windhoek",2,37.3,37.3,United States of America,United Arab Emirates,SR Mukkamalla,MD Patel,Aayan Afzal Khan,1,0,,,,,,,,,,,,,
1365098,2023,2023-03-30,"United Cricket Club Ground, Windhoek",2,37.4,37.4,United States of America,United Arab Emirates,MD Patel,SR Mukkamalla,Aayan Afzal Khan,0,0,,,,,,,caught,MD Patel,,,Waseem Muhammad,,
1365098,2023,2023-03-30,"United Cricket Club Ground, Windhoek",2,37.5,37.5,United States of America,United Arab Emirates,Aaron Jones,SR Mukkamalla,Aayan Afzal Khan,0,0,,,,,,,,,,,,,
1365098,2023,2023-03-30,"United Cricket Club Ground, Windhoek",2,37.6,37.6,United States of America,United Arab Emirates,Aaron Jones,SR Mukkamalla,Aayan Afzal Khan,1,0,,,,,,,,,,,,,
1365098,2023,2023-03-30,"United Cricket Club Ground, Windhoek",2,38.1,38.1,United States of America,United Arab Emirates,Aaron Jones,SR Mukkamalla,Zahoor Khan,0,1,1,,,,,,,,,,,,
1365098,2023,2023-03-30,"United Cricket Club Ground, Windhoek",2,38.2,38.1,United States of America,United Arab Emirates,Aaron Jones,SR Mukkamalla,Zahoor Khan,1,0,,,,,,,,,,,,,
1365098,2023,2023-03-30,"United Cricket Club Ground, Windhoek",2,38.3,38.2,United States of America,United Arab Emirates,SR Mukkamalla,Aaron Jones,Zahoor Khan,1,0,,,,,,,,,,,,,
1365098,2023,2023-03-30,"United Cricket Club Ground, Windhoek",2,38.4,38.3,United States of America,United Arab Emirates,Aaron Jones,SR Mukkamalla,Zahoor Khan,1,0,,,,,,,,,,,,,
1365098,2023,2023-03-30,"United Cricket Club Ground, Windhoek",2,38.5,38.4,United States of America,United Arab Emirates,SR Mukkamalla,Aaron Jones,Zahoor Khan,4,0,,,,,,,,,,,,,
1365098,2023,2023-03-30,"United Cricket Club Ground, Windhoek",2,38.6,38.5,United States of America,United Arab Emirates,SR Mukkamalla,Aaron Jones,Zahoor Khan,1,0,,,,,,,,,,,,,
1365098,2023,2023-03-30,"United Cricket Club Ground, Windhoek",2,38.7,38.6,United States of America,United Arab Emirates,Aaron Jones,SR Mukkamalla,Zahoor Khan,0,0,,,,,,,,,,,,,
1365098,2023,2023-03-30,"United Cricket Club Ground, Windhoek",2,39.1,39.1,United States of America,United Arab Emirates,SR Mukkamalla,Aaron Jones,Aayan Afzal Khan,1,0,,,,,,,,,,,,,
1365098,2023,2023-03-30,"United Cricket Club Ground, Windhoek",2,39.2,39.2,United States of America,United Arab Emirates,Aaron Jones,SR Mukkamalla,Aayan Afzal Khan,1,0,,,,,,,,,,,,,
1365098,2023,2023-03-30,"United Cricket Club Ground, Windhoek",2,39.3,39.3,United States of America,United Arab Emirates,SR Mukkamalla,Aaron Jones,Aayan Afzal Khan,1,0,,,,,,,,,,,,,
1365098,2023,2023-03-30,"United Cricket Club Ground, Windhoek",2,39.4,39.4,United States of America,United Arab Emirates,Aaron Jones,SR Mukkamalla,Aayan Afzal Khan,1,0,,,,,,,,,,,,,
1365098,2023,2023-03-30,"United Cricket Club Ground, Windhoek",2,39.5,39.5,United States of America,United Arab Emirates,SR Mukkamalla,Aaron Jones,Aayan Afzal Khan,0,0,,,,,,,,,,,,,
1365098,2023,2023-03-30,"United Cricket Club Ground, Windhoek",2,39.6,39.6,United States of America,United Arab Emirates,SR Mukkamalla,Aaron Jones,Aayan Afzal Khan,1,0,,,,,,,,,,,,,
1365098,2023,2023-03-30,"United Cricket Club Ground, Windhoek",2,40.1,40.1,United States of America,United Arab Emirates,SR Mukkamalla,Aaron Jones,Junaid Siddique,0,0,,,,,,,,,,,,,
1365098,2023,2023-03-30,"United Cricket Club Ground, Windhoek",2,40.2,40.2,United States of America,United Arab Emirates,SR Mukkamalla,Aaron Jones,Junaid Siddique,0,0,,,,,,,,,,,,,
1365098,2023,2023-03-30,"United Cricket Club Ground, Windhoek",2,40.3,40.3,United States of America,United Arab Emirates,SR Mukkamalla,Aaron Jones,Junaid Siddique,0,0,,,,,,,,,,,,,
1365098,2023,2023-03-30,"United Cricket Club Ground, Windhoek",2,40.4,40.4,United States of America,United Arab Emirates,SR Mukkamalla,Aaron Jones,Junaid Siddique,1,0,,,,,,,,,,,,,
1365098,2023,2023-03-30,"United Cricket Club Ground, Windhoek",2,40.5,40.5,United States of America,United Arab Emirates,Aaron Jones,SR Mukkamalla,Junaid Siddique,0,0,,,,,,,,,,,,,
1365098,2023,2023-03-30,"United Cricket Club Ground, Windhoek",2,40.6,40.6,United States of America,United Arab Emirates,Aaron Jones,SR Mukkamalla,Junaid Siddique,0,0,,,,,,,lbw,Aaron Jones,,,,,
1365098,2023,2023-03-30,"United Cricket Club Ground, Windhoek",2,41.1,41.1,United States of America,United Arab Emirates,SR Mukkamalla,G Singh,KP Meiyappan,2,0,,,,,,,,,,,,,
1365098,2023,2023-03-30,"United Cricket Club Ground, Windhoek",2,41.2,41.2,United States of America,United Arab Emirates,SR Mukkamalla,G Singh,KP Meiyappan,2,0,,,,,,,,,,,,,
1365098,2023,2023-03-30,"United Cricket Club Ground, Windhoek",2,41.3,41.3,United States of America,United Arab Emirates,SR Mukkamalla,G Singh,KP Meiyappan,2,0,,,,,,,,,,,,,
1365098,2023,2023-03-30,"United Cricket Club Ground, Windhoek",2,41.4,41.4,United States of America,United Arab Emirates,SR Mukkamalla,G Singh,KP Meiyappan,4,0,,,,,,,,,,,,,
1365098,2023,2023-03-30,"United Cricket Club Ground, Windhoek",2,41.5,41.5,United States of America,United Arab Emirates,SR Mukkamalla,G Singh,KP Meiyappan,1,0,,,,,,,,,,,,,
1365098,2023,2023-03-30,"United Cricket Club Ground, Windhoek",2,41.6,41.6,United States of America,United Arab Emirates,G Singh,SR Mukkamalla,KP Meiyappan,1,0,,,,,,,,,,,,,
1365098,2023,2023-03-30,"United Cricket Club Ground, Windhoek",2,42.1,42.1,United States of America,United Arab Emirates,G Singh,SR Mukkamalla,Junaid Siddique,0,0,,,,,,,,,,,,,
1365098,2023,2023-03-30,"United Cricket Club Ground, Windhoek",2,42.2,42.2,United States of America,United Arab Emirates,G Singh,SR Mukkamalla,Junaid Siddique,0,0,,,,,,,,,,,,,
1365098,2023,2023-03-30,"United Cricket Club Ground, Windhoek",2,42.3,42.3,United States of America,United Arab Emirates,G Singh,SR Mukkamalla,Junaid Siddique,0,1,1,,,,,,,,,,,,
1365098,2023,2023-03-30,"United Cricket Club Ground, Windhoek",2,42.4,42.3,United States of America,United Arab Emirates,G Singh,SR Mukkamalla,Junaid Siddique,2,0,,,,,,,,,,,,,
1365098,2023,2023-03-30,"United Cricket Club Ground, Windhoek",2,42.5,42.4,United States of America,United Arab Emirates,G Singh,SR Mukkamalla,Junaid Siddique,0,0,,,,,,,,,,,,,
1365098,2023,2023-03-30,"United Cricket Club Ground, Windhoek",2,42.6,42.5,United States of America,United Arab Emirates,G Singh,SR Mukkamalla,Junaid Siddique,2,0,,,,,,,,,,,,,
1365098,2023,2023-03-30,"United Cricket Club Ground, Windhoek",2,42.7,42.6,United States of America,United Arab Emirates,G Singh,SR Mukkamalla,Junaid Siddique,0,0,,,,,,,,,,,,,
1365098,2023,2023-03-30,"United Cricket Club Ground, Windhoek",2,43.1,43.1,United States of America,United Arab Emirates,SR Mukkamalla,G Singh,Rohan Mustafa,0,0,,,,,,,,,,,,,
1365098,2023,2023-03-30,"United Cricket Club Ground, Windhoek",2,43.2,43.2,United States of America,United Arab Emirates,SR Mukkamalla,G Singh,Rohan Mustafa,1,0,,,,,,,,,,,,,
1365098,2023,2023-03-30,"United Cricket Club Ground, Windhoek",2,43.3,43.3,United States of America,United Arab Emirates,G Singh,SR Mukkamalla,Rohan Mustafa,0,0,,,,,,,,,,,,,
1365098,2023,2023-03-30,"United Cricket Club Ground, Windhoek",2,43.4,43.4,United States of America,United Arab Emirates,G Singh,SR Mukkamalla,Rohan Mustafa,0,0,,,,,,,,,,,,,
1365098,2023,2023-03-30,"United Cricket Club Ground, Windhoek",2,43.5,43.5,United States of America,United Arab Emirates,G Singh,SR Mukkamalla,Rohan Mustafa,2,0,,,,,,,,,,,,,
1365098,2023,2023-03-30,"United Cricket Club Ground, Windhoek",2,43.6,43.6,United States of America,United Arab Emirates,G Singh,SR Mukkamalla,Rohan Mustafa,1,0,,,,,,,,,,,,,
1365098,2023,2023-03-30,"United Cricket Club Ground, Windhoek",2,44.1,44.1,United States of America,United Arab Emirates,G Singh,SR Mukkamalla,Zahoor Khan,0,1,1,,,,,,,,,,,,
1365098,2023,2023-03-30,"United Cricket Club Ground, Windhoek",2,44.2,44.1,United States of America,United Arab Emirates,G Singh,SR Mukkamalla,Zahoor Khan,1,0,,,,,,,,,,,,,
1365098,2023,2023-03-30,"United Cricket Club Ground, Windhoek",2,44.3,44.2,United States of America,United Arab Emirates,SR Mukkamalla,G Singh,Zahoor Khan,1,0,,,,,,,,,,,,,
1365098,2023,2023-03-30,"United Cricket Club Ground, Windhoek",2,44.4,44.3,United States of America,United Arab Emirates,G Singh,SR Mukkamalla,Zahoor Khan,0,0,,,,,,,,,,,,,
1365098,2023,2023-03-30,"United Cricket Club Ground, Windhoek",2,44.5,44.4,United States of America,United Arab Emirates,G Singh,SR Mukkamalla,Zahoor Khan,6,0,,,,,,,,,,,,,
1365098,2023,2023-03-30,"United Cricket Club Ground, Windhoek",2,44.6,44.5,United States of America,United Arab Emirates,G Singh,SR Mukkamalla,Zahoor Khan,1,0,,,,,,,,,,,,,
1365098,2023,2023-03-30,"United Cricket Club Ground, Windhoek",2,44.7,44.6,United States of America,United Arab Emirates,SR Mukkamalla,G Singh,Zahoor Khan,2,0,,,,,,,,,,,,,
1365098,2023,2023-03-30,"United Cricket Club Ground, Windhoek",2,45.1,45.1,United States of America,United Arab Emirates,G Singh,SR Mukkamalla,Rohan Mustafa,0,0,,,,,,,,,,,,,
1365098,2023,2023-03-30,"United Cricket Club Ground, Windhoek",2,45.2,45.2,United States of America,United Arab Emirates,G Singh,SR Mukkamalla,Rohan Mustafa,0,1,,,1,,,,,,,,,,
1365098,2023,2023-03-30,"United Cricket Club Ground, Windhoek",2,45.3,45.3,United States of America,United Arab Emirates,SR Mukkamalla,G Singh,Rohan Mustafa,1,0,,,,,,,,,,,,,
1365098,2023,2023-03-30,"United Cricket Club Ground, Windhoek",2,45.4,45.4,United States of America,United Arab Emirates,G Singh,SR Mukkamalla,Rohan Mustafa,0,0,,,,,,,,,,,,,
1365098,2023,2023-03-30,"United Cricket Club Ground, Windhoek",2,45.5,45.5,United States of America,United Arab Emirates,G Singh,SR Mukkamalla,Rohan Mustafa,1,0,,,,,,,,,,,,,
1365098,2023,2023-03-30,"United Cricket Club Ground, Windhoek",2,45.6,45.6,United States of America,United Arab Emirates,SR Mukkamalla,G Singh,Rohan Mustafa,4,0,,,,,,,,,,,,,
1365098,2023,2023-03-30,"United Cricket Club Ground, Windhoek",2,46.1,46.1,United States of America,United Arab Emirates,G Singh,SR Mukkamalla,Zahoor Khan,1,0,,,,,,,,,,,,,
1365098,2023,2023-03-30,"United Cricket Club Ground, Windhoek",2,46.2,46.2,United States of America,United Arab Emirates,SR Mukkamalla,G Singh,Zahoor Khan,1,0,,,,,,,,,,,,,
1365098,2023,2023-03-30,"United Cricket Club Ground, Windhoek",2,46.3,46.3,United States of America,United Arab Emirates,G Singh,SR Mukkamalla,Zahoor Khan,0,0,,,,,,,,,,,,,
1365098,2023,2023-03-30,"United Cricket Club Ground, Windhoek",2,46.4,46.4,United States of America,United Arab Emirates,G Singh,SR Mukkamalla,Zahoor Khan,1,0,,,,,,,,,,,,,
1365098,2023,2023-03-30,"United Cricket Club Ground, Windhoek",2,46.5,46.5,United States of America,United Arab Emirates,SR Mukkamalla,G Singh,Zahoor Khan,1,0,,,,,,,,,,,,,
1365098,2023,2023-03-30,"United Cricket Club Ground, Windhoek",2,46.6,46.6,United States of America,United Arab Emirates,G Singh,SR Mukkamalla,Zahoor Khan,1,0,,,,,,,,,,,,,
1365098,2023,2023-03-30,"United Cricket Club Ground, Windhoek",2,47.1,47.1,United States of America,United Arab Emirates,G Singh,SR Mukkamalla,Rohan Mustafa,3,0,,,,,,,,,,,,,
1365098,2023,2023-03-30,"United Cricket Club Ground, Windhoek",2,47.2,47.2,United States of America,United Arab Emirates,SR Mukkamalla,G Singh,Rohan Mustafa,4,0,,,,,,,,,,,,,
1365098,2023,2023-03-30,"United Cricket Club Ground, Windhoek",2,47.3,47.3,United States of America,United Arab Emirates,SR Mukkamalla,G Singh,Rohan Mustafa,0,0,,,,,,,,,,,,,
1365098,2023,2023-03-30,"United Cricket Club Ground, Windhoek",2,47.4,47.4,United States of America,United Arab Emirates,SR Mukkamalla,G Singh,Rohan Mustafa,2,0,,,,,,,,,,,,,
1365098,2023,2023-03-30,"United Cricket Club Ground, Windhoek",2,47.5,47.5,United States of America,United Arab Emirates,SR Mukkamalla,G Singh,Rohan Mustafa,2,0,,,,,,,,,,,,,
1365098,2023,2023-03-30,"United Cricket Club Ground, Windhoek",2,47.6,47.6,United States of America,United Arab Emirates,SR Mukkamalla,G Singh,Rohan Mustafa,4,0,,,,,,,,,,,,,
1365098,2023,2023-03-30,"United Cricket Club Ground, Windhoek",2,48.1,48.1,United States of America,United Arab Emirates,G Singh,SR Mukkamalla,Junaid Siddique,0,0,,,,,,,,,,,,,
1365098,2023,2023-03-30,"United Cricket Club Ground, Windhoek",2,48.2,48.2,United States of America,United Arab Emirates,G Singh,SR Mukkamalla,Junaid Siddique,0,0,,,,,,,caught,G Singh,,,Zahoor Khan,,
1365098,2023,2023-03-30,"United Cricket Club Ground, Windhoek",2,48.3,48.3,United States of America,United Arab Emirates,Jasdeep Singh,SR Mukkamalla,Junaid Siddique,0,1,,,,1,,,,,,,,,
1365098,2023,2023-03-30,"United Cricket Club Ground, Windhoek",2,48.4,48.4,United States of America,United Arab Emirates,SR Mukkamalla,Jasdeep Singh,Junaid Siddique,1,0,,,,,,,,,,,,,
1365098,2023,2023-03-30,"United Cricket Club Ground, Windhoek",2,48.5,48.5,United States of America,United Arab Emirates,Jasdeep Singh,SR Mukkamalla,Junaid Siddique,0,0,,,,,,,,,,,,,
1365098,2023,2023-03-30,"United Cricket Club Ground, Windhoek",2,48.6,48.6,United States of America,United Arab Emirates,Jasdeep Singh,SR Mukkamalla,Junaid Siddique,4,0,,,,,,,,,,,,,
