match_id,season,start_date,venue,innings,ball,actual_delivery,batting_team,bowling_team,striker,non_striker,bowler,runs_off_bat,extras,wides,noballs,byes,legbyes,penalty,non_boundary,wicket_type,player_dismissed,other_wicket_type,other_player_dismissed,fielder_1,fielder_2,fielder_3
1378191,2023,2023-06-26,"Daren Sammy National Cricket Stadium, Gros Islet, St Lucia",1,0.1,0.1,West Indies,Ireland,HK Matthews,Z James,O Prendergast,2,0,,,,,,,,,,,,,
1378191,2023,2023-06-26,"Daren Sammy National Cricket Stadium, Gros Islet, St Lucia",1,0.2,0.2,West Indies,Ireland,HK Matthews,Z James,O Prendergast,0,5,5,,,,,,,,,,,,
1378191,2023,2023-06-26,"Daren Sammy National Cricket Stadium, Gros Islet, St Lucia",1,0.3,0.2,West Indies,Ireland,HK Matthews,Z James,O Prendergast,0,1,1,,,,,,,,,,,,
1378191,2023,2023-06-26,"Daren Sammy National Cricket Stadium, Gros Islet, St Lucia",1,0.4,0.2,West Indies,Ireland,HK Matthews,Z James,O Prendergast,4,0,,,,,,,,,,,,,
1378191,2023,2023-06-26,"Daren Sammy National Cricket Stadium, Gros Islet, St Lucia",1,0.5,0.3,West Indies,Ireland,HK Matthews,Z James,O Prendergast,0,0,,,,,,,,,,,,,
1378191,2023,2023-06-26,"Daren Sammy National Cricket Stadium, Gros Islet, St Lucia",1,0.6,0.4,West Indies,Ireland,HK Matthews,Z James,O Prendergast,0,0,,,,,,,,,,,,,
1378191,2023,2023-06-26,"Daren Sammy National Cricket Stadium, Gros Islet, St Lucia",1,0.7,0.5,West Indies,Ireland,HK Matthews,Z James,O Prendergast,0,0,,,,,,,,,,,,,
1378191,2023,2023-06-26,"Daren Sammy National Cricket Stadium, Gros Islet, St Lucia",1,0.8,0.6,West Indies,Ireland,HK Matthews,Z James,O Prendergast,1,0,,,,,,,,,,,,,
1378191,2023,2023-06-26,"Daren Sammy National Cricket Stadium, Gros Islet, St Lucia",1,1.1,1.1,West Indies,Ireland,HK Matthews,Z James,A Canning,0,0,,,,,,,,,,,,,
1378191,2023,2023-06-26,"Daren Sammy National Cricket Stadium, Gros Islet, St Lucia",1,1.2,1.2,West Indies,Ireland,HK Matthews,Z James,A Canning,1,0,,,,,,,,,,,,,
1378191,2023,2023-06-26,"Daren Sammy National Cricket Stadium, Gros Islet, St Lucia",1,1.3,1.3,West Indies,Ireland,Z James,HK Matthews,A Canning,2,0,,,,,,,,,,,,,
1378191,2023,2023-06-26,"Daren Sammy National Cricket Stadium, Gros Islet, St Lucia",1,1.4,1.4,West Indies,Ireland,Z James,HK Matthews,A Canning,0,0,,,,,,,,,,,,,
1378191,2023,2023-06-26,"Daren Sammy National Cricket Stadium, Gros Islet, St Lucia",1,1.5,1.5,West Indies,Ireland,Z James,HK Matthews,A Canning,0,0,,,,,,,,,,,,,
1378191,2023,2023-06-26,"Daren Sammy National Cricket Stadium, Gros Islet, St Lucia",1,1.6,1.6,West Indies,Ireland,Z James,HK Matthews,A Canning,0,0,,,,,,,,,,,,,
1378191,2023,2023-06-26,"Daren Sammy National Cricket Stadium, Gros Islet, St Lucia",1,2.1,2.1,West Indies,Ireland,HK Matthews,Z James,O Prendergast,1,0,,,,,,,,,,,,,
1378191,2023,2023-06-26,"Daren Sammy National Cricket Stadium, Gros Islet, St Lucia",1,2.2,2.2,West Indies,Ireland,Z James,HK Matthews,O Prendergast,0,0,,,,,,,,,,,,,
1378191,2023,2023-06-26,"Daren Sammy National Cricket Stadium, Gros Islet, St Lucia",1,2.3,2.3,West Indies,Ireland,Z James,HK Matthews,O Prendergast,0,0,,,,,,,,,,,,,
1378191,2023,2023-06-26,"Daren Sammy National Cricket Stadium, Gros Islet, St Lucia",1,2.4,2.4,West Indies,Ireland,Z James,HK Matthews,O Prendergast,1,0,,,,,,,,,,,,,
1378191,2023,2023-06-26,"Daren Sammy National Cricket Stadium, Gros Islet, St Lucia",1,2.5,2.5,West Indies,Ireland,HK Matthews,Z James,O Prendergast,0,0,,,,,,,,,,,,,
1378191,2023,2023-06-26,"Daren Sammy National Cricket Stadium, Gros Islet, St Lucia",1,2.6,2.6,West Indies,Ireland,HK Matthews,Z James,O Prendergast,1,0,,,,,,,,,,,,,
1378191,2023,2023-06-26,"Daren Sammy National Cricket Stadium, Gros Islet, St Lucia",1,3.1,3.1,West Indies,Ireland,HK Matthews,Z James,A Canning,0,0,,,,,,,,,,,,,
1378191,2023,2023-06-26,"Daren Sammy National Cricket Stadium, Gros Islet, St Lucia",1,3.2,3.2,West Indies,Ireland,HK Matthews,Z James,A Canning,1,0,,,,,,,,,,,,,
1378191,2023,2023-06-26,"Daren Sammy National Cricket Stadium, Gros Islet, St Lucia",1,3.3,3.3,West Indies,Ireland,Z James,HK Matthews,A Canning,0,0,,,,,,,,,,,,,
1378191,2023,2023-06-26,"Daren Sammy National Cricket Stadium, Gros Islet, St Lucia",1,3.4,3.4,West Indies,Ireland,Z James,HK Matthews,A Canning,0,0,,,,,,,,,,,,,
1378191,2023,2023-06-26,"Daren Sammy National Cricket Stadium, Gros Islet, St Lucia",1,3.5,3.5,West Indies,Ireland,Z James,HK Matthews,A Canning,0,0,,,,,,,,,,,,,
1378191,2023,2023-06-26,"Daren Sammy National Cricket Stadium, Gros Islet, St Lucia",1,3.6,3.6,West Indies,Ireland,Z James,HK Matthews,A Canning,1,0,,,,,,,,,,,,,
1378191,2023,2023-06-26,"Daren Sammy National Cricket Stadium, Gros Islet, St Lucia",1,4.1,4.1,West Indies,Ireland,Z James,HK Matthews,O Prendergast,0,0,,,,,,,,,,,,,
1378191,2023,2023-06-26,"Daren Sammy National Cricket Stadium, Gros Islet, St Lucia",1,4.2,4.2,West Indies,Ireland,Z James,HK Matthews,O Prendergast,0,1,1,,,,,,,,,,,,
1378191,2023,2023-06-26,"Daren Sammy National Cricket Stadium, Gros Islet, St Lucia",1,4.3,4.2,West Indies,Ireland,Z James,HK Matthews,O Prendergast,0,1,1,,,,,,,,,,,,
1378191,2023,2023-06-26,"Daren Sammy National Cricket Stadium, Gros Islet, St Lucia",1,4.4,4.2,West Indies,Ireland,Z James,HK Matthews,O Prendergast,0,0,,,,,,,,,,,,,
1378191,2023,2023-06-26,"Daren Sammy National Cricket Stadium, Gros Islet, St Lucia",1,4.5,4.3,West Indies,Ireland,Z James,HK Matthews,O Prendergast,0,0,,,,,,,,,,,,,
1378191,2023,2023-06-26,"Daren Sammy National Cricket Stadium, Gros Islet, St Lucia",1,4.6,4.4,West Indies,Ireland,Z James,HK Matthews,O Prendergast,0,0,,,,,,,,,,,,,
1378191,2023,2023-06-26,"Daren Sammy National Cricket Stadium, Gros Islet, St Lucia",1,4.7,4.5,West Indies,Ireland,Z James,HK Matthews,O Prendergast,0,0,,,,,,,,,,,,,
1378191,2023,2023-06-26,"Daren Sammy National Cricket Stadium, Gros Islet, St Lucia",1,4.8,4.6,West Indies,Ireland,Z James,HK Matthews,O Prendergast,0,1,1,,,,,,,,,,,,
1378191,2023,2023-06-26,"Daren Sammy National Cricket Stadium, Gros Islet, St Lucia",1,4.9,4.6,West Indies,Ireland,Z James,HK Matthews,O Prendergast,1,0,,,,,,,,,,,,,
1378191,2023,2023-06-26,"Daren Sammy National Cricket Stadium, Gros Islet, St Lucia",1,5.1,5.1,West Indies,Ireland,Z James,HK Matthews,A Canning,2,0,,,,,,,,,,,,,
1378191,2023,2023-06-26,"Daren Sammy National Cricket Stadium, Gros Islet, St Lucia",1,5.2,5.2,West Indies,Ireland,Z James,HK Matthews,A Canning,1,0,,,,,,,,,,,,,
1378191,2023,2023-06-26,"Daren Sammy National Cricket Stadium, Gros Islet, St Lucia",1,5.3,5.3,West Indies,Ireland,HK Matthews,Z James,A Canning,0,0,,,,,,,,,,,,,
1378191,2023,2023-06-26,"Daren Sammy National Cricket Stadium, Gros Islet, St Lucia",1,5.4,5.4,West Indies,Ireland,HK Matthews,Z James,A Canning,0,0,,,,,,,,,,,,,
1378191,2023,2023-06-26,"Daren Sammy National Cricket Stadium, Gros Islet, St Lucia",1,5.5,5.5,West Indies,Ireland,HK Matthews,Z James,A Canning,1,0,,,,,,,,,,,,,
1378191,2023,2023-06-26,"Daren Sammy National Cricket Stadium, Gros Islet, St Lucia",1,5.6,5.6,West Indies,Ireland,Z James,HK Matthews,A Canning,0,0,,,,,,,,,,,,,
1378191,2023,2023-06-26,"Daren Sammy National Cricket Stadium, Gros Islet, St Lucia",1,6.1,6.1,West Indies,Ireland,HK Matthews,Z James,AN Kelly,1,0,,,,,,,,,,,,,
1378191,2023,2023-06-26,"Daren Sammy National Cricket Stadium, Gros Islet, St Lucia",1,6.2,6.2,West Indies,Ireland,Z James,HK Matthews,AN Kelly,0,0,,,,,,,,,,,,,
1378191,2023,2023-06-26,"Daren Sammy National Cricket Stadium, Gros Islet, St Lucia",1,6.3,6.3,West Indies,Ireland,Z James,HK Matthews,AN Kelly,0,0,,,,,,,,,,,,,
1378191,2023,2023-06-26,"Daren Sammy National Cricket Stadium, Gros Islet, St Lucia",1,6.4,6.4,West Indies,Ireland,Z James,HK Matthews,AN Kelly,0,0,,,,,,,,,,,,,
1378191,2023,2023-06-26,"Daren Sammy National Cricket Stadium, Gros Islet, St Lucia",1,6.5,6.5,West Indies,Ireland,Z James,HK Matthews,AN Kelly,1,0,,,,,,,,,,,,,
1378191,2023,2023-06-26,"Daren Sammy National Cricket Stadium, Gros Islet, St Lucia",1,6.6,6.6,West Indies,Ireland,HK Matthews,Z James,AN Kelly,0,0,,,,,,,,,,,,,
1378191,2023,2023-06-26,"Daren Sammy National Cricket Stadium, Gros Islet, St Lucia",1,7.1,7.1,West Indies,Ireland,Z James,HK Matthews,A Canning,0,0,,,,,,,,,,,,,
1378191,2023,2023-06-26,"Daren Sammy National Cricket Stadium, Gros Islet, St Lucia",1,7.2,7.2,West Indies,Ireland,Z James,HK Matthews,A Canning,0,0,,,,,,,,,,,,,
1378191,2023,2023-06-26,"Daren Sammy National Cricket Stadium, Gros Islet, St Lucia",1,7.3,7.3,West Indies,Ireland,Z James,HK Matthews,A Canning,0,0,,,,,,,,,,,,,
1378191,2023,2023-06-26,"Daren Sammy National Cricket Stadium, Gros Islet, St Lucia",1,7.4,7.4,West Indies,Ireland,Z James,HK Matthews,A Canning,2,0,,,,,,,,,,,,,
1378191,2023,2023-06-26,"Daren Sammy National Cricket Stadium, Gros Islet, St Lucia",1,7.5,7.5,West Indies,Ireland,Z James,HK Matthews,A Canning,0,0,,,,,,,,,,,,,
1378191,2023,2023-06-26,"Daren Sammy National Cricket Stadium, Gros Islet, St Lucia",1,7.6,7.6,West Indies,Ireland,Z James,HK Matthews,A Canning,1,0,,,,,,,,,,,,,
1378191,2023,2023-06-26,"Daren Sammy National Cricket Stadium, Gros Islet, St Lucia",1,8.1,8.1,West Indies,Ireland,Z James,HK Matthews,AN Kelly,0,0,,,,,,,,,,,,,
1378191,2023,2023-06-26,"Daren Sammy National Cricket Stadium, Gros Islet, St Lucia",1,8.2,8.2,West Indies,Ireland,Z James,HK Matthews,AN Kelly,0,0,,,,,,,,,,,,,
1378191,2023,2023-06-26,"Daren Sammy National Cricket Stadium, Gros Islet, St Lucia",1,8.3,8.3,West Indies,Ireland,Z James,HK Matthews,AN Kelly,0,0,,,,,,,,,,,,,
1378191,2023,2023-06-26,"Daren Sammy National Cricket Stadium, Gros Islet, St Lucia",1,8.4,8.4,West Indies,Ireland,Z James,HK Matthews,AN Kelly,1,0,,,,,,,,,,,,,
1378191,2023,2023-06-26,"Daren Sammy National Cricket Stadium, Gros Islet, St Lucia",1,8.5,8.5,West Indies,Ireland,HK Matthews,Z James,AN Kelly,0,0,,,,,,,,,,,,,
1378191,2023,2023-06-26,"Daren Sammy National Cricket Stadium, Gros Islet, St Lucia",1,8.6,8.6,West Indies,Ireland,HK Matthews,Z James,AN Kelly,0,0,,,,,,,,,,,,,
1378191,2023,2023-06-26,"Daren Sammy National Cricket Stadium, Gros Islet, St Lucia",1,9.1,9.1,West Indies,Ireland,Z James,HK Matthews,S MacMahon,0,0,,,,,,,,,,,,,
1378191,2023,2023-06-26,"Daren Sammy National Cricket Stadium, Gros Islet, St Lucia",1,9.2,9.2,West Indies,Ireland,Z James,HK Matthews,S MacMahon,0,0,,,,,,,,,,,,,
1378191,2023,2023-06-26,"Daren Sammy National Cricket Stadium, Gros Islet, St Lucia",1,9.3,9.3,West Indies,Ireland,Z James,HK Matthews,S MacMahon,0,1,1,,,,,,,,,,,,
1378191,2023,2023-06-26,"Daren Sammy National Cricket Stadium, Gros Islet, St Lucia",1,9.4,9.3,West Indies,Ireland,Z James,HK Matthews,S MacMahon,0,0,,,,,,,,,,,,,
1378191,2023,2023-06-26,"Daren Sammy National Cricket Stadium, Gros Islet, St Lucia",1,9.5,9.4,West Indies,Ireland,Z James,HK Matthews,S MacMahon,0,0,,,,,,,lbw,Z James,,,,,
1378191,2023,2023-06-26,"Daren Sammy National Cricket Stadium, Gros Islet, St Lucia",1,9.6,9.5,West Indies,Ireland,SR Taylor,HK Matthews,S MacMahon,0,0,,,,,,,,,,,,,
1378191,2023,2023-06-26,"Daren Sammy National Cricket Stadium, Gros Islet, St Lucia",1,9.7,9.6,West Indies,Ireland,SR Taylor,HK Matthews,S MacMahon,0,0,,,,,,,,,,,,,
1378191,2023,2023-06-26,"Daren Sammy National Cricket Stadium, Gros Islet, St Lucia",1,10.1,10.1,West Indies,Ireland,HK Matthews,SR Taylor,AN Kelly,0,0,,,,,,,,,,,,,
1378191,2023,2023-06-26,"Daren Sammy National Cricket Stadium, Gros Islet, St Lucia",1,10.2,10.2,West Indies,Ireland,HK Matthews,SR Taylor,AN Kelly,0,0,,,,,,,,,,,,,
1378191,2023,2023-06-26,"Daren Sammy National Cricket Stadium, Gros Islet, St Lucia",1,10.3,10.3,West Indies,Ireland,HK Matthews,SR Taylor,AN Kelly,0,0,,,,,,,,,,,,,
1378191,2023,2023-06-26,"Daren Sammy National Cricket Stadium, Gros Islet, St Lucia",1,10.4,10.4,West Indies,Ireland,HK Matthews,SR Taylor,AN Kelly,0,0,,,,,,,,,,,,,
1378191,2023,2023-06-26,"Daren Sammy National Cricket Stadium, Gros Islet, St Lucia",1,10.5,10.5,West Indies,Ireland,HK Matthews,SR Taylor,AN Kelly,0,0,,,,,,,,,,,,,
1378191,2023,2023-06-26,"Daren Sammy National Cricket Stadium, Gros Islet, St Lucia",1,10.6,10.6,West Indies,Ireland,HK Matthews,SR Taylor,AN Kelly,0,0,,,,,,,,,,,,,
1378191,2023,2023-06-26,"Daren Sammy National Cricket Stadium, Gros Islet, St Lucia",1,11.1,11.1,West Indies,Ireland,SR Taylor,HK Matthews,S MacMahon,0,0,,,,,,,,,,,,,
1378191,2023,2023-06-26,"Daren Sammy National Cricket Stadium, Gros Islet, St Lucia",1,11.2,11.2,West Indies,Ireland,SR Taylor,HK Matthews,S MacMahon,0,0,,,,,,,,,,,,,
1378191,2023,2023-06-26,"Daren Sammy National Cricket Stadium, Gros Islet, St Lucia",1,11.3,11.3,West Indies,Ireland,SR Taylor,HK Matthews,S MacMahon,3,0,,,,,,,,,,,,,
1378191,2023,2023-06-26,"Daren Sammy National Cricket Stadium, Gros Islet, St Lucia",1,11.4,11.4,West Indies,Ireland,HK Matthews,SR Taylor,S MacMahon,1,0,,,,,,,,,,,,,
1378191,2023,2023-06-26,"Daren Sammy National Cricket Stadium, Gros Islet, St Lucia",1,11.5,11.5,West Indies,Ireland,SR Taylor,HK Matthews,S MacMahon,0,0,,,,,,,,,,,,,
1378191,2023,2023-06-26,"Daren Sammy National Cricket Stadium, Gros Islet, St Lucia",1,11.6,11.6,West Indies,Ireland,SR Taylor,HK Matthews,S MacMahon,1,0,,,,,,,,,,,,,
1378191,2023,2023-06-26,"Daren Sammy National Cricket Stadium, Gros Islet, St Lucia",1,12.1,12.1,West Indies,Ireland,SR Taylor,HK Matthews,AN Kelly,0,0,,,,,,,,,,,,,
1378191,2023,2023-06-26,"Daren Sammy National Cricket Stadium, Gros Islet, St Lucia",1,12.2,12.2,West Indies,Ireland,SR Taylor,HK Matthews,AN Kelly,0,0,,,,,,,,,,,,,
1378191,2023,2023-06-26,"Daren Sammy National Cricket Stadium, Gros Islet, St Lucia",1,12.3,12.3,West Indies,Ireland,SR Taylor,HK Matthews,AN Kelly,4,0,,,,,,,,,,,,,
1378191,2023,2023-06-26,"Daren Sammy National Cricket Stadium, Gros Islet, St Lucia",1,12.4,12.4,West Indies,Ireland,SR Taylor,HK Matthews,AN Kelly,0,0,,,,,,,,,,,,,
1378191,2023,2023-06-26,"Daren Sammy National Cricket Stadium, Gros Islet, St Lucia",1,12.5,12.5,West Indies,Ireland,SR Taylor,HK Matthews,AN Kelly,1,0,,,,,,,,,,,,,
1378191,2023,2023-06-26,"Daren Sammy National Cricket Stadium, Gros Islet, St Lucia",1,12.6,12.6,West Indies,Ireland,HK Matthews,SR Taylor,AN Kelly,0,0,,,,,,,,,,,,,
1378191,2023,2023-06-26,"Daren Sammy National Cricket Stadium, Gros Islet, St Lucia",1,13.1,13.1,West Indies,Ireland,SR Taylor,HK Matthews,S MacMahon,1,0,,,,,,,,,,,,,
1378191,2023,2023-06-26,"Daren Sammy National Cricket Stadium, Gros Islet, St Lucia",1,13.2,13.2,West Indies,Ireland,HK Matthews,SR Taylor,S MacMahon,0,0,,,,,,,,,,,,,
1378191,2023,2023-06-26,"Daren Sammy National Cricket Stadium, Gros Islet, St Lucia",1,13.3,13.3,West Indies,Ireland,HK Matthews,SR Taylor,S MacMahon,4,0,,,,,,,,,,,,,
1378191,2023,2023-06-26,"Daren Sammy National Cricket Stadium, Gros Islet, St Lucia",1,13.4,13.4,West Indies,Ireland,HK Matthews,SR Taylor,S MacMahon,1,0,,,,,,,,,,,,,
1378191,2023,2023-06-26,"Daren Sammy National Cricket Stadium, Gros Islet, St Lucia",1,13.5,13.5,West Indies,Ireland,SR Taylor,HK Matthews,S MacMahon,2,0,,,,,,,,,,,,,
1378191,2023,2023-06-26,"Daren Sammy National Cricket Stadium, Gros Islet, St Lucia",1,13.6,13.6,West Indies,Ireland,SR Taylor,HK Matthews,S MacMahon,0,0,,,,,,,,,,,,,
1378191,2023,2023-06-26,"Daren Sammy National Cricket Stadium, Gros Islet, St Lucia",1,14.1,14.1,West Indies,Ireland,HK Matthews,SR Taylor,L Paul,2,0,,,,,,,,,,,,,
1378191,2023,2023-06-26,"Daren Sammy National Cricket Stadium, Gros Islet, St Lucia",1,14.2,14.2,West Indies,Ireland,HK Matthews,SR Taylor,L Paul,4,0,,,,,,,,,,,,,
1378191,2023,2023-06-26,"Daren Sammy National Cricket Stadium, Gros Islet, St Lucia",1,14.3,14.3,West Indies,Ireland,HK Matthews,SR Taylor,L Paul,0,0,,,,,,,,,,,,,
1378191,2023,2023-06-26,"Daren Sammy National Cricket Stadium, Gros Islet, St Lucia",1,14.4,14.4,West Indies,Ireland,HK Matthews,SR Taylor,L Paul,2,0,,,,,,,,,,,,,
1378191,2023,2023-06-26,"Daren Sammy National Cricket Stadium, Gros Islet, St Lucia",1,14.5,14.5,West Indies,Ireland,HK Matthews,SR Taylor,L Paul,2,0,,,,,,,,,,,,,
1378191,2023,2023-06-26,"Daren Sammy National Cricket Stadium, Gros Islet, St Lucia",1,14.6,14.6,West Indies,Ireland,HK Matthews,SR Taylor,L Paul,1,0,,,,,,,,,,,,,
1378191,2023,2023-06-26,"Daren Sammy National Cricket Stadium, Gros Islet, St Lucia",1,15.1,15.1,West Indies,Ireland,HK Matthews,SR Taylor,S MacMahon,1,0,,,,,,,,,,,,,
1378191,2023,2023-06-26,"Daren Sammy National Cricket Stadium, Gros Islet, St Lucia",1,15.2,15.2,West Indies,Ireland,SR Taylor,HK Matthews,S MacMahon,0,0,,,,,,,,,,,,,
1378191,2023,2023-06-26,"Daren Sammy National Cricket Stadium, Gros Islet, St Lucia",1,15.3,15.3,West Indies,Ireland,SR Taylor,HK Matthews,S MacMahon,1,0,,,,,,,,,,,,,
1378191,2023,2023-06-26,"Daren Sammy National Cricket Stadium, Gros Islet, St Lucia",1,15.4,15.4,West Indies,Ireland,HK Matthews,SR Taylor,S MacMahon,4,0,,,,,,,,,,,,,
1378191,2023,2023-06-26,"Daren Sammy National Cricket Stadium, Gros Islet, St Lucia",1,15.5,15.5,West Indies,Ireland,HK Matthews,SR Taylor,S MacMahon,2,0,,,,,,,,,,,,,
1378191,2023,2023-06-26,"Daren Sammy National Cricket Stadium, Gros Islet, St Lucia",1,15.6,15.6,West Indies,Ireland,HK Matthews,SR Taylor,S MacMahon,1,0,,,,,,,,,,,,,
1378191,2023,2023-06-26,"Daren Sammy National Cricket Stadium, Gros Islet, St Lucia",1,16.1,16.1,West Indies,Ireland,HK Matthews,SR Taylor,L Paul,0,0,,,,,,,,,,,,,
1378191,2023,2023-06-26,"Daren Sammy National Cricket Stadium, Gros Islet, St Lucia",1,16.2,16.2,West Indies,Ireland,HK Matthews,SR Taylor,L Paul,1,0,,,,,,,,,,,,,
1378191,2023,2023-06-26,"Daren Sammy National Cricket Stadium, Gros Islet, St Lucia",1,16.3,16.3,West Indies,Ireland,SR Taylor,HK Matthews,L Paul,1,0,,,,,,,,,,,,,
1378191,2023,2023-06-26,"Daren Sammy National Cricket Stadium, Gros Islet, St Lucia",1,16.4,16.4,West Indies,Ireland,HK Matthews,SR Taylor,L Paul,0,0,,,,,,,,,,,,,
1378191,2023,2023-06-26,"Daren Sammy National Cricket Stadium, Gros Islet, St Lucia",1,16.5,16.5,West Indies,Ireland,HK Matthews,SR Taylor,L Paul,4,0,,,,,,,,,,,,,
1378191,2023,2023-06-26,"Daren Sammy National Cricket Stadium, Gros Islet, St Lucia",1,16.6,16.6,West Indies,Ireland,HK Matthews,SR Taylor,L Paul,0,0,,,,,,,,,,,,,
1378191,2023,2023-06-26,"Daren Sammy National Cricket Stadium, Gros Islet, St Lucia",1,17.1,17.1,West Indies,Ireland,SR Taylor,HK Matthews,L Delany,0,0,,,,,,,,,,,,,
1378191,2023,2023-06-26,"Daren Sammy National Cricket Stadium, Gros Islet, St Lucia",1,17.2,17.2,West Indies,Ireland,SR Taylor,HK Matthews,L Delany,4,0,,,,,,,,,,,,,
1378191,2023,2023-06-26,"Daren Sammy National Cricket Stadium, Gros Islet, St Lucia",1,17.3,17.3,West Indies,Ireland,SR Taylor,HK Matthews,L Delany,0,0,,,,,,,,,,,,,
1378191,2023,2023-06-26,"Daren Sammy National Cricket Stadium, Gros Islet, St Lucia",1,17.4,17.4,West Indies,Ireland,SR Taylor,HK Matthews,L Delany,0,0,,,,,,,,,,,,,
1378191,2023,2023-06-26,"Daren Sammy National Cricket Stadium, Gros Islet, St Lucia",1,17.5,17.5,West Indies,Ireland,SR Taylor,HK Matthews,L Delany,1,0,,,,,,,,,,,,,
1378191,2023,2023-06-26,"Daren Sammy National Cricket Stadium, Gros Islet, St Lucia",1,17.6,17.6,West Indies,Ireland,HK Matthews,SR Taylor,L Delany,1,0,,,,,,,,,,,,,
1378191,2023,2023-06-26,"Daren Sammy National Cricket Stadium, Gros Islet, St Lucia",1,18.1,18.1,West Indies,Ireland,HK Matthews,SR Taylor,L Paul,3,0,,,,,,,,,,,,,
1378191,2023,2023-06-26,"Daren Sammy National Cricket Stadium, Gros Islet, St Lucia",1,18.2,18.2,West Indies,Ireland,SR Taylor,HK Matthews,L Paul,1,0,,,,,,,,,,,,,
1378191,2023,2023-06-26,"Daren Sammy National Cricket Stadium, Gros Islet, St Lucia",1,18.3,18.3,West Indies,Ireland,HK Matthews,SR Taylor,L Paul,0,0,,,,,,,,,,,,,
1378191,2023,2023-06-26,"Daren Sammy National Cricket Stadium, Gros Islet, St Lucia",1,18.4,18.4,West Indies,Ireland,HK Matthews,SR Taylor,L Paul,1,0,,,,,,,,,,,,,
1378191,2023,2023-06-26,"Daren Sammy National Cricket Stadium, Gros Islet, St Lucia",1,18.5,18.5,West Indies,Ireland,SR Taylor,HK Matthews,L Paul,1,0,,,,,,,,,,,,,
1378191,2023,2023-06-26,"Daren Sammy National Cricket Stadium, Gros Islet, St Lucia",1,18.6,18.6,West Indies,Ireland,HK Matthews,SR Taylor,L Paul,1,0,,,,,,,,,,,,,
1378191,2023,2023-06-26,"Daren Sammy National Cricket Stadium, Gros Islet, St Lucia",1,19.1,19.1,West Indies,Ireland,HK Matthews,SR Taylor,L Delany,0,0,,,,,,,,,,,,,
1378191,2023,2023-06-26,"Daren Sammy National Cricket Stadium, Gros Islet, St Lucia",1,19.2,19.2,West Indies,Ireland,HK Matthews,SR Taylor,L Delany,1,0,,,,,,,,,,,,,
1378191,2023,2023-06-26,"Daren Sammy National Cricket Stadium, Gros Islet, St Lucia",1,19.3,19.3,West Indies,Ireland,SR Taylor,HK Matthews,L Delany,1,0,,,,,,,,,,,,,
1378191,2023,2023-06-26,"Daren Sammy National Cricket Stadium, Gros Islet, St Lucia",1,19.4,19.4,West Indies,Ireland,HK Matthews,SR Taylor,L Delany,1,0,,,,,,,,,,,,,
1378191,2023,2023-06-26,"Daren Sammy National Cricket Stadium, Gros Islet, St Lucia",1,19.5,19.5,West Indies,Ireland,SR Taylor,HK Matthews,L Delany,0,0,,,,,,,,,,,,,
1378191,2023,2023-06-26,"Daren Sammy National Cricket Stadium, Gros Islet, St Lucia",1,19.6,19.6,West Indies,Ireland,SR Taylor,HK Matthews,L Delany,0,0,,,,,,,,,,,,,
1378191,2023,2023-06-26,"Daren Sammy National Cricket Stadium, Gros Islet, St Lucia",1,20.1,20.1,West Indies,Ireland,HK Matthews,SR Taylor,C Murray,2,0,,,,,,,,,,,,,
1378191,2023,2023-06-26,"Daren Sammy National Cricket Stadium, Gros Islet, St Lucia",1,20.2,20.2,West Indies,Ireland,HK Matthews,SR Taylor,C Murray,1,0,,,,,,,,,,,,,
1378191,2023,2023-06-26,"Daren Sammy National Cricket Stadium, Gros Islet, St Lucia",1,20.3,20.3,West Indies,Ireland,SR Taylor,HK Matthews,C Murray,0,0,,,,,,,,,,,,,
1378191,2023,2023-06-26,"Daren Sammy National Cricket Stadium, Gros Islet, St Lucia",1,20.4,20.4,West Indies,Ireland,SR Taylor,HK Matthews,C Murray,0,0,,,,,,,,,,,,,
1378191,2023,2023-06-26,"Daren Sammy National Cricket Stadium, Gros Islet, St Lucia",1,20.5,20.5,West Indies,Ireland,SR Taylor,HK Matthews,C Murray,1,0,,,,,,,,,,,,,
1378191,2023,2023-06-26,"Daren Sammy National Cricket Stadium, Gros Islet, St Lucia",1,20.6,20.6,West Indies,Ireland,HK Matthews,SR Taylor,C Murray,1,0,,,,,,,,,,,,,
1378191,2023,2023-06-26,"Daren Sammy National Cricket Stadium, Gros Islet, St Lucia",1,21.1,21.1,West Indies,Ireland,HK Matthews,SR Taylor,L Delany,6,0,,,,,,,,,,,,,
1378191,2023,2023-06-26,"Daren Sammy National Cricket Stadium, Gros Islet, St Lucia",1,21.2,21.2,West Indies,Ireland,HK Matthews,SR Taylor,L Delany,1,0,,,,,,,,,,,,,
1378191,2023,2023-06-26,"Daren Sammy National Cricket Stadium, Gros Islet, St Lucia",1,21.3,21.3,West Indies,Ireland,SR Taylor,HK Matthews,L Delany,1,0,,,,,,,,,,,,,
1378191,2023,2023-06-26,"Daren Sammy National Cricket Stadium, Gros Islet, St Lucia",1,21.4,21.4,West Indies,Ireland,HK Matthews,SR Taylor,L Delany,0,0,,,,,,,,,,,,,
1378191,2023,2023-06-26,"Daren Sammy National Cricket Stadium, Gros Islet, St Lucia",1,21.5,21.5,West Indies,Ireland,HK Matthews,SR Taylor,L Delany,1,0,,,,,,,,,,,,,
1378191,2023,2023-06-26,"Daren Sammy National Cricket Stadium, Gros Islet, St Lucia",1,21.6,21.6,West Indies,Ireland,SR Taylor,HK Matthews,L Delany,1,0,,,,,,,,,,,,,
1378191,2023,2023-06-26,"Daren Sammy National Cricket Stadium, Gros Islet, St Lucia",1,22.1,22.1,West Indies,Ireland,SR Taylor,HK Matthews,C Murray,0,0,,,,,,,,,,,,,
1378191,2023,2023-06-26,"Daren Sammy National Cricket Stadium, Gros Islet, St Lucia",1,22.2,22.2,West Indies,Ireland,SR Taylor,HK Matthews,C Murray,4,0,,,,,,,,,,,,,
1378191,2023,2023-06-26,"Daren Sammy National Cricket Stadium, Gros Islet, St Lucia",1,22.3,22.3,West Indies,Ireland,SR Taylor,HK Matthews,C Murray,1,0,,,,,,,,,,,,,
1378191,2023,2023-06-26,"Daren Sammy National Cricket Stadium, Gros Islet, St Lucia",1,22.4,22.4,West Indies,Ireland,HK Matthews,SR Taylor,C Murray,0,0,,,,,,,,,,,,,
1378191,2023,2023-06-26,"Daren Sammy National Cricket Stadium, Gros Islet, St Lucia",1,22.5,22.5,West Indies,Ireland,HK Matthews,SR Taylor,C Murray,1,0,,,,,,,,,,,,,
1378191,2023,2023-06-26,"Daren Sammy National Cricket Stadium, Gros Islet, St Lucia",1,22.6,22.6,West Indies,Ireland,SR Taylor,HK Matthews,C Murray,2,0,,,,,,,,,,,,,
1378191,2023,2023-06-26,"Daren Sammy National Cricket Stadium, Gros Islet, St Lucia",1,23.1,23.1,West Indies,Ireland,HK Matthews,SR Taylor,S MacMahon,0,0,,,,,,,,,,,,,
1378191,2023,2023-06-26,"Daren Sammy National Cricket Stadium, Gros Islet, St Lucia",1,23.2,23.2,West Indies,Ireland,HK Matthews,SR Taylor,S MacMahon,1,0,,,,,,,,,,,,,
1378191,2023,2023-06-26,"Daren Sammy National Cricket Stadium, Gros Islet, St Lucia",1,23.3,23.3,West Indies,Ireland,SR Taylor,HK Matthews,S MacMahon,1,0,,,,,,,,,,,,,
1378191,2023,2023-06-26,"Daren Sammy National Cricket Stadium, Gros Islet, St Lucia",1,23.4,23.4,West Indies,Ireland,HK Matthews,SR Taylor,S MacMahon,0,0,,,,,,,,,,,,,
1378191,2023,2023-06-26,"Daren Sammy National Cricket Stadium, Gros Islet, St Lucia",1,23.5,23.5,West Indies,Ireland,HK Matthews,SR Taylor,S MacMahon,4,0,,,,,,,,,,,,,
1378191,2023,2023-06-26,"Daren Sammy National Cricket Stadium, Gros Islet, St Lucia",1,23.6,23.6,West Indies,Ireland,HK Matthews,SR Taylor,S MacMahon,1,0,,,,,,,,,,,,,
1378191,2023,2023-06-26,"Daren Sammy National Cricket Stadium, Gros Islet, St Lucia",1,24.1,24.1,West Indies,Ireland,HK Matthews,SR Taylor,C Murray,0,0,,,,,,,,,,,,,
1378191,2023,2023-06-26,"Daren Sammy National Cricket Stadium, Gros Islet, St Lucia",1,24.2,24.2,West Indies,Ireland,HK Matthews,SR Taylor,C Murray,0,0,,,,,,,,,,,,,
1378191,2023,2023-06-26,"Daren Sammy National Cricket Stadium, Gros Islet, St Lucia",1,24.3,24.3,West Indies,Ireland,HK Matthews,SR Taylor,C Murray,4,0,,,,,,,,,,,,,
1378191,2023,2023-06-26,"Daren Sammy National Cricket Stadium, Gros Islet, St Lucia",1,24.4,24.4,West Indies,Ireland,HK Matthews,SR Taylor,C Murray,1,0,,,,,,,,,,,,,
1378191,2023,2023-06-26,"Daren Sammy National Cricket Stadium, Gros Islet, St Lucia",1,24.5,24.5,West Indies,Ireland,SR Taylor,HK Matthews,C Murray,0,0,,,,,,,,,,,,,
1378191,2023,2023-06-26,"Daren Sammy National Cricket Stadium, Gros Islet, St Lucia",1,24.6,24.6,West Indies,Ireland,SR Taylor,HK Matthews,C Murray,0,0,,,,,,,,,,,,,
1378191,2023,2023-06-26,"Daren Sammy National Cricket Stadium, Gros Islet, St Lucia",1,25.1,25.1,West Indies,Ireland,HK Matthews,SR Taylor,AN Kelly,0,0,,,,,,,,,,,,,
1378191,2023,2023-06-26,"Daren Sammy National Cricket Stadium, Gros Islet, St Lucia",1,25.2,25.2,West Indies,Ireland,HK Matthews,SR Taylor,AN Kelly,1,0,,,,,,,,,,,,,
1378191,2023,2023-06-26,"Daren Sammy National Cricket Stadium, Gros Islet, St Lucia",1,25.3,25.3,West Indies,Ireland,SR Taylor,HK Matthews,AN Kelly,1,0,,,,,,,,,,,,,
1378191,2023,2023-06-26,"Daren Sammy National Cricket Stadium, Gros Islet, St Lucia",1,25.4,25.4,West Indies,Ireland,HK Matthews,SR Taylor,AN Kelly,0,0,,,,,,,,,,,,,
1378191,2023,2023-06-26,"Daren Sammy National Cricket Stadium, Gros Islet, St Lucia",1,25.5,25.5,West Indies,Ireland,HK Matthews,SR Taylor,AN Kelly,1,0,,,,,,,,,,,,,
1378191,2023,2023-06-26,"Daren Sammy National Cricket Stadium, Gros Islet, St Lucia",1,25.6,25.6,West Indies,Ireland,SR Taylor,HK Matthews,AN Kelly,1,0,,,,,,,,,,,,,
1378191,2023,2023-06-26,"Daren Sammy National Cricket Stadium, Gros Islet, St Lucia",1,26.1,26.1,West Indies,Ireland,SR Taylor,HK Matthews,C Murray,0,0,,,,,,,,,,,,,
1378191,2023,2023-06-26,"Daren Sammy National Cricket Stadium, Gros Islet, St Lucia",1,26.2,26.2,West Indies,Ireland,SR Taylor,HK Matthews,C Murray,0,0,,,,,,,,,,,,,
1378191,2023,2023-06-26,"Daren Sammy National Cricket Stadium, Gros Islet, St Lucia",1,26.3,26.3,West Indies,Ireland,SR Taylor,HK Matthews,C Murray,0,0,,,,,,,,,,,,,
1378191,2023,2023-06-26,"Daren Sammy National Cricket Stadium, Gros Islet, St Lucia",1,26.4,26.4,West Indies,Ireland,SR Taylor,HK Matthews,C Murray,1,0,,,,,,,,,,,,,
1378191,2023,2023-06-26,"Daren Sammy National Cricket Stadium, Gros Islet, St Lucia",1,26.5,26.5,West Indies,Ireland,HK Matthews,SR Taylor,C Murray,0,0,,,,,,,,,,,,,
1378191,2023,2023-06-26,"Daren Sammy National Cricket Stadium, Gros Islet, St Lucia",1,26.6,26.6,West Indies,Ireland,HK Matthews,SR Taylor,C Murray,1,0,,,,,,,,,,,,,
1378191,2023,2023-06-26,"Daren Sammy National Cricket Stadium, Gros Islet, St Lucia",1,27.1,27.1,West Indies,Ireland,HK Matthews,SR Taylor,AN Kelly,4,0,,,,,,,,,,,,,
1378191,2023,2023-06-26,"Daren Sammy National Cricket Stadium, Gros Islet, St Lucia",1,27.2,27.2,West Indies,Ireland,HK Matthews,SR Taylor,AN Kelly,4,0,,,,,,,,,,,,,
1378191,2023,2023-06-26,"Daren Sammy National Cricket Stadium, Gros Islet, St Lucia",1,27.3,27.3,West Indies,Ireland,HK Matthews,SR Taylor,AN Kelly,0,0,,,,,,,,,,,,,
1378191,2023,2023-06-26,"Daren Sammy National Cricket Stadium, Gros Islet, St Lucia",1,27.4,27.4,West Indies,Ireland,HK Matthews,SR Taylor,AN Kelly,0,0,,,,,,,,,,,,,
1378191,2023,2023-06-26,"Daren Sammy National Cricket Stadium, Gros Islet, St Lucia",1,27.5,27.5,West Indies,Ireland,HK Matthews,SR Taylor,AN Kelly,0,0,,,,,,,,,,,,,
1378191,2023,2023-06-26,"Daren Sammy National Cricket Stadium, Gros Islet, St Lucia",1,27.6,27.6,West Indies,Ireland,HK Matthews,SR Taylor,AN Kelly,1,0,,,,,,,,,,,,,
1378191,2023,2023-06-26,"Daren Sammy National Cricket Stadium, Gros Islet, St Lucia",1,28.1,28.1,West Indies,Ireland,HK Matthews,SR Taylor,C Murray,1,0,,,,,,,,,,,,,
1378191,2023,2023-06-26,"Daren Sammy National Cricket Stadium, Gros Islet, St Lucia",1,28.2,28.2,West Indies,Ireland,SR Taylor,HK Matthews,C Murray,1,0,,,,,,,,,,,,,
1378191,2023,2023-06-26,"Daren Sammy National Cricket Stadium, Gros Islet, St Lucia",1,28.3,28.3,West Indies,Ireland,HK Matthews,SR Taylor,C Murray,1,0,,,,,,,,,,,,,
1378191,2023,2023-06-26,"Daren Sammy National Cricket Stadium, Gros Islet, St Lucia",1,28.4,28.4,West Indies,Ireland,SR Taylor,HK Matthews,C Murray,0,0,,,,,,,,,,,,,
1378191,2023,2023-06-26,"Daren Sammy National Cricket Stadium, Gros Islet, St Lucia",1,28.5,28.5,West Indies,Ireland,SR Taylor,HK Matthews,C Murray,1,0,,,,,,,,,,,,,
1378191,2023,2023-06-26,"Daren Sammy National Cricket Stadium, Gros Islet, St Lucia",1,28.6,28.6,West Indies,Ireland,HK Matthews,SR Taylor,C Murray,0,0,,,,,,,,,,,,,
1378191,2023,2023-06-26,"Daren Sammy National Cricket Stadium, Gros Islet, St Lucia",1,29.1,29.1,West Indies,Ireland,SR Taylor,HK Matthews,AN Kelly,0,0,,,,,,,,,,,,,
1378191,2023,2023-06-26,"Daren Sammy National Cricket Stadium, Gros Islet, St Lucia",1,29.2,29.2,West Indies,Ireland,SR Taylor,HK Matthews,AN Kelly,2,0,,,,,,,,,,,,,
1378191,2023,2023-06-26,"Daren Sammy National Cricket Stadium, Gros Islet, St Lucia",1,29.3,29.3,West Indies,Ireland,SR Taylor,HK Matthews,AN Kelly,1,0,,,,,,,,,,,,,
1378191,2023,2023-06-26,"Daren Sammy National Cricket Stadium, Gros Islet, St Lucia",1,29.4,29.4,West Indies,Ireland,HK Matthews,SR Taylor,AN Kelly,0,0,,,,,,,,,,,,,
1378191,2023,2023-06-26,"Daren Sammy National Cricket Stadium, Gros Islet, St Lucia",1,29.5,29.5,West Indies,Ireland,HK Matthews,SR Taylor,AN Kelly,1,0,,,,,,,,,,,,,
1378191,2023,2023-06-26,"Daren Sammy National Cricket Stadium, Gros Islet, St Lucia",1,29.6,29.6,West Indies,Ireland,SR Taylor,HK Matthews,AN Kelly,0,0,,,,,,,,,,,,,
1378191,2023,2023-06-26,"Daren Sammy National Cricket Stadium, Gros Islet, St Lucia",1,30.1,30.1,West Indies,Ireland,HK Matthews,SR Taylor,EAJ Richardson,0,0,,,,,,,,,,,,,
1378191,2023,2023-06-26,"Daren Sammy National Cricket Stadium, Gros Islet, St Lucia",1,30.2,30.2,West Indies,Ireland,HK Matthews,SR Taylor,EAJ Richardson,6,0,,,,,,,,,,,,,
1378191,2023,2023-06-26,"Daren Sammy National Cricket Stadium, Gros Islet, St Lucia",1,30.3,30.3,West Indies,Ireland,HK Matthews,SR Taylor,EAJ Richardson,1,0,,,,,,,,,,,,,
1378191,2023,2023-06-26,"Daren Sammy National Cricket Stadium, Gros Islet, St Lucia",1,30.4,30.4,West Indies,Ireland,SR Taylor,HK Matthews,EAJ Richardson,0,1,,1,,,,,,,,,,,
1378191,2023,2023-06-26,"Daren Sammy National Cricket Stadium, Gros Islet, St Lucia",1,30.5,30.4,West Indies,Ireland,SR Taylor,HK Matthews,EAJ Richardson,1,0,,,,,,,,,,,,,
1378191,2023,2023-06-26,"Daren Sammy National Cricket Stadium, Gros Islet, St Lucia",1,30.6,30.5,West Indies,Ireland,HK Matthews,SR Taylor,EAJ Richardson,0,1,,1,,,,,,,,,,,
1378191,2023,2023-06-26,"Daren Sammy National Cricket Stadium, Gros Islet, St Lucia",1,30.7,30.5,West Indies,Ireland,HK Matthews,SR Taylor,EAJ Richardson,0,1,1,,,,,,,,,,,,
1378191,2023,2023-06-26,"Daren Sammy National Cricket Stadium, Gros Islet, St Lucia",1,30.8,30.5,West Indies,Ireland,HK Matthews,SR Taylor,EAJ Richardson,1,0,,,,,,,,,,,,,
1378191,2023,2023-06-26,"Daren Sammy National Cricket Stadium, Gros Islet, St Lucia",1,30.9,30.6,West Indies,Ireland,SR Taylor,HK Matthews,EAJ Richardson,0,1,1,,,,,,,,,,,,
1378191,2023,2023-06-26,"Daren Sammy National Cricket Stadium, Gros Islet, St Lucia",1,30.10,30.6,West Indies,Ireland,SR Taylor,HK Matthews,EAJ Richardson,4,0,,,,,,,,,,,,,
1378191,2023,2023-06-26,"Daren Sammy National Cricket Stadium, Gros Islet, St Lucia",1,31.1,31.1,West Indies,Ireland,HK Matthews,SR Taylor,O Prendergast,1,0,,,,,,,,,,,,,
1378191,2023,2023-06-26,"Daren Sammy National Cricket Stadium, Gros Islet, St Lucia",1,31.2,31.2,West Indies,Ireland,SR Taylor,HK Matthews,O Prendergast,0,0,,,,,,,,,,,,,
1378191,2023,2023-06-26,"Daren Sammy National Cricket Stadium, Gros Islet, St Lucia",1,31.3,31.3,West Indies,Ireland,SR Taylor,HK Matthews,O Prendergast,0,0,,,,,,,,,,,,,
1378191,2023,2023-06-26,"Daren Sammy National Cricket Stadium, Gros Islet, St Lucia",1,31.4,31.4,West Indies,Ireland,SR Taylor,HK Matthews,O Prendergast,2,0,,,,,,,,,,,,,
1378191,2023,2023-06-26,"Daren Sammy National Cricket Stadium, Gros Islet, St Lucia",1,31.5,31.5,West Indies,Ireland,SR Taylor,HK Matthews,O Prendergast,0,0,,,,,,,,,,,,,
1378191,2023,2023-06-26,"Daren Sammy National Cricket Stadium, Gros Islet, St Lucia",1,31.6,31.6,West Indies,Ireland,SR Taylor,HK Matthews,O Prendergast,0,0,,,,,,,,,,,,,
1378191,2023,2023-06-26,"Daren Sammy National Cricket Stadium, Gros Islet, St Lucia",1,32.1,32.1,West Indies,Ireland,HK Matthews,SR Taylor,L Paul,1,0,,,,,,,,,,,,,
1378191,2023,2023-06-26,"Daren Sammy National Cricket Stadium, Gros Islet, St Lucia",1,32.2,32.2,West Indies,Ireland,SR Taylor,HK Matthews,L Paul,2,0,,,,,,,,,,,,,
1378191,2023,2023-06-26,"Daren Sammy National Cricket Stadium, Gros Islet, St Lucia",1,32.3,32.3,West Indies,Ireland,SR Taylor,HK Matthews,L Paul,1,1,,1,,,,,,,,,,,
1378191,2023,2023-06-26,"Daren Sammy National Cricket Stadium, Gros Islet, St Lucia",1,32.4,32.3,West Indies,Ireland,HK Matthews,SR Taylor,L Paul,0,0,,,,,,,,,,,,,
1378191,2023,2023-06-26,"Daren Sammy National Cricket Stadium, Gros Islet, St Lucia",1,32.5,32.4,West Indies,Ireland,HK Matthews,SR Taylor,L Paul,1,0,,,,,,,,,,,,,
1378191,2023,2023-06-26,"Daren Sammy National Cricket Stadium, Gros Islet, St Lucia",1,32.6,32.5,West Indies,Ireland,SR Taylor,HK Matthews,L Paul,0,0,,,,,,,,,,,,,
1378191,2023,2023-06-26,"Daren Sammy National Cricket Stadium, Gros Islet, St Lucia",1,32.7,32.6,West Indies,Ireland,SR Taylor,HK Matthews,L Paul,1,0,,,,,,,,,,,,,
1378191,2023,2023-06-26,"Daren Sammy National Cricket Stadium, Gros Islet, St Lucia",1,33.1,33.1,West Indies,Ireland,SR Taylor,HK Matthews,A Canning,2,0,,,,,,,,,,,,,
1378191,2023,2023-06-26,"Daren Sammy National Cricket Stadium, Gros Islet, St Lucia",1,33.2,33.2,West Indies,Ireland,SR Taylor,HK Matthews,A Canning,0,0,,,,,,,,,,,,,
1378191,2023,2023-06-26,"Daren Sammy National Cricket Stadium, Gros Islet, St Lucia",1,33.3,33.3,West Indies,Ireland,SR Taylor,HK Matthews,A Canning,1,0,,,,,,,,,,,,,
1378191,2023,2023-06-26,"Daren Sammy National Cricket Stadium, Gros Islet, St Lucia",1,33.4,33.4,West Indies,Ireland,HK Matthews,SR Taylor,A Canning,2,0,,,,,,,,,,,,,
1378191,2023,2023-06-26,"Daren Sammy National Cricket Stadium, Gros Islet, St Lucia",1,33.5,33.5,West Indies,Ireland,HK Matthews,SR Taylor,A Canning,0,0,,,,,,,,,,,,,
1378191,2023,2023-06-26,"Daren Sammy National Cricket Stadium, Gros Islet, St Lucia",1,33.6,33.6,West Indies,Ireland,HK Matthews,SR Taylor,A Canning,1,0,,,,,,,,,,,,,
1378191,2023,2023-06-26,"Daren Sammy National Cricket Stadium, Gros Islet, St Lucia",1,34.1,34.1,West Indies,Ireland,HK Matthews,SR Taylor,C Murray,4,0,,,,,,,,,,,,,
1378191,2023,2023-06-26,"Daren Sammy National Cricket Stadium, Gros Islet, St Lucia",1,34.2,34.2,West Indies,Ireland,HK Matthews,SR Taylor,C Murray,0,0,,,,,,,,,,,,,
1378191,2023,2023-06-26,"Daren Sammy National Cricket Stadium, Gros Islet, St Lucia",1,34.3,34.3,West Indies,Ireland,HK Matthews,SR Taylor,C Murray,1,0,,,,,,,,,,,,,
1378191,2023,2023-06-26,"Daren Sammy National Cricket Stadium, Gros Islet, St Lucia",1,34.4,34.4,West Indies,Ireland,SR Taylor,HK Matthews,C Murray,0,0,,,,,,,caught,SR Taylor,,,A Canning,,
1378191,2023,2023-06-26,"Daren Sammy National Cricket Stadium, Gros Islet, St Lucia",1,34.5,34.5,West Indies,Ireland,RS Williams,HK Matthews,C Murray,2,0,,,,,,,,,,,,,
1378191,2023,2023-06-26,"Daren Sammy National Cricket Stadium, Gros Islet, St Lucia",1,34.6,34.6,West Indies,Ireland,RS Williams,HK Matthews,C Murray,0,0,,,,,,,,,,,,,
1378191,2023,2023-06-26,"Daren Sammy National Cricket Stadium, Gros Islet, St Lucia",1,35.1,35.1,West Indies,Ireland,HK Matthews,RS Williams,A Canning,0,0,,,,,,,,,,,,,
1378191,2023,2023-06-26,"Daren Sammy National Cricket Stadium, Gros Islet, St Lucia",1,35.2,35.2,West Indies,Ireland,HK Matthews,RS Williams,A Canning,0,0,,,,,,,caught,HK Matthews,,,GH Lewis,,
1378191,2023,2023-06-26,"Daren Sammy National Cricket Stadium, Gros Islet, St Lucia",1,35.3,35.3,West Indies,Ireland,SA Campbelle,RS Williams,A Canning,2,0,,,,,,,,,,,,,
1378191,2023,2023-06-26,"Daren Sammy National Cricket Stadium, Gros Islet, St Lucia",1,35.4,35.4,West Indies,Ireland,SA Campbelle,RS Williams,A Canning,1,0,,,,,,,,,,,,,
1378191,2023,2023-06-26,"Daren Sammy National Cricket Stadium, Gros Islet, St Lucia",1,35.5,35.5,West Indies,Ireland,RS Williams,SA Campbelle,A Canning,0,0,,,,,,,,,,,,,
1378191,2023,2023-06-26,"Daren Sammy National Cricket Stadium, Gros Islet, St Lucia",1,35.6,35.6,West Indies,Ireland,RS Williams,SA Campbelle,A Canning,1,0,,,,,,,,,,,,,
1378191,2023,2023-06-26,"Daren Sammy National Cricket Stadium, Gros Islet, St Lucia",1,36.1,36.1,West Indies,Ireland,RS Williams,SA Campbelle,C Murray,0,0,,,,,,,lbw,RS Williams,,,,,
1378191,2023,2023-06-26,"Daren Sammy National Cricket Stadium, Gros Islet, St Lucia",1,36.2,36.2,West Indies,Ireland,CA Henry,SA Campbelle,C Murray,1,0,,,,,,,,,,,,,
1378191,2023,2023-06-26,"Daren Sammy National Cricket Stadium, Gros Islet, St Lucia",1,36.3,36.3,West Indies,Ireland,SA Campbelle,CA Henry,C Murray,2,0,,,,,,,,,,,,,
1378191,2023,2023-06-26,"Daren Sammy National Cricket Stadium, Gros Islet, St Lucia",1,36.4,36.4,West Indies,Ireland,SA Campbelle,CA Henry,C Murray,0,0,,,,,,,,,,,,,
1378191,2023,2023-06-26,"Daren Sammy National Cricket Stadium, Gros Islet, St Lucia",1,36.5,36.5,West Indies,Ireland,SA Campbelle,CA Henry,C Murray,1,0,,,,,,,,,,,,,
1378191,2023,2023-06-26,"Daren Sammy National Cricket Stadium, Gros Islet, St Lucia",1,36.6,36.6,West Indies,Ireland,CA Henry,SA Campbelle,C Murray,2,0,,,,,,,,,,,,,
1378191,2023,2023-06-26,"Daren Sammy National Cricket Stadium, Gros Islet, St Lucia",1,37.1,37.1,West Indies,Ireland,SA Campbelle,CA Henry,A Canning,0,0,,,,,,,,,,,,,
1378191,2023,2023-06-26,"Daren Sammy National Cricket Stadium, Gros Islet, St Lucia",1,37.2,37.2,West Indies,Ireland,SA Campbelle,CA Henry,A Canning,1,0,,,,,,,,,,,,,
1378191,2023,2023-06-26,"Daren Sammy National Cricket Stadium, Gros Islet, St Lucia",1,37.3,37.3,West Indies,Ireland,CA Henry,SA Campbelle,A Canning,1,0,,,,,,,,,,,,,
1378191,2023,2023-06-26,"Daren Sammy National Cricket Stadium, Gros Islet, St Lucia",1,37.4,37.4,West Indies,Ireland,SA Campbelle,CA Henry,A Canning,2,0,,,,,,,,,,,,,
1378191,2023,2023-06-26,"Daren Sammy National Cricket Stadium, Gros Islet, St Lucia",1,37.5,37.5,West Indies,Ireland,SA Campbelle,CA Henry,A Canning,0,0,,,,,,,,,,,,,
1378191,2023,2023-06-26,"Daren Sammy National Cricket Stadium, Gros Islet, St Lucia",1,37.6,37.6,West Indies,Ireland,SA Campbelle,CA Henry,A Canning,1,0,,,,,,,,,,,,,
1378191,2023,2023-06-26,"Daren Sammy National Cricket Stadium, Gros Islet, St Lucia",1,38.1,38.1,West Indies,Ireland,SA Campbelle,CA Henry,C Murray,2,0,,,,,,,,,,,,,
1378191,2023,2023-06-26,"Daren Sammy National Cricket Stadium, Gros Islet, St Lucia",1,38.2,38.2,West Indies,Ireland,SA Campbelle,CA Henry,C Murray,0,0,,,,,,,,,,,,,
1378191,2023,2023-06-26,"Daren Sammy National Cricket Stadium, Gros Islet, St Lucia",1,38.3,38.3,West Indies,Ireland,SA Campbelle,CA Henry,C Murray,1,0,,,,,,,,,,,,,
1378191,2023,2023-06-26,"Daren Sammy National Cricket Stadium, Gros Islet, St Lucia",1,38.4,38.4,West Indies,Ireland,CA Henry,SA Campbelle,C Murray,1,0,,,,,,,,,,,,,
1378191,2023,2023-06-26,"Daren Sammy National Cricket Stadium, Gros Islet, St Lucia",1,38.5,38.5,West Indies,Ireland,SA Campbelle,CA Henry,C Murray,0,0,,,,,,,,,,,,,
1378191,2023,2023-06-26,"Daren Sammy National Cricket Stadium, Gros Islet, St Lucia",1,38.6,38.6,West Indies,Ireland,SA Campbelle,CA Henry,C Murray,2,0,,,,,,,,,,,,,
1378191,2023,2023-06-26,"Daren Sammy National Cricket Stadium, Gros Islet, St Lucia",1,39.1,39.1,West Indies,Ireland,CA Henry,SA Campbelle,A Canning,4,0,,,,,,,,,,,,,
1378191,2023,2023-06-26,"Daren Sammy National Cricket Stadium, Gros Islet, St Lucia",1,39.2,39.2,West Indies,Ireland,CA Henry,SA Campbelle,A Canning,1,0,,,,,,,,,,,,,
1378191,2023,2023-06-26,"Daren Sammy National Cricket Stadium, Gros Islet, St Lucia",1,39.3,39.3,West Indies,Ireland,SA Campbelle,CA Henry,A Canning,0,0,,,,,,,,,,,,,
1378191,2023,2023-06-26,"Daren Sammy National Cricket Stadium, Gros Islet, St Lucia",1,39.4,39.4,West Indies,Ireland,SA Campbelle,CA Henry,A Canning,0,1,1,,,,,,,,,,,,
1378191,2023,2023-06-26,"Daren Sammy National Cricket Stadium, Gros Islet, St Lucia",1,39.5,39.4,West Indies,Ireland,SA Campbelle,CA Henry,A Canning,0,0,,,,,,,,,,,,,
1378191,2023,2023-06-26,"Daren Sammy National Cricket Stadium, Gros Islet, St Lucia",1,39.6,39.5,West Indies,Ireland,SA Campbelle,CA Henry,A Canning,0,0,,,,,,,,,,,,,
1378191,2023,2023-06-26,"Daren Sammy National Cricket Stadium, Gros Islet, St Lucia",1,39.7,39.6,West Indies,Ireland,SA Campbelle,CA Henry,A Canning,0,0,,,,,,,,,,,,,
1378191,2023,2023-06-26,"Daren Sammy National Cricket Stadium, Gros Islet, St Lucia",1,40.1,40.1,West Indies,Ireland,CA Henry,SA Campbelle,C Murray,2,0,,,,,,,,,,,,,
1378191,2023,2023-06-26,"Daren Sammy National Cricket Stadium, Gros Islet, St Lucia",1,40.2,40.2,West Indies,Ireland,CA Henry,SA Campbelle,C Murray,0,0,,,,,,,,,,,,,
1378191,2023,2023-06-26,"Daren Sammy National Cricket Stadium, Gros Islet, St Lucia",1,40.3,40.3,West Indies,Ireland,CA Henry,SA Campbelle,C Murray,1,0,,,,,,,,,,,,,
1378191,2023,2023-06-26,"Daren Sammy National Cricket Stadium, Gros Islet, St Lucia",1,40.4,40.4,West Indies,Ireland,SA Campbelle,CA Henry,C Murray,2,0,,,,,,,,,,,,,
1378191,2023,2023-06-26,"Daren Sammy National Cricket Stadium, Gros Islet, St Lucia",1,40.5,40.5,West Indies,Ireland,SA Campbelle,CA Henry,C Murray,0,0,,,,,,,,,,,,,
1378191,2023,2023-06-26,"Daren Sammy National Cricket Stadium, Gros Islet, St Lucia",1,40.6,40.6,West Indies,Ireland,SA Campbelle,CA Henry,C Murray,1,0,,,,,,,,,,,,,
1378191,2023,2023-06-26,"Daren Sammy National Cricket Stadium, Gros Islet, St Lucia",1,41.1,41.1,West Indies,Ireland,SA Campbelle,CA Henry,L Delany,0,0,,,,,,,,,,,,,
1378191,2023,2023-06-26,"Daren Sammy National Cricket Stadium, Gros Islet, St Lucia",1,41.2,41.2,West Indies,Ireland,SA Campbelle,CA Henry,L Delany,1,0,,,,,,,,,,,,,
1378191,2023,2023-06-26,"Daren Sammy National Cricket Stadium, Gros Islet, St Lucia",1,41.3,41.3,West Indies,Ireland,CA Henry,SA Campbelle,L Delany,1,0,,,,,,,,,,,,,
1378191,2023,2023-06-26,"Daren Sammy National Cricket Stadium, Gros Islet, St Lucia",1,41.4,41.4,West Indies,Ireland,SA Campbelle,CA Henry,L Delany,1,0,,,,,,,,,,,,,
1378191,2023,2023-06-26,"Daren Sammy National Cricket Stadium, Gros Islet, St Lucia",1,41.5,41.5,West Indies,Ireland,CA Henry,SA Campbelle,L Delany,0,0,,,,,,,,,,,,,
1378191,2023,2023-06-26,"Daren Sammy National Cricket Stadium, Gros Islet, St Lucia",1,41.6,41.6,West Indies,Ireland,CA Henry,SA Campbelle,L Delany,1,0,,,,,,,,,,,,,
1378191,2023,2023-06-26,"Daren Sammy National Cricket Stadium, Gros Islet, St Lucia",1,42.1,42.1,West Indies,Ireland,CA Henry,SA Campbelle,C Murray,4,0,,,,,,,,,,,,,
1378191,2023,2023-06-26,"Daren Sammy National Cricket Stadium, Gros Islet, St Lucia",1,42.2,42.2,West Indies,Ireland,CA Henry,SA Campbelle,C Murray,1,0,,,,,,,,,,,,,
1378191,2023,2023-06-26,"Daren Sammy National Cricket Stadium, Gros Islet, St Lucia",1,42.3,42.3,West Indies,Ireland,SA Campbelle,CA Henry,C Murray,4,0,,,,,,,,,,,,,
1378191,2023,2023-06-26,"Daren Sammy National Cricket Stadium, Gros Islet, St Lucia",1,42.4,42.4,West Indies,Ireland,SA Campbelle,CA Henry,C Murray,0,0,,,,,,,caught,SA Campbelle,,,L Delany,,
1378191,2023,2023-06-26,"Daren Sammy National Cricket Stadium, Gros Islet, St Lucia",1,42.5,42.5,West Indies,Ireland,AA Alleyne,CA Henry,C Murray,1,0,,,,,,,,,,,,,
1378191,2023,2023-06-26,"Daren Sammy National Cricket Stadium, Gros Islet, St Lucia",1,42.6,42.6,West Indies,Ireland,CA Henry,AA Alleyne,C Murray,1,0,,,,,,,,,,,,,
1378191,2023,2023-06-26,"Daren Sammy National Cricket Stadium, Gros Islet, St Lucia",1,43.1,43.1,West Indies,Ireland,CA Henry,AA Alleyne,L Delany,0,0,,,,,,,,,,,,,
1378191,2023,2023-06-26,"Daren Sammy National Cricket Stadium, Gros Islet, St Lucia",1,43.2,43.2,West Indies,Ireland,CA Henry,AA Alleyne,L Delany,1,0,,,,,,,,,,,,,
1378191,2023,2023-06-26,"Daren Sammy National Cricket Stadium, Gros Islet, St Lucia",1,43.3,43.3,West Indies,Ireland,AA Alleyne,CA Henry,L Delany,1,0,,,,,,,,,,,,,
1378191,2023,2023-06-26,"Daren Sammy National Cricket Stadium, Gros Islet, St Lucia",1,43.4,43.4,West Indies,Ireland,CA Henry,AA Alleyne,L Delany,1,0,,,,,,,,,,,,,
1378191,2023,2023-06-26,"Daren Sammy National Cricket Stadium, Gros Islet, St Lucia",1,43.5,43.5,West Indies,Ireland,AA Alleyne,CA Henry,L Delany,4,0,,,,,,,,,,,,,
1378191,2023,2023-06-26,"Daren Sammy National Cricket Stadium, Gros Islet, St Lucia",1,43.6,43.6,West Indies,Ireland,AA Alleyne,CA Henry,L Delany,0,0,,,,,,,,,,,,,
1378191,2023,2023-06-26,"Daren Sammy National Cricket Stadium, Gros Islet, St Lucia",1,44.1,44.1,West Indies,Ireland,CA Henry,AA Alleyne,AN Kelly,4,0,,,,,,,,,,,,,
1378191,2023,2023-06-26,"Daren Sammy National Cricket Stadium, Gros Islet, St Lucia",1,44.2,44.2,West Indies,Ireland,CA Henry,AA Alleyne,AN Kelly,2,0,,,,,,,,,,,,,
1378191,2023,2023-06-26,"Daren Sammy National Cricket Stadium, Gros Islet, St Lucia",1,44.3,44.3,West Indies,Ireland,CA Henry,AA Alleyne,AN Kelly,0,1,1,,,,,,,,,,,,
1378191,2023,2023-06-26,"Daren Sammy National Cricket Stadium, Gros Islet, St Lucia",1,44.4,44.3,West Indies,Ireland,CA Henry,AA Alleyne,AN Kelly,0,0,,,,,,,,,,,,,
1378191,2023,2023-06-26,"Daren Sammy National Cricket Stadium, Gros Islet, St Lucia",1,44.5,44.4,West Indies,Ireland,CA Henry,AA Alleyne,AN Kelly,4,0,,,,,,,,,,,,,
1378191,2023,2023-06-26,"Daren Sammy National Cricket Stadium, Gros Islet, St Lucia",1,44.6,44.5,West Indies,Ireland,CA Henry,AA Alleyne,AN Kelly,1,0,,,,,,,,,,,,,
1378191,2023,2023-06-26,"Daren Sammy National Cricket Stadium, Gros Islet, St Lucia",1,44.7,44.6,West Indies,Ireland,AA Alleyne,CA Henry,AN Kelly,0,0,,,,,,,,,,,,,
1378191,2023,2023-06-26,"Daren Sammy National Cricket Stadium, Gros Islet, St Lucia",1,45.1,45.1,West Indies,Ireland,CA Henry,AA Alleyne,L Delany,1,0,,,,,,,,,,,,,
1378191,2023,2023-06-26,"Daren Sammy National Cricket Stadium, Gros Islet, St Lucia",1,45.2,45.2,West Indies,Ireland,AA Alleyne,CA Henry,L Delany,0,0,,,,,,,,,,,,,
1378191,2023,2023-06-26,"Daren Sammy National Cricket Stadium, Gros Islet, St Lucia",1,45.3,45.3,West Indies,Ireland,AA Alleyne,CA Henry,L Delany,1,0,,,,,,,,,,,,,
1378191,2023,2023-06-26,"Daren Sammy National Cricket Stadium, Gros Islet, St Lucia",1,45.4,45.4,West Indies,Ireland,CA Henry,AA Alleyne,L Delany,4,0,,,,,,,,,,,,,
1378191,2023,2023-06-26,"Daren Sammy National Cricket Stadium, Gros Islet, St Lucia",1,45.5,45.5,West Indies,Ireland,CA Henry,AA Alleyne,L Delany,1,0,,,,,,,,,,,,,
1378191,2023,2023-06-26,"Daren Sammy National Cricket Stadium, Gros Islet, St Lucia",1,45.6,45.6,West Indies,Ireland,AA Alleyne,CA Henry,L Delany,0,0,,,,,,,,,,,,,
1378191,2023,2023-06-26,"Daren Sammy National Cricket Stadium, Gros Islet, St Lucia",1,46.1,46.1,West Indies,Ireland,CA Henry,AA Alleyne,AN Kelly,0,0,,,,,,,,,,,,,
1378191,2023,2023-06-26,"Daren Sammy National Cricket Stadium, Gros Islet, St Lucia",1,46.2,46.2,West Indies,Ireland,CA Henry,AA Alleyne,AN Kelly,0,0,,,,,,,,,,,,,
1378191,2023,2023-06-26,"Daren Sammy National Cricket Stadium, Gros Islet, St Lucia",1,46.3,46.3,West Indies,Ireland,CA Henry,AA Alleyne,AN Kelly,1,0,,,,,,,,,,,,,
1378191,2023,2023-06-26,"Daren Sammy National Cricket Stadium, Gros Islet, St Lucia",1,46.4,46.4,West Indies,Ireland,AA Alleyne,CA Henry,AN Kelly,0,0,,,,,,,,,,,,,
1378191,2023,2023-06-26,"Daren Sammy National Cricket Stadium, Gros Islet, St Lucia",1,46.5,46.5,West Indies,Ireland,AA Alleyne,CA Henry,AN Kelly,0,0,,,,,,,,,,,,,
1378191,2023,2023-06-26,"Daren Sammy National Cricket Stadium, Gros Islet, St Lucia",1,46.6,46.6,West Indies,Ireland,AA Alleyne,CA Henry,AN Kelly,0,2,,,,2,,,,,,,,,
1378191,2023,2023-06-26,"Daren Sammy National Cricket Stadium, Gros Islet, St Lucia",1,47.1,47.1,West Indies,Ireland,CA Henry,AA Alleyne,O Prendergast,4,0,,,,,,,,,,,,,
1378191,2023,2023-06-26,"Daren Sammy National Cricket Stadium, Gros Islet, St Lucia",1,47.2,47.2,West Indies,Ireland,CA Henry,AA Alleyne,O Prendergast,0,0,,,,,,,,,,,,,
1378191,2023,2023-06-26,"Daren Sammy National Cricket Stadium, Gros Islet, St Lucia",1,47.3,47.3,West Indies,Ireland,CA Henry,AA Alleyne,O Prendergast,0,0,,,,,,,,,,,,,
1378191,2023,2023-06-26,"Daren Sammy National Cricket Stadium, Gros Islet, St Lucia",1,47.4,47.4,West Indies,Ireland,CA Henry,AA Alleyne,O Prendergast,1,0,,,,,,,,,,,,,
1378191,2023,2023-06-26,"Daren Sammy National Cricket Stadium, Gros Islet, St Lucia",1,47.5,47.5,West Indies,Ireland,AA Alleyne,CA Henry,O Prendergast,0,0,,,,,,,,,,,,,
1378191,2023,2023-06-26,"Daren Sammy National Cricket Stadium, Gros Islet, St Lucia",1,47.6,47.6,West Indies,Ireland,AA Alleyne,CA Henry,O Prendergast,4,0,,,,,,,,,,,,,
1378191,2023,2023-06-26,"Daren Sammy National Cricket Stadium, Gros Islet, St Lucia",1,48.1,48.1,West Indies,Ireland,CA Henry,AA Alleyne,AN Kelly,1,0,,,,,,,,,,,,,
1378191,2023,2023-06-26,"Daren Sammy National Cricket Stadium, Gros Islet, St Lucia",1,48.2,48.2,West Indies,Ireland,AA Alleyne,CA Henry,AN Kelly,4,0,,,,,,,,,,,,,
1378191,2023,2023-06-26,"Daren Sammy National Cricket Stadium, Gros Islet, St Lucia",1,48.3,48.3,West Indies,Ireland,AA Alleyne,CA Henry,AN Kelly,0,0,,,,,,,caught,AA Alleyne,,,C Murray,,
1378191,2023,2023-06-26,"Daren Sammy National Cricket Stadium, Gros Islet, St Lucia",1,48.4,48.4,West Indies,Ireland,ASS Fletcher,CA Henry,AN Kelly,0,0,,,,,,,,,,,,,
1378191,2023,2023-06-26,"Daren Sammy National Cricket Stadium, Gros Islet, St Lucia",1,48.5,48.5,West Indies,Ireland,ASS Fletcher,CA Henry,AN Kelly,1,0,,,,,,,,,,,,,
1378191,2023,2023-06-26,"Daren Sammy National Cricket Stadium, Gros Islet, St Lucia",1,48.6,48.6,West Indies,Ireland,CA Henry,ASS Fletcher,AN Kelly,1,0,,,,,,,,,,,,,
1378191,2023,2023-06-26,"Daren Sammy National Cricket Stadium, Gros Islet, St Lucia",1,49.1,49.1,West Indies,Ireland,CA Henry,ASS Fletcher,O Prendergast,4,0,,,,,,,,,,,,,
1378191,2023,2023-06-26,"Daren Sammy National Cricket Stadium, Gros Islet, St Lucia",1,49.2,49.2,West Indies,Ireland,CA Henry,ASS Fletcher,O Prendergast,1,0,,,,,,,,,,,,,
1378191,2023,2023-06-26,"Daren Sammy National Cricket Stadium, Gros Islet, St Lucia",1,49.3,49.3,West Indies,Ireland,ASS Fletcher,CA Henry,O Prendergast,0,0,,,,,,,,,,,,,
1378191,2023,2023-06-26,"Daren Sammy National Cricket Stadium, Gros Islet, St Lucia",1,49.4,49.4,West Indies,Ireland,ASS Fletcher,CA Henry,O Prendergast,4,0,,,,,,,,,,,,,
1378191,2023,2023-06-26,"Daren Sammy National Cricket Stadium, Gros Islet, St Lucia",1,49.5,49.5,West Indies,Ireland,ASS Fletcher,CA Henry,O Prendergast,0,0,,,,,,,,,,,,,
1378191,2023,2023-06-26,"Daren Sammy National Cricket Stadium, Gros Islet, St Lucia",1,49.6,49.6,West Indies,Ireland,ASS Fletcher,CA Henry,O Prendergast,1,0,,,,,,,,,,,,,
1378191,2023,2023-06-26,"Daren Sammy National Cricket Stadium, Gros Islet, St Lucia",2,0.1,0.1,Ireland,West Indies,L Paul,GH Lewis,SS Connell,0,0,,,,,,,,,,,,,
1378191,2023,2023-06-26,"Daren Sammy National Cricket Stadium, Gros Islet, St Lucia",2,0.2,0.2,Ireland,West Indies,L Paul,GH Lewis,SS Connell,0,0,,,,,,,,,,,,,
1378191,2023,2023-06-26,"Daren Sammy National Cricket Stadium, Gros Islet, St Lucia",2,0.3,0.3,Ireland,West Indies,L Paul,GH Lewis,SS Connell,0,0,,,,,,,,,,,,,
1378191,2023,2023-06-26,"Daren Sammy National Cricket Stadium, Gros Islet, St Lucia",2,0.4,0.4,Ireland,West Indies,L Paul,GH Lewis,SS Connell,0,0,,,,,,,,,,,,,
1378191,2023,2023-06-26,"Daren Sammy National Cricket Stadium, Gros Islet, St Lucia",2,0.5,0.5,Ireland,West Indies,L Paul,GH Lewis,SS Connell,0,0,,,,,,,,,,,,,
1378191,2023,2023-06-26,"Daren Sammy National Cricket Stadium, Gros Islet, St Lucia",2,0.6,0.6,Ireland,West Indies,L Paul,GH Lewis,SS Connell,0,0,,,,,,,,,,,,,
1378191,2023,2023-06-26,"Daren Sammy National Cricket Stadium, Gros Islet, St Lucia",2,1.1,1.1,Ireland,West Indies,GH Lewis,L Paul,AA Alleyne,0,0,,,,,,,,,,,,,
1378191,2023,2023-06-26,"Daren Sammy National Cricket Stadium, Gros Islet, St Lucia",2,1.2,1.2,Ireland,West Indies,GH Lewis,L Paul,AA Alleyne,0,0,,,,,,,,,,,,,
1378191,2023,2023-06-26,"Daren Sammy National Cricket Stadium, Gros Islet, St Lucia",2,1.3,1.3,Ireland,West Indies,GH Lewis,L Paul,AA Alleyne,0,0,,,,,,,,,,,,,
1378191,2023,2023-06-26,"Daren Sammy National Cricket Stadium, Gros Islet, St Lucia",2,1.4,1.4,Ireland,West Indies,GH Lewis,L Paul,AA Alleyne,0,0,,,,,,,,,,,,,
1378191,2023,2023-06-26,"Daren Sammy National Cricket Stadium, Gros Islet, St Lucia",2,1.5,1.5,Ireland,West Indies,GH Lewis,L Paul,AA Alleyne,0,0,,,,,,,,,,,,,
1378191,2023,2023-06-26,"Daren Sammy National Cricket Stadium, Gros Islet, St Lucia",2,1.6,1.6,Ireland,West Indies,GH Lewis,L Paul,AA Alleyne,1,0,,,,,,,,,,,,,
1378191,2023,2023-06-26,"Daren Sammy National Cricket Stadium, Gros Islet, St Lucia",2,2.1,2.1,Ireland,West Indies,GH Lewis,L Paul,SS Connell,0,0,,,,,,,,,,,,,
1378191,2023,2023-06-26,"Daren Sammy National Cricket Stadium, Gros Islet, St Lucia",2,2.2,2.2,Ireland,West Indies,GH Lewis,L Paul,SS Connell,0,1,,,,1,,,,,,,,,
1378191,2023,2023-06-26,"Daren Sammy National Cricket Stadium, Gros Islet, St Lucia",2,2.3,2.3,Ireland,West Indies,L Paul,GH Lewis,SS Connell,0,0,,,,,,,,,,,,,
1378191,2023,2023-06-26,"Daren Sammy National Cricket Stadium, Gros Islet, St Lucia",2,2.4,2.4,Ireland,West Indies,L Paul,GH Lewis,SS Connell,0,0,,,,,,,,,,,,,
1378191,2023,2023-06-26,"Daren Sammy National Cricket Stadium, Gros Islet, St Lucia",2,2.5,2.5,Ireland,West Indies,L Paul,GH Lewis,SS Connell,1,0,,,,,,,,,,,,,
1378191,2023,2023-06-26,"Daren Sammy National Cricket Stadium, Gros Islet, St Lucia",2,2.6,2.6,Ireland,West Indies,GH Lewis,L Paul,SS Connell,0,0,,,,,,,,,,,,,
1378191,2023,2023-06-26,"Daren Sammy National Cricket Stadium, Gros Islet, St Lucia",2,3.1,3.1,Ireland,West Indies,L Paul,GH Lewis,AA Alleyne,0,0,,,,,,,,,,,,,
1378191,2023,2023-06-26,"Daren Sammy National Cricket Stadium, Gros Islet, St Lucia",2,3.2,3.2,Ireland,West Indies,L Paul,GH Lewis,AA Alleyne,1,0,,,,,,,,,,,,,
1378191,2023,2023-06-26,"Daren Sammy National Cricket Stadium, Gros Islet, St Lucia",2,3.3,3.3,Ireland,West Indies,GH Lewis,L Paul,AA Alleyne,2,0,,,,,,,,,,,,,
1378191,2023,2023-06-26,"Daren Sammy National Cricket Stadium, Gros Islet, St Lucia",2,3.4,3.4,Ireland,West Indies,GH Lewis,L Paul,AA Alleyne,1,0,,,,,,,,,,,,,
1378191,2023,2023-06-26,"Daren Sammy National Cricket Stadium, Gros Islet, St Lucia",2,3.5,3.5,Ireland,West Indies,L Paul,GH Lewis,AA Alleyne,0,0,,,,,,,,,,,,,
1378191,2023,2023-06-26,"Daren Sammy National Cricket Stadium, Gros Islet, St Lucia",2,3.6,3.6,Ireland,West Indies,L Paul,GH Lewis,AA Alleyne,2,0,,,,,,,,,,,,,
1378191,2023,2023-06-26,"Daren Sammy National Cricket Stadium, Gros Islet, St Lucia",2,4.1,4.1,Ireland,West Indies,GH Lewis,L Paul,SS Connell,0,0,,,,,,,,,,,,,
1378191,2023,2023-06-26,"Daren Sammy National Cricket Stadium, Gros Islet, St Lucia",2,4.2,4.2,Ireland,West Indies,GH Lewis,L Paul,SS Connell,1,0,,,,,,,,,,,,,
1378191,2023,2023-06-26,"Daren Sammy National Cricket Stadium, Gros Islet, St Lucia",2,4.3,4.3,Ireland,West Indies,L Paul,GH Lewis,SS Connell,0,0,,,,,,,,,,,,,
1378191,2023,2023-06-26,"Daren Sammy National Cricket Stadium, Gros Islet, St Lucia",2,4.4,4.4,Ireland,West Indies,L Paul,GH Lewis,SS Connell,1,0,,,,,,,,,,,,,
1378191,2023,2023-06-26,"Daren Sammy National Cricket Stadium, Gros Islet, St Lucia",2,4.5,4.5,Ireland,West Indies,GH Lewis,L Paul,SS Connell,0,1,1,,,,,,,,,,,,
1378191,2023,2023-06-26,"Daren Sammy National Cricket Stadium, Gros Islet, St Lucia",2,4.6,4.5,Ireland,West Indies,GH Lewis,L Paul,SS Connell,0,0,,,,,,,,,,,,,
1378191,2023,2023-06-26,"Daren Sammy National Cricket Stadium, Gros Islet, St Lucia",2,4.7,4.6,Ireland,West Indies,GH Lewis,L Paul,SS Connell,4,0,,,,,,,,,,,,,
1378191,2023,2023-06-26,"Daren Sammy National Cricket Stadium, Gros Islet, St Lucia",2,5.1,5.1,Ireland,West Indies,L Paul,GH Lewis,AA Alleyne,0,0,,,,,,,,,,,,,
1378191,2023,2023-06-26,"Daren Sammy National Cricket Stadium, Gros Islet, St Lucia",2,5.2,5.2,Ireland,West Indies,L Paul,GH Lewis,AA Alleyne,0,0,,,,,,,,,,,,,
1378191,2023,2023-06-26,"Daren Sammy National Cricket Stadium, Gros Islet, St Lucia",2,5.3,5.3,Ireland,West Indies,L Paul,GH Lewis,AA Alleyne,0,0,,,,,,,,,,,,,
1378191,2023,2023-06-26,"Daren Sammy National Cricket Stadium, Gros Islet, St Lucia",2,5.4,5.4,Ireland,West Indies,L Paul,GH Lewis,AA Alleyne,0,0,,,,,,,,,,,,,
1378191,2023,2023-06-26,"Daren Sammy National Cricket Stadium, Gros Islet, St Lucia",2,5.5,5.5,Ireland,West Indies,L Paul,GH Lewis,AA Alleyne,0,0,,,,,,,,,,,,,
1378191,2023,2023-06-26,"Daren Sammy National Cricket Stadium, Gros Islet, St Lucia",2,5.6,5.6,Ireland,West Indies,L Paul,GH Lewis,AA Alleyne,0,0,,,,,,,,,,,,,
1378191,2023,2023-06-26,"Daren Sammy National Cricket Stadium, Gros Islet, St Lucia",2,6.1,6.1,Ireland,West Indies,GH Lewis,L Paul,SS Connell,0,0,,,,,,,,,,,,,
1378191,2023,2023-06-26,"Daren Sammy National Cricket Stadium, Gros Islet, St Lucia",2,6.2,6.2,Ireland,West Indies,GH Lewis,L Paul,SS Connell,0,0,,,,,,,,,,,,,
1378191,2023,2023-06-26,"Daren Sammy National Cricket Stadium, Gros Islet, St Lucia",2,6.3,6.3,Ireland,West Indies,GH Lewis,L Paul,SS Connell,0,0,,,,,,,,,,,,,
1378191,2023,2023-06-26,"Daren Sammy National Cricket Stadium, Gros Islet, St Lucia",2,6.4,6.4,Ireland,West Indies,GH Lewis,L Paul,SS Connell,0,0,,,,,,,,,,,,,
1378191,2023,2023-06-26,"Daren Sammy National Cricket Stadium, Gros Islet, St Lucia",2,6.5,6.5,Ireland,West Indies,GH Lewis,L Paul,SS Connell,1,0,,,,,,,,,,,,,
1378191,2023,2023-06-26,"Daren Sammy National Cricket Stadium, Gros Islet, St Lucia",2,6.6,6.6,Ireland,West Indies,L Paul,GH Lewis,SS Connell,4,0,,,,,,,,,,,,,
1378191,2023,2023-06-26,"Daren Sammy National Cricket Stadium, Gros Islet, St Lucia",2,7.1,7.1,Ireland,West Indies,GH Lewis,L Paul,AA Alleyne,0,0,,,,,,,,,,,,,
1378191,2023,2023-06-26,"Daren Sammy National Cricket Stadium, Gros Islet, St Lucia",2,7.2,7.2,Ireland,West Indies,GH Lewis,L Paul,AA Alleyne,0,0,,,,,,,,,,,,,
1378191,2023,2023-06-26,"Daren Sammy National Cricket Stadium, Gros Islet, St Lucia",2,7.3,7.3,Ireland,West Indies,GH Lewis,L Paul,AA Alleyne,0,0,,,,,,,,,,,,,
1378191,2023,2023-06-26,"Daren Sammy National Cricket Stadium, Gros Islet, St Lucia",2,7.4,7.4,Ireland,West Indies,GH Lewis,L Paul,AA Alleyne,0,0,,,,,,,,,,,,,
1378191,2023,2023-06-26,"Daren Sammy National Cricket Stadium, Gros Islet, St Lucia",2,7.5,7.5,Ireland,West Indies,GH Lewis,L Paul,AA Alleyne,4,0,,,,,,,,,,,,,
1378191,2023,2023-06-26,"Daren Sammy National Cricket Stadium, Gros Islet, St Lucia",2,7.6,7.6,Ireland,West Indies,GH Lewis,L Paul,AA Alleyne,0,1,1,,,,,,,,,,,,
1378191,2023,2023-06-26,"Daren Sammy National Cricket Stadium, Gros Islet, St Lucia",2,7.7,7.6,Ireland,West Indies,GH Lewis,L Paul,AA Alleyne,0,1,1,,,,,,,,,,,,
1378191,2023,2023-06-26,"Daren Sammy National Cricket Stadium, Gros Islet, St Lucia",2,7.8,7.6,Ireland,West Indies,GH Lewis,L Paul,AA Alleyne,2,0,,,,,,,,,,,,,
1378191,2023,2023-06-26,"Daren Sammy National Cricket Stadium, Gros Islet, St Lucia",2,8.1,8.1,Ireland,West Indies,L Paul,GH Lewis,CS Fraser,0,0,,,,,,,,,,,,,
1378191,2023,2023-06-26,"Daren Sammy National Cricket Stadium, Gros Islet, St Lucia",2,8.2,8.2,Ireland,West Indies,L Paul,GH Lewis,CS Fraser,0,1,,,,1,,,,,,,,,
1378191,2023,2023-06-26,"Daren Sammy National Cricket Stadium, Gros Islet, St Lucia",2,8.3,8.3,Ireland,West Indies,GH Lewis,L Paul,CS Fraser,1,0,,,,,,,,,,,,,
1378191,2023,2023-06-26,"Daren Sammy National Cricket Stadium, Gros Islet, St Lucia",2,8.4,8.4,Ireland,West Indies,L Paul,GH Lewis,CS Fraser,0,1,1,,,,,,,,,,,,
1378191,2023,2023-06-26,"Daren Sammy National Cricket Stadium, Gros Islet, St Lucia",2,8.5,8.4,Ireland,West Indies,L Paul,GH Lewis,CS Fraser,0,0,,,,,,,,,,,,,
1378191,2023,2023-06-26,"Daren Sammy National Cricket Stadium, Gros Islet, St Lucia",2,8.6,8.5,Ireland,West Indies,L Paul,GH Lewis,CS Fraser,0,1,1,,,,,,,,,,,,
1378191,2023,2023-06-26,"Daren Sammy National Cricket Stadium, Gros Islet, St Lucia",2,8.7,8.5,Ireland,West Indies,L Paul,GH Lewis,CS Fraser,1,0,,,,,,,,,,,,,
1378191,2023,2023-06-26,"Daren Sammy National Cricket Stadium, Gros Islet, St Lucia",2,8.8,8.6,Ireland,West Indies,GH Lewis,L Paul,CS Fraser,0,0,,,,,,,,,,,,,
1378191,2023,2023-06-26,"Daren Sammy National Cricket Stadium, Gros Islet, St Lucia",2,9.1,9.1,Ireland,West Indies,L Paul,GH Lewis,CA Henry,0,0,,,,,,,,,,,,,
1378191,2023,2023-06-26,"Daren Sammy National Cricket Stadium, Gros Islet, St Lucia",2,9.2,9.2,Ireland,West Indies,L Paul,GH Lewis,CA Henry,0,0,,,,,,,,,,,,,
1378191,2023,2023-06-26,"Daren Sammy National Cricket Stadium, Gros Islet, St Lucia",2,9.3,9.3,Ireland,West Indies,L Paul,GH Lewis,CA Henry,0,0,,,,,,,run out,L Paul,,,HK Matthews,,
1378191,2023,2023-06-26,"Daren Sammy National Cricket Stadium, Gros Islet, St Lucia",2,9.4,9.4,Ireland,West Indies,GH Lewis,O Prendergast,CA Henry,1,0,,,,,,,,,,,,,
1378191,2023,2023-06-26,"Daren Sammy National Cricket Stadium, Gros Islet, St Lucia",2,9.5,9.5,Ireland,West Indies,O Prendergast,GH Lewis,CA Henry,0,0,,,,,,,,,,,,,
1378191,2023,2023-06-26,"Daren Sammy National Cricket Stadium, Gros Islet, St Lucia",2,9.6,9.6,Ireland,West Indies,O Prendergast,GH Lewis,CA Henry,0,0,,,,,,,,,,,,,
1378191,2023,2023-06-26,"Daren Sammy National Cricket Stadium, Gros Islet, St Lucia",2,10.1,10.1,Ireland,West Indies,GH Lewis,O Prendergast,CS Fraser,0,1,1,,,,,,,,,,,,
1378191,2023,2023-06-26,"Daren Sammy National Cricket Stadium, Gros Islet, St Lucia",2,10.2,10.1,Ireland,West Indies,GH Lewis,O Prendergast,CS Fraser,0,0,,,,,,,,,,,,,
1378191,2023,2023-06-26,"Daren Sammy National Cricket Stadium, Gros Islet, St Lucia",2,10.3,10.2,Ireland,West Indies,GH Lewis,O Prendergast,CS Fraser,1,0,,,,,,,,,,,,,
1378191,2023,2023-06-26,"Daren Sammy National Cricket Stadium, Gros Islet, St Lucia",2,10.4,10.3,Ireland,West Indies,O Prendergast,GH Lewis,CS Fraser,0,0,,,,,,,,,,,,,
1378191,2023,2023-06-26,"Daren Sammy National Cricket Stadium, Gros Islet, St Lucia",2,10.5,10.4,Ireland,West Indies,O Prendergast,GH Lewis,CS Fraser,0,0,,,,,,,,,,,,,
1378191,2023,2023-06-26,"Daren Sammy National Cricket Stadium, Gros Islet, St Lucia",2,10.6,10.5,Ireland,West Indies,O Prendergast,GH Lewis,CS Fraser,0,0,,,,,,,,,,,,,
1378191,2023,2023-06-26,"Daren Sammy National Cricket Stadium, Gros Islet, St Lucia",2,10.7,10.6,Ireland,West Indies,O Prendergast,GH Lewis,CS Fraser,0,0,,,,,,,,,,,,,
1378191,2023,2023-06-26,"Daren Sammy National Cricket Stadium, Gros Islet, St Lucia",2,11.1,11.1,Ireland,West Indies,GH Lewis,O Prendergast,CA Henry,1,0,,,,,,,,,,,,,
1378191,2023,2023-06-26,"Daren Sammy National Cricket Stadium, Gros Islet, St Lucia",2,11.2,11.2,Ireland,West Indies,O Prendergast,GH Lewis,CA Henry,0,1,1,,,,,,,,,,,,
1378191,2023,2023-06-26,"Daren Sammy National Cricket Stadium, Gros Islet, St Lucia",2,11.3,11.2,Ireland,West Indies,O Prendergast,GH Lewis,CA Henry,0,0,,,,,,,,,,,,,
1378191,2023,2023-06-26,"Daren Sammy National Cricket Stadium, Gros Islet, St Lucia",2,11.4,11.3,Ireland,West Indies,O Prendergast,GH Lewis,CA Henry,0,0,,,,,,,,,,,,,
1378191,2023,2023-06-26,"Daren Sammy National Cricket Stadium, Gros Islet, St Lucia",2,11.5,11.4,Ireland,West Indies,O Prendergast,GH Lewis,CA Henry,0,0,,,,,,,,,,,,,
1378191,2023,2023-06-26,"Daren Sammy National Cricket Stadium, Gros Islet, St Lucia",2,11.6,11.5,Ireland,West Indies,O Prendergast,GH Lewis,CA Henry,0,0,,,,,,,,,,,,,
1378191,2023,2023-06-26,"Daren Sammy National Cricket Stadium, Gros Islet, St Lucia",2,11.7,11.6,Ireland,West Indies,O Prendergast,GH Lewis,CA Henry,1,0,,,,,,,,,,,,,
1378191,2023,2023-06-26,"Daren Sammy National Cricket Stadium, Gros Islet, St Lucia",2,12.1,12.1,Ireland,West Indies,O Prendergast,GH Lewis,CS Fraser,1,0,,,,,,,,,,,,,
1378191,2023,2023-06-26,"Daren Sammy National Cricket Stadium, Gros Islet, St Lucia",2,12.2,12.2,Ireland,West Indies,GH Lewis,O Prendergast,CS Fraser,0,0,,,,,,,,,,,,,
1378191,2023,2023-06-26,"Daren Sammy National Cricket Stadium, Gros Islet, St Lucia",2,12.3,12.3,Ireland,West Indies,GH Lewis,O Prendergast,CS Fraser,0,0,,,,,,,,,,,,,
1378191,2023,2023-06-26,"Daren Sammy National Cricket Stadium, Gros Islet, St Lucia",2,12.4,12.4,Ireland,West Indies,GH Lewis,O Prendergast,CS Fraser,1,0,,,,,,,,,,,,,
1378191,2023,2023-06-26,"Daren Sammy National Cricket Stadium, Gros Islet, St Lucia",2,12.5,12.5,Ireland,West Indies,O Prendergast,GH Lewis,CS Fraser,1,0,,,,,,,,,,,,,
1378191,2023,2023-06-26,"Daren Sammy National Cricket Stadium, Gros Islet, St Lucia",2,12.6,12.6,Ireland,West Indies,GH Lewis,O Prendergast,CS Fraser,0,1,1,,,,,,,,,,,,
1378191,2023,2023-06-26,"Daren Sammy National Cricket Stadium, Gros Islet, St Lucia",2,12.7,12.6,Ireland,West Indies,GH Lewis,O Prendergast,CS Fraser,0,0,,,,,,,,,,,,,
1378191,2023,2023-06-26,"Daren Sammy National Cricket Stadium, Gros Islet, St Lucia",2,13.1,13.1,Ireland,West Indies,O Prendergast,GH Lewis,HK Matthews,0,0,,,,,,,,,,,,,
1378191,2023,2023-06-26,"Daren Sammy National Cricket Stadium, Gros Islet, St Lucia",2,13.2,13.2,Ireland,West Indies,O Prendergast,GH Lewis,HK Matthews,1,0,,,,,,,,,,,,,
1378191,2023,2023-06-26,"Daren Sammy National Cricket Stadium, Gros Islet, St Lucia",2,13.3,13.3,Ireland,West Indies,GH Lewis,O Prendergast,HK Matthews,0,0,,,,,,,,,,,,,
1378191,2023,2023-06-26,"Daren Sammy National Cricket Stadium, Gros Islet, St Lucia",2,13.4,13.4,Ireland,West Indies,GH Lewis,O Prendergast,HK Matthews,0,0,,,,,,,,,,,,,
1378191,2023,2023-06-26,"Daren Sammy National Cricket Stadium, Gros Islet, St Lucia",2,13.5,13.5,Ireland,West Indies,GH Lewis,O Prendergast,HK Matthews,0,1,,,,1,,,,,,,,,
1378191,2023,2023-06-26,"Daren Sammy National Cricket Stadium, Gros Islet, St Lucia",2,13.6,13.6,Ireland,West Indies,O Prendergast,GH Lewis,HK Matthews,1,0,,,,,,,,,,,,,
1378191,2023,2023-06-26,"Daren Sammy National Cricket Stadium, Gros Islet, St Lucia",2,14.1,14.1,Ireland,West Indies,O Prendergast,GH Lewis,CS Fraser,0,0,,,,,,,,,,,,,
1378191,2023,2023-06-26,"Daren Sammy National Cricket Stadium, Gros Islet, St Lucia",2,14.2,14.2,Ireland,West Indies,O Prendergast,GH Lewis,CS Fraser,1,0,,,,,,,,,,,,,
1378191,2023,2023-06-26,"Daren Sammy National Cricket Stadium, Gros Islet, St Lucia",2,14.3,14.3,Ireland,West Indies,GH Lewis,O Prendergast,CS Fraser,0,0,,,,,,,,,,,,,
1378191,2023,2023-06-26,"Daren Sammy National Cricket Stadium, Gros Islet, St Lucia",2,14.4,14.4,Ireland,West Indies,GH Lewis,O Prendergast,CS Fraser,0,0,,,,,,,,,,,,,
1378191,2023,2023-06-26,"Daren Sammy National Cricket Stadium, Gros Islet, St Lucia",2,14.5,14.5,Ireland,West Indies,GH Lewis,O Prendergast,CS Fraser,1,0,,,,,,,,,,,,,
1378191,2023,2023-06-26,"Daren Sammy National Cricket Stadium, Gros Islet, St Lucia",2,14.6,14.6,Ireland,West Indies,O Prendergast,GH Lewis,CS Fraser,4,0,,,,,,,,,,,,,
1378191,2023,2023-06-26,"Daren Sammy National Cricket Stadium, Gros Islet, St Lucia",2,15.1,15.1,Ireland,West Indies,GH Lewis,O Prendergast,HK Matthews,0,0,,,,,,,,,,,,,
1378191,2023,2023-06-26,"Daren Sammy National Cricket Stadium, Gros Islet, St Lucia",2,15.2,15.2,Ireland,West Indies,GH Lewis,O Prendergast,HK Matthews,1,0,,,,,,,,,,,,,
1378191,2023,2023-06-26,"Daren Sammy National Cricket Stadium, Gros Islet, St Lucia",2,15.3,15.3,Ireland,West Indies,O Prendergast,GH Lewis,HK Matthews,1,0,,,,,,,,,,,,,
1378191,2023,2023-06-26,"Daren Sammy National Cricket Stadium, Gros Islet, St Lucia",2,15.4,15.4,Ireland,West Indies,GH Lewis,O Prendergast,HK Matthews,1,0,,,,,,,,,,,,,
1378191,2023,2023-06-26,"Daren Sammy National Cricket Stadium, Gros Islet, St Lucia",2,15.5,15.5,Ireland,West Indies,O Prendergast,GH Lewis,HK Matthews,0,0,,,,,,,,,,,,,
1378191,2023,2023-06-26,"Daren Sammy National Cricket Stadium, Gros Islet, St Lucia",2,15.6,15.6,Ireland,West Indies,O Prendergast,GH Lewis,HK Matthews,0,0,,,,,,,,,,,,,
1378191,2023,2023-06-26,"Daren Sammy National Cricket Stadium, Gros Islet, St Lucia",2,16.1,16.1,Ireland,West Indies,GH Lewis,O Prendergast,SS Connell,1,0,,,,,,,,,,,,,
1378191,2023,2023-06-26,"Daren Sammy National Cricket Stadium, Gros Islet, St Lucia",2,16.2,16.2,Ireland,West Indies,O Prendergast,GH Lewis,SS Connell,1,0,,,,,,,,,,,,,
1378191,2023,2023-06-26,"Daren Sammy National Cricket Stadium, Gros Islet, St Lucia",2,16.3,16.3,Ireland,West Indies,GH Lewis,O Prendergast,SS Connell,0,0,,,,,,,,,,,,,
1378191,2023,2023-06-26,"Daren Sammy National Cricket Stadium, Gros Islet, St Lucia",2,16.4,16.4,Ireland,West Indies,GH Lewis,O Prendergast,SS Connell,4,0,,,,,,,,,,,,,
1378191,2023,2023-06-26,"Daren Sammy National Cricket Stadium, Gros Islet, St Lucia",2,16.5,16.5,Ireland,West Indies,GH Lewis,O Prendergast,SS Connell,2,0,,,,,,,,,,,,,
1378191,2023,2023-06-26,"Daren Sammy National Cricket Stadium, Gros Islet, St Lucia",2,16.6,16.6,Ireland,West Indies,GH Lewis,O Prendergast,SS Connell,4,0,,,,,,,,,,,,,
1378191,2023,2023-06-26,"Daren Sammy National Cricket Stadium, Gros Islet, St Lucia",2,17.1,17.1,Ireland,West Indies,O Prendergast,GH Lewis,HK Matthews,1,0,,,,,,,,,,,,,
1378191,2023,2023-06-26,"Daren Sammy National Cricket Stadium, Gros Islet, St Lucia",2,17.2,17.2,Ireland,West Indies,GH Lewis,O Prendergast,HK Matthews,0,0,,,,,,,,,,,,,
1378191,2023,2023-06-26,"Daren Sammy National Cricket Stadium, Gros Islet, St Lucia",2,17.3,17.3,Ireland,West Indies,GH Lewis,O Prendergast,HK Matthews,1,0,,,,,,,,,,,,,
1378191,2023,2023-06-26,"Daren Sammy National Cricket Stadium, Gros Islet, St Lucia",2,17.4,17.4,Ireland,West Indies,O Prendergast,GH Lewis,HK Matthews,1,0,,,,,,,,,,,,,
1378191,2023,2023-06-26,"Daren Sammy National Cricket Stadium, Gros Islet, St Lucia",2,17.5,17.5,Ireland,West Indies,GH Lewis,O Prendergast,HK Matthews,1,0,,,,,,,,,,,,,
1378191,2023,2023-06-26,"Daren Sammy National Cricket Stadium, Gros Islet, St Lucia",2,17.6,17.6,Ireland,West Indies,O Prendergast,GH Lewis,HK Matthews,1,0,,,,,,,,,,,,,
1378191,2023,2023-06-26,"Daren Sammy National Cricket Stadium, Gros Islet, St Lucia",2,18.1,18.1,Ireland,West Indies,O Prendergast,GH Lewis,ASS Fletcher,0,0,,,,,,,,,,,,,
1378191,2023,2023-06-26,"Daren Sammy National Cricket Stadium, Gros Islet, St Lucia",2,18.2,18.2,Ireland,West Indies,O Prendergast,GH Lewis,ASS Fletcher,4,0,,,,,,,,,,,,,
1378191,2023,2023-06-26,"Daren Sammy National Cricket Stadium, Gros Islet, St Lucia",2,18.3,18.3,Ireland,West Indies,O Prendergast,GH Lewis,ASS Fletcher,4,0,,,,,,,,,,,,,
1378191,2023,2023-06-26,"Daren Sammy National Cricket Stadium, Gros Islet, St Lucia",2,18.4,18.4,Ireland,West Indies,O Prendergast,GH Lewis,ASS Fletcher,0,0,,,,,,,,,,,,,
1378191,2023,2023-06-26,"Daren Sammy National Cricket Stadium, Gros Islet, St Lucia",2,18.5,18.5,Ireland,West Indies,O Prendergast,GH Lewis,ASS Fletcher,0,0,,,,,,,,,,,,,
1378191,2023,2023-06-26,"Daren Sammy National Cricket Stadium, Gros Islet, St Lucia",2,18.6,18.6,Ireland,West Indies,O Prendergast,GH Lewis,ASS Fletcher,0,0,,,,,,,,,,,,,
1378191,2023,2023-06-26,"Daren Sammy National Cricket Stadium, Gros Islet, St Lucia",2,19.1,19.1,Ireland,West Indies,GH Lewis,O Prendergast,HK Matthews,1,0,,,,,,,,,,,,,
1378191,2023,2023-06-26,"Daren Sammy National Cricket Stadium, Gros Islet, St Lucia",2,19.2,19.2,Ireland,West Indies,O Prendergast,GH Lewis,HK Matthews,0,0,,,,,,,,,,,,,
1378191,2023,2023-06-26,"Daren Sammy National Cricket Stadium, Gros Islet, St Lucia",2,19.3,19.3,Ireland,West Indies,O Prendergast,GH Lewis,HK Matthews,1,0,,,,,,,,,,,,,
1378191,2023,2023-06-26,"Daren Sammy National Cricket Stadium, Gros Islet, St Lucia",2,19.4,19.4,Ireland,West Indies,GH Lewis,O Prendergast,HK Matthews,1,0,,,,,,,,,,,,,
1378191,2023,2023-06-26,"Daren Sammy National Cricket Stadium, Gros Islet, St Lucia",2,19.5,19.5,Ireland,West Indies,O Prendergast,GH Lewis,HK Matthews,6,0,,,,,,,,,,,,,
1378191,2023,2023-06-26,"Daren Sammy National Cricket Stadium, Gros Islet, St Lucia",2,19.6,19.6,Ireland,West Indies,O Prendergast,GH Lewis,HK Matthews,0,0,,,,,,,,,,,,,
1378191,2023,2023-06-26,"Daren Sammy National Cricket Stadium, Gros Islet, St Lucia",2,20.1,20.1,Ireland,West Indies,GH Lewis,O Prendergast,ASS Fletcher,0,0,,,,,,,,,,,,,
1378191,2023,2023-06-26,"Daren Sammy National Cricket Stadium, Gros Islet, St Lucia",2,20.2,20.2,Ireland,West Indies,GH Lewis,O Prendergast,ASS Fletcher,0,0,,,,,,,,,,,,,
1378191,2023,2023-06-26,"Daren Sammy National Cricket Stadium, Gros Islet, St Lucia",2,20.3,20.3,Ireland,West Indies,GH Lewis,O Prendergast,ASS Fletcher,1,0,,,,,,,,,,,,,
1378191,2023,2023-06-26,"Daren Sammy National Cricket Stadium, Gros Islet, St Lucia",2,20.4,20.4,Ireland,West Indies,O Prendergast,GH Lewis,ASS Fletcher,0,1,1,,,,,,,,,,,,
1378191,2023,2023-06-26,"Daren Sammy National Cricket Stadium, Gros Islet, St Lucia",2,20.5,20.4,Ireland,West Indies,O Prendergast,GH Lewis,ASS Fletcher,4,0,,,,,,,,,,,,,
1378191,2023,2023-06-26,"Daren Sammy National Cricket Stadium, Gros Islet, St Lucia",2,20.6,20.5,Ireland,West Indies,O Prendergast,GH Lewis,ASS Fletcher,0,0,,,,,,,,,,,,,
1378191,2023,2023-06-26,"Daren Sammy National Cricket Stadium, Gros Islet, St Lucia",2,20.7,20.6,Ireland,West Indies,O Prendergast,GH Lewis,ASS Fletcher,2,0,,,,,,,,,,,,,
1378191,2023,2023-06-26,"Daren Sammy National Cricket Stadium, Gros Islet, St Lucia",2,21.1,21.1,Ireland,West Indies,GH Lewis,O Prendergast,Q Joseph,1,0,,,,,,,,,,,,,
1378191,2023,2023-06-26,"Daren Sammy National Cricket Stadium, Gros Islet, St Lucia",2,21.2,21.2,Ireland,West Indies,O Prendergast,GH Lewis,Q Joseph,1,0,,,,,,,,,,,,,
1378191,2023,2023-06-26,"Daren Sammy National Cricket Stadium, Gros Islet, St Lucia",2,21.3,21.3,Ireland,West Indies,GH Lewis,O Prendergast,Q Joseph,1,0,,,,,,,,,,,,,
1378191,2023,2023-06-26,"Daren Sammy National Cricket Stadium, Gros Islet, St Lucia",2,21.4,21.4,Ireland,West Indies,O Prendergast,GH Lewis,Q Joseph,0,0,,,,,,,caught,O Prendergast,,,SR Taylor,,
1378191,2023,2023-06-26,"Daren Sammy National Cricket Stadium, Gros Islet, St Lucia",2,21.5,21.5,Ireland,West Indies,L Delany,GH Lewis,Q Joseph,0,0,,,,,,,,,,,,,
1378191,2023,2023-06-26,"Daren Sammy National Cricket Stadium, Gros Islet, St Lucia",2,21.6,21.6,Ireland,West Indies,L Delany,GH Lewis,Q Joseph,0,0,,,,,,,,,,,,,
1378191,2023,2023-06-26,"Daren Sammy National Cricket Stadium, Gros Islet, St Lucia",2,22.1,22.1,Ireland,West Indies,GH Lewis,L Delany,ASS Fletcher,2,0,,,,,,,,,,,,,
1378191,2023,2023-06-26,"Daren Sammy National Cricket Stadium, Gros Islet, St Lucia",2,22.2,22.2,Ireland,West Indies,GH Lewis,L Delany,ASS Fletcher,0,0,,,,,,,,,,,,,
1378191,2023,2023-06-26,"Daren Sammy National Cricket Stadium, Gros Islet, St Lucia",2,22.3,22.3,Ireland,West Indies,GH Lewis,L Delany,ASS Fletcher,0,0,,,,,,,,,,,,,
1378191,2023,2023-06-26,"Daren Sammy National Cricket Stadium, Gros Islet, St Lucia",2,22.4,22.4,Ireland,West Indies,GH Lewis,L Delany,ASS Fletcher,0,0,,,,,,,,,,,,,
1378191,2023,2023-06-26,"Daren Sammy National Cricket Stadium, Gros Islet, St Lucia",2,22.5,22.5,Ireland,West Indies,GH Lewis,L Delany,ASS Fletcher,1,0,,,,,,,,,,,,,
1378191,2023,2023-06-26,"Daren Sammy National Cricket Stadium, Gros Islet, St Lucia",2,22.6,22.6,Ireland,West Indies,L Delany,GH Lewis,ASS Fletcher,0,0,,,,,,,,,,,,,
1378191,2023,2023-06-26,"Daren Sammy National Cricket Stadium, Gros Islet, St Lucia",2,23.1,23.1,Ireland,West Indies,GH Lewis,L Delany,Q Joseph,1,0,,,,,,,,,,,,,
1378191,2023,2023-06-26,"Daren Sammy National Cricket Stadium, Gros Islet, St Lucia",2,23.2,23.2,Ireland,West Indies,L Delany,GH Lewis,Q Joseph,1,0,,,,,,,,,,,,,
1378191,2023,2023-06-26,"Daren Sammy National Cricket Stadium, Gros Islet, St Lucia",2,23.3,23.3,Ireland,West Indies,GH Lewis,L Delany,Q Joseph,1,0,,,,,,,,,,,,,
1378191,2023,2023-06-26,"Daren Sammy National Cricket Stadium, Gros Islet, St Lucia",2,23.4,23.4,Ireland,West Indies,L Delany,GH Lewis,Q Joseph,2,0,,,,,,,,,,,,,
1378191,2023,2023-06-26,"Daren Sammy National Cricket Stadium, Gros Islet, St Lucia",2,23.5,23.5,Ireland,West Indies,L Delany,GH Lewis,Q Joseph,0,0,,,,,,,,,,,,,
1378191,2023,2023-06-26,"Daren Sammy National Cricket Stadium, Gros Islet, St Lucia",2,23.6,23.6,Ireland,West Indies,L Delany,GH Lewis,Q Joseph,4,0,,,,,,,,,,,,,
1378191,2023,2023-06-26,"Daren Sammy National Cricket Stadium, Gros Islet, St Lucia",2,24.1,24.1,Ireland,West Indies,GH Lewis,L Delany,ASS Fletcher,0,0,,,,,,,,,,,,,
1378191,2023,2023-06-26,"Daren Sammy National Cricket Stadium, Gros Islet, St Lucia",2,24.2,24.2,Ireland,West Indies,GH Lewis,L Delany,ASS Fletcher,0,0,,,,,,,,,,,,,
1378191,2023,2023-06-26,"Daren Sammy National Cricket Stadium, Gros Islet, St Lucia",2,24.3,24.3,Ireland,West Indies,GH Lewis,L Delany,ASS Fletcher,0,0,,,,,,,,,,,,,
1378191,2023,2023-06-26,"Daren Sammy National Cricket Stadium, Gros Islet, St Lucia",2,24.4,24.4,Ireland,West Indies,GH Lewis,L Delany,ASS Fletcher,1,0,,,,,,,,,,,,,
1378191,2023,2023-06-26,"Daren Sammy National Cricket Stadium, Gros Islet, St Lucia",2,24.5,24.5,Ireland,West Indies,L Delany,GH Lewis,ASS Fletcher,1,0,,,,,,,,,,,,,
1378191,2023,2023-06-26,"Daren Sammy National Cricket Stadium, Gros Islet, St Lucia",2,24.6,24.6,Ireland,West Indies,GH Lewis,L Delany,ASS Fletcher,4,0,,,,,,,,,,,,,
1378191,2023,2023-06-26,"Daren Sammy National Cricket Stadium, Gros Islet, St Lucia",2,25.1,25.1,Ireland,West Indies,L Delany,GH Lewis,Q Joseph,0,0,,,,,,,,,,,,,
1378191,2023,2023-06-26,"Daren Sammy National Cricket Stadium, Gros Islet, St Lucia",2,25.2,25.2,Ireland,West Indies,L Delany,GH Lewis,Q Joseph,1,0,,,,,,,,,,,,,
1378191,2023,2023-06-26,"Daren Sammy National Cricket Stadium, Gros Islet, St Lucia",2,25.3,25.3,Ireland,West Indies,GH Lewis,L Delany,Q Joseph,1,0,,,,,,,,,,,,,
1378191,2023,2023-06-26,"Daren Sammy National Cricket Stadium, Gros Islet, St Lucia",2,25.4,25.4,Ireland,West Indies,L Delany,GH Lewis,Q Joseph,0,0,,,,,,,,,,,,,
1378191,2023,2023-06-26,"Daren Sammy National Cricket Stadium, Gros Islet, St Lucia",2,25.5,25.5,Ireland,West Indies,L Delany,GH Lewis,Q Joseph,1,0,,,,,,,,,,,,,
1378191,2023,2023-06-26,"Daren Sammy National Cricket Stadium, Gros Islet, St Lucia",2,25.6,25.6,Ireland,West Indies,GH Lewis,L Delany,Q Joseph,1,0,,,,,,,,,,,,,
1378191,2023,2023-06-26,"Daren Sammy National Cricket Stadium, Gros Islet, St Lucia",2,26.1,26.1,Ireland,West Indies,GH Lewis,L Delany,ASS Fletcher,0,0,,,,,,,,,,,,,
1378191,2023,2023-06-26,"Daren Sammy National Cricket Stadium, Gros Islet, St Lucia",2,26.2,26.2,Ireland,West Indies,GH Lewis,L Delany,ASS Fletcher,1,0,,,,,,,,,,,,,
1378191,2023,2023-06-26,"Daren Sammy National Cricket Stadium, Gros Islet, St Lucia",2,26.3,26.3,Ireland,West Indies,L Delany,GH Lewis,ASS Fletcher,0,0,,,,,,,,,,,,,
1378191,2023,2023-06-26,"Daren Sammy National Cricket Stadium, Gros Islet, St Lucia",2,26.4,26.4,Ireland,West Indies,L Delany,GH Lewis,ASS Fletcher,0,0,,,,,,,,,,,,,
1378191,2023,2023-06-26,"Daren Sammy National Cricket Stadium, Gros Islet, St Lucia",2,26.5,26.5,Ireland,West Indies,L Delany,GH Lewis,ASS Fletcher,0,0,,,,,,,,,,,,,
1378191,2023,2023-06-26,"Daren Sammy National Cricket Stadium, Gros Islet, St Lucia",2,26.6,26.6,Ireland,West Indies,L Delany,GH Lewis,ASS Fletcher,1,0,,,,,,,,,,,,,
1378191,2023,2023-06-26,"Daren Sammy National Cricket Stadium, Gros Islet, St Lucia",2,27.1,27.1,Ireland,West Indies,L Delany,GH Lewis,Q Joseph,0,0,,,,,,,,,,,,,
1378191,2023,2023-06-26,"Daren Sammy National Cricket Stadium, Gros Islet, St Lucia",2,27.2,27.2,Ireland,West Indies,L Delany,GH Lewis,Q Joseph,4,0,,,,,,,,,,,,,
1378191,2023,2023-06-26,"Daren Sammy National Cricket Stadium, Gros Islet, St Lucia",2,27.3,27.3,Ireland,West Indies,L Delany,GH Lewis,Q Joseph,0,0,,,,,,,,,,,,,
1378191,2023,2023-06-26,"Daren Sammy National Cricket Stadium, Gros Islet, St Lucia",2,27.4,27.4,Ireland,West Indies,L Delany,GH Lewis,Q Joseph,1,0,,,,,,,,,,,,,
1378191,2023,2023-06-26,"Daren Sammy National Cricket Stadium, Gros Islet, St Lucia",2,27.5,27.5,Ireland,West Indies,GH Lewis,L Delany,Q Joseph,0,0,,,,,,,,,,,,,
1378191,2023,2023-06-26,"Daren Sammy National Cricket Stadium, Gros Islet, St Lucia",2,27.6,27.6,Ireland,West Indies,GH Lewis,L Delany,Q Joseph,1,0,,,,,,,,,,,,,
1378191,2023,2023-06-26,"Daren Sammy National Cricket Stadium, Gros Islet, St Lucia",2,28.1,28.1,Ireland,West Indies,GH Lewis,L Delany,ASS Fletcher,1,0,,,,,,,,,,,,,
1378191,2023,2023-06-26,"Daren Sammy National Cricket Stadium, Gros Islet, St Lucia",2,28.2,28.2,Ireland,West Indies,L Delany,GH Lewis,ASS Fletcher,0,0,,,,,,,,,,,,,
1378191,2023,2023-06-26,"Daren Sammy National Cricket Stadium, Gros Islet, St Lucia",2,28.3,28.3,Ireland,West Indies,L Delany,GH Lewis,ASS Fletcher,0,0,,,,,,,,,,,,,
1378191,2023,2023-06-26,"Daren Sammy National Cricket Stadium, Gros Islet, St Lucia",2,28.4,28.4,Ireland,West Indies,L Delany,GH Lewis,ASS Fletcher,1,0,,,,,,,,,,,,,
1378191,2023,2023-06-26,"Daren Sammy National Cricket Stadium, Gros Islet, St Lucia",2,28.5,28.5,Ireland,West Indies,GH Lewis,L Delany,ASS Fletcher,1,0,,,,,,,,,,,,,
1378191,2023,2023-06-26,"Daren Sammy National Cricket Stadium, Gros Islet, St Lucia",2,28.6,28.6,Ireland,West Indies,L Delany,GH Lewis,ASS Fletcher,1,0,,,,,,,,,,,,,
1378191,2023,2023-06-26,"Daren Sammy National Cricket Stadium, Gros Islet, St Lucia",2,29.1,29.1,Ireland,West Indies,L Delany,GH Lewis,Q Joseph,0,0,,,,,,,,,,,,,
1378191,2023,2023-06-26,"Daren Sammy National Cricket Stadium, Gros Islet, St Lucia",2,29.2,29.2,Ireland,West Indies,L Delany,GH Lewis,Q Joseph,1,0,,,,,,,,,,,,,
1378191,2023,2023-06-26,"Daren Sammy National Cricket Stadium, Gros Islet, St Lucia",2,29.3,29.3,Ireland,West Indies,GH Lewis,L Delany,Q Joseph,1,0,,,,,,,,,,,,,
1378191,2023,2023-06-26,"Daren Sammy National Cricket Stadium, Gros Islet, St Lucia",2,29.4,29.4,Ireland,West Indies,L Delany,GH Lewis,Q Joseph,1,0,,,,,,,,,,,,,
1378191,2023,2023-06-26,"Daren Sammy National Cricket Stadium, Gros Islet, St Lucia",2,29.5,29.5,Ireland,West Indies,GH Lewis,L Delany,Q Joseph,1,0,,,,,,,,,,,,,
1378191,2023,2023-06-26,"Daren Sammy National Cricket Stadium, Gros Islet, St Lucia",2,29.6,29.6,Ireland,West Indies,L Delany,GH Lewis,Q Joseph,0,0,,,,,,,,,,,,,
1378191,2023,2023-06-26,"Daren Sammy National Cricket Stadium, Gros Islet, St Lucia",2,30.1,30.1,Ireland,West Indies,GH Lewis,L Delany,ASS Fletcher,1,0,,,,,,,,,,,,,
1378191,2023,2023-06-26,"Daren Sammy National Cricket Stadium, Gros Islet, St Lucia",2,30.2,30.2,Ireland,West Indies,L Delany,GH Lewis,ASS Fletcher,1,0,,,,,,,,,,,,,
1378191,2023,2023-06-26,"Daren Sammy National Cricket Stadium, Gros Islet, St Lucia",2,30.3,30.3,Ireland,West Indies,GH Lewis,L Delany,ASS Fletcher,0,0,,,,,,,,,,,,,
1378191,2023,2023-06-26,"Daren Sammy National Cricket Stadium, Gros Islet, St Lucia",2,30.4,30.4,Ireland,West Indies,GH Lewis,L Delany,ASS Fletcher,4,0,,,,,,,,,,,,,
1378191,2023,2023-06-26,"Daren Sammy National Cricket Stadium, Gros Islet, St Lucia",2,30.5,30.5,Ireland,West Indies,GH Lewis,L Delany,ASS Fletcher,1,0,,,,,,,,,,,,,
1378191,2023,2023-06-26,"Daren Sammy National Cricket Stadium, Gros Islet, St Lucia",2,30.6,30.6,Ireland,West Indies,L Delany,GH Lewis,ASS Fletcher,1,0,,,,,,,,,,,,,
1378191,2023,2023-06-26,"Daren Sammy National Cricket Stadium, Gros Islet, St Lucia",2,31.1,31.1,Ireland,West Indies,L Delany,GH Lewis,HK Matthews,1,0,,,,,,,,,,,,,
1378191,2023,2023-06-26,"Daren Sammy National Cricket Stadium, Gros Islet, St Lucia",2,31.2,31.2,Ireland,West Indies,GH Lewis,L Delany,HK Matthews,2,0,,,,,,,,,,,,,
1378191,2023,2023-06-26,"Daren Sammy National Cricket Stadium, Gros Islet, St Lucia",2,31.3,31.3,Ireland,West Indies,GH Lewis,L Delany,HK Matthews,2,0,,,,,,,,,,,,,
1378191,2023,2023-06-26,"Daren Sammy National Cricket Stadium, Gros Islet, St Lucia",2,31.4,31.4,Ireland,West Indies,GH Lewis,L Delany,HK Matthews,2,0,,,,,,,,,,,,,
1378191,2023,2023-06-26,"Daren Sammy National Cricket Stadium, Gros Islet, St Lucia",2,31.5,31.5,Ireland,West Indies,GH Lewis,L Delany,HK Matthews,1,0,,,,,,,,,,,,,
1378191,2023,2023-06-26,"Daren Sammy National Cricket Stadium, Gros Islet, St Lucia",2,31.6,31.6,Ireland,West Indies,L Delany,GH Lewis,HK Matthews,1,0,,,,,,,,,,,,,
1378191,2023,2023-06-26,"Daren Sammy National Cricket Stadium, Gros Islet, St Lucia",2,32.1,32.1,Ireland,West Indies,L Delany,GH Lewis,Q Joseph,0,0,,,,,,,,,,,,,
1378191,2023,2023-06-26,"Daren Sammy National Cricket Stadium, Gros Islet, St Lucia",2,32.2,32.2,Ireland,West Indies,L Delany,GH Lewis,Q Joseph,0,0,,,,,,,,,,,,,
1378191,2023,2023-06-26,"Daren Sammy National Cricket Stadium, Gros Islet, St Lucia",2,32.3,32.3,Ireland,West Indies,L Delany,GH Lewis,Q Joseph,1,0,,,,,,,,,,,,,
1378191,2023,2023-06-26,"Daren Sammy National Cricket Stadium, Gros Islet, St Lucia",2,32.4,32.4,Ireland,West Indies,GH Lewis,L Delany,Q Joseph,2,0,,,,,,,,,,,,,
1378191,2023,2023-06-26,"Daren Sammy National Cricket Stadium, Gros Islet, St Lucia",2,32.5,32.5,Ireland,West Indies,GH Lewis,L Delany,Q Joseph,0,0,,,,,,,,,,,,,
1378191,2023,2023-06-26,"Daren Sammy National Cricket Stadium, Gros Islet, St Lucia",2,32.6,32.6,Ireland,West Indies,GH Lewis,L Delany,Q Joseph,1,0,,,,,,,,,,,,,
1378191,2023,2023-06-26,"Daren Sammy National Cricket Stadium, Gros Islet, St Lucia",2,33.1,33.1,Ireland,West Indies,GH Lewis,L Delany,HK Matthews,1,0,,,,,,,,,,,,,
1378191,2023,2023-06-26,"Daren Sammy National Cricket Stadium, Gros Islet, St Lucia",2,33.2,33.2,Ireland,West Indies,L Delany,GH Lewis,HK Matthews,1,0,,,,,,,,,,,,,
1378191,2023,2023-06-26,"Daren Sammy National Cricket Stadium, Gros Islet, St Lucia",2,33.3,33.3,Ireland,West Indies,GH Lewis,L Delany,HK Matthews,0,0,,,,,,,,,,,,,
1378191,2023,2023-06-26,"Daren Sammy National Cricket Stadium, Gros Islet, St Lucia",2,33.4,33.4,Ireland,West Indies,GH Lewis,L Delany,HK Matthews,1,0,,,,,,,,,,,,,
1378191,2023,2023-06-26,"Daren Sammy National Cricket Stadium, Gros Islet, St Lucia",2,33.5,33.5,Ireland,West Indies,L Delany,GH Lewis,HK Matthews,0,0,,,,,,,,,,,,,
1378191,2023,2023-06-26,"Daren Sammy National Cricket Stadium, Gros Islet, St Lucia",2,33.6,33.6,Ireland,West Indies,L Delany,GH Lewis,HK Matthews,1,0,,,,,,,,,,,,,
1378191,2023,2023-06-26,"Daren Sammy National Cricket Stadium, Gros Islet, St Lucia",2,34.1,34.1,Ireland,West Indies,L Delany,GH Lewis,Q Joseph,1,0,,,,,,,,,,,,,
1378191,2023,2023-06-26,"Daren Sammy National Cricket Stadium, Gros Islet, St Lucia",2,34.2,34.2,Ireland,West Indies,GH Lewis,L Delany,Q Joseph,0,0,,,,,,,,,,,,,
1378191,2023,2023-06-26,"Daren Sammy National Cricket Stadium, Gros Islet, St Lucia",2,34.3,34.3,Ireland,West Indies,GH Lewis,L Delany,Q Joseph,1,0,,,,,,,,,,,,,
1378191,2023,2023-06-26,"Daren Sammy National Cricket Stadium, Gros Islet, St Lucia",2,34.4,34.4,Ireland,West Indies,L Delany,GH Lewis,Q Joseph,1,0,,,,,,,,,,,,,
1378191,2023,2023-06-26,"Daren Sammy National Cricket Stadium, Gros Islet, St Lucia",2,34.5,34.5,Ireland,West Indies,GH Lewis,L Delany,Q Joseph,2,0,,,,,,,,,,,,,
1378191,2023,2023-06-26,"Daren Sammy National Cricket Stadium, Gros Islet, St Lucia",2,34.6,34.6,Ireland,West Indies,GH Lewis,L Delany,Q Joseph,2,0,,,,,,,,,,,,,
1378191,2023,2023-06-26,"Daren Sammy National Cricket Stadium, Gros Islet, St Lucia",2,35.1,35.1,Ireland,West Indies,L Delany,GH Lewis,HK Matthews,1,0,,,,,,,,,,,,,
1378191,2023,2023-06-26,"Daren Sammy National Cricket Stadium, Gros Islet, St Lucia",2,35.2,35.2,Ireland,West Indies,GH Lewis,L Delany,HK Matthews,0,0,,,,,,,,,,,,,
1378191,2023,2023-06-26,"Daren Sammy National Cricket Stadium, Gros Islet, St Lucia",2,35.3,35.3,Ireland,West Indies,GH Lewis,L Delany,HK Matthews,0,0,,,,,,,caught,GH Lewis,,,Q Joseph,,
1378191,2023,2023-06-26,"Daren Sammy National Cricket Stadium, Gros Islet, St Lucia",2,35.4,35.4,Ireland,West Indies,A Hunter,L Delany,HK Matthews,0,0,,,,,,,,,,,,,
1378191,2023,2023-06-26,"Daren Sammy National Cricket Stadium, Gros Islet, St Lucia",2,35.5,35.5,Ireland,West Indies,A Hunter,L Delany,HK Matthews,0,0,,,,,,,,,,,,,
1378191,2023,2023-06-26,"Daren Sammy National Cricket Stadium, Gros Islet, St Lucia",2,35.6,35.6,Ireland,West Indies,A Hunter,L Delany,HK Matthews,1,0,,,,,,,,,,,,,
1378191,2023,2023-06-26,"Daren Sammy National Cricket Stadium, Gros Islet, St Lucia",2,36.1,36.1,Ireland,West Indies,A Hunter,L Delany,ASS Fletcher,0,0,,,,,,,,,,,,,
1378191,2023,2023-06-26,"Daren Sammy National Cricket Stadium, Gros Islet, St Lucia",2,36.2,36.2,Ireland,West Indies,A Hunter,L Delany,ASS Fletcher,0,0,,,,,,,caught,A Hunter,,,CS Fraser,,
1378191,2023,2023-06-26,"Daren Sammy National Cricket Stadium, Gros Islet, St Lucia",2,36.3,36.3,Ireland,West Indies,EAJ Richardson,L Delany,ASS Fletcher,0,0,,,,,,,,,,,,,
1378191,2023,2023-06-26,"Daren Sammy National Cricket Stadium, Gros Islet, St Lucia",2,36.4,36.4,Ireland,West Indies,EAJ Richardson,L Delany,ASS Fletcher,0,0,,,,,,,,,,,,,
1378191,2023,2023-06-26,"Daren Sammy National Cricket Stadium, Gros Islet, St Lucia",2,36.5,36.5,Ireland,West Indies,EAJ Richardson,L Delany,ASS Fletcher,2,0,,,,,,,,,,,,,
1378191,2023,2023-06-26,"Daren Sammy National Cricket Stadium, Gros Islet, St Lucia",2,36.6,36.6,Ireland,West Indies,EAJ Richardson,L Delany,ASS Fletcher,0,0,,,,,,,,,,,,,
1378191,2023,2023-06-26,"Daren Sammy National Cricket Stadium, Gros Islet, St Lucia",2,37.1,37.1,Ireland,West Indies,L Delany,EAJ Richardson,HK Matthews,1,0,,,,,,,,,,,,,
1378191,2023,2023-06-26,"Daren Sammy National Cricket Stadium, Gros Islet, St Lucia",2,37.2,37.2,Ireland,West Indies,EAJ Richardson,L Delany,HK Matthews,2,0,,,,,,,,,,,,,
1378191,2023,2023-06-26,"Daren Sammy National Cricket Stadium, Gros Islet, St Lucia",2,37.3,37.3,Ireland,West Indies,EAJ Richardson,L Delany,HK Matthews,4,0,,,,,,,,,,,,,
1378191,2023,2023-06-26,"Daren Sammy National Cricket Stadium, Gros Islet, St Lucia",2,37.4,37.4,Ireland,West Indies,EAJ Richardson,L Delany,HK Matthews,1,0,,,,,,,,,,,,,
1378191,2023,2023-06-26,"Daren Sammy National Cricket Stadium, Gros Islet, St Lucia",2,37.5,37.5,Ireland,West Indies,L Delany,EAJ Richardson,HK Matthews,2,0,,,,,,,,,,,,,
1378191,2023,2023-06-26,"Daren Sammy National Cricket Stadium, Gros Islet, St Lucia",2,37.6,37.6,Ireland,West Indies,L Delany,EAJ Richardson,HK Matthews,1,0,,,,,,,,,,,,,
1378191,2023,2023-06-26,"Daren Sammy National Cricket Stadium, Gros Islet, St Lucia",2,38.1,38.1,Ireland,West Indies,L Delany,EAJ Richardson,ASS Fletcher,1,0,,,,,,,,,,,,,
1378191,2023,2023-06-26,"Daren Sammy National Cricket Stadium, Gros Islet, St Lucia",2,38.2,38.2,Ireland,West Indies,EAJ Richardson,L Delany,ASS Fletcher,0,0,,,,,,,caught,EAJ Richardson,,,SA Campbelle,,
1378191,2023,2023-06-26,"Daren Sammy National Cricket Stadium, Gros Islet, St Lucia",2,38.3,38.3,Ireland,West Indies,MV Waldron,L Delany,ASS Fletcher,0,0,,,,,,,,,,,,,
1378191,2023,2023-06-26,"Daren Sammy National Cricket Stadium, Gros Islet, St Lucia",2,38.4,38.4,Ireland,West Indies,MV Waldron,L Delany,ASS Fletcher,0,0,,,,,,,,,,,,,
1378191,2023,2023-06-26,"Daren Sammy National Cricket Stadium, Gros Islet, St Lucia",2,38.5,38.5,Ireland,West Indies,MV Waldron,L Delany,ASS Fletcher,1,0,,,,,,,,,,,,,
1378191,2023,2023-06-26,"Daren Sammy National Cricket Stadium, Gros Islet, St Lucia",2,38.6,38.6,Ireland,West Indies,L Delany,MV Waldron,ASS Fletcher,1,0,,,,,,,,,,,,,
1378191,2023,2023-06-26,"Daren Sammy National Cricket Stadium, Gros Islet, St Lucia",2,39.1,39.1,Ireland,West Indies,L Delany,MV Waldron,HK Matthews,1,0,,,,,,,,,,,,,
1378191,2023,2023-06-26,"Daren Sammy National Cricket Stadium, Gros Islet, St Lucia",2,39.2,39.2,Ireland,West Indies,MV Waldron,L Delany,HK Matthews,2,0,,,,,,,,,,,,,
1378191,2023,2023-06-26,"Daren Sammy National Cricket Stadium, Gros Islet, St Lucia",2,39.3,39.3,Ireland,West Indies,MV Waldron,L Delany,HK Matthews,1,0,,,,,,,,,,,,,
1378191,2023,2023-06-26,"Daren Sammy National Cricket Stadium, Gros Islet, St Lucia",2,39.4,39.4,Ireland,West Indies,L Delany,MV Waldron,HK Matthews,1,0,,,,,,,,,,,,,
1378191,2023,2023-06-26,"Daren Sammy National Cricket Stadium, Gros Islet, St Lucia",2,39.5,39.5,Ireland,West Indies,MV Waldron,L Delany,HK Matthews,0,0,,,,,,,,,,,,,
1378191,2023,2023-06-26,"Daren Sammy National Cricket Stadium, Gros Islet, St Lucia",2,39.6,39.6,Ireland,West Indies,MV Waldron,L Delany,HK Matthews,1,0,,,,,,,,,,,,,
1378191,2023,2023-06-26,"Daren Sammy National Cricket Stadium, Gros Islet, St Lucia",2,40.1,40.1,Ireland,West Indies,MV Waldron,L Delany,ASS Fletcher,0,0,,,,,,,,,,,,,
1378191,2023,2023-06-26,"Daren Sammy National Cricket Stadium, Gros Islet, St Lucia",2,40.2,40.2,Ireland,West Indies,MV Waldron,L Delany,ASS Fletcher,1,0,,,,,,,,,,,,,
1378191,2023,2023-06-26,"Daren Sammy National Cricket Stadium, Gros Islet, St Lucia",2,40.3,40.3,Ireland,West Indies,L Delany,MV Waldron,ASS Fletcher,1,0,,,,,,,,,,,,,
1378191,2023,2023-06-26,"Daren Sammy National Cricket Stadium, Gros Islet, St Lucia",2,40.4,40.4,Ireland,West Indies,MV Waldron,L Delany,ASS Fletcher,0,0,,,,,,,,,,,,,
1378191,2023,2023-06-26,"Daren Sammy National Cricket Stadium, Gros Islet, St Lucia",2,40.5,40.5,Ireland,West Indies,MV Waldron,L Delany,ASS Fletcher,1,0,,,,,,,,,,,,,
1378191,2023,2023-06-26,"Daren Sammy National Cricket Stadium, Gros Islet, St Lucia",2,40.6,40.6,Ireland,West Indies,L Delany,MV Waldron,ASS Fletcher,0,1,1,,,,,,,,,,,,
1378191,2023,2023-06-26,"Daren Sammy National Cricket Stadium, Gros Islet, St Lucia",2,40.7,40.6,Ireland,West Indies,L Delany,MV Waldron,ASS Fletcher,1,0,,,,,,,,,,,,,
1378191,2023,2023-06-26,"Daren Sammy National Cricket Stadium, Gros Islet, St Lucia",2,41.1,41.1,Ireland,West Indies,L Delany,MV Waldron,HK Matthews,0,0,,,,,,,caught,L Delany,,,Z James,,
1378191,2023,2023-06-26,"Daren Sammy National Cricket Stadium, Gros Islet, St Lucia",2,41.2,41.2,Ireland,West Indies,AN Kelly,MV Waldron,HK Matthews,0,0,,,,,,,,,,,,,
1378191,2023,2023-06-26,"Daren Sammy National Cricket Stadium, Gros Islet, St Lucia",2,41.3,41.3,Ireland,West Indies,AN Kelly,MV Waldron,HK Matthews,1,0,,,,,,,,,,,,,
1378191,2023,2023-06-26,"Daren Sammy National Cricket Stadium, Gros Islet, St Lucia",2,41.4,41.4,Ireland,West Indies,MV Waldron,AN Kelly,HK Matthews,0,0,,,,,,,,,,,,,
1378191,2023,2023-06-26,"Daren Sammy National Cricket Stadium, Gros Islet, St Lucia",2,41.5,41.5,Ireland,West Indies,MV Waldron,AN Kelly,HK Matthews,1,0,,,,,,,,,,,,,
1378191,2023,2023-06-26,"Daren Sammy National Cricket Stadium, Gros Islet, St Lucia",2,41.6,41.6,Ireland,West Indies,AN Kelly,MV Waldron,HK Matthews,0,0,,,,,,,stumped,AN Kelly,,,SA Campbelle,,
1378191,2023,2023-06-26,"Daren Sammy National Cricket Stadium, Gros Islet, St Lucia",2,42.1,42.1,Ireland,West Indies,MV Waldron,S MacMahon,Q Joseph,1,0,,,,,,,,,,,,,
1378191,2023,2023-06-26,"Daren Sammy National Cricket Stadium, Gros Islet, St Lucia",2,42.2,42.2,Ireland,West Indies,S MacMahon,MV Waldron,Q Joseph,0,0,,,,,,,,,,,,,
1378191,2023,2023-06-26,"Daren Sammy National Cricket Stadium, Gros Islet, St Lucia",2,42.3,42.3,Ireland,West Indies,S MacMahon,MV Waldron,Q Joseph,1,0,,,,,,,,,,,,,
1378191,2023,2023-06-26,"Daren Sammy National Cricket Stadium, Gros Islet, St Lucia",2,42.4,42.4,Ireland,West Indies,MV Waldron,S MacMahon,Q Joseph,0,0,,,,,,,,,,,,,
1378191,2023,2023-06-26,"Daren Sammy National Cricket Stadium, Gros Islet, St Lucia",2,42.5,42.5,Ireland,West Indies,MV Waldron,S MacMahon,Q Joseph,1,0,,,,,,,,,,,,,
1378191,2023,2023-06-26,"Daren Sammy National Cricket Stadium, Gros Islet, St Lucia",2,42.6,42.6,Ireland,West Indies,S MacMahon,MV Waldron,Q Joseph,1,0,,,,,,,,,,,,,
1378191,2023,2023-06-26,"Daren Sammy National Cricket Stadium, Gros Islet, St Lucia",2,43.1,43.1,Ireland,West Indies,S MacMahon,MV Waldron,AA Alleyne,0,0,,,,,,,,,,,,,
1378191,2023,2023-06-26,"Daren Sammy National Cricket Stadium, Gros Islet, St Lucia",2,43.2,43.2,Ireland,West Indies,S MacMahon,MV Waldron,AA Alleyne,1,0,,,,,,,,,,,,,
1378191,2023,2023-06-26,"Daren Sammy National Cricket Stadium, Gros Islet, St Lucia",2,43.3,43.3,Ireland,West Indies,MV Waldron,S MacMahon,AA Alleyne,0,0,,,,,,,,,,,,,
1378191,2023,2023-06-26,"Daren Sammy National Cricket Stadium, Gros Islet, St Lucia",2,43.4,43.4,Ireland,West Indies,MV Waldron,S MacMahon,AA Alleyne,1,0,,,,,,,,,,,,,
1378191,2023,2023-06-26,"Daren Sammy National Cricket Stadium, Gros Islet, St Lucia",2,43.5,43.5,Ireland,West Indies,S MacMahon,MV Waldron,AA Alleyne,1,0,,,,,,,,,,,,,
1378191,2023,2023-06-26,"Daren Sammy National Cricket Stadium, Gros Islet, St Lucia",2,43.6,43.6,Ireland,West Indies,MV Waldron,S MacMahon,AA Alleyne,1,0,,,,,,,,,,,,,
1378191,2023,2023-06-26,"Daren Sammy National Cricket Stadium, Gros Islet, St Lucia",2,44.1,44.1,Ireland,West Indies,MV Waldron,S MacMahon,Q Joseph,1,0,,,,,,,,,,,,,
1378191,2023,2023-06-26,"Daren Sammy National Cricket Stadium, Gros Islet, St Lucia",2,44.2,44.2,Ireland,West Indies,S MacMahon,MV Waldron,Q Joseph,1,0,,,,,,,,,,,,,
1378191,2023,2023-06-26,"Daren Sammy National Cricket Stadium, Gros Islet, St Lucia",2,44.3,44.3,Ireland,West Indies,MV Waldron,S MacMahon,Q Joseph,1,0,,,,,,,,,,,,,
1378191,2023,2023-06-26,"Daren Sammy National Cricket Stadium, Gros Islet, St Lucia",2,44.4,44.4,Ireland,West Indies,S MacMahon,MV Waldron,Q Joseph,1,0,,,,,,,,,,,,,
1378191,2023,2023-06-26,"Daren Sammy National Cricket Stadium, Gros Islet, St Lucia",2,44.5,44.5,Ireland,West Indies,MV Waldron,S MacMahon,Q Joseph,1,0,,,,,,,,,,,,,
1378191,2023,2023-06-26,"Daren Sammy National Cricket Stadium, Gros Islet, St Lucia",2,44.6,44.6,Ireland,West Indies,S MacMahon,MV Waldron,Q Joseph,2,0,,,,,,,,,,,,,
1378191,2023,2023-06-26,"Daren Sammy National Cricket Stadium, Gros Islet, St Lucia",2,45.1,45.1,Ireland,West Indies,MV Waldron,S MacMahon,AA Alleyne,0,1,1,,,,,,,,,,,,
1378191,2023,2023-06-26,"Daren Sammy National Cricket Stadium, Gros Islet, St Lucia",2,45.2,45.1,Ireland,West Indies,MV Waldron,S MacMahon,AA Alleyne,1,0,,,,,,,,,,,,,
1378191,2023,2023-06-26,"Daren Sammy National Cricket Stadium, Gros Islet, St Lucia",2,45.3,45.2,Ireland,West Indies,S MacMahon,MV Waldron,AA Alleyne,0,0,,,,,,,,,,,,,
1378191,2023,2023-06-26,"Daren Sammy National Cricket Stadium, Gros Islet, St Lucia",2,45.4,45.3,Ireland,West Indies,S MacMahon,MV Waldron,AA Alleyne,1,0,,,,,,,,,,,,,
1378191,2023,2023-06-26,"Daren Sammy National Cricket Stadium, Gros Islet, St Lucia",2,45.5,45.4,Ireland,West Indies,MV Waldron,S MacMahon,AA Alleyne,1,0,,,,,,,,,,,,,
1378191,2023,2023-06-26,"Daren Sammy National Cricket Stadium, Gros Islet, St Lucia",2,45.6,45.5,Ireland,West Indies,S MacMahon,MV Waldron,AA Alleyne,0,0,,,,,,,,,,,,,
1378191,2023,2023-06-26,"Daren Sammy National Cricket Stadium, Gros Islet, St Lucia",2,45.7,45.6,Ireland,West Indies,S MacMahon,MV Waldron,AA Alleyne,4,0,,,,,,,,,,,,,
1378191,2023,2023-06-26,"Daren Sammy National Cricket Stadium, Gros Islet, St Lucia",2,46.1,46.1,Ireland,West Indies,MV Waldron,S MacMahon,Q Joseph,1,0,,,,,,,,,,,,,
1378191,2023,2023-06-26,"Daren Sammy National Cricket Stadium, Gros Islet, St Lucia",2,46.2,46.2,Ireland,West Indies,S MacMahon,MV Waldron,Q Joseph,0,0,,,,,,,caught,S MacMahon,,,SA Campbelle,,
1378191,2023,2023-06-26,"Daren Sammy National Cricket Stadium, Gros Islet, St Lucia",2,46.3,46.3,Ireland,West Indies,A Canning,MV Waldron,Q Joseph,1,0,,,,,,,,,,,,,
1378191,2023,2023-06-26,"Daren Sammy National Cricket Stadium, Gros Islet, St Lucia",2,46.4,46.4,Ireland,West Indies,MV Waldron,A Canning,Q Joseph,2,0,,,,,,,,,,,,,
1378191,2023,2023-06-26,"Daren Sammy National Cricket Stadium, Gros Islet, St Lucia",2,46.5,46.5,Ireland,West Indies,MV Waldron,A Canning,Q Joseph,0,0,,,,,,,run out,MV Waldron,,,Z James,Q Joseph,
1378191,2023,2023-06-26,"Daren Sammy National Cricket Stadium, Gros Islet, St Lucia",2,46.6,46.6,Ireland,West Indies,A Canning,C Murray,Q Joseph,1,0,,,,,,,,,,,,,
1378191,2023,2023-06-26,"Daren Sammy National Cricket Stadium, Gros Islet, St Lucia",2,47.1,47.1,Ireland,West Indies,A Canning,C Murray,Z James,1,0,,,,,,,,,,,,,
1378191,2023,2023-06-26,"Daren Sammy National Cricket Stadium, Gros Islet, St Lucia",2,47.2,47.2,Ireland,West Indies,C Murray,A Canning,Z James,0,0,,,,,,,,,,,,,
1378191,2023,2023-06-26,"Daren Sammy National Cricket Stadium, Gros Islet, St Lucia",2,47.3,47.3,Ireland,West Indies,C Murray,A Canning,Z James,2,0,,,,,,,,,,,,,
1378191,2023,2023-06-26,"Daren Sammy National Cricket Stadium, Gros Islet, St Lucia",2,47.4,47.4,Ireland,West Indies,C Murray,A Canning,Z James,0,0,,,,,,,,,,,,,
1378191,2023,2023-06-26,"Daren Sammy National Cricket Stadium, Gros Islet, St Lucia",2,47.5,47.5,Ireland,West Indies,C Murray,A Canning,Z James,1,0,,,,,,,,,,,,,
1378191,2023,2023-06-26,"Daren Sammy National Cricket Stadium, Gros Islet, St Lucia",2,47.6,47.6,Ireland,West Indies,A Canning,C Murray,Z James,0,0,,,,,,,,,,,,,
1378191,2023,2023-06-26,"Daren Sammy National Cricket Stadium, Gros Islet, St Lucia",2,48.1,48.1,Ireland,West Indies,C Murray,A Canning,CS Fraser,0,0,,,,,,,,,,,,,
1378191,2023,2023-06-26,"Daren Sammy National Cricket Stadium, Gros Islet, St Lucia",2,48.2,48.2,Ireland,West Indies,C Murray,A Canning,CS Fraser,0,0,,,,,,,,,,,,,
1378191,2023,2023-06-26,"Daren Sammy National Cricket Stadium, Gros Islet, St Lucia",2,48.3,48.3,Ireland,West Indies,C Murray,A Canning,CS Fraser,0,1,,,,1,,,,,,,,,
1378191,2023,2023-06-26,"Daren Sammy National Cricket Stadium, Gros Islet, St Lucia",2,48.4,48.4,Ireland,West Indies,A Canning,C Murray,CS Fraser,2,0,,,,,,,,,,,,,
1378191,2023,2023-06-26,"Daren Sammy National Cricket Stadium, Gros Islet, St Lucia",2,48.5,48.5,Ireland,West Indies,A Canning,C Murray,CS Fraser,0,0,,,,,,,,,,,,,
1378191,2023,2023-06-26,"Daren Sammy National Cricket Stadium, Gros Islet, St Lucia",2,48.6,48.6,Ireland,West Indies,A Canning,C Murray,CS Fraser,0,0,,,,,,,,,,,,,
1378191,2023,2023-06-26,"Daren Sammy National Cricket Stadium, Gros Islet, St Lucia",2,49.1,49.1,Ireland,West Indies,C Murray,A Canning,Z James,0,0,,,,,,,,,,,,,
1378191,2023,2023-06-26,"Daren Sammy National Cricket Stadium, Gros Islet, St Lucia",2,49.2,49.2,Ireland,West Indies,C Murray,A Canning,Z James,0,0,,,,,,,,,,,,,
1378191,2023,2023-06-26,"Daren Sammy National Cricket Stadium, Gros Islet, St Lucia",2,49.3,49.3,Ireland,West Indies,C Murray,A Canning,Z James,1,0,,,,,,,,,,,,,
1378191,2023,2023-06-26,"Daren Sammy National Cricket Stadium, Gros Islet, St Lucia",2,49.4,49.4,Ireland,West Indies,A Canning,C Murray,Z James,0,0,,,,,,,,,,,,,
1378191,2023,2023-06-26,"Daren Sammy National Cricket Stadium, Gros Islet, St Lucia",2,49.5,49.5,Ireland,West Indies,A Canning,C Murray,Z James,1,0,,,,,,,,,,,,,
1378191,2023,2023-06-26,"Daren Sammy National Cricket Stadium, Gros Islet, St Lucia",2,49.6,49.6,Ireland,West Indies,C Murray,A Canning,Z James,0,0,,,,,,,,,,,,,
