match_id,season,start_date,venue,innings,ball,actual_delivery,batting_team,bowling_team,striker,non_striker,bowler,runs_off_bat,extras,wides,noballs,byes,legbyes,penalty,non_boundary,wicket_type,player_dismissed,other_wicket_type,other_player_dismissed,fielder_1,fielder_2,fielder_3
1384410,2023/24,2023-10-21,"Bharat Ratna Shri Atal Bihari Vajpayee Ekana Cricket Stadium, Lucknow",1,0.1,0.1,Netherlands,Sri Lanka,Vikramjit Singh,MP O'Dowd,D Madushanka,0,0,,,,,,,,,,,,,
1384410,2023/24,2023-10-21,"Bharat Ratna Shri Atal Bihari Vajpayee Ekana Cricket Stadium, Lucknow",1,0.2,0.2,Netherlands,Sri Lanka,Vikramjit Singh,MP O'Dowd,D Madushanka,0,0,,,,,,,,,,,,,
1384410,2023/24,2023-10-21,"Bharat Ratna Shri Atal Bihari Vajpayee Ekana Cricket Stadium, Lucknow",1,0.3,0.3,Netherlands,Sri Lanka,Vikramjit Singh,MP O'Dowd,D Madushanka,0,0,,,,,,,,,,,,,
1384410,2023/24,2023-10-21,"Bharat Ratna Shri Atal Bihari Vajpayee Ekana Cricket Stadium, Lucknow",1,0.4,0.4,Netherlands,Sri Lanka,Vikramjit Singh,MP O'Dowd,D Madushanka,0,0,,,,,,,,,,,,,
1384410,2023/24,2023-10-21,"Bharat Ratna Shri Atal Bihari Vajpayee Ekana Cricket Stadium, Lucknow",1,0.5,0.5,Netherlands,Sri Lanka,Vikramjit Singh,MP O'Dowd,D Madushanka,0,0,,,,,,,,,,,,,
1384410,2023/24,2023-10-21,"Bharat Ratna Shri Atal Bihari Vajpayee Ekana Cricket Stadium, Lucknow",1,0.6,0.6,Netherlands,Sri Lanka,Vikramjit Singh,MP O'Dowd,D Madushanka,0,0,,,,,,,,,,,,,
1384410,2023/24,2023-10-21,"Bharat Ratna Shri Atal Bihari Vajpayee Ekana Cricket Stadium, Lucknow",1,1.1,1.1,Netherlands,Sri Lanka,MP O'Dowd,Vikramjit Singh,CAK Rajitha,0,0,,,,,,,,,,,,,
1384410,2023/24,2023-10-21,"Bharat Ratna Shri Atal Bihari Vajpayee Ekana Cricket Stadium, Lucknow",1,1.2,1.2,Netherlands,Sri Lanka,MP O'Dowd,Vikramjit Singh,CAK Rajitha,2,0,,,,,,,,,,,,,
1384410,2023/24,2023-10-21,"Bharat Ratna Shri Atal Bihari Vajpayee Ekana Cricket Stadium, Lucknow",1,1.3,1.3,Netherlands,Sri Lanka,MP O'Dowd,Vikramjit Singh,CAK Rajitha,0,0,,,,,,,,,,,,,
1384410,2023/24,2023-10-21,"Bharat Ratna Shri Atal Bihari Vajpayee Ekana Cricket Stadium, Lucknow",1,1.4,1.4,Netherlands,Sri Lanka,MP O'Dowd,Vikramjit Singh,CAK Rajitha,0,0,,,,,,,,,,,,,
1384410,2023/24,2023-10-21,"Bharat Ratna Shri Atal Bihari Vajpayee Ekana Cricket Stadium, Lucknow",1,1.5,1.5,Netherlands,Sri Lanka,MP O'Dowd,Vikramjit Singh,CAK Rajitha,0,0,,,,,,,,,,,,,
1384410,2023/24,2023-10-21,"Bharat Ratna Shri Atal Bihari Vajpayee Ekana Cricket Stadium, Lucknow",1,1.6,1.6,Netherlands,Sri Lanka,MP O'Dowd,Vikramjit Singh,CAK Rajitha,0,0,,,,,,,,,,,,,
1384410,2023/24,2023-10-21,"Bharat Ratna Shri Atal Bihari Vajpayee Ekana Cricket Stadium, Lucknow",1,2.1,2.1,Netherlands,Sri Lanka,Vikramjit Singh,MP O'Dowd,D Madushanka,0,0,,,,,,,,,,,,,
1384410,2023/24,2023-10-21,"Bharat Ratna Shri Atal Bihari Vajpayee Ekana Cricket Stadium, Lucknow",1,2.2,2.2,Netherlands,Sri Lanka,Vikramjit Singh,MP O'Dowd,D Madushanka,0,0,,,,,,,,,,,,,
1384410,2023/24,2023-10-21,"Bharat Ratna Shri Atal Bihari Vajpayee Ekana Cricket Stadium, Lucknow",1,2.3,2.3,Netherlands,Sri Lanka,Vikramjit Singh,MP O'Dowd,D Madushanka,0,0,,,,,,,,,,,,,
1384410,2023/24,2023-10-21,"Bharat Ratna Shri Atal Bihari Vajpayee Ekana Cricket Stadium, Lucknow",1,2.4,2.4,Netherlands,Sri Lanka,Vikramjit Singh,MP O'Dowd,D Madushanka,0,0,,,,,,,,,,,,,
1384410,2023/24,2023-10-21,"Bharat Ratna Shri Atal Bihari Vajpayee Ekana Cricket Stadium, Lucknow",1,2.5,2.5,Netherlands,Sri Lanka,Vikramjit Singh,MP O'Dowd,D Madushanka,4,0,,,,,,,,,,,,,
1384410,2023/24,2023-10-21,"Bharat Ratna Shri Atal Bihari Vajpayee Ekana Cricket Stadium, Lucknow",1,2.6,2.6,Netherlands,Sri Lanka,Vikramjit Singh,MP O'Dowd,D Madushanka,0,0,,,,,,,,,,,,,
1384410,2023/24,2023-10-21,"Bharat Ratna Shri Atal Bihari Vajpayee Ekana Cricket Stadium, Lucknow",1,3.1,3.1,Netherlands,Sri Lanka,MP O'Dowd,Vikramjit Singh,CAK Rajitha,0,0,,,,,,,,,,,,,
1384410,2023/24,2023-10-21,"Bharat Ratna Shri Atal Bihari Vajpayee Ekana Cricket Stadium, Lucknow",1,3.2,3.2,Netherlands,Sri Lanka,MP O'Dowd,Vikramjit Singh,CAK Rajitha,0,0,,,,,,,,,,,,,
1384410,2023/24,2023-10-21,"Bharat Ratna Shri Atal Bihari Vajpayee Ekana Cricket Stadium, Lucknow",1,3.3,3.3,Netherlands,Sri Lanka,MP O'Dowd,Vikramjit Singh,CAK Rajitha,1,0,,,,,,,,,,,,,
1384410,2023/24,2023-10-21,"Bharat Ratna Shri Atal Bihari Vajpayee Ekana Cricket Stadium, Lucknow",1,3.4,3.4,Netherlands,Sri Lanka,Vikramjit Singh,MP O'Dowd,CAK Rajitha,0,0,,,,,,,lbw,Vikramjit Singh,,,,,
1384410,2023/24,2023-10-21,"Bharat Ratna Shri Atal Bihari Vajpayee Ekana Cricket Stadium, Lucknow",1,3.5,3.5,Netherlands,Sri Lanka,CN Ackermann,MP O'Dowd,CAK Rajitha,0,0,,,,,,,,,,,,,
1384410,2023/24,2023-10-21,"Bharat Ratna Shri Atal Bihari Vajpayee Ekana Cricket Stadium, Lucknow",1,3.6,3.6,Netherlands,Sri Lanka,CN Ackermann,MP O'Dowd,CAK Rajitha,0,0,,,,,,,,,,,,,
1384410,2023/24,2023-10-21,"Bharat Ratna Shri Atal Bihari Vajpayee Ekana Cricket Stadium, Lucknow",1,4.1,4.1,Netherlands,Sri Lanka,MP O'Dowd,CN Ackermann,D Madushanka,0,0,,,,,,,,,,,,,
1384410,2023/24,2023-10-21,"Bharat Ratna Shri Atal Bihari Vajpayee Ekana Cricket Stadium, Lucknow",1,4.2,4.2,Netherlands,Sri Lanka,MP O'Dowd,CN Ackermann,D Madushanka,0,0,,,,,,,,,,,,,
1384410,2023/24,2023-10-21,"Bharat Ratna Shri Atal Bihari Vajpayee Ekana Cricket Stadium, Lucknow",1,4.3,4.3,Netherlands,Sri Lanka,MP O'Dowd,CN Ackermann,D Madushanka,1,0,,,,,,,,,,,,,
1384410,2023/24,2023-10-21,"Bharat Ratna Shri Atal Bihari Vajpayee Ekana Cricket Stadium, Lucknow",1,4.4,4.4,Netherlands,Sri Lanka,CN Ackermann,MP O'Dowd,D Madushanka,4,0,,,,,,,,,,,,,
1384410,2023/24,2023-10-21,"Bharat Ratna Shri Atal Bihari Vajpayee Ekana Cricket Stadium, Lucknow",1,4.5,4.5,Netherlands,Sri Lanka,CN Ackermann,MP O'Dowd,D Madushanka,4,0,,,,,,,,,,,,,
1384410,2023/24,2023-10-21,"Bharat Ratna Shri Atal Bihari Vajpayee Ekana Cricket Stadium, Lucknow",1,4.6,4.6,Netherlands,Sri Lanka,CN Ackermann,MP O'Dowd,D Madushanka,0,0,,,,,,,,,,,,,
1384410,2023/24,2023-10-21,"Bharat Ratna Shri Atal Bihari Vajpayee Ekana Cricket Stadium, Lucknow",1,5.1,5.1,Netherlands,Sri Lanka,MP O'Dowd,CN Ackermann,CAK Rajitha,2,0,,,,,,,,,,,,,
1384410,2023/24,2023-10-21,"Bharat Ratna Shri Atal Bihari Vajpayee Ekana Cricket Stadium, Lucknow",1,5.2,5.2,Netherlands,Sri Lanka,MP O'Dowd,CN Ackermann,CAK Rajitha,0,0,,,,,,,,,,,,,
1384410,2023/24,2023-10-21,"Bharat Ratna Shri Atal Bihari Vajpayee Ekana Cricket Stadium, Lucknow",1,5.3,5.3,Netherlands,Sri Lanka,MP O'Dowd,CN Ackermann,CAK Rajitha,0,0,,,,,,,,,,,,,
1384410,2023/24,2023-10-21,"Bharat Ratna Shri Atal Bihari Vajpayee Ekana Cricket Stadium, Lucknow",1,5.4,5.4,Netherlands,Sri Lanka,MP O'Dowd,CN Ackermann,CAK Rajitha,0,0,,,,,,,,,,,,,
1384410,2023/24,2023-10-21,"Bharat Ratna Shri Atal Bihari Vajpayee Ekana Cricket Stadium, Lucknow",1,5.5,5.5,Netherlands,Sri Lanka,MP O'Dowd,CN Ackermann,CAK Rajitha,0,0,,,,,,,,,,,,,
1384410,2023/24,2023-10-21,"Bharat Ratna Shri Atal Bihari Vajpayee Ekana Cricket Stadium, Lucknow",1,5.6,5.6,Netherlands,Sri Lanka,MP O'Dowd,CN Ackermann,CAK Rajitha,0,0,,,,,,,,,,,,,
1384410,2023/24,2023-10-21,"Bharat Ratna Shri Atal Bihari Vajpayee Ekana Cricket Stadium, Lucknow",1,6.1,6.1,Netherlands,Sri Lanka,CN Ackermann,MP O'Dowd,D Madushanka,0,0,,,,,,,,,,,,,
1384410,2023/24,2023-10-21,"Bharat Ratna Shri Atal Bihari Vajpayee Ekana Cricket Stadium, Lucknow",1,6.2,6.2,Netherlands,Sri Lanka,CN Ackermann,MP O'Dowd,D Madushanka,0,0,,,,,,,,,,,,,
1384410,2023/24,2023-10-21,"Bharat Ratna Shri Atal Bihari Vajpayee Ekana Cricket Stadium, Lucknow",1,6.3,6.3,Netherlands,Sri Lanka,CN Ackermann,MP O'Dowd,D Madushanka,0,0,,,,,,,,,,,,,
1384410,2023/24,2023-10-21,"Bharat Ratna Shri Atal Bihari Vajpayee Ekana Cricket Stadium, Lucknow",1,6.4,6.4,Netherlands,Sri Lanka,CN Ackermann,MP O'Dowd,D Madushanka,4,0,,,,,,,,,,,,,
1384410,2023/24,2023-10-21,"Bharat Ratna Shri Atal Bihari Vajpayee Ekana Cricket Stadium, Lucknow",1,6.5,6.5,Netherlands,Sri Lanka,CN Ackermann,MP O'Dowd,D Madushanka,0,0,,,,,,,,,,,,,
1384410,2023/24,2023-10-21,"Bharat Ratna Shri Atal Bihari Vajpayee Ekana Cricket Stadium, Lucknow",1,6.6,6.6,Netherlands,Sri Lanka,CN Ackermann,MP O'Dowd,D Madushanka,1,0,,,,,,,,,,,,,
1384410,2023/24,2023-10-21,"Bharat Ratna Shri Atal Bihari Vajpayee Ekana Cricket Stadium, Lucknow",1,7.1,7.1,Netherlands,Sri Lanka,CN Ackermann,MP O'Dowd,CAK Rajitha,0,0,,,,,,,,,,,,,
1384410,2023/24,2023-10-21,"Bharat Ratna Shri Atal Bihari Vajpayee Ekana Cricket Stadium, Lucknow",1,7.2,7.2,Netherlands,Sri Lanka,CN Ackermann,MP O'Dowd,CAK Rajitha,1,0,,,,,,,,,,,,,
1384410,2023/24,2023-10-21,"Bharat Ratna Shri Atal Bihari Vajpayee Ekana Cricket Stadium, Lucknow",1,7.3,7.3,Netherlands,Sri Lanka,MP O'Dowd,CN Ackermann,CAK Rajitha,0,1,1,,,,,,,,,,,,
1384410,2023/24,2023-10-21,"Bharat Ratna Shri Atal Bihari Vajpayee Ekana Cricket Stadium, Lucknow",1,7.4,7.3,Netherlands,Sri Lanka,MP O'Dowd,CN Ackermann,CAK Rajitha,4,0,,,,,,,,,,,,,
1384410,2023/24,2023-10-21,"Bharat Ratna Shri Atal Bihari Vajpayee Ekana Cricket Stadium, Lucknow",1,7.5,7.4,Netherlands,Sri Lanka,MP O'Dowd,CN Ackermann,CAK Rajitha,0,0,,,,,,,,,,,,,
1384410,2023/24,2023-10-21,"Bharat Ratna Shri Atal Bihari Vajpayee Ekana Cricket Stadium, Lucknow",1,7.6,7.5,Netherlands,Sri Lanka,MP O'Dowd,CN Ackermann,CAK Rajitha,0,0,,,,,,,,,,,,,
1384410,2023/24,2023-10-21,"Bharat Ratna Shri Atal Bihari Vajpayee Ekana Cricket Stadium, Lucknow",1,7.7,7.6,Netherlands,Sri Lanka,MP O'Dowd,CN Ackermann,CAK Rajitha,0,0,,,,,,,,,,,,,
1384410,2023/24,2023-10-21,"Bharat Ratna Shri Atal Bihari Vajpayee Ekana Cricket Stadium, Lucknow",1,8.1,8.1,Netherlands,Sri Lanka,CN Ackermann,MP O'Dowd,C Karunaratne,0,0,,,,,,,,,,,,,
1384410,2023/24,2023-10-21,"Bharat Ratna Shri Atal Bihari Vajpayee Ekana Cricket Stadium, Lucknow",1,8.2,8.2,Netherlands,Sri Lanka,CN Ackermann,MP O'Dowd,C Karunaratne,1,0,,,,,,,,,,,,,
1384410,2023/24,2023-10-21,"Bharat Ratna Shri Atal Bihari Vajpayee Ekana Cricket Stadium, Lucknow",1,8.3,8.3,Netherlands,Sri Lanka,MP O'Dowd,CN Ackermann,C Karunaratne,0,1,1,,,,,,,,,,,,
1384410,2023/24,2023-10-21,"Bharat Ratna Shri Atal Bihari Vajpayee Ekana Cricket Stadium, Lucknow",1,8.4,8.3,Netherlands,Sri Lanka,MP O'Dowd,CN Ackermann,C Karunaratne,0,0,,,,,,,,,,,,,
1384410,2023/24,2023-10-21,"Bharat Ratna Shri Atal Bihari Vajpayee Ekana Cricket Stadium, Lucknow",1,8.5,8.4,Netherlands,Sri Lanka,MP O'Dowd,CN Ackermann,C Karunaratne,0,1,1,,,,,,,,,,,,
1384410,2023/24,2023-10-21,"Bharat Ratna Shri Atal Bihari Vajpayee Ekana Cricket Stadium, Lucknow",1,8.6,8.4,Netherlands,Sri Lanka,MP O'Dowd,CN Ackermann,C Karunaratne,0,0,,,,,,,,,,,,,
1384410,2023/24,2023-10-21,"Bharat Ratna Shri Atal Bihari Vajpayee Ekana Cricket Stadium, Lucknow",1,8.7,8.5,Netherlands,Sri Lanka,MP O'Dowd,CN Ackermann,C Karunaratne,0,0,,,,,,,,,,,,,
1384410,2023/24,2023-10-21,"Bharat Ratna Shri Atal Bihari Vajpayee Ekana Cricket Stadium, Lucknow",1,8.8,8.6,Netherlands,Sri Lanka,MP O'Dowd,CN Ackermann,C Karunaratne,6,0,,,,,,,,,,,,,
1384410,2023/24,2023-10-21,"Bharat Ratna Shri Atal Bihari Vajpayee Ekana Cricket Stadium, Lucknow",1,9.1,9.1,Netherlands,Sri Lanka,CN Ackermann,MP O'Dowd,CAK Rajitha,4,0,,,,,,,,,,,,,
1384410,2023/24,2023-10-21,"Bharat Ratna Shri Atal Bihari Vajpayee Ekana Cricket Stadium, Lucknow",1,9.2,9.2,Netherlands,Sri Lanka,CN Ackermann,MP O'Dowd,CAK Rajitha,4,0,,,,,,,,,,,,,
1384410,2023/24,2023-10-21,"Bharat Ratna Shri Atal Bihari Vajpayee Ekana Cricket Stadium, Lucknow",1,9.3,9.3,Netherlands,Sri Lanka,CN Ackermann,MP O'Dowd,CAK Rajitha,0,0,,,,,,,,,,,,,
1384410,2023/24,2023-10-21,"Bharat Ratna Shri Atal Bihari Vajpayee Ekana Cricket Stadium, Lucknow",1,9.4,9.4,Netherlands,Sri Lanka,CN Ackermann,MP O'Dowd,CAK Rajitha,0,0,,,,,,,,,,,,,
1384410,2023/24,2023-10-21,"Bharat Ratna Shri Atal Bihari Vajpayee Ekana Cricket Stadium, Lucknow",1,9.5,9.5,Netherlands,Sri Lanka,CN Ackermann,MP O'Dowd,CAK Rajitha,1,0,,,,,,,,,,,,,
1384410,2023/24,2023-10-21,"Bharat Ratna Shri Atal Bihari Vajpayee Ekana Cricket Stadium, Lucknow",1,9.6,9.6,Netherlands,Sri Lanka,MP O'Dowd,CN Ackermann,CAK Rajitha,0,1,1,,,,,,,,,,,,
1384410,2023/24,2023-10-21,"Bharat Ratna Shri Atal Bihari Vajpayee Ekana Cricket Stadium, Lucknow",1,9.7,9.6,Netherlands,Sri Lanka,MP O'Dowd,CN Ackermann,CAK Rajitha,0,0,,,,,,,bowled,MP O'Dowd,,,,,
1384410,2023/24,2023-10-21,"Bharat Ratna Shri Atal Bihari Vajpayee Ekana Cricket Stadium, Lucknow",1,10.1,10.1,Netherlands,Sri Lanka,CN Ackermann,BFW de Leede,C Karunaratne,0,0,,,,,,,,,,,,,
1384410,2023/24,2023-10-21,"Bharat Ratna Shri Atal Bihari Vajpayee Ekana Cricket Stadium, Lucknow",1,10.2,10.2,Netherlands,Sri Lanka,CN Ackermann,BFW de Leede,C Karunaratne,0,0,,,,,,,,,,,,,
1384410,2023/24,2023-10-21,"Bharat Ratna Shri Atal Bihari Vajpayee Ekana Cricket Stadium, Lucknow",1,10.3,10.3,Netherlands,Sri Lanka,CN Ackermann,BFW de Leede,C Karunaratne,0,0,,,,,,,,,,,,,
1384410,2023/24,2023-10-21,"Bharat Ratna Shri Atal Bihari Vajpayee Ekana Cricket Stadium, Lucknow",1,10.4,10.4,Netherlands,Sri Lanka,CN Ackermann,BFW de Leede,C Karunaratne,2,0,,,,,,,,,,,,,
1384410,2023/24,2023-10-21,"Bharat Ratna Shri Atal Bihari Vajpayee Ekana Cricket Stadium, Lucknow",1,10.5,10.5,Netherlands,Sri Lanka,CN Ackermann,BFW de Leede,C Karunaratne,1,0,,,,,,,,,,,,,
1384410,2023/24,2023-10-21,"Bharat Ratna Shri Atal Bihari Vajpayee Ekana Cricket Stadium, Lucknow",1,10.6,10.6,Netherlands,Sri Lanka,BFW de Leede,CN Ackermann,C Karunaratne,0,0,,,,,,,,,,,,,
1384410,2023/24,2023-10-21,"Bharat Ratna Shri Atal Bihari Vajpayee Ekana Cricket Stadium, Lucknow",1,11.1,11.1,Netherlands,Sri Lanka,CN Ackermann,BFW de Leede,CAK Rajitha,2,0,,,,,,,,,,,,,
1384410,2023/24,2023-10-21,"Bharat Ratna Shri Atal Bihari Vajpayee Ekana Cricket Stadium, Lucknow",1,11.2,11.2,Netherlands,Sri Lanka,CN Ackermann,BFW de Leede,CAK Rajitha,0,0,,,,,,,,,,,,,
1384410,2023/24,2023-10-21,"Bharat Ratna Shri Atal Bihari Vajpayee Ekana Cricket Stadium, Lucknow",1,11.3,11.3,Netherlands,Sri Lanka,CN Ackermann,BFW de Leede,CAK Rajitha,0,0,,,,,,,,,,,,,
1384410,2023/24,2023-10-21,"Bharat Ratna Shri Atal Bihari Vajpayee Ekana Cricket Stadium, Lucknow",1,11.4,11.4,Netherlands,Sri Lanka,CN Ackermann,BFW de Leede,CAK Rajitha,0,1,1,,,,,,,,,,,,
1384410,2023/24,2023-10-21,"Bharat Ratna Shri Atal Bihari Vajpayee Ekana Cricket Stadium, Lucknow",1,11.5,11.4,Netherlands,Sri Lanka,CN Ackermann,BFW de Leede,CAK Rajitha,0,0,,,,,,,,,,,,,
1384410,2023/24,2023-10-21,"Bharat Ratna Shri Atal Bihari Vajpayee Ekana Cricket Stadium, Lucknow",1,11.6,11.5,Netherlands,Sri Lanka,CN Ackermann,BFW de Leede,CAK Rajitha,0,0,,,,,,,,,,,,,
1384410,2023/24,2023-10-21,"Bharat Ratna Shri Atal Bihari Vajpayee Ekana Cricket Stadium, Lucknow",1,11.7,11.6,Netherlands,Sri Lanka,CN Ackermann,BFW de Leede,CAK Rajitha,0,0,,,,,,,caught,CN Ackermann,,,BKG Mendis,,
1384410,2023/24,2023-10-21,"Bharat Ratna Shri Atal Bihari Vajpayee Ekana Cricket Stadium, Lucknow",1,12.1,12.1,Netherlands,Sri Lanka,BFW de Leede,AT Nidamanuru,C Karunaratne,0,0,,,,,,,,,,,,,
1384410,2023/24,2023-10-21,"Bharat Ratna Shri Atal Bihari Vajpayee Ekana Cricket Stadium, Lucknow",1,12.2,12.2,Netherlands,Sri Lanka,BFW de Leede,AT Nidamanuru,C Karunaratne,0,0,,,,,,,,,,,,,
1384410,2023/24,2023-10-21,"Bharat Ratna Shri Atal Bihari Vajpayee Ekana Cricket Stadium, Lucknow",1,12.3,12.3,Netherlands,Sri Lanka,BFW de Leede,AT Nidamanuru,C Karunaratne,0,0,,,,,,,,,,,,,
1384410,2023/24,2023-10-21,"Bharat Ratna Shri Atal Bihari Vajpayee Ekana Cricket Stadium, Lucknow",1,12.4,12.4,Netherlands,Sri Lanka,BFW de Leede,AT Nidamanuru,C Karunaratne,0,0,,,,,,,,,,,,,
1384410,2023/24,2023-10-21,"Bharat Ratna Shri Atal Bihari Vajpayee Ekana Cricket Stadium, Lucknow",1,12.5,12.5,Netherlands,Sri Lanka,BFW de Leede,AT Nidamanuru,C Karunaratne,0,0,,,,,,,,,,,,,
1384410,2023/24,2023-10-21,"Bharat Ratna Shri Atal Bihari Vajpayee Ekana Cricket Stadium, Lucknow",1,12.6,12.6,Netherlands,Sri Lanka,BFW de Leede,AT Nidamanuru,C Karunaratne,0,0,,,,,,,,,,,,,
1384410,2023/24,2023-10-21,"Bharat Ratna Shri Atal Bihari Vajpayee Ekana Cricket Stadium, Lucknow",1,13.1,13.1,Netherlands,Sri Lanka,AT Nidamanuru,BFW de Leede,CAK Rajitha,1,0,,,,,,,,,,,,,
1384410,2023/24,2023-10-21,"Bharat Ratna Shri Atal Bihari Vajpayee Ekana Cricket Stadium, Lucknow",1,13.2,13.2,Netherlands,Sri Lanka,BFW de Leede,AT Nidamanuru,CAK Rajitha,0,0,,,,,,,,,,,,,
1384410,2023/24,2023-10-21,"Bharat Ratna Shri Atal Bihari Vajpayee Ekana Cricket Stadium, Lucknow",1,13.3,13.3,Netherlands,Sri Lanka,BFW de Leede,AT Nidamanuru,CAK Rajitha,0,0,,,,,,,,,,,,,
1384410,2023/24,2023-10-21,"Bharat Ratna Shri Atal Bihari Vajpayee Ekana Cricket Stadium, Lucknow",1,13.4,13.4,Netherlands,Sri Lanka,BFW de Leede,AT Nidamanuru,CAK Rajitha,1,0,,,,,,,,,,,,,
1384410,2023/24,2023-10-21,"Bharat Ratna Shri Atal Bihari Vajpayee Ekana Cricket Stadium, Lucknow",1,13.5,13.5,Netherlands,Sri Lanka,AT Nidamanuru,BFW de Leede,CAK Rajitha,0,0,,,,,,,,,,,,,
1384410,2023/24,2023-10-21,"Bharat Ratna Shri Atal Bihari Vajpayee Ekana Cricket Stadium, Lucknow",1,13.6,13.6,Netherlands,Sri Lanka,AT Nidamanuru,BFW de Leede,CAK Rajitha,1,0,,,,,,,,,,,,,
1384410,2023/24,2023-10-21,"Bharat Ratna Shri Atal Bihari Vajpayee Ekana Cricket Stadium, Lucknow",1,14.1,14.1,Netherlands,Sri Lanka,AT Nidamanuru,BFW de Leede,C Karunaratne,1,0,,,,,,,,,,,,,
1384410,2023/24,2023-10-21,"Bharat Ratna Shri Atal Bihari Vajpayee Ekana Cricket Stadium, Lucknow",1,14.2,14.2,Netherlands,Sri Lanka,BFW de Leede,AT Nidamanuru,C Karunaratne,0,0,,,,,,,,,,,,,
1384410,2023/24,2023-10-21,"Bharat Ratna Shri Atal Bihari Vajpayee Ekana Cricket Stadium, Lucknow",1,14.3,14.3,Netherlands,Sri Lanka,BFW de Leede,AT Nidamanuru,C Karunaratne,0,0,,,,,,,,,,,,,
1384410,2023/24,2023-10-21,"Bharat Ratna Shri Atal Bihari Vajpayee Ekana Cricket Stadium, Lucknow",1,14.4,14.4,Netherlands,Sri Lanka,BFW de Leede,AT Nidamanuru,C Karunaratne,1,0,,,,,,,,,,,,,
1384410,2023/24,2023-10-21,"Bharat Ratna Shri Atal Bihari Vajpayee Ekana Cricket Stadium, Lucknow",1,14.5,14.5,Netherlands,Sri Lanka,AT Nidamanuru,BFW de Leede,C Karunaratne,1,0,,,,,,,,,,,,,
1384410,2023/24,2023-10-21,"Bharat Ratna Shri Atal Bihari Vajpayee Ekana Cricket Stadium, Lucknow",1,14.6,14.6,Netherlands,Sri Lanka,BFW de Leede,AT Nidamanuru,C Karunaratne,0,0,,,,,,,,,,,,,
1384410,2023/24,2023-10-21,"Bharat Ratna Shri Atal Bihari Vajpayee Ekana Cricket Stadium, Lucknow",1,15.1,15.1,Netherlands,Sri Lanka,AT Nidamanuru,BFW de Leede,M Theekshana,0,0,,,,,,,,,,,,,
1384410,2023/24,2023-10-21,"Bharat Ratna Shri Atal Bihari Vajpayee Ekana Cricket Stadium, Lucknow",1,15.2,15.2,Netherlands,Sri Lanka,AT Nidamanuru,BFW de Leede,M Theekshana,1,0,,,,,,,,,,,,,
1384410,2023/24,2023-10-21,"Bharat Ratna Shri Atal Bihari Vajpayee Ekana Cricket Stadium, Lucknow",1,15.3,15.3,Netherlands,Sri Lanka,BFW de Leede,AT Nidamanuru,M Theekshana,1,0,,,,,,,,,,,,,
1384410,2023/24,2023-10-21,"Bharat Ratna Shri Atal Bihari Vajpayee Ekana Cricket Stadium, Lucknow",1,15.4,15.4,Netherlands,Sri Lanka,AT Nidamanuru,BFW de Leede,M Theekshana,1,0,,,,,,,,,,,,,
1384410,2023/24,2023-10-21,"Bharat Ratna Shri Atal Bihari Vajpayee Ekana Cricket Stadium, Lucknow",1,15.5,15.5,Netherlands,Sri Lanka,BFW de Leede,AT Nidamanuru,M Theekshana,0,0,,,,,,,,,,,,,
1384410,2023/24,2023-10-21,"Bharat Ratna Shri Atal Bihari Vajpayee Ekana Cricket Stadium, Lucknow",1,15.6,15.6,Netherlands,Sri Lanka,BFW de Leede,AT Nidamanuru,M Theekshana,1,0,,,,,,,,,,,,,
1384410,2023/24,2023-10-21,"Bharat Ratna Shri Atal Bihari Vajpayee Ekana Cricket Stadium, Lucknow",1,16.1,16.1,Netherlands,Sri Lanka,BFW de Leede,AT Nidamanuru,D Madushanka,0,1,,,,1,,,,,,,,,
1384410,2023/24,2023-10-21,"Bharat Ratna Shri Atal Bihari Vajpayee Ekana Cricket Stadium, Lucknow",1,16.2,16.2,Netherlands,Sri Lanka,AT Nidamanuru,BFW de Leede,D Madushanka,1,0,,,,,,,,,,,,,
1384410,2023/24,2023-10-21,"Bharat Ratna Shri Atal Bihari Vajpayee Ekana Cricket Stadium, Lucknow",1,16.3,16.3,Netherlands,Sri Lanka,BFW de Leede,AT Nidamanuru,D Madushanka,0,0,,,,,,,,,,,,,
1384410,2023/24,2023-10-21,"Bharat Ratna Shri Atal Bihari Vajpayee Ekana Cricket Stadium, Lucknow",1,16.4,16.4,Netherlands,Sri Lanka,BFW de Leede,AT Nidamanuru,D Madushanka,2,0,,,,,,,,,,,,,
1384410,2023/24,2023-10-21,"Bharat Ratna Shri Atal Bihari Vajpayee Ekana Cricket Stadium, Lucknow",1,16.5,16.5,Netherlands,Sri Lanka,BFW de Leede,AT Nidamanuru,D Madushanka,0,0,,,,,,,caught,BFW de Leede,,,MDKJ Perera,,
1384410,2023/24,2023-10-21,"Bharat Ratna Shri Atal Bihari Vajpayee Ekana Cricket Stadium, Lucknow",1,16.6,16.6,Netherlands,Sri Lanka,SA Edwards,AT Nidamanuru,D Madushanka,0,0,,,,,,,,,,,,,
1384410,2023/24,2023-10-21,"Bharat Ratna Shri Atal Bihari Vajpayee Ekana Cricket Stadium, Lucknow",1,17.1,17.1,Netherlands,Sri Lanka,AT Nidamanuru,SA Edwards,M Theekshana,0,0,,,,,,,,,,,,,
1384410,2023/24,2023-10-21,"Bharat Ratna Shri Atal Bihari Vajpayee Ekana Cricket Stadium, Lucknow",1,17.2,17.2,Netherlands,Sri Lanka,AT Nidamanuru,SA Edwards,M Theekshana,1,0,,,,,,,,,,,,,
1384410,2023/24,2023-10-21,"Bharat Ratna Shri Atal Bihari Vajpayee Ekana Cricket Stadium, Lucknow",1,17.3,17.3,Netherlands,Sri Lanka,SA Edwards,AT Nidamanuru,M Theekshana,0,0,,,,,,,,,,,,,
1384410,2023/24,2023-10-21,"Bharat Ratna Shri Atal Bihari Vajpayee Ekana Cricket Stadium, Lucknow",1,17.4,17.4,Netherlands,Sri Lanka,SA Edwards,AT Nidamanuru,M Theekshana,1,0,,,,,,,,,,,,,
1384410,2023/24,2023-10-21,"Bharat Ratna Shri Atal Bihari Vajpayee Ekana Cricket Stadium, Lucknow",1,17.5,17.5,Netherlands,Sri Lanka,AT Nidamanuru,SA Edwards,M Theekshana,1,0,,,,,,,,,,,,,
1384410,2023/24,2023-10-21,"Bharat Ratna Shri Atal Bihari Vajpayee Ekana Cricket Stadium, Lucknow",1,17.6,17.6,Netherlands,Sri Lanka,SA Edwards,AT Nidamanuru,M Theekshana,0,0,,,,,,,,,,,,,
1384410,2023/24,2023-10-21,"Bharat Ratna Shri Atal Bihari Vajpayee Ekana Cricket Stadium, Lucknow",1,18.1,18.1,Netherlands,Sri Lanka,AT Nidamanuru,SA Edwards,D Madushanka,0,0,,,,,,,,,,,,,
1384410,2023/24,2023-10-21,"Bharat Ratna Shri Atal Bihari Vajpayee Ekana Cricket Stadium, Lucknow",1,18.2,18.2,Netherlands,Sri Lanka,AT Nidamanuru,SA Edwards,D Madushanka,0,0,,,,,,,,,,,,,
1384410,2023/24,2023-10-21,"Bharat Ratna Shri Atal Bihari Vajpayee Ekana Cricket Stadium, Lucknow",1,18.3,18.3,Netherlands,Sri Lanka,AT Nidamanuru,SA Edwards,D Madushanka,0,0,,,,,,,,,,,,,
1384410,2023/24,2023-10-21,"Bharat Ratna Shri Atal Bihari Vajpayee Ekana Cricket Stadium, Lucknow",1,18.4,18.4,Netherlands,Sri Lanka,AT Nidamanuru,SA Edwards,D Madushanka,0,0,,,,,,,lbw,AT Nidamanuru,,,,,
1384410,2023/24,2023-10-21,"Bharat Ratna Shri Atal Bihari Vajpayee Ekana Cricket Stadium, Lucknow",1,18.5,18.5,Netherlands,Sri Lanka,SA Engelbrecht,SA Edwards,D Madushanka,1,0,,,,,,,,,,,,,
1384410,2023/24,2023-10-21,"Bharat Ratna Shri Atal Bihari Vajpayee Ekana Cricket Stadium, Lucknow",1,18.6,18.6,Netherlands,Sri Lanka,SA Edwards,SA Engelbrecht,D Madushanka,1,0,,,,,,,,,,,,,
1384410,2023/24,2023-10-21,"Bharat Ratna Shri Atal Bihari Vajpayee Ekana Cricket Stadium, Lucknow",1,19.1,19.1,Netherlands,Sri Lanka,SA Edwards,SA Engelbrecht,M Theekshana,2,0,,,,,,,,,,,,,
1384410,2023/24,2023-10-21,"Bharat Ratna Shri Atal Bihari Vajpayee Ekana Cricket Stadium, Lucknow",1,19.2,19.2,Netherlands,Sri Lanka,SA Edwards,SA Engelbrecht,M Theekshana,0,0,,,,,,,,,,,,,
1384410,2023/24,2023-10-21,"Bharat Ratna Shri Atal Bihari Vajpayee Ekana Cricket Stadium, Lucknow",1,19.3,19.3,Netherlands,Sri Lanka,SA Edwards,SA Engelbrecht,M Theekshana,2,0,,,,,,,,,,,,,
1384410,2023/24,2023-10-21,"Bharat Ratna Shri Atal Bihari Vajpayee Ekana Cricket Stadium, Lucknow",1,19.4,19.4,Netherlands,Sri Lanka,SA Edwards,SA Engelbrecht,M Theekshana,2,0,,,,,,,,,,,,,
1384410,2023/24,2023-10-21,"Bharat Ratna Shri Atal Bihari Vajpayee Ekana Cricket Stadium, Lucknow",1,19.5,19.5,Netherlands,Sri Lanka,SA Edwards,SA Engelbrecht,M Theekshana,0,0,,,,,,,,,,,,,
1384410,2023/24,2023-10-21,"Bharat Ratna Shri Atal Bihari Vajpayee Ekana Cricket Stadium, Lucknow",1,19.6,19.6,Netherlands,Sri Lanka,SA Edwards,SA Engelbrecht,M Theekshana,2,0,,,,,,,,,,,,,
1384410,2023/24,2023-10-21,"Bharat Ratna Shri Atal Bihari Vajpayee Ekana Cricket Stadium, Lucknow",1,20.1,20.1,Netherlands,Sri Lanka,SA Engelbrecht,SA Edwards,D Madushanka,2,0,,,,,,,,,,,,,
1384410,2023/24,2023-10-21,"Bharat Ratna Shri Atal Bihari Vajpayee Ekana Cricket Stadium, Lucknow",1,20.2,20.2,Netherlands,Sri Lanka,SA Engelbrecht,SA Edwards,D Madushanka,1,0,,,,,,,,,,,,,
1384410,2023/24,2023-10-21,"Bharat Ratna Shri Atal Bihari Vajpayee Ekana Cricket Stadium, Lucknow",1,20.3,20.3,Netherlands,Sri Lanka,SA Edwards,SA Engelbrecht,D Madushanka,0,0,,,,,,,,,,,,,
1384410,2023/24,2023-10-21,"Bharat Ratna Shri Atal Bihari Vajpayee Ekana Cricket Stadium, Lucknow",1,20.4,20.4,Netherlands,Sri Lanka,SA Edwards,SA Engelbrecht,D Madushanka,0,0,,,,,,,,,,,,,
1384410,2023/24,2023-10-21,"Bharat Ratna Shri Atal Bihari Vajpayee Ekana Cricket Stadium, Lucknow",1,20.5,20.5,Netherlands,Sri Lanka,SA Edwards,SA Engelbrecht,D Madushanka,2,0,,,,,,,,,,,,,
1384410,2023/24,2023-10-21,"Bharat Ratna Shri Atal Bihari Vajpayee Ekana Cricket Stadium, Lucknow",1,20.6,20.6,Netherlands,Sri Lanka,SA Edwards,SA Engelbrecht,D Madushanka,4,0,,,,,,true,,,,,,,
1384410,2023/24,2023-10-21,"Bharat Ratna Shri Atal Bihari Vajpayee Ekana Cricket Stadium, Lucknow",1,21.1,21.1,Netherlands,Sri Lanka,SA Engelbrecht,SA Edwards,M Theekshana,1,0,,,,,,,,,,,,,
1384410,2023/24,2023-10-21,"Bharat Ratna Shri Atal Bihari Vajpayee Ekana Cricket Stadium, Lucknow",1,21.2,21.2,Netherlands,Sri Lanka,SA Edwards,SA Engelbrecht,M Theekshana,0,0,,,,,,,bowled,SA Edwards,,,,,
1384410,2023/24,2023-10-21,"Bharat Ratna Shri Atal Bihari Vajpayee Ekana Cricket Stadium, Lucknow",1,21.3,21.3,Netherlands,Sri Lanka,LV van Beek,SA Engelbrecht,M Theekshana,1,0,,,,,,,,,,,,,
1384410,2023/24,2023-10-21,"Bharat Ratna Shri Atal Bihari Vajpayee Ekana Cricket Stadium, Lucknow",1,21.4,21.4,Netherlands,Sri Lanka,SA Engelbrecht,LV van Beek,M Theekshana,0,0,,,,,,,,,,,,,
1384410,2023/24,2023-10-21,"Bharat Ratna Shri Atal Bihari Vajpayee Ekana Cricket Stadium, Lucknow",1,21.5,21.5,Netherlands,Sri Lanka,SA Engelbrecht,LV van Beek,M Theekshana,0,0,,,,,,,,,,,,,
1384410,2023/24,2023-10-21,"Bharat Ratna Shri Atal Bihari Vajpayee Ekana Cricket Stadium, Lucknow",1,21.6,21.6,Netherlands,Sri Lanka,SA Engelbrecht,LV van Beek,M Theekshana,0,0,,,,,,,,,,,,,
1384410,2023/24,2023-10-21,"Bharat Ratna Shri Atal Bihari Vajpayee Ekana Cricket Stadium, Lucknow",1,22.1,22.1,Netherlands,Sri Lanka,LV van Beek,SA Engelbrecht,C Karunaratne,0,0,,,,,,,,,,,,,
1384410,2023/24,2023-10-21,"Bharat Ratna Shri Atal Bihari Vajpayee Ekana Cricket Stadium, Lucknow",1,22.2,22.2,Netherlands,Sri Lanka,LV van Beek,SA Engelbrecht,C Karunaratne,1,0,,,,,,,,,,,,,
1384410,2023/24,2023-10-21,"Bharat Ratna Shri Atal Bihari Vajpayee Ekana Cricket Stadium, Lucknow",1,22.3,22.3,Netherlands,Sri Lanka,SA Engelbrecht,LV van Beek,C Karunaratne,0,0,,,,,,,,,,,,,
1384410,2023/24,2023-10-21,"Bharat Ratna Shri Atal Bihari Vajpayee Ekana Cricket Stadium, Lucknow",1,22.4,22.4,Netherlands,Sri Lanka,SA Engelbrecht,LV van Beek,C Karunaratne,1,0,,,,,,,,,,,,,
1384410,2023/24,2023-10-21,"Bharat Ratna Shri Atal Bihari Vajpayee Ekana Cricket Stadium, Lucknow",1,22.5,22.5,Netherlands,Sri Lanka,LV van Beek,SA Engelbrecht,C Karunaratne,0,0,,,,,,,,,,,,,
1384410,2023/24,2023-10-21,"Bharat Ratna Shri Atal Bihari Vajpayee Ekana Cricket Stadium, Lucknow",1,22.6,22.6,Netherlands,Sri Lanka,LV van Beek,SA Engelbrecht,C Karunaratne,1,0,,,,,,,,,,,,,
1384410,2023/24,2023-10-21,"Bharat Ratna Shri Atal Bihari Vajpayee Ekana Cricket Stadium, Lucknow",1,23.1,23.1,Netherlands,Sri Lanka,LV van Beek,SA Engelbrecht,M Theekshana,0,0,,,,,,,,,,,,,
1384410,2023/24,2023-10-21,"Bharat Ratna Shri Atal Bihari Vajpayee Ekana Cricket Stadium, Lucknow",1,23.2,23.2,Netherlands,Sri Lanka,LV van Beek,SA Engelbrecht,M Theekshana,0,1,1,,,,,,,,,,,,
1384410,2023/24,2023-10-21,"Bharat Ratna Shri Atal Bihari Vajpayee Ekana Cricket Stadium, Lucknow",1,23.3,23.2,Netherlands,Sri Lanka,LV van Beek,SA Engelbrecht,M Theekshana,0,0,,,,,,,,,,,,,
1384410,2023/24,2023-10-21,"Bharat Ratna Shri Atal Bihari Vajpayee Ekana Cricket Stadium, Lucknow",1,23.4,23.3,Netherlands,Sri Lanka,LV van Beek,SA Engelbrecht,M Theekshana,0,0,,,,,,,,,,,,,
1384410,2023/24,2023-10-21,"Bharat Ratna Shri Atal Bihari Vajpayee Ekana Cricket Stadium, Lucknow",1,23.5,23.4,Netherlands,Sri Lanka,LV van Beek,SA Engelbrecht,M Theekshana,0,0,,,,,,,,,,,,,
1384410,2023/24,2023-10-21,"Bharat Ratna Shri Atal Bihari Vajpayee Ekana Cricket Stadium, Lucknow",1,23.6,23.5,Netherlands,Sri Lanka,LV van Beek,SA Engelbrecht,M Theekshana,3,0,,,,,,,,,,,,,
1384410,2023/24,2023-10-21,"Bharat Ratna Shri Atal Bihari Vajpayee Ekana Cricket Stadium, Lucknow",1,23.7,23.6,Netherlands,Sri Lanka,SA Engelbrecht,LV van Beek,M Theekshana,1,0,,,,,,,,,,,,,
1384410,2023/24,2023-10-21,"Bharat Ratna Shri Atal Bihari Vajpayee Ekana Cricket Stadium, Lucknow",1,24.1,24.1,Netherlands,Sri Lanka,SA Engelbrecht,LV van Beek,MADI Hemantha,1,0,,,,,,,,,,,,,
1384410,2023/24,2023-10-21,"Bharat Ratna Shri Atal Bihari Vajpayee Ekana Cricket Stadium, Lucknow",1,24.2,24.2,Netherlands,Sri Lanka,LV van Beek,SA Engelbrecht,MADI Hemantha,0,0,,,,,,,,,,,,,
1384410,2023/24,2023-10-21,"Bharat Ratna Shri Atal Bihari Vajpayee Ekana Cricket Stadium, Lucknow",1,24.3,24.3,Netherlands,Sri Lanka,LV van Beek,SA Engelbrecht,MADI Hemantha,0,0,,,,,,,,,,,,,
1384410,2023/24,2023-10-21,"Bharat Ratna Shri Atal Bihari Vajpayee Ekana Cricket Stadium, Lucknow",1,24.4,24.4,Netherlands,Sri Lanka,LV van Beek,SA Engelbrecht,MADI Hemantha,0,0,,,,,,,,,,,,,
1384410,2023/24,2023-10-21,"Bharat Ratna Shri Atal Bihari Vajpayee Ekana Cricket Stadium, Lucknow",1,24.5,24.5,Netherlands,Sri Lanka,LV van Beek,SA Engelbrecht,MADI Hemantha,1,0,,,,,,,,,,,,,
1384410,2023/24,2023-10-21,"Bharat Ratna Shri Atal Bihari Vajpayee Ekana Cricket Stadium, Lucknow",1,24.6,24.6,Netherlands,Sri Lanka,SA Engelbrecht,LV van Beek,MADI Hemantha,1,0,,,,,,,,,,,,,
1384410,2023/24,2023-10-21,"Bharat Ratna Shri Atal Bihari Vajpayee Ekana Cricket Stadium, Lucknow",1,25.1,25.1,Netherlands,Sri Lanka,SA Engelbrecht,LV van Beek,M Theekshana,1,0,,,,,,,,,,,,,
1384410,2023/24,2023-10-21,"Bharat Ratna Shri Atal Bihari Vajpayee Ekana Cricket Stadium, Lucknow",1,25.2,25.2,Netherlands,Sri Lanka,LV van Beek,SA Engelbrecht,M Theekshana,0,0,,,,,,,,,,,,,
1384410,2023/24,2023-10-21,"Bharat Ratna Shri Atal Bihari Vajpayee Ekana Cricket Stadium, Lucknow",1,25.3,25.3,Netherlands,Sri Lanka,LV van Beek,SA Engelbrecht,M Theekshana,0,0,,,,,,,,,,,,,
1384410,2023/24,2023-10-21,"Bharat Ratna Shri Atal Bihari Vajpayee Ekana Cricket Stadium, Lucknow",1,25.4,25.4,Netherlands,Sri Lanka,LV van Beek,SA Engelbrecht,M Theekshana,1,0,,,,,,,,,,,,,
1384410,2023/24,2023-10-21,"Bharat Ratna Shri Atal Bihari Vajpayee Ekana Cricket Stadium, Lucknow",1,25.5,25.5,Netherlands,Sri Lanka,SA Engelbrecht,LV van Beek,M Theekshana,0,0,,,,,,,,,,,,,
1384410,2023/24,2023-10-21,"Bharat Ratna Shri Atal Bihari Vajpayee Ekana Cricket Stadium, Lucknow",1,25.6,25.6,Netherlands,Sri Lanka,SA Engelbrecht,LV van Beek,M Theekshana,1,0,,,,,,,,,,,,,
1384410,2023/24,2023-10-21,"Bharat Ratna Shri Atal Bihari Vajpayee Ekana Cricket Stadium, Lucknow",1,26.1,26.1,Netherlands,Sri Lanka,SA Engelbrecht,LV van Beek,MADI Hemantha,0,0,,,,,,,,,,,,,
1384410,2023/24,2023-10-21,"Bharat Ratna Shri Atal Bihari Vajpayee Ekana Cricket Stadium, Lucknow",1,26.2,26.2,Netherlands,Sri Lanka,SA Engelbrecht,LV van Beek,MADI Hemantha,1,0,,,,,,,,,,,,,
1384410,2023/24,2023-10-21,"Bharat Ratna Shri Atal Bihari Vajpayee Ekana Cricket Stadium, Lucknow",1,26.3,26.3,Netherlands,Sri Lanka,LV van Beek,SA Engelbrecht,MADI Hemantha,2,0,,,,,,,,,,,,,
1384410,2023/24,2023-10-21,"Bharat Ratna Shri Atal Bihari Vajpayee Ekana Cricket Stadium, Lucknow",1,26.4,26.4,Netherlands,Sri Lanka,LV van Beek,SA Engelbrecht,MADI Hemantha,0,0,,,,,,,,,,,,,
1384410,2023/24,2023-10-21,"Bharat Ratna Shri Atal Bihari Vajpayee Ekana Cricket Stadium, Lucknow",1,26.5,26.5,Netherlands,Sri Lanka,LV van Beek,SA Engelbrecht,MADI Hemantha,0,0,,,,,,,,,,,,,
1384410,2023/24,2023-10-21,"Bharat Ratna Shri Atal Bihari Vajpayee Ekana Cricket Stadium, Lucknow",1,26.6,26.6,Netherlands,Sri Lanka,LV van Beek,SA Engelbrecht,MADI Hemantha,1,0,,,,,,,,,,,,,
1384410,2023/24,2023-10-21,"Bharat Ratna Shri Atal Bihari Vajpayee Ekana Cricket Stadium, Lucknow",1,27.1,27.1,Netherlands,Sri Lanka,LV van Beek,SA Engelbrecht,M Theekshana,1,0,,,,,,,,,,,,,
1384410,2023/24,2023-10-21,"Bharat Ratna Shri Atal Bihari Vajpayee Ekana Cricket Stadium, Lucknow",1,27.2,27.2,Netherlands,Sri Lanka,SA Engelbrecht,LV van Beek,M Theekshana,0,0,,,,,,,,,,,,,
1384410,2023/24,2023-10-21,"Bharat Ratna Shri Atal Bihari Vajpayee Ekana Cricket Stadium, Lucknow",1,27.3,27.3,Netherlands,Sri Lanka,SA Engelbrecht,LV van Beek,M Theekshana,0,0,,,,,,,,,,,,,
1384410,2023/24,2023-10-21,"Bharat Ratna Shri Atal Bihari Vajpayee Ekana Cricket Stadium, Lucknow",1,27.4,27.4,Netherlands,Sri Lanka,SA Engelbrecht,LV van Beek,M Theekshana,1,0,,,,,,,,,,,,,
1384410,2023/24,2023-10-21,"Bharat Ratna Shri Atal Bihari Vajpayee Ekana Cricket Stadium, Lucknow",1,27.5,27.5,Netherlands,Sri Lanka,LV van Beek,SA Engelbrecht,M Theekshana,1,0,,,,,,,,,,,,,
1384410,2023/24,2023-10-21,"Bharat Ratna Shri Atal Bihari Vajpayee Ekana Cricket Stadium, Lucknow",1,27.6,27.6,Netherlands,Sri Lanka,SA Engelbrecht,LV van Beek,M Theekshana,1,0,,,,,,,,,,,,,
1384410,2023/24,2023-10-21,"Bharat Ratna Shri Atal Bihari Vajpayee Ekana Cricket Stadium, Lucknow",1,28.1,28.1,Netherlands,Sri Lanka,SA Engelbrecht,LV van Beek,MADI Hemantha,0,0,,,,,,,,,,,,,
1384410,2023/24,2023-10-21,"Bharat Ratna Shri Atal Bihari Vajpayee Ekana Cricket Stadium, Lucknow",1,28.2,28.2,Netherlands,Sri Lanka,SA Engelbrecht,LV van Beek,MADI Hemantha,0,0,,,,,,,,,,,,,
1384410,2023/24,2023-10-21,"Bharat Ratna Shri Atal Bihari Vajpayee Ekana Cricket Stadium, Lucknow",1,28.3,28.3,Netherlands,Sri Lanka,SA Engelbrecht,LV van Beek,MADI Hemantha,1,0,,,,,,,,,,,,,
1384410,2023/24,2023-10-21,"Bharat Ratna Shri Atal Bihari Vajpayee Ekana Cricket Stadium, Lucknow",1,28.4,28.4,Netherlands,Sri Lanka,LV van Beek,SA Engelbrecht,MADI Hemantha,1,0,,,,,,,,,,,,,
1384410,2023/24,2023-10-21,"Bharat Ratna Shri Atal Bihari Vajpayee Ekana Cricket Stadium, Lucknow",1,28.5,28.5,Netherlands,Sri Lanka,SA Engelbrecht,LV van Beek,MADI Hemantha,0,0,,,,,,,,,,,,,
1384410,2023/24,2023-10-21,"Bharat Ratna Shri Atal Bihari Vajpayee Ekana Cricket Stadium, Lucknow",1,28.6,28.6,Netherlands,Sri Lanka,SA Engelbrecht,LV van Beek,MADI Hemantha,0,0,,,,,,,,,,,,,
1384410,2023/24,2023-10-21,"Bharat Ratna Shri Atal Bihari Vajpayee Ekana Cricket Stadium, Lucknow",1,29.1,29.1,Netherlands,Sri Lanka,LV van Beek,SA Engelbrecht,DM de Silva,3,0,,,,,,,,,,,,,
1384410,2023/24,2023-10-21,"Bharat Ratna Shri Atal Bihari Vajpayee Ekana Cricket Stadium, Lucknow",1,29.2,29.2,Netherlands,Sri Lanka,SA Engelbrecht,LV van Beek,DM de Silva,0,0,,,,,,,,,,,,,
1384410,2023/24,2023-10-21,"Bharat Ratna Shri Atal Bihari Vajpayee Ekana Cricket Stadium, Lucknow",1,29.3,29.3,Netherlands,Sri Lanka,SA Engelbrecht,LV van Beek,DM de Silva,0,0,,,,,,,,,,,,,
1384410,2023/24,2023-10-21,"Bharat Ratna Shri Atal Bihari Vajpayee Ekana Cricket Stadium, Lucknow",1,29.4,29.4,Netherlands,Sri Lanka,SA Engelbrecht,LV van Beek,DM de Silva,0,1,1,,,,,,,,,,,,
1384410,2023/24,2023-10-21,"Bharat Ratna Shri Atal Bihari Vajpayee Ekana Cricket Stadium, Lucknow",1,29.5,29.4,Netherlands,Sri Lanka,SA Engelbrecht,LV van Beek,DM de Silva,1,0,,,,,,,,,,,,,
1384410,2023/24,2023-10-21,"Bharat Ratna Shri Atal Bihari Vajpayee Ekana Cricket Stadium, Lucknow",1,29.6,29.5,Netherlands,Sri Lanka,LV van Beek,SA Engelbrecht,DM de Silva,0,0,,,,,,,,,,,,,
1384410,2023/24,2023-10-21,"Bharat Ratna Shri Atal Bihari Vajpayee Ekana Cricket Stadium, Lucknow",1,29.7,29.6,Netherlands,Sri Lanka,LV van Beek,SA Engelbrecht,DM de Silva,0,0,,,,,,,,,,,,,
1384410,2023/24,2023-10-21,"Bharat Ratna Shri Atal Bihari Vajpayee Ekana Cricket Stadium, Lucknow",1,30.1,30.1,Netherlands,Sri Lanka,SA Engelbrecht,LV van Beek,MADI Hemantha,4,0,,,,,,,,,,,,,
1384410,2023/24,2023-10-21,"Bharat Ratna Shri Atal Bihari Vajpayee Ekana Cricket Stadium, Lucknow",1,30.2,30.2,Netherlands,Sri Lanka,SA Engelbrecht,LV van Beek,MADI Hemantha,0,0,,,,,,,,,,,,,
1384410,2023/24,2023-10-21,"Bharat Ratna Shri Atal Bihari Vajpayee Ekana Cricket Stadium, Lucknow",1,30.3,30.3,Netherlands,Sri Lanka,SA Engelbrecht,LV van Beek,MADI Hemantha,1,0,,,,,,,,,,,,,
1384410,2023/24,2023-10-21,"Bharat Ratna Shri Atal Bihari Vajpayee Ekana Cricket Stadium, Lucknow",1,30.4,30.4,Netherlands,Sri Lanka,LV van Beek,SA Engelbrecht,MADI Hemantha,2,0,,,,,,,,,,,,,
1384410,2023/24,2023-10-21,"Bharat Ratna Shri Atal Bihari Vajpayee Ekana Cricket Stadium, Lucknow",1,30.5,30.5,Netherlands,Sri Lanka,LV van Beek,SA Engelbrecht,MADI Hemantha,0,0,,,,,,,,,,,,,
1384410,2023/24,2023-10-21,"Bharat Ratna Shri Atal Bihari Vajpayee Ekana Cricket Stadium, Lucknow",1,30.6,30.6,Netherlands,Sri Lanka,LV van Beek,SA Engelbrecht,MADI Hemantha,1,0,,,,,,,,,,,,,
1384410,2023/24,2023-10-21,"Bharat Ratna Shri Atal Bihari Vajpayee Ekana Cricket Stadium, Lucknow",1,31.1,31.1,Netherlands,Sri Lanka,LV van Beek,SA Engelbrecht,DM de Silva,1,0,,,,,,,,,,,,,
1384410,2023/24,2023-10-21,"Bharat Ratna Shri Atal Bihari Vajpayee Ekana Cricket Stadium, Lucknow",1,31.2,31.2,Netherlands,Sri Lanka,SA Engelbrecht,LV van Beek,DM de Silva,0,0,,,,,,,,,,,,,
1384410,2023/24,2023-10-21,"Bharat Ratna Shri Atal Bihari Vajpayee Ekana Cricket Stadium, Lucknow",1,31.3,31.3,Netherlands,Sri Lanka,SA Engelbrecht,LV van Beek,DM de Silva,0,0,,,,,,,,,,,,,
1384410,2023/24,2023-10-21,"Bharat Ratna Shri Atal Bihari Vajpayee Ekana Cricket Stadium, Lucknow",1,31.4,31.4,Netherlands,Sri Lanka,SA Engelbrecht,LV van Beek,DM de Silva,0,0,,,,,,,,,,,,,
1384410,2023/24,2023-10-21,"Bharat Ratna Shri Atal Bihari Vajpayee Ekana Cricket Stadium, Lucknow",1,31.5,31.5,Netherlands,Sri Lanka,SA Engelbrecht,LV van Beek,DM de Silva,1,0,,,,,,,,,,,,,
1384410,2023/24,2023-10-21,"Bharat Ratna Shri Atal Bihari Vajpayee Ekana Cricket Stadium, Lucknow",1,31.6,31.6,Netherlands,Sri Lanka,LV van Beek,SA Engelbrecht,DM de Silva,0,0,,,,,,,,,,,,,
1384410,2023/24,2023-10-21,"Bharat Ratna Shri Atal Bihari Vajpayee Ekana Cricket Stadium, Lucknow",1,32.1,32.1,Netherlands,Sri Lanka,SA Engelbrecht,LV van Beek,MADI Hemantha,2,0,,,,,,,,,,,,,
1384410,2023/24,2023-10-21,"Bharat Ratna Shri Atal Bihari Vajpayee Ekana Cricket Stadium, Lucknow",1,32.2,32.2,Netherlands,Sri Lanka,SA Engelbrecht,LV van Beek,MADI Hemantha,0,0,,,,,,,,,,,,,
1384410,2023/24,2023-10-21,"Bharat Ratna Shri Atal Bihari Vajpayee Ekana Cricket Stadium, Lucknow",1,32.3,32.3,Netherlands,Sri Lanka,SA Engelbrecht,LV van Beek,MADI Hemantha,0,0,,,,,,,,,,,,,
1384410,2023/24,2023-10-21,"Bharat Ratna Shri Atal Bihari Vajpayee Ekana Cricket Stadium, Lucknow",1,32.4,32.4,Netherlands,Sri Lanka,SA Engelbrecht,LV van Beek,MADI Hemantha,0,0,,,,,,,,,,,,,
1384410,2023/24,2023-10-21,"Bharat Ratna Shri Atal Bihari Vajpayee Ekana Cricket Stadium, Lucknow",1,32.5,32.5,Netherlands,Sri Lanka,SA Engelbrecht,LV van Beek,MADI Hemantha,1,0,,,,,,,,,,,,,
1384410,2023/24,2023-10-21,"Bharat Ratna Shri Atal Bihari Vajpayee Ekana Cricket Stadium, Lucknow",1,32.6,32.6,Netherlands,Sri Lanka,LV van Beek,SA Engelbrecht,MADI Hemantha,0,0,,,,,,,,,,,,,
1384410,2023/24,2023-10-21,"Bharat Ratna Shri Atal Bihari Vajpayee Ekana Cricket Stadium, Lucknow",1,33.1,33.1,Netherlands,Sri Lanka,SA Engelbrecht,LV van Beek,C Karunaratne,1,0,,,,,,,,,,,,,
1384410,2023/24,2023-10-21,"Bharat Ratna Shri Atal Bihari Vajpayee Ekana Cricket Stadium, Lucknow",1,33.2,33.2,Netherlands,Sri Lanka,LV van Beek,SA Engelbrecht,C Karunaratne,0,0,,,,,,,,,,,,,
1384410,2023/24,2023-10-21,"Bharat Ratna Shri Atal Bihari Vajpayee Ekana Cricket Stadium, Lucknow",1,33.3,33.3,Netherlands,Sri Lanka,LV van Beek,SA Engelbrecht,C Karunaratne,1,0,,,,,,,,,,,,,
1384410,2023/24,2023-10-21,"Bharat Ratna Shri Atal Bihari Vajpayee Ekana Cricket Stadium, Lucknow",1,33.4,33.4,Netherlands,Sri Lanka,SA Engelbrecht,LV van Beek,C Karunaratne,0,0,,,,,,,,,,,,,
1384410,2023/24,2023-10-21,"Bharat Ratna Shri Atal Bihari Vajpayee Ekana Cricket Stadium, Lucknow",1,33.5,33.5,Netherlands,Sri Lanka,SA Engelbrecht,LV van Beek,C Karunaratne,0,1,1,,,,,,,,,,,,
1384410,2023/24,2023-10-21,"Bharat Ratna Shri Atal Bihari Vajpayee Ekana Cricket Stadium, Lucknow",1,33.6,33.5,Netherlands,Sri Lanka,SA Engelbrecht,LV van Beek,C Karunaratne,0,5,5,,,,,,,,,,,,
1384410,2023/24,2023-10-21,"Bharat Ratna Shri Atal Bihari Vajpayee Ekana Cricket Stadium, Lucknow",1,33.7,33.5,Netherlands,Sri Lanka,SA Engelbrecht,LV van Beek,C Karunaratne,1,0,,,,,,,,,,,,,
1384410,2023/24,2023-10-21,"Bharat Ratna Shri Atal Bihari Vajpayee Ekana Cricket Stadium, Lucknow",1,33.8,33.6,Netherlands,Sri Lanka,LV van Beek,SA Engelbrecht,C Karunaratne,2,0,,,,,,,,,,,,,
1384410,2023/24,2023-10-21,"Bharat Ratna Shri Atal Bihari Vajpayee Ekana Cricket Stadium, Lucknow",1,34.1,34.1,Netherlands,Sri Lanka,SA Engelbrecht,LV van Beek,MADI Hemantha,4,0,,,,,,,,,,,,,
1384410,2023/24,2023-10-21,"Bharat Ratna Shri Atal Bihari Vajpayee Ekana Cricket Stadium, Lucknow",1,34.2,34.2,Netherlands,Sri Lanka,SA Engelbrecht,LV van Beek,MADI Hemantha,0,0,,,,,,,,,,,,,
1384410,2023/24,2023-10-21,"Bharat Ratna Shri Atal Bihari Vajpayee Ekana Cricket Stadium, Lucknow",1,34.3,34.3,Netherlands,Sri Lanka,SA Engelbrecht,LV van Beek,MADI Hemantha,1,0,,,,,,,,,,,,,
1384410,2023/24,2023-10-21,"Bharat Ratna Shri Atal Bihari Vajpayee Ekana Cricket Stadium, Lucknow",1,34.4,34.4,Netherlands,Sri Lanka,LV van Beek,SA Engelbrecht,MADI Hemantha,1,0,,,,,,,,,,,,,
1384410,2023/24,2023-10-21,"Bharat Ratna Shri Atal Bihari Vajpayee Ekana Cricket Stadium, Lucknow",1,34.5,34.5,Netherlands,Sri Lanka,SA Engelbrecht,LV van Beek,MADI Hemantha,0,0,,,,,,,,,,,,,
1384410,2023/24,2023-10-21,"Bharat Ratna Shri Atal Bihari Vajpayee Ekana Cricket Stadium, Lucknow",1,34.6,34.6,Netherlands,Sri Lanka,SA Engelbrecht,LV van Beek,MADI Hemantha,0,0,,,,,,,,,,,,,
1384410,2023/24,2023-10-21,"Bharat Ratna Shri Atal Bihari Vajpayee Ekana Cricket Stadium, Lucknow",1,35.1,35.1,Netherlands,Sri Lanka,LV van Beek,SA Engelbrecht,DM de Silva,1,0,,,,,,,,,,,,,
1384410,2023/24,2023-10-21,"Bharat Ratna Shri Atal Bihari Vajpayee Ekana Cricket Stadium, Lucknow",1,35.2,35.2,Netherlands,Sri Lanka,SA Engelbrecht,LV van Beek,DM de Silva,0,0,,,,,,,,,,,,,
1384410,2023/24,2023-10-21,"Bharat Ratna Shri Atal Bihari Vajpayee Ekana Cricket Stadium, Lucknow",1,35.3,35.3,Netherlands,Sri Lanka,SA Engelbrecht,LV van Beek,DM de Silva,0,0,,,,,,,,,,,,,
1384410,2023/24,2023-10-21,"Bharat Ratna Shri Atal Bihari Vajpayee Ekana Cricket Stadium, Lucknow",1,35.4,35.4,Netherlands,Sri Lanka,SA Engelbrecht,LV van Beek,DM de Silva,1,0,,,,,,,,,,,,,
1384410,2023/24,2023-10-21,"Bharat Ratna Shri Atal Bihari Vajpayee Ekana Cricket Stadium, Lucknow",1,35.5,35.5,Netherlands,Sri Lanka,LV van Beek,SA Engelbrecht,DM de Silva,0,0,,,,,,,,,,,,,
1384410,2023/24,2023-10-21,"Bharat Ratna Shri Atal Bihari Vajpayee Ekana Cricket Stadium, Lucknow",1,35.6,35.6,Netherlands,Sri Lanka,LV van Beek,SA Engelbrecht,DM de Silva,0,0,,,,,,,,,,,,,
1384410,2023/24,2023-10-21,"Bharat Ratna Shri Atal Bihari Vajpayee Ekana Cricket Stadium, Lucknow",1,36.1,36.1,Netherlands,Sri Lanka,SA Engelbrecht,LV van Beek,MADI Hemantha,1,0,,,,,,,,,,,,,
1384410,2023/24,2023-10-21,"Bharat Ratna Shri Atal Bihari Vajpayee Ekana Cricket Stadium, Lucknow",1,36.2,36.2,Netherlands,Sri Lanka,LV van Beek,SA Engelbrecht,MADI Hemantha,1,0,,,,,,,,,,,,,
1384410,2023/24,2023-10-21,"Bharat Ratna Shri Atal Bihari Vajpayee Ekana Cricket Stadium, Lucknow",1,36.3,36.3,Netherlands,Sri Lanka,SA Engelbrecht,LV van Beek,MADI Hemantha,4,0,,,,,,,,,,,,,
1384410,2023/24,2023-10-21,"Bharat Ratna Shri Atal Bihari Vajpayee Ekana Cricket Stadium, Lucknow",1,36.4,36.4,Netherlands,Sri Lanka,SA Engelbrecht,LV van Beek,MADI Hemantha,1,0,,,,,,,,,,,,,
1384410,2023/24,2023-10-21,"Bharat Ratna Shri Atal Bihari Vajpayee Ekana Cricket Stadium, Lucknow",1,36.5,36.5,Netherlands,Sri Lanka,LV van Beek,SA Engelbrecht,MADI Hemantha,0,0,,,,,,,,,,,,,
1384410,2023/24,2023-10-21,"Bharat Ratna Shri Atal Bihari Vajpayee Ekana Cricket Stadium, Lucknow",1,36.6,36.6,Netherlands,Sri Lanka,LV van Beek,SA Engelbrecht,MADI Hemantha,1,0,,,,,,,,,,,,,
1384410,2023/24,2023-10-21,"Bharat Ratna Shri Atal Bihari Vajpayee Ekana Cricket Stadium, Lucknow",1,37.1,37.1,Netherlands,Sri Lanka,LV van Beek,SA Engelbrecht,DM de Silva,1,0,,,,,,,,,,,,,
1384410,2023/24,2023-10-21,"Bharat Ratna Shri Atal Bihari Vajpayee Ekana Cricket Stadium, Lucknow",1,37.2,37.2,Netherlands,Sri Lanka,SA Engelbrecht,LV van Beek,DM de Silva,0,0,,,,,,,,,,,,,
1384410,2023/24,2023-10-21,"Bharat Ratna Shri Atal Bihari Vajpayee Ekana Cricket Stadium, Lucknow",1,37.3,37.3,Netherlands,Sri Lanka,SA Engelbrecht,LV van Beek,DM de Silva,0,1,1,,,,,,,,,,,,
1384410,2023/24,2023-10-21,"Bharat Ratna Shri Atal Bihari Vajpayee Ekana Cricket Stadium, Lucknow",1,37.4,37.3,Netherlands,Sri Lanka,SA Engelbrecht,LV van Beek,DM de Silva,0,0,,,,,,,,,,,,,
1384410,2023/24,2023-10-21,"Bharat Ratna Shri Atal Bihari Vajpayee Ekana Cricket Stadium, Lucknow",1,37.5,37.4,Netherlands,Sri Lanka,SA Engelbrecht,LV van Beek,DM de Silva,1,0,,,,,,,,,,,,,
1384410,2023/24,2023-10-21,"Bharat Ratna Shri Atal Bihari Vajpayee Ekana Cricket Stadium, Lucknow",1,37.6,37.5,Netherlands,Sri Lanka,LV van Beek,SA Engelbrecht,DM de Silva,0,1,1,,,,,,,,,,,,
1384410,2023/24,2023-10-21,"Bharat Ratna Shri Atal Bihari Vajpayee Ekana Cricket Stadium, Lucknow",1,37.7,37.5,Netherlands,Sri Lanka,LV van Beek,SA Engelbrecht,DM de Silva,0,0,,,,,,,,,,,,,
1384410,2023/24,2023-10-21,"Bharat Ratna Shri Atal Bihari Vajpayee Ekana Cricket Stadium, Lucknow",1,37.8,37.6,Netherlands,Sri Lanka,LV van Beek,SA Engelbrecht,DM de Silva,0,0,,,,,,,,,,,,,
1384410,2023/24,2023-10-21,"Bharat Ratna Shri Atal Bihari Vajpayee Ekana Cricket Stadium, Lucknow",1,38.1,38.1,Netherlands,Sri Lanka,SA Engelbrecht,LV van Beek,MADI Hemantha,0,0,,,,,,,,,,,,,
1384410,2023/24,2023-10-21,"Bharat Ratna Shri Atal Bihari Vajpayee Ekana Cricket Stadium, Lucknow",1,38.2,38.2,Netherlands,Sri Lanka,SA Engelbrecht,LV van Beek,MADI Hemantha,6,0,,,,,,,,,,,,,
1384410,2023/24,2023-10-21,"Bharat Ratna Shri Atal Bihari Vajpayee Ekana Cricket Stadium, Lucknow",1,38.3,38.3,Netherlands,Sri Lanka,SA Engelbrecht,LV van Beek,MADI Hemantha,0,0,,,,,,,,,,,,,
1384410,2023/24,2023-10-21,"Bharat Ratna Shri Atal Bihari Vajpayee Ekana Cricket Stadium, Lucknow",1,38.4,38.4,Netherlands,Sri Lanka,SA Engelbrecht,LV van Beek,MADI Hemantha,0,0,,,,,,,,,,,,,
1384410,2023/24,2023-10-21,"Bharat Ratna Shri Atal Bihari Vajpayee Ekana Cricket Stadium, Lucknow",1,38.5,38.5,Netherlands,Sri Lanka,SA Engelbrecht,LV van Beek,MADI Hemantha,1,0,,,,,,,,,,,,,
1384410,2023/24,2023-10-21,"Bharat Ratna Shri Atal Bihari Vajpayee Ekana Cricket Stadium, Lucknow",1,38.6,38.6,Netherlands,Sri Lanka,LV van Beek,SA Engelbrecht,MADI Hemantha,1,0,,,,,,,,,,,,,
1384410,2023/24,2023-10-21,"Bharat Ratna Shri Atal Bihari Vajpayee Ekana Cricket Stadium, Lucknow",1,39.1,39.1,Netherlands,Sri Lanka,LV van Beek,SA Engelbrecht,M Theekshana,2,0,,,,,,,,,,,,,
1384410,2023/24,2023-10-21,"Bharat Ratna Shri Atal Bihari Vajpayee Ekana Cricket Stadium, Lucknow",1,39.2,39.2,Netherlands,Sri Lanka,LV van Beek,SA Engelbrecht,M Theekshana,0,0,,,,,,,,,,,,,
1384410,2023/24,2023-10-21,"Bharat Ratna Shri Atal Bihari Vajpayee Ekana Cricket Stadium, Lucknow",1,39.3,39.3,Netherlands,Sri Lanka,LV van Beek,SA Engelbrecht,M Theekshana,0,0,,,,,,,,,,,,,
1384410,2023/24,2023-10-21,"Bharat Ratna Shri Atal Bihari Vajpayee Ekana Cricket Stadium, Lucknow",1,39.4,39.4,Netherlands,Sri Lanka,LV van Beek,SA Engelbrecht,M Theekshana,0,0,,,,,,,,,,,,,
1384410,2023/24,2023-10-21,"Bharat Ratna Shri Atal Bihari Vajpayee Ekana Cricket Stadium, Lucknow",1,39.5,39.5,Netherlands,Sri Lanka,LV van Beek,SA Engelbrecht,M Theekshana,0,0,,,,,,,,,,,,,
1384410,2023/24,2023-10-21,"Bharat Ratna Shri Atal Bihari Vajpayee Ekana Cricket Stadium, Lucknow",1,39.6,39.6,Netherlands,Sri Lanka,LV van Beek,SA Engelbrecht,M Theekshana,0,0,,,,,,,,,,,,,
1384410,2023/24,2023-10-21,"Bharat Ratna Shri Atal Bihari Vajpayee Ekana Cricket Stadium, Lucknow",1,40.1,40.1,Netherlands,Sri Lanka,SA Engelbrecht,LV van Beek,CAK Rajitha,2,0,,,,,,,,,,,,,
1384410,2023/24,2023-10-21,"Bharat Ratna Shri Atal Bihari Vajpayee Ekana Cricket Stadium, Lucknow",1,40.2,40.2,Netherlands,Sri Lanka,SA Engelbrecht,LV van Beek,CAK Rajitha,1,0,,,,,,,,,,,,,
1384410,2023/24,2023-10-21,"Bharat Ratna Shri Atal Bihari Vajpayee Ekana Cricket Stadium, Lucknow",1,40.3,40.3,Netherlands,Sri Lanka,LV van Beek,SA Engelbrecht,CAK Rajitha,1,0,,,,,,,,,,,,,
1384410,2023/24,2023-10-21,"Bharat Ratna Shri Atal Bihari Vajpayee Ekana Cricket Stadium, Lucknow",1,40.4,40.4,Netherlands,Sri Lanka,SA Engelbrecht,LV van Beek,CAK Rajitha,2,0,,,,,,,,,,,,,
1384410,2023/24,2023-10-21,"Bharat Ratna Shri Atal Bihari Vajpayee Ekana Cricket Stadium, Lucknow",1,40.5,40.5,Netherlands,Sri Lanka,SA Engelbrecht,LV van Beek,CAK Rajitha,0,1,1,,,,,,,,,,,,
1384410,2023/24,2023-10-21,"Bharat Ratna Shri Atal Bihari Vajpayee Ekana Cricket Stadium, Lucknow",1,40.6,40.5,Netherlands,Sri Lanka,SA Engelbrecht,LV van Beek,CAK Rajitha,4,0,,,,,,,,,,,,,
1384410,2023/24,2023-10-21,"Bharat Ratna Shri Atal Bihari Vajpayee Ekana Cricket Stadium, Lucknow",1,40.7,40.6,Netherlands,Sri Lanka,SA Engelbrecht,LV van Beek,CAK Rajitha,1,0,,,,,,,,,,,,,
1384410,2023/24,2023-10-21,"Bharat Ratna Shri Atal Bihari Vajpayee Ekana Cricket Stadium, Lucknow",1,41.1,41.1,Netherlands,Sri Lanka,SA Engelbrecht,LV van Beek,M Theekshana,1,0,,,,,,,,,,,,,
1384410,2023/24,2023-10-21,"Bharat Ratna Shri Atal Bihari Vajpayee Ekana Cricket Stadium, Lucknow",1,41.2,41.2,Netherlands,Sri Lanka,LV van Beek,SA Engelbrecht,M Theekshana,1,0,,,,,,,,,,,,,
1384410,2023/24,2023-10-21,"Bharat Ratna Shri Atal Bihari Vajpayee Ekana Cricket Stadium, Lucknow",1,41.3,41.3,Netherlands,Sri Lanka,SA Engelbrecht,LV van Beek,M Theekshana,0,0,,,,,,,,,,,,,
1384410,2023/24,2023-10-21,"Bharat Ratna Shri Atal Bihari Vajpayee Ekana Cricket Stadium, Lucknow",1,41.4,41.4,Netherlands,Sri Lanka,SA Engelbrecht,LV van Beek,M Theekshana,2,0,,,,,,,,,,,,,
1384410,2023/24,2023-10-21,"Bharat Ratna Shri Atal Bihari Vajpayee Ekana Cricket Stadium, Lucknow",1,41.5,41.5,Netherlands,Sri Lanka,SA Engelbrecht,LV van Beek,M Theekshana,1,0,,,,,,,,,,,,,
1384410,2023/24,2023-10-21,"Bharat Ratna Shri Atal Bihari Vajpayee Ekana Cricket Stadium, Lucknow",1,41.6,41.6,Netherlands,Sri Lanka,LV van Beek,SA Engelbrecht,M Theekshana,1,0,,,,,,,,,,,,,
1384410,2023/24,2023-10-21,"Bharat Ratna Shri Atal Bihari Vajpayee Ekana Cricket Stadium, Lucknow",1,42.1,42.1,Netherlands,Sri Lanka,LV van Beek,SA Engelbrecht,C Karunaratne,1,0,,,,,,,,,,,,,
1384410,2023/24,2023-10-21,"Bharat Ratna Shri Atal Bihari Vajpayee Ekana Cricket Stadium, Lucknow",1,42.2,42.2,Netherlands,Sri Lanka,SA Engelbrecht,LV van Beek,C Karunaratne,0,5,,,,,5,,,,,,,,
1384410,2023/24,2023-10-21,"Bharat Ratna Shri Atal Bihari Vajpayee Ekana Cricket Stadium, Lucknow",1,42.3,42.3,Netherlands,Sri Lanka,SA Engelbrecht,LV van Beek,C Karunaratne,2,0,,,,,,,,,,,,,
1384410,2023/24,2023-10-21,"Bharat Ratna Shri Atal Bihari Vajpayee Ekana Cricket Stadium, Lucknow",1,42.4,42.4,Netherlands,Sri Lanka,SA Engelbrecht,LV van Beek,C Karunaratne,1,0,,,,,,,,,,,,,
1384410,2023/24,2023-10-21,"Bharat Ratna Shri Atal Bihari Vajpayee Ekana Cricket Stadium, Lucknow",1,42.5,42.5,Netherlands,Sri Lanka,LV van Beek,SA Engelbrecht,C Karunaratne,0,0,,,,,,,,,,,,,
1384410,2023/24,2023-10-21,"Bharat Ratna Shri Atal Bihari Vajpayee Ekana Cricket Stadium, Lucknow",1,42.6,42.6,Netherlands,Sri Lanka,LV van Beek,SA Engelbrecht,C Karunaratne,2,0,,,,,,,,,,,,,
1384410,2023/24,2023-10-21,"Bharat Ratna Shri Atal Bihari Vajpayee Ekana Cricket Stadium, Lucknow",1,43.1,43.1,Netherlands,Sri Lanka,SA Engelbrecht,LV van Beek,M Theekshana,1,0,,,,,,,,,,,,,
1384410,2023/24,2023-10-21,"Bharat Ratna Shri Atal Bihari Vajpayee Ekana Cricket Stadium, Lucknow",1,43.2,43.2,Netherlands,Sri Lanka,LV van Beek,SA Engelbrecht,M Theekshana,1,0,,,,,,,,,,,,,
1384410,2023/24,2023-10-21,"Bharat Ratna Shri Atal Bihari Vajpayee Ekana Cricket Stadium, Lucknow",1,43.3,43.3,Netherlands,Sri Lanka,SA Engelbrecht,LV van Beek,M Theekshana,1,0,,,,,,,,,,,,,
1384410,2023/24,2023-10-21,"Bharat Ratna Shri Atal Bihari Vajpayee Ekana Cricket Stadium, Lucknow",1,43.4,43.4,Netherlands,Sri Lanka,LV van Beek,SA Engelbrecht,M Theekshana,0,0,,,,,,,,,,,,,
1384410,2023/24,2023-10-21,"Bharat Ratna Shri Atal Bihari Vajpayee Ekana Cricket Stadium, Lucknow",1,43.5,43.5,Netherlands,Sri Lanka,LV van Beek,SA Engelbrecht,M Theekshana,0,2,2,,,,,,,,,,,,
1384410,2023/24,2023-10-21,"Bharat Ratna Shri Atal Bihari Vajpayee Ekana Cricket Stadium, Lucknow",1,43.6,43.5,Netherlands,Sri Lanka,SA Engelbrecht,LV van Beek,M Theekshana,0,0,,,,,,,,,,,,,
1384410,2023/24,2023-10-21,"Bharat Ratna Shri Atal Bihari Vajpayee Ekana Cricket Stadium, Lucknow",1,43.7,43.6,Netherlands,Sri Lanka,SA Engelbrecht,LV van Beek,M Theekshana,2,0,,,,,,,,,,,,,
1384410,2023/24,2023-10-21,"Bharat Ratna Shri Atal Bihari Vajpayee Ekana Cricket Stadium, Lucknow",1,44.1,44.1,Netherlands,Sri Lanka,LV van Beek,SA Engelbrecht,C Karunaratne,2,0,,,,,,,,,,,,,
1384410,2023/24,2023-10-21,"Bharat Ratna Shri Atal Bihari Vajpayee Ekana Cricket Stadium, Lucknow",1,44.2,44.2,Netherlands,Sri Lanka,LV van Beek,SA Engelbrecht,C Karunaratne,1,0,,,,,,,,,,,,,
1384410,2023/24,2023-10-21,"Bharat Ratna Shri Atal Bihari Vajpayee Ekana Cricket Stadium, Lucknow",1,44.3,44.3,Netherlands,Sri Lanka,SA Engelbrecht,LV van Beek,C Karunaratne,1,0,,,,,,,,,,,,,
1384410,2023/24,2023-10-21,"Bharat Ratna Shri Atal Bihari Vajpayee Ekana Cricket Stadium, Lucknow",1,44.4,44.4,Netherlands,Sri Lanka,LV van Beek,SA Engelbrecht,C Karunaratne,1,0,,,,,,,,,,,,,
1384410,2023/24,2023-10-21,"Bharat Ratna Shri Atal Bihari Vajpayee Ekana Cricket Stadium, Lucknow",1,44.5,44.5,Netherlands,Sri Lanka,SA Engelbrecht,LV van Beek,C Karunaratne,1,0,,,,,,,,,,,,,
1384410,2023/24,2023-10-21,"Bharat Ratna Shri Atal Bihari Vajpayee Ekana Cricket Stadium, Lucknow",1,44.6,44.6,Netherlands,Sri Lanka,LV van Beek,SA Engelbrecht,C Karunaratne,4,0,,,,,,,,,,,,,
1384410,2023/24,2023-10-21,"Bharat Ratna Shri Atal Bihari Vajpayee Ekana Cricket Stadium, Lucknow",1,45.1,45.1,Netherlands,Sri Lanka,SA Engelbrecht,LV van Beek,D Madushanka,0,0,,,,,,,bowled,SA Engelbrecht,,,,,
1384410,2023/24,2023-10-21,"Bharat Ratna Shri Atal Bihari Vajpayee Ekana Cricket Stadium, Lucknow",1,45.2,45.2,Netherlands,Sri Lanka,RE van der Merwe,LV van Beek,D Madushanka,0,1,1,,,,,,,,,,,,
1384410,2023/24,2023-10-21,"Bharat Ratna Shri Atal Bihari Vajpayee Ekana Cricket Stadium, Lucknow",1,45.3,45.2,Netherlands,Sri Lanka,RE van der Merwe,LV van Beek,D Madushanka,0,1,1,,,,,,,,,,,,
1384410,2023/24,2023-10-21,"Bharat Ratna Shri Atal Bihari Vajpayee Ekana Cricket Stadium, Lucknow",1,45.4,45.2,Netherlands,Sri Lanka,RE van der Merwe,LV van Beek,D Madushanka,1,0,,,,,,,,,,,,,
1384410,2023/24,2023-10-21,"Bharat Ratna Shri Atal Bihari Vajpayee Ekana Cricket Stadium, Lucknow",1,45.5,45.3,Netherlands,Sri Lanka,LV van Beek,RE van der Merwe,D Madushanka,1,0,,,,,,,,,,,,,
1384410,2023/24,2023-10-21,"Bharat Ratna Shri Atal Bihari Vajpayee Ekana Cricket Stadium, Lucknow",1,45.6,45.4,Netherlands,Sri Lanka,RE van der Merwe,LV van Beek,D Madushanka,1,0,,,,,,,,,,,,,
1384410,2023/24,2023-10-21,"Bharat Ratna Shri Atal Bihari Vajpayee Ekana Cricket Stadium, Lucknow",1,45.7,45.5,Netherlands,Sri Lanka,LV van Beek,RE van der Merwe,D Madushanka,1,0,,,,,,,,,,,,,
1384410,2023/24,2023-10-21,"Bharat Ratna Shri Atal Bihari Vajpayee Ekana Cricket Stadium, Lucknow",1,45.8,45.6,Netherlands,Sri Lanka,RE van der Merwe,LV van Beek,D Madushanka,0,1,1,,,,,,,,,,,,
1384410,2023/24,2023-10-21,"Bharat Ratna Shri Atal Bihari Vajpayee Ekana Cricket Stadium, Lucknow",1,45.9,45.6,Netherlands,Sri Lanka,RE van der Merwe,LV van Beek,D Madushanka,2,0,,,,,,,,,,,,,
1384410,2023/24,2023-10-21,"Bharat Ratna Shri Atal Bihari Vajpayee Ekana Cricket Stadium, Lucknow",1,46.1,46.1,Netherlands,Sri Lanka,LV van Beek,RE van der Merwe,C Karunaratne,1,0,,,,,,,,,,,,,
1384410,2023/24,2023-10-21,"Bharat Ratna Shri Atal Bihari Vajpayee Ekana Cricket Stadium, Lucknow",1,46.2,46.2,Netherlands,Sri Lanka,RE van der Merwe,LV van Beek,C Karunaratne,0,0,,,,,,,,,,,,,
1384410,2023/24,2023-10-21,"Bharat Ratna Shri Atal Bihari Vajpayee Ekana Cricket Stadium, Lucknow",1,46.3,46.3,Netherlands,Sri Lanka,RE van der Merwe,LV van Beek,C Karunaratne,0,1,1,,,,,,,,,,,,
1384410,2023/24,2023-10-21,"Bharat Ratna Shri Atal Bihari Vajpayee Ekana Cricket Stadium, Lucknow",1,46.4,46.3,Netherlands,Sri Lanka,RE van der Merwe,LV van Beek,C Karunaratne,1,0,,,,,,,,,,,,,
1384410,2023/24,2023-10-21,"Bharat Ratna Shri Atal Bihari Vajpayee Ekana Cricket Stadium, Lucknow",1,46.5,46.4,Netherlands,Sri Lanka,LV van Beek,RE van der Merwe,C Karunaratne,0,1,1,,,,,,,,,,,,
1384410,2023/24,2023-10-21,"Bharat Ratna Shri Atal Bihari Vajpayee Ekana Cricket Stadium, Lucknow",1,46.6,46.4,Netherlands,Sri Lanka,LV van Beek,RE van der Merwe,C Karunaratne,6,0,,,,,,,,,,,,,
1384410,2023/24,2023-10-21,"Bharat Ratna Shri Atal Bihari Vajpayee Ekana Cricket Stadium, Lucknow",1,46.7,46.5,Netherlands,Sri Lanka,LV van Beek,RE van der Merwe,C Karunaratne,1,0,,,,,,,,,,,,,
1384410,2023/24,2023-10-21,"Bharat Ratna Shri Atal Bihari Vajpayee Ekana Cricket Stadium, Lucknow",1,46.8,46.6,Netherlands,Sri Lanka,RE van der Merwe,LV van Beek,C Karunaratne,2,0,,,,,,,,,,,,,
1384410,2023/24,2023-10-21,"Bharat Ratna Shri Atal Bihari Vajpayee Ekana Cricket Stadium, Lucknow",1,47.1,47.1,Netherlands,Sri Lanka,LV van Beek,RE van der Merwe,D Madushanka,1,0,,,,,,,,,,,,,
1384410,2023/24,2023-10-21,"Bharat Ratna Shri Atal Bihari Vajpayee Ekana Cricket Stadium, Lucknow",1,47.2,47.2,Netherlands,Sri Lanka,RE van der Merwe,LV van Beek,D Madushanka,0,0,,,,,,,caught,RE van der Merwe,,,BKG Mendis,,
1384410,2023/24,2023-10-21,"Bharat Ratna Shri Atal Bihari Vajpayee Ekana Cricket Stadium, Lucknow",1,47.3,47.3,Netherlands,Sri Lanka,A Dutt,LV van Beek,D Madushanka,0,0,,,,,,,,,,,,,
1384410,2023/24,2023-10-21,"Bharat Ratna Shri Atal Bihari Vajpayee Ekana Cricket Stadium, Lucknow",1,47.4,47.4,Netherlands,Sri Lanka,A Dutt,LV van Beek,D Madushanka,1,0,,,,,,,,,,,,,
1384410,2023/24,2023-10-21,"Bharat Ratna Shri Atal Bihari Vajpayee Ekana Cricket Stadium, Lucknow",1,47.5,47.5,Netherlands,Sri Lanka,LV van Beek,A Dutt,D Madushanka,0,0,,,,,,,,,,,,,
1384410,2023/24,2023-10-21,"Bharat Ratna Shri Atal Bihari Vajpayee Ekana Cricket Stadium, Lucknow",1,47.6,47.6,Netherlands,Sri Lanka,LV van Beek,A Dutt,D Madushanka,1,0,,,,,,,,,,,,,
1384410,2023/24,2023-10-21,"Bharat Ratna Shri Atal Bihari Vajpayee Ekana Cricket Stadium, Lucknow",1,48.1,48.1,Netherlands,Sri Lanka,LV van Beek,A Dutt,CAK Rajitha,0,2,2,,,,,,,,,,,,
1384410,2023/24,2023-10-21,"Bharat Ratna Shri Atal Bihari Vajpayee Ekana Cricket Stadium, Lucknow",1,48.2,48.1,Netherlands,Sri Lanka,A Dutt,LV van Beek,CAK Rajitha,0,1,1,,,,,,,,,,,,
1384410,2023/24,2023-10-21,"Bharat Ratna Shri Atal Bihari Vajpayee Ekana Cricket Stadium, Lucknow",1,48.3,48.1,Netherlands,Sri Lanka,A Dutt,LV van Beek,CAK Rajitha,2,0,,,,,,,,,,,,,
1384410,2023/24,2023-10-21,"Bharat Ratna Shri Atal Bihari Vajpayee Ekana Cricket Stadium, Lucknow",1,48.4,48.2,Netherlands,Sri Lanka,A Dutt,LV van Beek,CAK Rajitha,1,0,,,,,,,,,,,,,
1384410,2023/24,2023-10-21,"Bharat Ratna Shri Atal Bihari Vajpayee Ekana Cricket Stadium, Lucknow",1,48.5,48.3,Netherlands,Sri Lanka,LV van Beek,A Dutt,CAK Rajitha,0,0,,,,,,,,,,,,,
1384410,2023/24,2023-10-21,"Bharat Ratna Shri Atal Bihari Vajpayee Ekana Cricket Stadium, Lucknow",1,48.6,48.4,Netherlands,Sri Lanka,LV van Beek,A Dutt,CAK Rajitha,0,0,,,,,,,caught,LV van Beek,,,KIC Asalanka,,
1384410,2023/24,2023-10-21,"Bharat Ratna Shri Atal Bihari Vajpayee Ekana Cricket Stadium, Lucknow",1,48.7,48.5,Netherlands,Sri Lanka,PA van Meekeren,A Dutt,CAK Rajitha,1,0,,,,,,,,,,,,,
1384410,2023/24,2023-10-21,"Bharat Ratna Shri Atal Bihari Vajpayee Ekana Cricket Stadium, Lucknow",1,48.8,48.6,Netherlands,Sri Lanka,A Dutt,PA van Meekeren,CAK Rajitha,4,0,,,,,,,,,,,,,
1384410,2023/24,2023-10-21,"Bharat Ratna Shri Atal Bihari Vajpayee Ekana Cricket Stadium, Lucknow",1,49.1,49.1,Netherlands,Sri Lanka,PA van Meekeren,A Dutt,D Madushanka,1,0,,,,,,,,,,,,,
1384410,2023/24,2023-10-21,"Bharat Ratna Shri Atal Bihari Vajpayee Ekana Cricket Stadium, Lucknow",1,49.2,49.2,Netherlands,Sri Lanka,A Dutt,PA van Meekeren,D Madushanka,1,0,,,,,,,,,,,,,
1384410,2023/24,2023-10-21,"Bharat Ratna Shri Atal Bihari Vajpayee Ekana Cricket Stadium, Lucknow",1,49.3,49.3,Netherlands,Sri Lanka,PA van Meekeren,A Dutt,D Madushanka,0,0,,,,,,,,,,,,,
1384410,2023/24,2023-10-21,"Bharat Ratna Shri Atal Bihari Vajpayee Ekana Cricket Stadium, Lucknow",1,49.4,49.4,Netherlands,Sri Lanka,PA van Meekeren,A Dutt,D Madushanka,2,0,,,,,,,,,,,,,
1384410,2023/24,2023-10-21,"Bharat Ratna Shri Atal Bihari Vajpayee Ekana Cricket Stadium, Lucknow",1,49.5,49.5,Netherlands,Sri Lanka,PA van Meekeren,A Dutt,D Madushanka,0,1,,1,,,,,run out,PA van Meekeren,,,BKG Mendis,D Madushanka,
1384410,2023/24,2023-10-21,"Bharat Ratna Shri Atal Bihari Vajpayee Ekana Cricket Stadium, Lucknow",2,0.1,0.1,Sri Lanka,Netherlands,P Nissanka,MDKJ Perera,A Dutt,0,0,,,,,,,,,,,,,
1384410,2023/24,2023-10-21,"Bharat Ratna Shri Atal Bihari Vajpayee Ekana Cricket Stadium, Lucknow",2,0.2,0.2,Sri Lanka,Netherlands,P Nissanka,MDKJ Perera,A Dutt,0,0,,,,,,,,,,,,,
1384410,2023/24,2023-10-21,"Bharat Ratna Shri Atal Bihari Vajpayee Ekana Cricket Stadium, Lucknow",2,0.3,0.3,Sri Lanka,Netherlands,P Nissanka,MDKJ Perera,A Dutt,0,0,,,,,,,,,,,,,
1384410,2023/24,2023-10-21,"Bharat Ratna Shri Atal Bihari Vajpayee Ekana Cricket Stadium, Lucknow",2,0.4,0.4,Sri Lanka,Netherlands,P Nissanka,MDKJ Perera,A Dutt,0,0,,,,,,,,,,,,,
1384410,2023/24,2023-10-21,"Bharat Ratna Shri Atal Bihari Vajpayee Ekana Cricket Stadium, Lucknow",2,0.5,0.5,Sri Lanka,Netherlands,P Nissanka,MDKJ Perera,A Dutt,1,0,,,,,,,,,,,,,
1384410,2023/24,2023-10-21,"Bharat Ratna Shri Atal Bihari Vajpayee Ekana Cricket Stadium, Lucknow",2,0.6,0.6,Sri Lanka,Netherlands,MDKJ Perera,P Nissanka,A Dutt,0,0,,,,,,,,,,,,,
1384410,2023/24,2023-10-21,"Bharat Ratna Shri Atal Bihari Vajpayee Ekana Cricket Stadium, Lucknow",2,1.1,1.1,Sri Lanka,Netherlands,P Nissanka,MDKJ Perera,LV van Beek,0,0,,,,,,,,,,,,,
1384410,2023/24,2023-10-21,"Bharat Ratna Shri Atal Bihari Vajpayee Ekana Cricket Stadium, Lucknow",2,1.2,1.2,Sri Lanka,Netherlands,P Nissanka,MDKJ Perera,LV van Beek,2,0,,,,,,,,,,,,,
1384410,2023/24,2023-10-21,"Bharat Ratna Shri Atal Bihari Vajpayee Ekana Cricket Stadium, Lucknow",2,1.3,1.3,Sri Lanka,Netherlands,P Nissanka,MDKJ Perera,LV van Beek,0,0,,,,,,,,,,,,,
1384410,2023/24,2023-10-21,"Bharat Ratna Shri Atal Bihari Vajpayee Ekana Cricket Stadium, Lucknow",2,1.4,1.4,Sri Lanka,Netherlands,P Nissanka,MDKJ Perera,LV van Beek,0,0,,,,,,,,,,,,,
1384410,2023/24,2023-10-21,"Bharat Ratna Shri Atal Bihari Vajpayee Ekana Cricket Stadium, Lucknow",2,1.5,1.5,Sri Lanka,Netherlands,P Nissanka,MDKJ Perera,LV van Beek,0,0,,,,,,,,,,,,,
1384410,2023/24,2023-10-21,"Bharat Ratna Shri Atal Bihari Vajpayee Ekana Cricket Stadium, Lucknow",2,1.6,1.6,Sri Lanka,Netherlands,P Nissanka,MDKJ Perera,LV van Beek,0,0,,,,,,,,,,,,,
1384410,2023/24,2023-10-21,"Bharat Ratna Shri Atal Bihari Vajpayee Ekana Cricket Stadium, Lucknow",2,2.1,2.1,Sri Lanka,Netherlands,MDKJ Perera,P Nissanka,A Dutt,0,0,,,,,,,,,,,,,
1384410,2023/24,2023-10-21,"Bharat Ratna Shri Atal Bihari Vajpayee Ekana Cricket Stadium, Lucknow",2,2.2,2.2,Sri Lanka,Netherlands,MDKJ Perera,P Nissanka,A Dutt,0,0,,,,,,,,,,,,,
1384410,2023/24,2023-10-21,"Bharat Ratna Shri Atal Bihari Vajpayee Ekana Cricket Stadium, Lucknow",2,2.3,2.3,Sri Lanka,Netherlands,MDKJ Perera,P Nissanka,A Dutt,1,0,,,,,,,,,,,,,
1384410,2023/24,2023-10-21,"Bharat Ratna Shri Atal Bihari Vajpayee Ekana Cricket Stadium, Lucknow",2,2.4,2.4,Sri Lanka,Netherlands,P Nissanka,MDKJ Perera,A Dutt,0,0,,,,,,,,,,,,,
1384410,2023/24,2023-10-21,"Bharat Ratna Shri Atal Bihari Vajpayee Ekana Cricket Stadium, Lucknow",2,2.5,2.5,Sri Lanka,Netherlands,P Nissanka,MDKJ Perera,A Dutt,0,1,1,,,,,,,,,,,,
1384410,2023/24,2023-10-21,"Bharat Ratna Shri Atal Bihari Vajpayee Ekana Cricket Stadium, Lucknow",2,2.6,2.5,Sri Lanka,Netherlands,P Nissanka,MDKJ Perera,A Dutt,1,0,,,,,,,,,,,,,
1384410,2023/24,2023-10-21,"Bharat Ratna Shri Atal Bihari Vajpayee Ekana Cricket Stadium, Lucknow",2,2.7,2.6,Sri Lanka,Netherlands,MDKJ Perera,P Nissanka,A Dutt,0,0,,,,,,,,,,,,,
1384410,2023/24,2023-10-21,"Bharat Ratna Shri Atal Bihari Vajpayee Ekana Cricket Stadium, Lucknow",2,3.1,3.1,Sri Lanka,Netherlands,P Nissanka,MDKJ Perera,LV van Beek,0,0,,,,,,,,,,,,,
1384410,2023/24,2023-10-21,"Bharat Ratna Shri Atal Bihari Vajpayee Ekana Cricket Stadium, Lucknow",2,3.2,3.2,Sri Lanka,Netherlands,P Nissanka,MDKJ Perera,LV van Beek,0,0,,,,,,,,,,,,,
1384410,2023/24,2023-10-21,"Bharat Ratna Shri Atal Bihari Vajpayee Ekana Cricket Stadium, Lucknow",2,3.3,3.3,Sri Lanka,Netherlands,P Nissanka,MDKJ Perera,LV van Beek,4,0,,,,,,,,,,,,,
1384410,2023/24,2023-10-21,"Bharat Ratna Shri Atal Bihari Vajpayee Ekana Cricket Stadium, Lucknow",2,3.4,3.4,Sri Lanka,Netherlands,P Nissanka,MDKJ Perera,LV van Beek,4,0,,,,,,,,,,,,,
1384410,2023/24,2023-10-21,"Bharat Ratna Shri Atal Bihari Vajpayee Ekana Cricket Stadium, Lucknow",2,3.5,3.5,Sri Lanka,Netherlands,P Nissanka,MDKJ Perera,LV van Beek,0,0,,,,,,,,,,,,,
1384410,2023/24,2023-10-21,"Bharat Ratna Shri Atal Bihari Vajpayee Ekana Cricket Stadium, Lucknow",2,3.6,3.6,Sri Lanka,Netherlands,P Nissanka,MDKJ Perera,LV van Beek,0,0,,,,,,,,,,,,,
1384410,2023/24,2023-10-21,"Bharat Ratna Shri Atal Bihari Vajpayee Ekana Cricket Stadium, Lucknow",2,4.1,4.1,Sri Lanka,Netherlands,MDKJ Perera,P Nissanka,A Dutt,0,0,,,,,,,,,,,,,
1384410,2023/24,2023-10-21,"Bharat Ratna Shri Atal Bihari Vajpayee Ekana Cricket Stadium, Lucknow",2,4.2,4.2,Sri Lanka,Netherlands,MDKJ Perera,P Nissanka,A Dutt,4,0,,,,,,,,,,,,,
1384410,2023/24,2023-10-21,"Bharat Ratna Shri Atal Bihari Vajpayee Ekana Cricket Stadium, Lucknow",2,4.3,4.3,Sri Lanka,Netherlands,MDKJ Perera,P Nissanka,A Dutt,0,0,,,,,,,caught,MDKJ Perera,,,BFW de Leede,,
1384410,2023/24,2023-10-21,"Bharat Ratna Shri Atal Bihari Vajpayee Ekana Cricket Stadium, Lucknow",2,4.4,4.4,Sri Lanka,Netherlands,BKG Mendis,P Nissanka,A Dutt,0,0,,,,,,,,,,,,,
1384410,2023/24,2023-10-21,"Bharat Ratna Shri Atal Bihari Vajpayee Ekana Cricket Stadium, Lucknow",2,4.5,4.5,Sri Lanka,Netherlands,BKG Mendis,P Nissanka,A Dutt,1,0,,,,,,,,,,,,,
1384410,2023/24,2023-10-21,"Bharat Ratna Shri Atal Bihari Vajpayee Ekana Cricket Stadium, Lucknow",2,4.6,4.6,Sri Lanka,Netherlands,P Nissanka,BKG Mendis,A Dutt,1,0,,,,,,,,,,,,,
1384410,2023/24,2023-10-21,"Bharat Ratna Shri Atal Bihari Vajpayee Ekana Cricket Stadium, Lucknow",2,5.1,5.1,Sri Lanka,Netherlands,P Nissanka,BKG Mendis,LV van Beek,1,0,,,,,,,,,,,,,
1384410,2023/24,2023-10-21,"Bharat Ratna Shri Atal Bihari Vajpayee Ekana Cricket Stadium, Lucknow",2,5.2,5.2,Sri Lanka,Netherlands,BKG Mendis,P Nissanka,LV van Beek,0,0,,,,,,,,,,,,,
1384410,2023/24,2023-10-21,"Bharat Ratna Shri Atal Bihari Vajpayee Ekana Cricket Stadium, Lucknow",2,5.3,5.3,Sri Lanka,Netherlands,BKG Mendis,P Nissanka,LV van Beek,4,0,,,,,,,,,,,,,
1384410,2023/24,2023-10-21,"Bharat Ratna Shri Atal Bihari Vajpayee Ekana Cricket Stadium, Lucknow",2,5.4,5.4,Sri Lanka,Netherlands,BKG Mendis,P Nissanka,LV van Beek,0,0,,,,,,,,,,,,,
1384410,2023/24,2023-10-21,"Bharat Ratna Shri Atal Bihari Vajpayee Ekana Cricket Stadium, Lucknow",2,5.5,5.5,Sri Lanka,Netherlands,BKG Mendis,P Nissanka,LV van Beek,0,0,,,,,,,,,,,,,
1384410,2023/24,2023-10-21,"Bharat Ratna Shri Atal Bihari Vajpayee Ekana Cricket Stadium, Lucknow",2,5.6,5.6,Sri Lanka,Netherlands,BKG Mendis,P Nissanka,LV van Beek,0,0,,,,,,,,,,,,,
1384410,2023/24,2023-10-21,"Bharat Ratna Shri Atal Bihari Vajpayee Ekana Cricket Stadium, Lucknow",2,6.1,6.1,Sri Lanka,Netherlands,P Nissanka,BKG Mendis,PA van Meekeren,0,5,5,,,,,,,,,,,,
1384410,2023/24,2023-10-21,"Bharat Ratna Shri Atal Bihari Vajpayee Ekana Cricket Stadium, Lucknow",2,6.2,6.1,Sri Lanka,Netherlands,P Nissanka,BKG Mendis,PA van Meekeren,1,0,,,,,,,,,,,,,
1384410,2023/24,2023-10-21,"Bharat Ratna Shri Atal Bihari Vajpayee Ekana Cricket Stadium, Lucknow",2,6.3,6.2,Sri Lanka,Netherlands,BKG Mendis,P Nissanka,PA van Meekeren,0,0,,,,,,,,,,,,,
1384410,2023/24,2023-10-21,"Bharat Ratna Shri Atal Bihari Vajpayee Ekana Cricket Stadium, Lucknow",2,6.4,6.3,Sri Lanka,Netherlands,BKG Mendis,P Nissanka,PA van Meekeren,1,0,,,,,,,,,,,,,
1384410,2023/24,2023-10-21,"Bharat Ratna Shri Atal Bihari Vajpayee Ekana Cricket Stadium, Lucknow",2,6.5,6.4,Sri Lanka,Netherlands,P Nissanka,BKG Mendis,PA van Meekeren,4,0,,,,,,,,,,,,,
1384410,2023/24,2023-10-21,"Bharat Ratna Shri Atal Bihari Vajpayee Ekana Cricket Stadium, Lucknow",2,6.6,6.5,Sri Lanka,Netherlands,P Nissanka,BKG Mendis,PA van Meekeren,0,0,,,,,,,,,,,,,
1384410,2023/24,2023-10-21,"Bharat Ratna Shri Atal Bihari Vajpayee Ekana Cricket Stadium, Lucknow",2,6.7,6.6,Sri Lanka,Netherlands,P Nissanka,BKG Mendis,PA van Meekeren,0,0,,,,,,,,,,,,,
1384410,2023/24,2023-10-21,"Bharat Ratna Shri Atal Bihari Vajpayee Ekana Cricket Stadium, Lucknow",2,7.1,7.1,Sri Lanka,Netherlands,BKG Mendis,P Nissanka,LV van Beek,1,0,,,,,,,,,,,,,
1384410,2023/24,2023-10-21,"Bharat Ratna Shri Atal Bihari Vajpayee Ekana Cricket Stadium, Lucknow",2,7.2,7.2,Sri Lanka,Netherlands,P Nissanka,BKG Mendis,LV van Beek,0,0,,,,,,,,,,,,,
1384410,2023/24,2023-10-21,"Bharat Ratna Shri Atal Bihari Vajpayee Ekana Cricket Stadium, Lucknow",2,7.3,7.3,Sri Lanka,Netherlands,P Nissanka,BKG Mendis,LV van Beek,4,0,,,,,,,,,,,,,
1384410,2023/24,2023-10-21,"Bharat Ratna Shri Atal Bihari Vajpayee Ekana Cricket Stadium, Lucknow",2,7.4,7.4,Sri Lanka,Netherlands,P Nissanka,BKG Mendis,LV van Beek,0,0,,,,,,,,,,,,,
1384410,2023/24,2023-10-21,"Bharat Ratna Shri Atal Bihari Vajpayee Ekana Cricket Stadium, Lucknow",2,7.5,7.5,Sri Lanka,Netherlands,P Nissanka,BKG Mendis,LV van Beek,4,0,,,,,,,,,,,,,
1384410,2023/24,2023-10-21,"Bharat Ratna Shri Atal Bihari Vajpayee Ekana Cricket Stadium, Lucknow",2,7.6,7.6,Sri Lanka,Netherlands,P Nissanka,BKG Mendis,LV van Beek,2,0,,,,,,,,,,,,,
1384410,2023/24,2023-10-21,"Bharat Ratna Shri Atal Bihari Vajpayee Ekana Cricket Stadium, Lucknow",2,8.1,8.1,Sri Lanka,Netherlands,BKG Mendis,P Nissanka,PA van Meekeren,0,0,,,,,,,,,,,,,
1384410,2023/24,2023-10-21,"Bharat Ratna Shri Atal Bihari Vajpayee Ekana Cricket Stadium, Lucknow",2,8.2,8.2,Sri Lanka,Netherlands,BKG Mendis,P Nissanka,PA van Meekeren,0,0,,,,,,,,,,,,,
1384410,2023/24,2023-10-21,"Bharat Ratna Shri Atal Bihari Vajpayee Ekana Cricket Stadium, Lucknow",2,8.3,8.3,Sri Lanka,Netherlands,BKG Mendis,P Nissanka,PA van Meekeren,0,0,,,,,,,,,,,,,
1384410,2023/24,2023-10-21,"Bharat Ratna Shri Atal Bihari Vajpayee Ekana Cricket Stadium, Lucknow",2,8.4,8.4,Sri Lanka,Netherlands,BKG Mendis,P Nissanka,PA van Meekeren,0,0,,,,,,,,,,,,,
1384410,2023/24,2023-10-21,"Bharat Ratna Shri Atal Bihari Vajpayee Ekana Cricket Stadium, Lucknow",2,8.5,8.5,Sri Lanka,Netherlands,BKG Mendis,P Nissanka,PA van Meekeren,0,0,,,,,,,,,,,,,
1384410,2023/24,2023-10-21,"Bharat Ratna Shri Atal Bihari Vajpayee Ekana Cricket Stadium, Lucknow",2,8.6,8.6,Sri Lanka,Netherlands,BKG Mendis,P Nissanka,PA van Meekeren,4,0,,,,,,,,,,,,,
1384410,2023/24,2023-10-21,"Bharat Ratna Shri Atal Bihari Vajpayee Ekana Cricket Stadium, Lucknow",2,9.1,9.1,Sri Lanka,Netherlands,P Nissanka,BKG Mendis,A Dutt,0,0,,,,,,,,,,,,,
1384410,2023/24,2023-10-21,"Bharat Ratna Shri Atal Bihari Vajpayee Ekana Cricket Stadium, Lucknow",2,9.2,9.2,Sri Lanka,Netherlands,P Nissanka,BKG Mendis,A Dutt,1,0,,,,,,,,,,,,,
1384410,2023/24,2023-10-21,"Bharat Ratna Shri Atal Bihari Vajpayee Ekana Cricket Stadium, Lucknow",2,9.3,9.3,Sri Lanka,Netherlands,BKG Mendis,P Nissanka,A Dutt,0,0,,,,,,,caught,BKG Mendis,,,PA van Meekeren,,
1384410,2023/24,2023-10-21,"Bharat Ratna Shri Atal Bihari Vajpayee Ekana Cricket Stadium, Lucknow",2,9.4,9.4,Sri Lanka,Netherlands,S Samarawickrama,P Nissanka,A Dutt,0,0,,,,,,,,,,,,,
1384410,2023/24,2023-10-21,"Bharat Ratna Shri Atal Bihari Vajpayee Ekana Cricket Stadium, Lucknow",2,9.5,9.5,Sri Lanka,Netherlands,S Samarawickrama,P Nissanka,A Dutt,0,0,,,,,,,,,,,,,
1384410,2023/24,2023-10-21,"Bharat Ratna Shri Atal Bihari Vajpayee Ekana Cricket Stadium, Lucknow",2,9.6,9.6,Sri Lanka,Netherlands,S Samarawickrama,P Nissanka,A Dutt,0,4,,,4,,,,,,,,,,
1384410,2023/24,2023-10-21,"Bharat Ratna Shri Atal Bihari Vajpayee Ekana Cricket Stadium, Lucknow",2,10.1,10.1,Sri Lanka,Netherlands,P Nissanka,S Samarawickrama,PA van Meekeren,0,0,,,,,,,,,,,,,
1384410,2023/24,2023-10-21,"Bharat Ratna Shri Atal Bihari Vajpayee Ekana Cricket Stadium, Lucknow",2,10.2,10.2,Sri Lanka,Netherlands,P Nissanka,S Samarawickrama,PA van Meekeren,1,0,,,,,,,,,,,,,
1384410,2023/24,2023-10-21,"Bharat Ratna Shri Atal Bihari Vajpayee Ekana Cricket Stadium, Lucknow",2,10.3,10.3,Sri Lanka,Netherlands,S Samarawickrama,P Nissanka,PA van Meekeren,1,0,,,,,,,,,,,,,
1384410,2023/24,2023-10-21,"Bharat Ratna Shri Atal Bihari Vajpayee Ekana Cricket Stadium, Lucknow",2,10.4,10.4,Sri Lanka,Netherlands,P Nissanka,S Samarawickrama,PA van Meekeren,1,0,,,,,,,,,,,,,
1384410,2023/24,2023-10-21,"Bharat Ratna Shri Atal Bihari Vajpayee Ekana Cricket Stadium, Lucknow",2,10.5,10.5,Sri Lanka,Netherlands,S Samarawickrama,P Nissanka,PA van Meekeren,1,0,,,,,,,,,,,,,
1384410,2023/24,2023-10-21,"Bharat Ratna Shri Atal Bihari Vajpayee Ekana Cricket Stadium, Lucknow",2,10.6,10.6,Sri Lanka,Netherlands,P Nissanka,S Samarawickrama,PA van Meekeren,0,0,,,,,,,,,,,,,
1384410,2023/24,2023-10-21,"Bharat Ratna Shri Atal Bihari Vajpayee Ekana Cricket Stadium, Lucknow",2,11.1,11.1,Sri Lanka,Netherlands,S Samarawickrama,P Nissanka,A Dutt,3,0,,,,,,,,,,,,,
1384410,2023/24,2023-10-21,"Bharat Ratna Shri Atal Bihari Vajpayee Ekana Cricket Stadium, Lucknow",2,11.2,11.2,Sri Lanka,Netherlands,P Nissanka,S Samarawickrama,A Dutt,1,0,,,,,,,,,,,,,
1384410,2023/24,2023-10-21,"Bharat Ratna Shri Atal Bihari Vajpayee Ekana Cricket Stadium, Lucknow",2,11.3,11.3,Sri Lanka,Netherlands,S Samarawickrama,P Nissanka,A Dutt,0,0,,,,,,,,,,,,,
1384410,2023/24,2023-10-21,"Bharat Ratna Shri Atal Bihari Vajpayee Ekana Cricket Stadium, Lucknow",2,11.4,11.4,Sri Lanka,Netherlands,S Samarawickrama,P Nissanka,A Dutt,4,0,,,,,,,,,,,,,
1384410,2023/24,2023-10-21,"Bharat Ratna Shri Atal Bihari Vajpayee Ekana Cricket Stadium, Lucknow",2,11.5,11.5,Sri Lanka,Netherlands,S Samarawickrama,P Nissanka,A Dutt,0,0,,,,,,,,,,,,,
1384410,2023/24,2023-10-21,"Bharat Ratna Shri Atal Bihari Vajpayee Ekana Cricket Stadium, Lucknow",2,11.6,11.6,Sri Lanka,Netherlands,S Samarawickrama,P Nissanka,A Dutt,2,0,,,,,,,,,,,,,
1384410,2023/24,2023-10-21,"Bharat Ratna Shri Atal Bihari Vajpayee Ekana Cricket Stadium, Lucknow",2,12.1,12.1,Sri Lanka,Netherlands,P Nissanka,S Samarawickrama,BFW de Leede,0,0,,,,,,,,,,,,,
1384410,2023/24,2023-10-21,"Bharat Ratna Shri Atal Bihari Vajpayee Ekana Cricket Stadium, Lucknow",2,12.2,12.2,Sri Lanka,Netherlands,P Nissanka,S Samarawickrama,BFW de Leede,0,0,,,,,,,,,,,,,
1384410,2023/24,2023-10-21,"Bharat Ratna Shri Atal Bihari Vajpayee Ekana Cricket Stadium, Lucknow",2,12.3,12.3,Sri Lanka,Netherlands,P Nissanka,S Samarawickrama,BFW de Leede,0,0,,,,,,,,,,,,,
1384410,2023/24,2023-10-21,"Bharat Ratna Shri Atal Bihari Vajpayee Ekana Cricket Stadium, Lucknow",2,12.4,12.4,Sri Lanka,Netherlands,P Nissanka,S Samarawickrama,BFW de Leede,4,0,,,,,,,,,,,,,
1384410,2023/24,2023-10-21,"Bharat Ratna Shri Atal Bihari Vajpayee Ekana Cricket Stadium, Lucknow",2,12.5,12.5,Sri Lanka,Netherlands,P Nissanka,S Samarawickrama,BFW de Leede,1,0,,,,,,,,,,,,,
1384410,2023/24,2023-10-21,"Bharat Ratna Shri Atal Bihari Vajpayee Ekana Cricket Stadium, Lucknow",2,12.6,12.6,Sri Lanka,Netherlands,S Samarawickrama,P Nissanka,BFW de Leede,0,0,,,,,,,,,,,,,
1384410,2023/24,2023-10-21,"Bharat Ratna Shri Atal Bihari Vajpayee Ekana Cricket Stadium, Lucknow",2,13.1,13.1,Sri Lanka,Netherlands,P Nissanka,S Samarawickrama,RE van der Merwe,1,0,,,,,,,,,,,,,
1384410,2023/24,2023-10-21,"Bharat Ratna Shri Atal Bihari Vajpayee Ekana Cricket Stadium, Lucknow",2,13.2,13.2,Sri Lanka,Netherlands,S Samarawickrama,P Nissanka,RE van der Merwe,0,0,,,,,,,,,,,,,
1384410,2023/24,2023-10-21,"Bharat Ratna Shri Atal Bihari Vajpayee Ekana Cricket Stadium, Lucknow",2,13.3,13.3,Sri Lanka,Netherlands,S Samarawickrama,P Nissanka,RE van der Merwe,2,0,,,,,,,,,,,,,
1384410,2023/24,2023-10-21,"Bharat Ratna Shri Atal Bihari Vajpayee Ekana Cricket Stadium, Lucknow",2,13.4,13.4,Sri Lanka,Netherlands,S Samarawickrama,P Nissanka,RE van der Merwe,1,0,,,,,,,,,,,,,
1384410,2023/24,2023-10-21,"Bharat Ratna Shri Atal Bihari Vajpayee Ekana Cricket Stadium, Lucknow",2,13.5,13.5,Sri Lanka,Netherlands,P Nissanka,S Samarawickrama,RE van der Merwe,0,0,,,,,,,,,,,,,
1384410,2023/24,2023-10-21,"Bharat Ratna Shri Atal Bihari Vajpayee Ekana Cricket Stadium, Lucknow",2,13.6,13.6,Sri Lanka,Netherlands,P Nissanka,S Samarawickrama,RE van der Merwe,1,0,,,,,,,,,,,,,
1384410,2023/24,2023-10-21,"Bharat Ratna Shri Atal Bihari Vajpayee Ekana Cricket Stadium, Lucknow",2,14.1,14.1,Sri Lanka,Netherlands,P Nissanka,S Samarawickrama,BFW de Leede,0,1,1,,,,,,,,,,,,
1384410,2023/24,2023-10-21,"Bharat Ratna Shri Atal Bihari Vajpayee Ekana Cricket Stadium, Lucknow",2,14.2,14.1,Sri Lanka,Netherlands,P Nissanka,S Samarawickrama,BFW de Leede,2,0,,,,,,,,,,,,,
1384410,2023/24,2023-10-21,"Bharat Ratna Shri Atal Bihari Vajpayee Ekana Cricket Stadium, Lucknow",2,14.3,14.2,Sri Lanka,Netherlands,P Nissanka,S Samarawickrama,BFW de Leede,4,0,,,,,,,,,,,,,
1384410,2023/24,2023-10-21,"Bharat Ratna Shri Atal Bihari Vajpayee Ekana Cricket Stadium, Lucknow",2,14.4,14.3,Sri Lanka,Netherlands,P Nissanka,S Samarawickrama,BFW de Leede,4,0,,,,,,,,,,,,,
1384410,2023/24,2023-10-21,"Bharat Ratna Shri Atal Bihari Vajpayee Ekana Cricket Stadium, Lucknow",2,14.5,14.4,Sri Lanka,Netherlands,P Nissanka,S Samarawickrama,BFW de Leede,0,1,1,,,,,,,,,,,,
1384410,2023/24,2023-10-21,"Bharat Ratna Shri Atal Bihari Vajpayee Ekana Cricket Stadium, Lucknow",2,14.6,14.4,Sri Lanka,Netherlands,P Nissanka,S Samarawickrama,BFW de Leede,4,0,,,,,,,,,,,,,
1384410,2023/24,2023-10-21,"Bharat Ratna Shri Atal Bihari Vajpayee Ekana Cricket Stadium, Lucknow",2,14.7,14.5,Sri Lanka,Netherlands,P Nissanka,S Samarawickrama,BFW de Leede,0,0,,,,,,,,,,,,,
1384410,2023/24,2023-10-21,"Bharat Ratna Shri Atal Bihari Vajpayee Ekana Cricket Stadium, Lucknow",2,14.8,14.6,Sri Lanka,Netherlands,P Nissanka,S Samarawickrama,BFW de Leede,0,0,,,,,,,,,,,,,
1384410,2023/24,2023-10-21,"Bharat Ratna Shri Atal Bihari Vajpayee Ekana Cricket Stadium, Lucknow",2,15.1,15.1,Sri Lanka,Netherlands,S Samarawickrama,P Nissanka,RE van der Merwe,0,0,,,,,,,,,,,,,
1384410,2023/24,2023-10-21,"Bharat Ratna Shri Atal Bihari Vajpayee Ekana Cricket Stadium, Lucknow",2,15.2,15.2,Sri Lanka,Netherlands,S Samarawickrama,P Nissanka,RE van der Merwe,0,0,,,,,,,,,,,,,
1384410,2023/24,2023-10-21,"Bharat Ratna Shri Atal Bihari Vajpayee Ekana Cricket Stadium, Lucknow",2,15.3,15.3,Sri Lanka,Netherlands,S Samarawickrama,P Nissanka,RE van der Merwe,0,0,,,,,,,,,,,,,
1384410,2023/24,2023-10-21,"Bharat Ratna Shri Atal Bihari Vajpayee Ekana Cricket Stadium, Lucknow",2,15.4,15.4,Sri Lanka,Netherlands,S Samarawickrama,P Nissanka,RE van der Merwe,4,0,,,,,,,,,,,,,
1384410,2023/24,2023-10-21,"Bharat Ratna Shri Atal Bihari Vajpayee Ekana Cricket Stadium, Lucknow",2,15.5,15.5,Sri Lanka,Netherlands,S Samarawickrama,P Nissanka,RE van der Merwe,0,0,,,,,,,,,,,,,
1384410,2023/24,2023-10-21,"Bharat Ratna Shri Atal Bihari Vajpayee Ekana Cricket Stadium, Lucknow",2,15.6,15.6,Sri Lanka,Netherlands,S Samarawickrama,P Nissanka,RE van der Merwe,4,0,,,,,,,,,,,,,
1384410,2023/24,2023-10-21,"Bharat Ratna Shri Atal Bihari Vajpayee Ekana Cricket Stadium, Lucknow",2,16.1,16.1,Sri Lanka,Netherlands,P Nissanka,S Samarawickrama,PA van Meekeren,0,0,,,,,,,caught,P Nissanka,,,SA Edwards,,
1384410,2023/24,2023-10-21,"Bharat Ratna Shri Atal Bihari Vajpayee Ekana Cricket Stadium, Lucknow",2,16.2,16.2,Sri Lanka,Netherlands,KIC Asalanka,S Samarawickrama,PA van Meekeren,0,0,,,,,,,,,,,,,
1384410,2023/24,2023-10-21,"Bharat Ratna Shri Atal Bihari Vajpayee Ekana Cricket Stadium, Lucknow",2,16.3,16.3,Sri Lanka,Netherlands,KIC Asalanka,S Samarawickrama,PA van Meekeren,0,0,,,,,,,,,,,,,
1384410,2023/24,2023-10-21,"Bharat Ratna Shri Atal Bihari Vajpayee Ekana Cricket Stadium, Lucknow",2,16.4,16.4,Sri Lanka,Netherlands,KIC Asalanka,S Samarawickrama,PA van Meekeren,0,0,,,,,,,,,,,,,
1384410,2023/24,2023-10-21,"Bharat Ratna Shri Atal Bihari Vajpayee Ekana Cricket Stadium, Lucknow",2,16.5,16.5,Sri Lanka,Netherlands,KIC Asalanka,S Samarawickrama,PA van Meekeren,0,0,,,,,,,,,,,,,
1384410,2023/24,2023-10-21,"Bharat Ratna Shri Atal Bihari Vajpayee Ekana Cricket Stadium, Lucknow",2,16.6,16.6,Sri Lanka,Netherlands,KIC Asalanka,S Samarawickrama,PA van Meekeren,0,0,,,,,,,,,,,,,
1384410,2023/24,2023-10-21,"Bharat Ratna Shri Atal Bihari Vajpayee Ekana Cricket Stadium, Lucknow",2,17.1,17.1,Sri Lanka,Netherlands,S Samarawickrama,KIC Asalanka,A Dutt,1,0,,,,,,,,,,,,,
1384410,2023/24,2023-10-21,"Bharat Ratna Shri Atal Bihari Vajpayee Ekana Cricket Stadium, Lucknow",2,17.2,17.2,Sri Lanka,Netherlands,KIC Asalanka,S Samarawickrama,A Dutt,0,0,,,,,,,,,,,,,
1384410,2023/24,2023-10-21,"Bharat Ratna Shri Atal Bihari Vajpayee Ekana Cricket Stadium, Lucknow",2,17.3,17.3,Sri Lanka,Netherlands,KIC Asalanka,S Samarawickrama,A Dutt,1,0,,,,,,,,,,,,,
1384410,2023/24,2023-10-21,"Bharat Ratna Shri Atal Bihari Vajpayee Ekana Cricket Stadium, Lucknow",2,17.4,17.4,Sri Lanka,Netherlands,S Samarawickrama,KIC Asalanka,A Dutt,2,0,,,,,,,,,,,,,
1384410,2023/24,2023-10-21,"Bharat Ratna Shri Atal Bihari Vajpayee Ekana Cricket Stadium, Lucknow",2,17.5,17.5,Sri Lanka,Netherlands,S Samarawickrama,KIC Asalanka,A Dutt,0,0,,,,,,,,,,,,,
1384410,2023/24,2023-10-21,"Bharat Ratna Shri Atal Bihari Vajpayee Ekana Cricket Stadium, Lucknow",2,17.6,17.6,Sri Lanka,Netherlands,S Samarawickrama,KIC Asalanka,A Dutt,0,0,,,,,,,,,,,,,
1384410,2023/24,2023-10-21,"Bharat Ratna Shri Atal Bihari Vajpayee Ekana Cricket Stadium, Lucknow",2,18.1,18.1,Sri Lanka,Netherlands,KIC Asalanka,S Samarawickrama,PA van Meekeren,0,0,,,,,,,,,,,,,
1384410,2023/24,2023-10-21,"Bharat Ratna Shri Atal Bihari Vajpayee Ekana Cricket Stadium, Lucknow",2,18.2,18.2,Sri Lanka,Netherlands,KIC Asalanka,S Samarawickrama,PA van Meekeren,1,0,,,,,,,,,,,,,
1384410,2023/24,2023-10-21,"Bharat Ratna Shri Atal Bihari Vajpayee Ekana Cricket Stadium, Lucknow",2,18.3,18.3,Sri Lanka,Netherlands,S Samarawickrama,KIC Asalanka,PA van Meekeren,1,0,,,,,,,,,,,,,
1384410,2023/24,2023-10-21,"Bharat Ratna Shri Atal Bihari Vajpayee Ekana Cricket Stadium, Lucknow",2,18.4,18.4,Sri Lanka,Netherlands,KIC Asalanka,S Samarawickrama,PA van Meekeren,0,0,,,,,,,,,,,,,
1384410,2023/24,2023-10-21,"Bharat Ratna Shri Atal Bihari Vajpayee Ekana Cricket Stadium, Lucknow",2,18.5,18.5,Sri Lanka,Netherlands,KIC Asalanka,S Samarawickrama,PA van Meekeren,1,0,,,,,,,,,,,,,
1384410,2023/24,2023-10-21,"Bharat Ratna Shri Atal Bihari Vajpayee Ekana Cricket Stadium, Lucknow",2,18.6,18.6,Sri Lanka,Netherlands,S Samarawickrama,KIC Asalanka,PA van Meekeren,0,0,,,,,,,,,,,,,
1384410,2023/24,2023-10-21,"Bharat Ratna Shri Atal Bihari Vajpayee Ekana Cricket Stadium, Lucknow",2,19.1,19.1,Sri Lanka,Netherlands,KIC Asalanka,S Samarawickrama,CN Ackermann,0,0,,,,,,,,,,,,,
1384410,2023/24,2023-10-21,"Bharat Ratna Shri Atal Bihari Vajpayee Ekana Cricket Stadium, Lucknow",2,19.2,19.2,Sri Lanka,Netherlands,KIC Asalanka,S Samarawickrama,CN Ackermann,1,0,,,,,,,,,,,,,
1384410,2023/24,2023-10-21,"Bharat Ratna Shri Atal Bihari Vajpayee Ekana Cricket Stadium, Lucknow",2,19.3,19.3,Sri Lanka,Netherlands,S Samarawickrama,KIC Asalanka,CN Ackermann,0,0,,,,,,,,,,,,,
1384410,2023/24,2023-10-21,"Bharat Ratna Shri Atal Bihari Vajpayee Ekana Cricket Stadium, Lucknow",2,19.4,19.4,Sri Lanka,Netherlands,S Samarawickrama,KIC Asalanka,CN Ackermann,0,0,,,,,,,,,,,,,
1384410,2023/24,2023-10-21,"Bharat Ratna Shri Atal Bihari Vajpayee Ekana Cricket Stadium, Lucknow",2,19.5,19.5,Sri Lanka,Netherlands,S Samarawickrama,KIC Asalanka,CN Ackermann,1,0,,,,,,,,,,,,,
1384410,2023/24,2023-10-21,"Bharat Ratna Shri Atal Bihari Vajpayee Ekana Cricket Stadium, Lucknow",2,19.6,19.6,Sri Lanka,Netherlands,KIC Asalanka,S Samarawickrama,CN Ackermann,0,0,,,,,,,,,,,,,
1384410,2023/24,2023-10-21,"Bharat Ratna Shri Atal Bihari Vajpayee Ekana Cricket Stadium, Lucknow",2,20.1,20.1,Sri Lanka,Netherlands,S Samarawickrama,KIC Asalanka,PA van Meekeren,0,0,,,,,,,,,,,,,
1384410,2023/24,2023-10-21,"Bharat Ratna Shri Atal Bihari Vajpayee Ekana Cricket Stadium, Lucknow",2,20.2,20.2,Sri Lanka,Netherlands,S Samarawickrama,KIC Asalanka,PA van Meekeren,1,0,,,,,,,,,,,,,
1384410,2023/24,2023-10-21,"Bharat Ratna Shri Atal Bihari Vajpayee Ekana Cricket Stadium, Lucknow",2,20.3,20.3,Sri Lanka,Netherlands,KIC Asalanka,S Samarawickrama,PA van Meekeren,0,0,,,,,,,,,,,,,
1384410,2023/24,2023-10-21,"Bharat Ratna Shri Atal Bihari Vajpayee Ekana Cricket Stadium, Lucknow",2,20.4,20.4,Sri Lanka,Netherlands,KIC Asalanka,S Samarawickrama,PA van Meekeren,0,0,,,,,,,,,,,,,
1384410,2023/24,2023-10-21,"Bharat Ratna Shri Atal Bihari Vajpayee Ekana Cricket Stadium, Lucknow",2,20.5,20.5,Sri Lanka,Netherlands,KIC Asalanka,S Samarawickrama,PA van Meekeren,4,0,,,,,,,,,,,,,
1384410,2023/24,2023-10-21,"Bharat Ratna Shri Atal Bihari Vajpayee Ekana Cricket Stadium, Lucknow",2,20.6,20.6,Sri Lanka,Netherlands,KIC Asalanka,S Samarawickrama,PA van Meekeren,0,0,,,,,,,,,,,,,
1384410,2023/24,2023-10-21,"Bharat Ratna Shri Atal Bihari Vajpayee Ekana Cricket Stadium, Lucknow",2,21.1,21.1,Sri Lanka,Netherlands,S Samarawickrama,KIC Asalanka,CN Ackermann,0,0,,,,,,,,,,,,,
1384410,2023/24,2023-10-21,"Bharat Ratna Shri Atal Bihari Vajpayee Ekana Cricket Stadium, Lucknow",2,21.2,21.2,Sri Lanka,Netherlands,S Samarawickrama,KIC Asalanka,CN Ackermann,1,0,,,,,,,,,,,,,
1384410,2023/24,2023-10-21,"Bharat Ratna Shri Atal Bihari Vajpayee Ekana Cricket Stadium, Lucknow",2,21.3,21.3,Sri Lanka,Netherlands,KIC Asalanka,S Samarawickrama,CN Ackermann,1,0,,,,,,,,,,,,,
1384410,2023/24,2023-10-21,"Bharat Ratna Shri Atal Bihari Vajpayee Ekana Cricket Stadium, Lucknow",2,21.4,21.4,Sri Lanka,Netherlands,S Samarawickrama,KIC Asalanka,CN Ackermann,1,0,,,,,,,,,,,,,
1384410,2023/24,2023-10-21,"Bharat Ratna Shri Atal Bihari Vajpayee Ekana Cricket Stadium, Lucknow",2,21.5,21.5,Sri Lanka,Netherlands,KIC Asalanka,S Samarawickrama,CN Ackermann,1,0,,,,,,,,,,,,,
1384410,2023/24,2023-10-21,"Bharat Ratna Shri Atal Bihari Vajpayee Ekana Cricket Stadium, Lucknow",2,21.6,21.6,Sri Lanka,Netherlands,S Samarawickrama,KIC Asalanka,CN Ackermann,0,0,,,,,,,,,,,,,
1384410,2023/24,2023-10-21,"Bharat Ratna Shri Atal Bihari Vajpayee Ekana Cricket Stadium, Lucknow",2,22.1,22.1,Sri Lanka,Netherlands,KIC Asalanka,S Samarawickrama,LV van Beek,0,0,,,,,,,,,,,,,
1384410,2023/24,2023-10-21,"Bharat Ratna Shri Atal Bihari Vajpayee Ekana Cricket Stadium, Lucknow",2,22.2,22.2,Sri Lanka,Netherlands,KIC Asalanka,S Samarawickrama,LV van Beek,4,0,,,,,,,,,,,,,
1384410,2023/24,2023-10-21,"Bharat Ratna Shri Atal Bihari Vajpayee Ekana Cricket Stadium, Lucknow",2,22.3,22.3,Sri Lanka,Netherlands,KIC Asalanka,S Samarawickrama,LV van Beek,0,0,,,,,,,,,,,,,
1384410,2023/24,2023-10-21,"Bharat Ratna Shri Atal Bihari Vajpayee Ekana Cricket Stadium, Lucknow",2,22.4,22.4,Sri Lanka,Netherlands,KIC Asalanka,S Samarawickrama,LV van Beek,0,0,,,,,,,,,,,,,
1384410,2023/24,2023-10-21,"Bharat Ratna Shri Atal Bihari Vajpayee Ekana Cricket Stadium, Lucknow",2,22.5,22.5,Sri Lanka,Netherlands,KIC Asalanka,S Samarawickrama,LV van Beek,1,0,,,,,,,,,,,,,
1384410,2023/24,2023-10-21,"Bharat Ratna Shri Atal Bihari Vajpayee Ekana Cricket Stadium, Lucknow",2,22.6,22.6,Sri Lanka,Netherlands,S Samarawickrama,KIC Asalanka,LV van Beek,0,0,,,,,,,,,,,,,
1384410,2023/24,2023-10-21,"Bharat Ratna Shri Atal Bihari Vajpayee Ekana Cricket Stadium, Lucknow",2,23.1,23.1,Sri Lanka,Netherlands,KIC Asalanka,S Samarawickrama,CN Ackermann,0,0,,,,,,,,,,,,,
1384410,2023/24,2023-10-21,"Bharat Ratna Shri Atal Bihari Vajpayee Ekana Cricket Stadium, Lucknow",2,23.2,23.2,Sri Lanka,Netherlands,KIC Asalanka,S Samarawickrama,CN Ackermann,1,0,,,,,,,,,,,,,
1384410,2023/24,2023-10-21,"Bharat Ratna Shri Atal Bihari Vajpayee Ekana Cricket Stadium, Lucknow",2,23.3,23.3,Sri Lanka,Netherlands,S Samarawickrama,KIC Asalanka,CN Ackermann,2,0,,,,,,,,,,,,,
1384410,2023/24,2023-10-21,"Bharat Ratna Shri Atal Bihari Vajpayee Ekana Cricket Stadium, Lucknow",2,23.4,23.4,Sri Lanka,Netherlands,S Samarawickrama,KIC Asalanka,CN Ackermann,0,0,,,,,,,,,,,,,
1384410,2023/24,2023-10-21,"Bharat Ratna Shri Atal Bihari Vajpayee Ekana Cricket Stadium, Lucknow",2,23.5,23.5,Sri Lanka,Netherlands,S Samarawickrama,KIC Asalanka,CN Ackermann,1,0,,,,,,,,,,,,,
1384410,2023/24,2023-10-21,"Bharat Ratna Shri Atal Bihari Vajpayee Ekana Cricket Stadium, Lucknow",2,23.6,23.6,Sri Lanka,Netherlands,KIC Asalanka,S Samarawickrama,CN Ackermann,1,0,,,,,,,,,,,,,
1384410,2023/24,2023-10-21,"Bharat Ratna Shri Atal Bihari Vajpayee Ekana Cricket Stadium, Lucknow",2,24.1,24.1,Sri Lanka,Netherlands,KIC Asalanka,S Samarawickrama,LV van Beek,1,0,,,,,,,,,,,,,
1384410,2023/24,2023-10-21,"Bharat Ratna Shri Atal Bihari Vajpayee Ekana Cricket Stadium, Lucknow",2,24.2,24.2,Sri Lanka,Netherlands,S Samarawickrama,KIC Asalanka,LV van Beek,2,0,,,,,,,,,,,,,
1384410,2023/24,2023-10-21,"Bharat Ratna Shri Atal Bihari Vajpayee Ekana Cricket Stadium, Lucknow",2,24.3,24.3,Sri Lanka,Netherlands,S Samarawickrama,KIC Asalanka,LV van Beek,0,0,,,,,,,,,,,,,
1384410,2023/24,2023-10-21,"Bharat Ratna Shri Atal Bihari Vajpayee Ekana Cricket Stadium, Lucknow",2,24.4,24.4,Sri Lanka,Netherlands,S Samarawickrama,KIC Asalanka,LV van Beek,1,0,,,,,,,,,,,,,
1384410,2023/24,2023-10-21,"Bharat Ratna Shri Atal Bihari Vajpayee Ekana Cricket Stadium, Lucknow",2,24.5,24.5,Sri Lanka,Netherlands,KIC Asalanka,S Samarawickrama,LV van Beek,1,0,,,,,,,,,,,,,
1384410,2023/24,2023-10-21,"Bharat Ratna Shri Atal Bihari Vajpayee Ekana Cricket Stadium, Lucknow",2,24.6,24.6,Sri Lanka,Netherlands,S Samarawickrama,KIC Asalanka,LV van Beek,2,0,,,,,,,,,,,,,
1384410,2023/24,2023-10-21,"Bharat Ratna Shri Atal Bihari Vajpayee Ekana Cricket Stadium, Lucknow",2,25.1,25.1,Sri Lanka,Netherlands,KIC Asalanka,S Samarawickrama,RE van der Merwe,0,0,,,,,,,,,,,,,
1384410,2023/24,2023-10-21,"Bharat Ratna Shri Atal Bihari Vajpayee Ekana Cricket Stadium, Lucknow",2,25.2,25.2,Sri Lanka,Netherlands,KIC Asalanka,S Samarawickrama,RE van der Merwe,0,0,,,,,,,,,,,,,
1384410,2023/24,2023-10-21,"Bharat Ratna Shri Atal Bihari Vajpayee Ekana Cricket Stadium, Lucknow",2,25.3,25.3,Sri Lanka,Netherlands,KIC Asalanka,S Samarawickrama,RE van der Merwe,1,0,,,,,,,,,,,,,
1384410,2023/24,2023-10-21,"Bharat Ratna Shri Atal Bihari Vajpayee Ekana Cricket Stadium, Lucknow",2,25.4,25.4,Sri Lanka,Netherlands,S Samarawickrama,KIC Asalanka,RE van der Merwe,0,0,,,,,,,,,,,,,
1384410,2023/24,2023-10-21,"Bharat Ratna Shri Atal Bihari Vajpayee Ekana Cricket Stadium, Lucknow",2,25.5,25.5,Sri Lanka,Netherlands,S Samarawickrama,KIC Asalanka,RE van der Merwe,1,0,,,,,,,,,,,,,
1384410,2023/24,2023-10-21,"Bharat Ratna Shri Atal Bihari Vajpayee Ekana Cricket Stadium, Lucknow",2,25.6,25.6,Sri Lanka,Netherlands,KIC Asalanka,S Samarawickrama,RE van der Merwe,1,0,,,,,,,,,,,,,
1384410,2023/24,2023-10-21,"Bharat Ratna Shri Atal Bihari Vajpayee Ekana Cricket Stadium, Lucknow",2,26.1,26.1,Sri Lanka,Netherlands,KIC Asalanka,S Samarawickrama,A Dutt,0,0,,,,,,,,,,,,,
1384410,2023/24,2023-10-21,"Bharat Ratna Shri Atal Bihari Vajpayee Ekana Cricket Stadium, Lucknow",2,26.2,26.2,Sri Lanka,Netherlands,KIC Asalanka,S Samarawickrama,A Dutt,0,1,1,,,,,,,,,,,,
1384410,2023/24,2023-10-21,"Bharat Ratna Shri Atal Bihari Vajpayee Ekana Cricket Stadium, Lucknow",2,26.3,26.2,Sri Lanka,Netherlands,KIC Asalanka,S Samarawickrama,A Dutt,0,0,,,,,,,,,,,,,
1384410,2023/24,2023-10-21,"Bharat Ratna Shri Atal Bihari Vajpayee Ekana Cricket Stadium, Lucknow",2,26.4,26.3,Sri Lanka,Netherlands,KIC Asalanka,S Samarawickrama,A Dutt,0,0,,,,,,,,,,,,,
1384410,2023/24,2023-10-21,"Bharat Ratna Shri Atal Bihari Vajpayee Ekana Cricket Stadium, Lucknow",2,26.5,26.4,Sri Lanka,Netherlands,KIC Asalanka,S Samarawickrama,A Dutt,1,0,,,,,,,,,,,,,
1384410,2023/24,2023-10-21,"Bharat Ratna Shri Atal Bihari Vajpayee Ekana Cricket Stadium, Lucknow",2,26.6,26.5,Sri Lanka,Netherlands,S Samarawickrama,KIC Asalanka,A Dutt,1,0,,,,,,,,,,,,,
1384410,2023/24,2023-10-21,"Bharat Ratna Shri Atal Bihari Vajpayee Ekana Cricket Stadium, Lucknow",2,26.7,26.6,Sri Lanka,Netherlands,KIC Asalanka,S Samarawickrama,A Dutt,3,0,,,,,,,,,,,,,
1384410,2023/24,2023-10-21,"Bharat Ratna Shri Atal Bihari Vajpayee Ekana Cricket Stadium, Lucknow",2,27.1,27.1,Sri Lanka,Netherlands,KIC Asalanka,S Samarawickrama,RE van der Merwe,0,0,,,,,,,,,,,,,
1384410,2023/24,2023-10-21,"Bharat Ratna Shri Atal Bihari Vajpayee Ekana Cricket Stadium, Lucknow",2,27.2,27.2,Sri Lanka,Netherlands,KIC Asalanka,S Samarawickrama,RE van der Merwe,0,0,,,,,,,,,,,,,
1384410,2023/24,2023-10-21,"Bharat Ratna Shri Atal Bihari Vajpayee Ekana Cricket Stadium, Lucknow",2,27.3,27.3,Sri Lanka,Netherlands,KIC Asalanka,S Samarawickrama,RE van der Merwe,1,0,,,,,,,,,,,,,
1384410,2023/24,2023-10-21,"Bharat Ratna Shri Atal Bihari Vajpayee Ekana Cricket Stadium, Lucknow",2,27.4,27.4,Sri Lanka,Netherlands,S Samarawickrama,KIC Asalanka,RE van der Merwe,0,0,,,,,,,,,,,,,
1384410,2023/24,2023-10-21,"Bharat Ratna Shri Atal Bihari Vajpayee Ekana Cricket Stadium, Lucknow",2,27.5,27.5,Sri Lanka,Netherlands,S Samarawickrama,KIC Asalanka,RE van der Merwe,1,0,,,,,,,,,,,,,
1384410,2023/24,2023-10-21,"Bharat Ratna Shri Atal Bihari Vajpayee Ekana Cricket Stadium, Lucknow",2,27.6,27.6,Sri Lanka,Netherlands,KIC Asalanka,S Samarawickrama,RE van der Merwe,1,0,,,,,,,,,,,,,
1384410,2023/24,2023-10-21,"Bharat Ratna Shri Atal Bihari Vajpayee Ekana Cricket Stadium, Lucknow",2,28.1,28.1,Sri Lanka,Netherlands,KIC Asalanka,S Samarawickrama,A Dutt,0,0,,,,,,,,,,,,,
1384410,2023/24,2023-10-21,"Bharat Ratna Shri Atal Bihari Vajpayee Ekana Cricket Stadium, Lucknow",2,28.2,28.2,Sri Lanka,Netherlands,KIC Asalanka,S Samarawickrama,A Dutt,0,0,,,,,,,,,,,,,
1384410,2023/24,2023-10-21,"Bharat Ratna Shri Atal Bihari Vajpayee Ekana Cricket Stadium, Lucknow",2,28.3,28.3,Sri Lanka,Netherlands,KIC Asalanka,S Samarawickrama,A Dutt,0,0,,,,,,,,,,,,,
1384410,2023/24,2023-10-21,"Bharat Ratna Shri Atal Bihari Vajpayee Ekana Cricket Stadium, Lucknow",2,28.4,28.4,Sri Lanka,Netherlands,KIC Asalanka,S Samarawickrama,A Dutt,6,0,,,,,,,,,,,,,
1384410,2023/24,2023-10-21,"Bharat Ratna Shri Atal Bihari Vajpayee Ekana Cricket Stadium, Lucknow",2,28.5,28.5,Sri Lanka,Netherlands,KIC Asalanka,S Samarawickrama,A Dutt,0,0,,,,,,,,,,,,,
1384410,2023/24,2023-10-21,"Bharat Ratna Shri Atal Bihari Vajpayee Ekana Cricket Stadium, Lucknow",2,28.6,28.6,Sri Lanka,Netherlands,KIC Asalanka,S Samarawickrama,A Dutt,1,0,,,,,,,,,,,,,
1384410,2023/24,2023-10-21,"Bharat Ratna Shri Atal Bihari Vajpayee Ekana Cricket Stadium, Lucknow",2,29.1,29.1,Sri Lanka,Netherlands,KIC Asalanka,S Samarawickrama,RE van der Merwe,0,4,,,4,,,,,,,,,,
1384410,2023/24,2023-10-21,"Bharat Ratna Shri Atal Bihari Vajpayee Ekana Cricket Stadium, Lucknow",2,29.2,29.2,Sri Lanka,Netherlands,KIC Asalanka,S Samarawickrama,RE van der Merwe,1,0,,,,,,,,,,,,,
1384410,2023/24,2023-10-21,"Bharat Ratna Shri Atal Bihari Vajpayee Ekana Cricket Stadium, Lucknow",2,29.3,29.3,Sri Lanka,Netherlands,S Samarawickrama,KIC Asalanka,RE van der Merwe,2,0,,,,,,,,,,,,,
1384410,2023/24,2023-10-21,"Bharat Ratna Shri Atal Bihari Vajpayee Ekana Cricket Stadium, Lucknow",2,29.4,29.4,Sri Lanka,Netherlands,S Samarawickrama,KIC Asalanka,RE van der Merwe,1,0,,,,,,,,,,,,,
1384410,2023/24,2023-10-21,"Bharat Ratna Shri Atal Bihari Vajpayee Ekana Cricket Stadium, Lucknow",2,29.5,29.5,Sri Lanka,Netherlands,KIC Asalanka,S Samarawickrama,RE van der Merwe,1,0,,,,,,,,,,,,,
1384410,2023/24,2023-10-21,"Bharat Ratna Shri Atal Bihari Vajpayee Ekana Cricket Stadium, Lucknow",2,29.6,29.6,Sri Lanka,Netherlands,S Samarawickrama,KIC Asalanka,RE van der Merwe,4,0,,,,,,,,,,,,,
1384410,2023/24,2023-10-21,"Bharat Ratna Shri Atal Bihari Vajpayee Ekana Cricket Stadium, Lucknow",2,30.1,30.1,Sri Lanka,Netherlands,KIC Asalanka,S Samarawickrama,A Dutt,1,0,,,,,,,,,,,,,
1384410,2023/24,2023-10-21,"Bharat Ratna Shri Atal Bihari Vajpayee Ekana Cricket Stadium, Lucknow",2,30.2,30.2,Sri Lanka,Netherlands,S Samarawickrama,KIC Asalanka,A Dutt,1,0,,,,,,,,,,,,,
1384410,2023/24,2023-10-21,"Bharat Ratna Shri Atal Bihari Vajpayee Ekana Cricket Stadium, Lucknow",2,30.3,30.3,Sri Lanka,Netherlands,KIC Asalanka,S Samarawickrama,A Dutt,0,0,,,,,,,,,,,,,
1384410,2023/24,2023-10-21,"Bharat Ratna Shri Atal Bihari Vajpayee Ekana Cricket Stadium, Lucknow",2,30.4,30.4,Sri Lanka,Netherlands,KIC Asalanka,S Samarawickrama,A Dutt,0,0,,,,,,,,,,,,,
1384410,2023/24,2023-10-21,"Bharat Ratna Shri Atal Bihari Vajpayee Ekana Cricket Stadium, Lucknow",2,30.5,30.5,Sri Lanka,Netherlands,KIC Asalanka,S Samarawickrama,A Dutt,0,0,,,,,,,,,,,,,
1384410,2023/24,2023-10-21,"Bharat Ratna Shri Atal Bihari Vajpayee Ekana Cricket Stadium, Lucknow",2,30.6,30.6,Sri Lanka,Netherlands,KIC Asalanka,S Samarawickrama,A Dutt,0,0,,,,,,,,,,,,,
1384410,2023/24,2023-10-21,"Bharat Ratna Shri Atal Bihari Vajpayee Ekana Cricket Stadium, Lucknow",2,31.1,31.1,Sri Lanka,Netherlands,S Samarawickrama,KIC Asalanka,BFW de Leede,1,0,,,,,,,,,,,,,
1384410,2023/24,2023-10-21,"Bharat Ratna Shri Atal Bihari Vajpayee Ekana Cricket Stadium, Lucknow",2,31.2,31.2,Sri Lanka,Netherlands,KIC Asalanka,S Samarawickrama,BFW de Leede,2,0,,,,,,,,,,,,,
1384410,2023/24,2023-10-21,"Bharat Ratna Shri Atal Bihari Vajpayee Ekana Cricket Stadium, Lucknow",2,31.3,31.3,Sri Lanka,Netherlands,KIC Asalanka,S Samarawickrama,BFW de Leede,2,0,,,,,,,,,,,,,
1384410,2023/24,2023-10-21,"Bharat Ratna Shri Atal Bihari Vajpayee Ekana Cricket Stadium, Lucknow",2,31.4,31.4,Sri Lanka,Netherlands,KIC Asalanka,S Samarawickrama,BFW de Leede,0,0,,,,,,,,,,,,,
1384410,2023/24,2023-10-21,"Bharat Ratna Shri Atal Bihari Vajpayee Ekana Cricket Stadium, Lucknow",2,31.5,31.5,Sri Lanka,Netherlands,KIC Asalanka,S Samarawickrama,BFW de Leede,2,0,,,,,,,,,,,,,
1384410,2023/24,2023-10-21,"Bharat Ratna Shri Atal Bihari Vajpayee Ekana Cricket Stadium, Lucknow",2,31.6,31.6,Sri Lanka,Netherlands,KIC Asalanka,S Samarawickrama,BFW de Leede,1,0,,,,,,,,,,,,,
1384410,2023/24,2023-10-21,"Bharat Ratna Shri Atal Bihari Vajpayee Ekana Cricket Stadium, Lucknow",2,32.1,32.1,Sri Lanka,Netherlands,KIC Asalanka,S Samarawickrama,A Dutt,0,0,,,,,,,,,,,,,
1384410,2023/24,2023-10-21,"Bharat Ratna Shri Atal Bihari Vajpayee Ekana Cricket Stadium, Lucknow",2,32.2,32.2,Sri Lanka,Netherlands,KIC Asalanka,S Samarawickrama,A Dutt,0,0,,,,,,,,,,,,,
1384410,2023/24,2023-10-21,"Bharat Ratna Shri Atal Bihari Vajpayee Ekana Cricket Stadium, Lucknow",2,32.3,32.3,Sri Lanka,Netherlands,KIC Asalanka,S Samarawickrama,A Dutt,0,0,,,,,,,,,,,,,
1384410,2023/24,2023-10-21,"Bharat Ratna Shri Atal Bihari Vajpayee Ekana Cricket Stadium, Lucknow",2,32.4,32.4,Sri Lanka,Netherlands,KIC Asalanka,S Samarawickrama,A Dutt,0,0,,,,,,,bowled,KIC Asalanka,,,,,
1384410,2023/24,2023-10-21,"Bharat Ratna Shri Atal Bihari Vajpayee Ekana Cricket Stadium, Lucknow",2,32.5,32.5,Sri Lanka,Netherlands,DM de Silva,S Samarawickrama,A Dutt,0,0,,,,,,,,,,,,,
1384410,2023/24,2023-10-21,"Bharat Ratna Shri Atal Bihari Vajpayee Ekana Cricket Stadium, Lucknow",2,32.6,32.6,Sri Lanka,Netherlands,DM de Silva,S Samarawickrama,A Dutt,4,0,,,,,,,,,,,,,
1384410,2023/24,2023-10-21,"Bharat Ratna Shri Atal Bihari Vajpayee Ekana Cricket Stadium, Lucknow",2,33.1,33.1,Sri Lanka,Netherlands,S Samarawickrama,DM de Silva,RE van der Merwe,1,0,,,,,,,,,,,,,
1384410,2023/24,2023-10-21,"Bharat Ratna Shri Atal Bihari Vajpayee Ekana Cricket Stadium, Lucknow",2,33.2,33.2,Sri Lanka,Netherlands,DM de Silva,S Samarawickrama,RE van der Merwe,1,0,,,,,,,,,,,,,
1384410,2023/24,2023-10-21,"Bharat Ratna Shri Atal Bihari Vajpayee Ekana Cricket Stadium, Lucknow",2,33.3,33.3,Sri Lanka,Netherlands,S Samarawickrama,DM de Silva,RE van der Merwe,1,0,,,,,,,,,,,,,
1384410,2023/24,2023-10-21,"Bharat Ratna Shri Atal Bihari Vajpayee Ekana Cricket Stadium, Lucknow",2,33.4,33.4,Sri Lanka,Netherlands,DM de Silva,S Samarawickrama,RE van der Merwe,0,0,,,,,,,,,,,,,
1384410,2023/24,2023-10-21,"Bharat Ratna Shri Atal Bihari Vajpayee Ekana Cricket Stadium, Lucknow",2,33.5,33.5,Sri Lanka,Netherlands,DM de Silva,S Samarawickrama,RE van der Merwe,1,0,,,,,,,,,,,,,
1384410,2023/24,2023-10-21,"Bharat Ratna Shri Atal Bihari Vajpayee Ekana Cricket Stadium, Lucknow",2,33.6,33.6,Sri Lanka,Netherlands,S Samarawickrama,DM de Silva,RE van der Merwe,1,0,,,,,,,,,,,,,
1384410,2023/24,2023-10-21,"Bharat Ratna Shri Atal Bihari Vajpayee Ekana Cricket Stadium, Lucknow",2,34.1,34.1,Sri Lanka,Netherlands,S Samarawickrama,DM de Silva,PA van Meekeren,1,0,,,,,,,,,,,,,
1384410,2023/24,2023-10-21,"Bharat Ratna Shri Atal Bihari Vajpayee Ekana Cricket Stadium, Lucknow",2,34.2,34.2,Sri Lanka,Netherlands,DM de Silva,S Samarawickrama,PA van Meekeren,1,0,,,,,,,,,,,,,
1384410,2023/24,2023-10-21,"Bharat Ratna Shri Atal Bihari Vajpayee Ekana Cricket Stadium, Lucknow",2,34.3,34.3,Sri Lanka,Netherlands,S Samarawickrama,DM de Silva,PA van Meekeren,0,0,,,,,,,,,,,,,
1384410,2023/24,2023-10-21,"Bharat Ratna Shri Atal Bihari Vajpayee Ekana Cricket Stadium, Lucknow",2,34.4,34.4,Sri Lanka,Netherlands,S Samarawickrama,DM de Silva,PA van Meekeren,0,0,,,,,,,,,,,,,
1384410,2023/24,2023-10-21,"Bharat Ratna Shri Atal Bihari Vajpayee Ekana Cricket Stadium, Lucknow",2,34.5,34.5,Sri Lanka,Netherlands,S Samarawickrama,DM de Silva,PA van Meekeren,0,4,,,4,,,,,,,,,,
1384410,2023/24,2023-10-21,"Bharat Ratna Shri Atal Bihari Vajpayee Ekana Cricket Stadium, Lucknow",2,34.6,34.6,Sri Lanka,Netherlands,S Samarawickrama,DM de Silva,PA van Meekeren,0,1,,,1,,,,,,,,,,
1384410,2023/24,2023-10-21,"Bharat Ratna Shri Atal Bihari Vajpayee Ekana Cricket Stadium, Lucknow",2,35.1,35.1,Sri Lanka,Netherlands,S Samarawickrama,DM de Silva,RE van der Merwe,1,0,,,,,,,,,,,,,
1384410,2023/24,2023-10-21,"Bharat Ratna Shri Atal Bihari Vajpayee Ekana Cricket Stadium, Lucknow",2,35.2,35.2,Sri Lanka,Netherlands,DM de Silva,S Samarawickrama,RE van der Merwe,1,0,,,,,,,,,,,,,
1384410,2023/24,2023-10-21,"Bharat Ratna Shri Atal Bihari Vajpayee Ekana Cricket Stadium, Lucknow",2,35.3,35.3,Sri Lanka,Netherlands,S Samarawickrama,DM de Silva,RE van der Merwe,1,0,,,,,,,,,,,,,
1384410,2023/24,2023-10-21,"Bharat Ratna Shri Atal Bihari Vajpayee Ekana Cricket Stadium, Lucknow",2,35.4,35.4,Sri Lanka,Netherlands,DM de Silva,S Samarawickrama,RE van der Merwe,1,0,,,,,,,,,,,,,
1384410,2023/24,2023-10-21,"Bharat Ratna Shri Atal Bihari Vajpayee Ekana Cricket Stadium, Lucknow",2,35.5,35.5,Sri Lanka,Netherlands,S Samarawickrama,DM de Silva,RE van der Merwe,0,0,,,,,,,,,,,,,
1384410,2023/24,2023-10-21,"Bharat Ratna Shri Atal Bihari Vajpayee Ekana Cricket Stadium, Lucknow",2,35.6,35.6,Sri Lanka,Netherlands,S Samarawickrama,DM de Silva,RE van der Merwe,1,0,,,,,,,,,,,,,
1384410,2023/24,2023-10-21,"Bharat Ratna Shri Atal Bihari Vajpayee Ekana Cricket Stadium, Lucknow",2,36.1,36.1,Sri Lanka,Netherlands,S Samarawickrama,DM de Silva,PA van Meekeren,3,0,,,,,,,,,,,,,
1384410,2023/24,2023-10-21,"Bharat Ratna Shri Atal Bihari Vajpayee Ekana Cricket Stadium, Lucknow",2,36.2,36.2,Sri Lanka,Netherlands,DM de Silva,S Samarawickrama,PA van Meekeren,1,0,,,,,,,,,,,,,
1384410,2023/24,2023-10-21,"Bharat Ratna Shri Atal Bihari Vajpayee Ekana Cricket Stadium, Lucknow",2,36.3,36.3,Sri Lanka,Netherlands,S Samarawickrama,DM de Silva,PA van Meekeren,0,1,1,,,,,,,,,,,,
1384410,2023/24,2023-10-21,"Bharat Ratna Shri Atal Bihari Vajpayee Ekana Cricket Stadium, Lucknow",2,36.4,36.3,Sri Lanka,Netherlands,S Samarawickrama,DM de Silva,PA van Meekeren,0,0,,,,,,,,,,,,,
1384410,2023/24,2023-10-21,"Bharat Ratna Shri Atal Bihari Vajpayee Ekana Cricket Stadium, Lucknow",2,36.5,36.4,Sri Lanka,Netherlands,S Samarawickrama,DM de Silva,PA van Meekeren,4,0,,,,,,,,,,,,,
1384410,2023/24,2023-10-21,"Bharat Ratna Shri Atal Bihari Vajpayee Ekana Cricket Stadium, Lucknow",2,36.6,36.5,Sri Lanka,Netherlands,S Samarawickrama,DM de Silva,PA van Meekeren,0,0,,,,,,,,,,,,,
1384410,2023/24,2023-10-21,"Bharat Ratna Shri Atal Bihari Vajpayee Ekana Cricket Stadium, Lucknow",2,36.7,36.6,Sri Lanka,Netherlands,S Samarawickrama,DM de Silva,PA van Meekeren,1,0,,,,,,,,,,,,,
1384410,2023/24,2023-10-21,"Bharat Ratna Shri Atal Bihari Vajpayee Ekana Cricket Stadium, Lucknow",2,37.1,37.1,Sri Lanka,Netherlands,S Samarawickrama,DM de Silva,RE van der Merwe,0,0,,,,,,,,,,,,,
1384410,2023/24,2023-10-21,"Bharat Ratna Shri Atal Bihari Vajpayee Ekana Cricket Stadium, Lucknow",2,37.2,37.2,Sri Lanka,Netherlands,S Samarawickrama,DM de Silva,RE van der Merwe,0,0,,,,,,,,,,,,,
1384410,2023/24,2023-10-21,"Bharat Ratna Shri Atal Bihari Vajpayee Ekana Cricket Stadium, Lucknow",2,37.3,37.3,Sri Lanka,Netherlands,S Samarawickrama,DM de Silva,RE van der Merwe,0,0,,,,,,,,,,,,,
1384410,2023/24,2023-10-21,"Bharat Ratna Shri Atal Bihari Vajpayee Ekana Cricket Stadium, Lucknow",2,37.4,37.4,Sri Lanka,Netherlands,S Samarawickrama,DM de Silva,RE van der Merwe,1,0,,,,,,,,,,,,,
1384410,2023/24,2023-10-21,"Bharat Ratna Shri Atal Bihari Vajpayee Ekana Cricket Stadium, Lucknow",2,37.5,37.5,Sri Lanka,Netherlands,DM de Silva,S Samarawickrama,RE van der Merwe,0,0,,,,,,,,,,,,,
1384410,2023/24,2023-10-21,"Bharat Ratna Shri Atal Bihari Vajpayee Ekana Cricket Stadium, Lucknow",2,37.6,37.6,Sri Lanka,Netherlands,DM de Silva,S Samarawickrama,RE van der Merwe,0,0,,,,,,,,,,,,,
1384410,2023/24,2023-10-21,"Bharat Ratna Shri Atal Bihari Vajpayee Ekana Cricket Stadium, Lucknow",2,38.1,38.1,Sri Lanka,Netherlands,S Samarawickrama,DM de Silva,CN Ackermann,1,0,,,,,,,,,,,,,
1384410,2023/24,2023-10-21,"Bharat Ratna Shri Atal Bihari Vajpayee Ekana Cricket Stadium, Lucknow",2,38.2,38.2,Sri Lanka,Netherlands,DM de Silva,S Samarawickrama,CN Ackermann,1,0,,,,,,,,,,,,,
1384410,2023/24,2023-10-21,"Bharat Ratna Shri Atal Bihari Vajpayee Ekana Cricket Stadium, Lucknow",2,38.3,38.3,Sri Lanka,Netherlands,S Samarawickrama,DM de Silva,CN Ackermann,0,0,,,,,,,,,,,,,
1384410,2023/24,2023-10-21,"Bharat Ratna Shri Atal Bihari Vajpayee Ekana Cricket Stadium, Lucknow",2,38.4,38.4,Sri Lanka,Netherlands,S Samarawickrama,DM de Silva,CN Ackermann,4,0,,,,,,,,,,,,,
1384410,2023/24,2023-10-21,"Bharat Ratna Shri Atal Bihari Vajpayee Ekana Cricket Stadium, Lucknow",2,38.5,38.5,Sri Lanka,Netherlands,S Samarawickrama,DM de Silva,CN Ackermann,0,0,,,,,,,,,,,,,
1384410,2023/24,2023-10-21,"Bharat Ratna Shri Atal Bihari Vajpayee Ekana Cricket Stadium, Lucknow",2,38.6,38.6,Sri Lanka,Netherlands,S Samarawickrama,DM de Silva,CN Ackermann,1,0,,,,,,,,,,,,,
1384410,2023/24,2023-10-21,"Bharat Ratna Shri Atal Bihari Vajpayee Ekana Cricket Stadium, Lucknow",2,39.1,39.1,Sri Lanka,Netherlands,S Samarawickrama,DM de Silva,RE van der Merwe,0,0,,,,,,,,,,,,,
1384410,2023/24,2023-10-21,"Bharat Ratna Shri Atal Bihari Vajpayee Ekana Cricket Stadium, Lucknow",2,39.2,39.2,Sri Lanka,Netherlands,S Samarawickrama,DM de Silva,RE van der Merwe,0,1,1,,,,,,,,,,,,
1384410,2023/24,2023-10-21,"Bharat Ratna Shri Atal Bihari Vajpayee Ekana Cricket Stadium, Lucknow",2,39.3,39.2,Sri Lanka,Netherlands,S Samarawickrama,DM de Silva,RE van der Merwe,0,0,,,,,,,,,,,,,
1384410,2023/24,2023-10-21,"Bharat Ratna Shri Atal Bihari Vajpayee Ekana Cricket Stadium, Lucknow",2,39.4,39.3,Sri Lanka,Netherlands,S Samarawickrama,DM de Silva,RE van der Merwe,0,0,,,,,,,,,,,,,
1384410,2023/24,2023-10-21,"Bharat Ratna Shri Atal Bihari Vajpayee Ekana Cricket Stadium, Lucknow",2,39.5,39.4,Sri Lanka,Netherlands,S Samarawickrama,DM de Silva,RE van der Merwe,0,0,,,,,,,,,,,,,
1384410,2023/24,2023-10-21,"Bharat Ratna Shri Atal Bihari Vajpayee Ekana Cricket Stadium, Lucknow",2,39.6,39.5,Sri Lanka,Netherlands,S Samarawickrama,DM de Silva,RE van der Merwe,2,0,,,,,,,,,,,,,
1384410,2023/24,2023-10-21,"Bharat Ratna Shri Atal Bihari Vajpayee Ekana Cricket Stadium, Lucknow",2,39.7,39.6,Sri Lanka,Netherlands,S Samarawickrama,DM de Silva,RE van der Merwe,0,0,,,,,,,,,,,,,
1384410,2023/24,2023-10-21,"Bharat Ratna Shri Atal Bihari Vajpayee Ekana Cricket Stadium, Lucknow",2,40.1,40.1,Sri Lanka,Netherlands,DM de Silva,S Samarawickrama,CN Ackermann,1,0,,,,,,,,,,,,,
1384410,2023/24,2023-10-21,"Bharat Ratna Shri Atal Bihari Vajpayee Ekana Cricket Stadium, Lucknow",2,40.2,40.2,Sri Lanka,Netherlands,S Samarawickrama,DM de Silva,CN Ackermann,0,0,,,,,,,,,,,,,
1384410,2023/24,2023-10-21,"Bharat Ratna Shri Atal Bihari Vajpayee Ekana Cricket Stadium, Lucknow",2,40.3,40.3,Sri Lanka,Netherlands,S Samarawickrama,DM de Silva,CN Ackermann,0,0,,,,,,,,,,,,,
1384410,2023/24,2023-10-21,"Bharat Ratna Shri Atal Bihari Vajpayee Ekana Cricket Stadium, Lucknow",2,40.4,40.4,Sri Lanka,Netherlands,S Samarawickrama,DM de Silva,CN Ackermann,1,0,,,,,,,,,,,,,
1384410,2023/24,2023-10-21,"Bharat Ratna Shri Atal Bihari Vajpayee Ekana Cricket Stadium, Lucknow",2,40.5,40.5,Sri Lanka,Netherlands,DM de Silva,S Samarawickrama,CN Ackermann,0,0,,,,,,,,,,,,,
1384410,2023/24,2023-10-21,"Bharat Ratna Shri Atal Bihari Vajpayee Ekana Cricket Stadium, Lucknow",2,40.6,40.6,Sri Lanka,Netherlands,DM de Silva,S Samarawickrama,CN Ackermann,0,0,,,,,,,,,,,,,
1384410,2023/24,2023-10-21,"Bharat Ratna Shri Atal Bihari Vajpayee Ekana Cricket Stadium, Lucknow",2,41.1,41.1,Sri Lanka,Netherlands,S Samarawickrama,DM de Silva,LV van Beek,1,0,,,,,,,,,,,,,
1384410,2023/24,2023-10-21,"Bharat Ratna Shri Atal Bihari Vajpayee Ekana Cricket Stadium, Lucknow",2,41.2,41.2,Sri Lanka,Netherlands,DM de Silva,S Samarawickrama,LV van Beek,0,0,,,,,,,,,,,,,
1384410,2023/24,2023-10-21,"Bharat Ratna Shri Atal Bihari Vajpayee Ekana Cricket Stadium, Lucknow",2,41.3,41.3,Sri Lanka,Netherlands,DM de Silva,S Samarawickrama,LV van Beek,0,0,,,,,,,,,,,,,
1384410,2023/24,2023-10-21,"Bharat Ratna Shri Atal Bihari Vajpayee Ekana Cricket Stadium, Lucknow",2,41.4,41.4,Sri Lanka,Netherlands,DM de Silva,S Samarawickrama,LV van Beek,0,0,,,,,,,,,,,,,
1384410,2023/24,2023-10-21,"Bharat Ratna Shri Atal Bihari Vajpayee Ekana Cricket Stadium, Lucknow",2,41.5,41.5,Sri Lanka,Netherlands,DM de Silva,S Samarawickrama,LV van Beek,1,0,,,,,,,,,,,,,
1384410,2023/24,2023-10-21,"Bharat Ratna Shri Atal Bihari Vajpayee Ekana Cricket Stadium, Lucknow",2,41.6,41.6,Sri Lanka,Netherlands,S Samarawickrama,DM de Silva,LV van Beek,0,0,,,,,,,,,,,,,
1384410,2023/24,2023-10-21,"Bharat Ratna Shri Atal Bihari Vajpayee Ekana Cricket Stadium, Lucknow",2,42.1,42.1,Sri Lanka,Netherlands,DM de Silva,S Samarawickrama,CN Ackermann,1,0,,,,,,,,,,,,,
1384410,2023/24,2023-10-21,"Bharat Ratna Shri Atal Bihari Vajpayee Ekana Cricket Stadium, Lucknow",2,42.2,42.2,Sri Lanka,Netherlands,S Samarawickrama,DM de Silva,CN Ackermann,0,0,,,,,,,,,,,,,
1384410,2023/24,2023-10-21,"Bharat Ratna Shri Atal Bihari Vajpayee Ekana Cricket Stadium, Lucknow",2,42.3,42.3,Sri Lanka,Netherlands,S Samarawickrama,DM de Silva,CN Ackermann,4,0,,,,,,,,,,,,,
1384410,2023/24,2023-10-21,"Bharat Ratna Shri Atal Bihari Vajpayee Ekana Cricket Stadium, Lucknow",2,42.4,42.4,Sri Lanka,Netherlands,S Samarawickrama,DM de Silva,CN Ackermann,1,0,,,,,,,,,,,,,
1384410,2023/24,2023-10-21,"Bharat Ratna Shri Atal Bihari Vajpayee Ekana Cricket Stadium, Lucknow",2,42.5,42.5,Sri Lanka,Netherlands,DM de Silva,S Samarawickrama,CN Ackermann,0,0,,,,,,,,,,,,,
1384410,2023/24,2023-10-21,"Bharat Ratna Shri Atal Bihari Vajpayee Ekana Cricket Stadium, Lucknow",2,42.6,42.6,Sri Lanka,Netherlands,DM de Silva,S Samarawickrama,CN Ackermann,0,0,,,,,,,,,,,,,
1384410,2023/24,2023-10-21,"Bharat Ratna Shri Atal Bihari Vajpayee Ekana Cricket Stadium, Lucknow",2,43.1,43.1,Sri Lanka,Netherlands,S Samarawickrama,DM de Silva,LV van Beek,1,0,,,,,,,,,,,,,
1384410,2023/24,2023-10-21,"Bharat Ratna Shri Atal Bihari Vajpayee Ekana Cricket Stadium, Lucknow",2,43.2,43.2,Sri Lanka,Netherlands,DM de Silva,S Samarawickrama,LV van Beek,0,0,,,,,,,,,,,,,
1384410,2023/24,2023-10-21,"Bharat Ratna Shri Atal Bihari Vajpayee Ekana Cricket Stadium, Lucknow",2,43.3,43.3,Sri Lanka,Netherlands,DM de Silva,S Samarawickrama,LV van Beek,1,0,,,,,,,,,,,,,
1384410,2023/24,2023-10-21,"Bharat Ratna Shri Atal Bihari Vajpayee Ekana Cricket Stadium, Lucknow",2,43.4,43.4,Sri Lanka,Netherlands,S Samarawickrama,DM de Silva,LV van Beek,1,0,,,,,,,,,,,,,
1384410,2023/24,2023-10-21,"Bharat Ratna Shri Atal Bihari Vajpayee Ekana Cricket Stadium, Lucknow",2,43.5,43.5,Sri Lanka,Netherlands,DM de Silva,S Samarawickrama,LV van Beek,0,0,,,,,,,,,,,,,
1384410,2023/24,2023-10-21,"Bharat Ratna Shri Atal Bihari Vajpayee Ekana Cricket Stadium, Lucknow",2,43.6,43.6,Sri Lanka,Netherlands,DM de Silva,S Samarawickrama,LV van Beek,0,0,,,,,,,,,,,,,
1384410,2023/24,2023-10-21,"Bharat Ratna Shri Atal Bihari Vajpayee Ekana Cricket Stadium, Lucknow",2,44.1,44.1,Sri Lanka,Netherlands,S Samarawickrama,DM de Silva,CN Ackermann,2,0,,,,,,,,,,,,,
1384410,2023/24,2023-10-21,"Bharat Ratna Shri Atal Bihari Vajpayee Ekana Cricket Stadium, Lucknow",2,44.2,44.2,Sri Lanka,Netherlands,S Samarawickrama,DM de Silva,CN Ackermann,0,0,,,,,,,,,,,,,
1384410,2023/24,2023-10-21,"Bharat Ratna Shri Atal Bihari Vajpayee Ekana Cricket Stadium, Lucknow",2,44.3,44.3,Sri Lanka,Netherlands,S Samarawickrama,DM de Silva,CN Ackermann,1,0,,,,,,,,,,,,,
1384410,2023/24,2023-10-21,"Bharat Ratna Shri Atal Bihari Vajpayee Ekana Cricket Stadium, Lucknow",2,44.4,44.4,Sri Lanka,Netherlands,DM de Silva,S Samarawickrama,CN Ackermann,0,0,,,,,,,,,,,,,
1384410,2023/24,2023-10-21,"Bharat Ratna Shri Atal Bihari Vajpayee Ekana Cricket Stadium, Lucknow",2,44.5,44.5,Sri Lanka,Netherlands,DM de Silva,S Samarawickrama,CN Ackermann,0,0,,,,,,,,,,,,,
1384410,2023/24,2023-10-21,"Bharat Ratna Shri Atal Bihari Vajpayee Ekana Cricket Stadium, Lucknow",2,44.6,44.6,Sri Lanka,Netherlands,DM de Silva,S Samarawickrama,CN Ackermann,3,0,,,,,,,,,,,,,
1384410,2023/24,2023-10-21,"Bharat Ratna Shri Atal Bihari Vajpayee Ekana Cricket Stadium, Lucknow",2,45.1,45.1,Sri Lanka,Netherlands,DM de Silva,S Samarawickrama,LV van Beek,0,0,,,,,,,,,,,,,
1384410,2023/24,2023-10-21,"Bharat Ratna Shri Atal Bihari Vajpayee Ekana Cricket Stadium, Lucknow",2,45.2,45.2,Sri Lanka,Netherlands,DM de Silva,S Samarawickrama,LV van Beek,0,0,,,,,,,,,,,,,
1384410,2023/24,2023-10-21,"Bharat Ratna Shri Atal Bihari Vajpayee Ekana Cricket Stadium, Lucknow",2,45.3,45.3,Sri Lanka,Netherlands,DM de Silva,S Samarawickrama,LV van Beek,6,0,,,,,,,,,,,,,
1384410,2023/24,2023-10-21,"Bharat Ratna Shri Atal Bihari Vajpayee Ekana Cricket Stadium, Lucknow",2,45.4,45.4,Sri Lanka,Netherlands,DM de Silva,S Samarawickrama,LV van Beek,0,0,,,,,,,,,,,,,
1384410,2023/24,2023-10-21,"Bharat Ratna Shri Atal Bihari Vajpayee Ekana Cricket Stadium, Lucknow",2,45.5,45.5,Sri Lanka,Netherlands,DM de Silva,S Samarawickrama,LV van Beek,6,0,,,,,,,,,,,,,
1384410,2023/24,2023-10-21,"Bharat Ratna Shri Atal Bihari Vajpayee Ekana Cricket Stadium, Lucknow",2,45.6,45.6,Sri Lanka,Netherlands,DM de Silva,S Samarawickrama,LV van Beek,0,0,,,,,,,,,,,,,
1384410,2023/24,2023-10-21,"Bharat Ratna Shri Atal Bihari Vajpayee Ekana Cricket Stadium, Lucknow",2,46.1,46.1,Sri Lanka,Netherlands,S Samarawickrama,DM de Silva,CN Ackermann,2,0,,,,,,,,,,,,,
1384410,2023/24,2023-10-21,"Bharat Ratna Shri Atal Bihari Vajpayee Ekana Cricket Stadium, Lucknow",2,46.2,46.2,Sri Lanka,Netherlands,S Samarawickrama,DM de Silva,CN Ackermann,0,0,,,,,,,,,,,,,
1384410,2023/24,2023-10-21,"Bharat Ratna Shri Atal Bihari Vajpayee Ekana Cricket Stadium, Lucknow",2,46.3,46.3,Sri Lanka,Netherlands,S Samarawickrama,DM de Silva,CN Ackermann,1,0,,,,,,,,,,,,,
1384410,2023/24,2023-10-21,"Bharat Ratna Shri Atal Bihari Vajpayee Ekana Cricket Stadium, Lucknow",2,46.4,46.4,Sri Lanka,Netherlands,DM de Silva,S Samarawickrama,CN Ackermann,0,0,,,,,,,,,,,,,
1384410,2023/24,2023-10-21,"Bharat Ratna Shri Atal Bihari Vajpayee Ekana Cricket Stadium, Lucknow",2,46.5,46.5,Sri Lanka,Netherlands,DM de Silva,S Samarawickrama,CN Ackermann,0,0,,,,,,,bowled,DM de Silva,,,,,
1384410,2023/24,2023-10-21,"Bharat Ratna Shri Atal Bihari Vajpayee Ekana Cricket Stadium, Lucknow",2,46.6,46.6,Sri Lanka,Netherlands,MADI Hemantha,S Samarawickrama,CN Ackermann,0,0,,,,,,,,,,,,,
1384410,2023/24,2023-10-21,"Bharat Ratna Shri Atal Bihari Vajpayee Ekana Cricket Stadium, Lucknow",2,47.1,47.1,Sri Lanka,Netherlands,S Samarawickrama,MADI Hemantha,LV van Beek,0,0,,,,,,,,,,,,,
1384410,2023/24,2023-10-21,"Bharat Ratna Shri Atal Bihari Vajpayee Ekana Cricket Stadium, Lucknow",2,47.2,47.2,Sri Lanka,Netherlands,S Samarawickrama,MADI Hemantha,LV van Beek,2,0,,,,,,,,,,,,,
1384410,2023/24,2023-10-21,"Bharat Ratna Shri Atal Bihari Vajpayee Ekana Cricket Stadium, Lucknow",2,47.3,47.3,Sri Lanka,Netherlands,S Samarawickrama,MADI Hemantha,LV van Beek,0,0,,,,,,,,,,,,,
1384410,2023/24,2023-10-21,"Bharat Ratna Shri Atal Bihari Vajpayee Ekana Cricket Stadium, Lucknow",2,47.4,47.4,Sri Lanka,Netherlands,S Samarawickrama,MADI Hemantha,LV van Beek,0,0,,,,,,,,,,,,,
1384410,2023/24,2023-10-21,"Bharat Ratna Shri Atal Bihari Vajpayee Ekana Cricket Stadium, Lucknow",2,47.5,47.5,Sri Lanka,Netherlands,S Samarawickrama,MADI Hemantha,LV van Beek,0,0,,,,,,,,,,,,,
1384410,2023/24,2023-10-21,"Bharat Ratna Shri Atal Bihari Vajpayee Ekana Cricket Stadium, Lucknow",2,47.6,47.6,Sri Lanka,Netherlands,S Samarawickrama,MADI Hemantha,LV van Beek,0,0,,,,,,,,,,,,,
1384410,2023/24,2023-10-21,"Bharat Ratna Shri Atal Bihari Vajpayee Ekana Cricket Stadium, Lucknow",2,48.1,48.1,Sri Lanka,Netherlands,MADI Hemantha,S Samarawickrama,CN Ackermann,0,0,,,,,,,,,,,,,
1384410,2023/24,2023-10-21,"Bharat Ratna Shri Atal Bihari Vajpayee Ekana Cricket Stadium, Lucknow",2,48.2,48.2,Sri Lanka,Netherlands,MADI Hemantha,S Samarawickrama,CN Ackermann,4,0,,,,,,,,,,,,,
