match_id,season,start_date,venue,innings,ball,actual_delivery,batting_team,bowling_team,striker,non_striker,bowler,runs_off_bat,extras,wides,noballs,byes,legbyes,penalty,non_boundary,wicket_type,player_dismissed,other_wicket_type,other_player_dismissed,fielder_1,fielder_2,fielder_3
1420220,2023/24,2024-02-08,"Tribhuvan University International Cricket Ground, Kirtipur",1,0.1,0.1,Nepal,Canada,K Bhurtel,Aasif Sheikh,D Heyliger,0,1,1,,,,,,,,,,,,
1420220,2023/24,2024-02-08,"Tribhuvan University International Cricket Ground, Kirtipur",1,0.2,0.1,Nepal,Canada,K Bhurtel,Aasif Sheikh,D Heyliger,4,0,,,,,,,,,,,,,
1420220,2023/24,2024-02-08,"Tribhuvan University International Cricket Ground, Kirtipur",1,0.3,0.2,Nepal,Canada,K Bhurtel,Aasif Sheikh,D Heyliger,0,0,,,,,,,,,,,,,
1420220,2023/24,2024-02-08,"Tribhuvan University International Cricket Ground, Kirtipur",1,0.4,0.3,Nepal,Canada,K Bhurtel,Aasif Sheikh,D Heyliger,4,0,,,,,,,,,,,,,
1420220,2023/24,2024-02-08,"Tribhuvan University International Cricket Ground, Kirtipur",1,0.5,0.4,Nepal,Canada,K Bhurtel,Aasif Sheikh,D Heyliger,0,0,,,,,,,,,,,,,
1420220,2023/24,2024-02-08,"Tribhuvan University International Cricket Ground, Kirtipur",1,0.6,0.5,Nepal,Canada,K Bhurtel,Aasif Sheikh,D Heyliger,0,0,,,,,,,,,,,,,
1420220,2023/24,2024-02-08,"Tribhuvan University International Cricket Ground, Kirtipur",1,0.7,0.6,Nepal,Canada,K Bhurtel,Aasif Sheikh,D Heyliger,1,0,,,,,,,,,,,,,
1420220,2023/24,2024-02-08,"Tribhuvan University International Cricket Ground, Kirtipur",1,1.1,1.1,Nepal,Canada,K Bhurtel,Aasif Sheikh,Saad Bin Zafar,0,0,,,,,,,,,,,,,
1420220,2023/24,2024-02-08,"Tribhuvan University International Cricket Ground, Kirtipur",1,1.2,1.2,Nepal,Canada,K Bhurtel,Aasif Sheikh,Saad Bin Zafar,2,0,,,,,,,,,,,,,
1420220,2023/24,2024-02-08,"Tribhuvan University International Cricket Ground, Kirtipur",1,1.3,1.3,Nepal,Canada,K Bhurtel,Aasif Sheikh,Saad Bin Zafar,4,0,,,,,,,,,,,,,
1420220,2023/24,2024-02-08,"Tribhuvan University International Cricket Ground, Kirtipur",1,1.4,1.4,Nepal,Canada,K Bhurtel,Aasif Sheikh,Saad Bin Zafar,0,0,,,,,,,,,,,,,
1420220,2023/24,2024-02-08,"Tribhuvan University International Cricket Ground, Kirtipur",1,1.5,1.5,Nepal,Canada,K Bhurtel,Aasif Sheikh,Saad Bin Zafar,0,0,,,,,,,,,,,,,
1420220,2023/24,2024-02-08,"Tribhuvan University International Cricket Ground, Kirtipur",1,1.6,1.6,Nepal,Canada,K Bhurtel,Aasif Sheikh,Saad Bin Zafar,0,0,,,,,,,,,,,,,
1420220,2023/24,2024-02-08,"Tribhuvan University International Cricket Ground, Kirtipur",1,2.1,2.1,Nepal,Canada,Aasif Sheikh,K Bhurtel,D Heyliger,1,0,,,,,,,,,,,,,
1420220,2023/24,2024-02-08,"Tribhuvan University International Cricket Ground, Kirtipur",1,2.2,2.2,Nepal,Canada,K Bhurtel,Aasif Sheikh,D Heyliger,0,0,,,,,,,,,,,,,
1420220,2023/24,2024-02-08,"Tribhuvan University International Cricket Ground, Kirtipur",1,2.3,2.3,Nepal,Canada,K Bhurtel,Aasif Sheikh,D Heyliger,0,0,,,,,,,,,,,,,
1420220,2023/24,2024-02-08,"Tribhuvan University International Cricket Ground, Kirtipur",1,2.4,2.4,Nepal,Canada,K Bhurtel,Aasif Sheikh,D Heyliger,1,0,,,,,,,,,,,,,
1420220,2023/24,2024-02-08,"Tribhuvan University International Cricket Ground, Kirtipur",1,2.5,2.5,Nepal,Canada,Aasif Sheikh,K Bhurtel,D Heyliger,2,0,,,,,,,,,,,,,
1420220,2023/24,2024-02-08,"Tribhuvan University International Cricket Ground, Kirtipur",1,2.6,2.6,Nepal,Canada,Aasif Sheikh,K Bhurtel,D Heyliger,1,0,,,,,,,,,,,,,
1420220,2023/24,2024-02-08,"Tribhuvan University International Cricket Ground, Kirtipur",1,3.1,3.1,Nepal,Canada,Aasif Sheikh,K Bhurtel,Saad Bin Zafar,0,0,,,,,,,,,,,,,
1420220,2023/24,2024-02-08,"Tribhuvan University International Cricket Ground, Kirtipur",1,3.2,3.2,Nepal,Canada,Aasif Sheikh,K Bhurtel,Saad Bin Zafar,0,1,1,,,,,,,,,,,,
1420220,2023/24,2024-02-08,"Tribhuvan University International Cricket Ground, Kirtipur",1,3.3,3.2,Nepal,Canada,Aasif Sheikh,K Bhurtel,Saad Bin Zafar,0,0,,,,,,,,,,,,,
1420220,2023/24,2024-02-08,"Tribhuvan University International Cricket Ground, Kirtipur",1,3.4,3.3,Nepal,Canada,Aasif Sheikh,K Bhurtel,Saad Bin Zafar,0,0,,,,,,,,,,,,,
1420220,2023/24,2024-02-08,"Tribhuvan University International Cricket Ground, Kirtipur",1,3.5,3.4,Nepal,Canada,Aasif Sheikh,K Bhurtel,Saad Bin Zafar,0,0,,,,,,,,,,,,,
1420220,2023/24,2024-02-08,"Tribhuvan University International Cricket Ground, Kirtipur",1,3.6,3.5,Nepal,Canada,Aasif Sheikh,K Bhurtel,Saad Bin Zafar,0,0,,,,,,,,,,,,,
1420220,2023/24,2024-02-08,"Tribhuvan University International Cricket Ground, Kirtipur",1,3.7,3.6,Nepal,Canada,Aasif Sheikh,K Bhurtel,Saad Bin Zafar,0,0,,,,,,,,,,,,,
1420220,2023/24,2024-02-08,"Tribhuvan University International Cricket Ground, Kirtipur",1,4.1,4.1,Nepal,Canada,K Bhurtel,Aasif Sheikh,D Heyliger,0,0,,,,,,,,,,,,,
1420220,2023/24,2024-02-08,"Tribhuvan University International Cricket Ground, Kirtipur",1,4.2,4.2,Nepal,Canada,K Bhurtel,Aasif Sheikh,D Heyliger,0,0,,,,,,,,,,,,,
1420220,2023/24,2024-02-08,"Tribhuvan University International Cricket Ground, Kirtipur",1,4.3,4.3,Nepal,Canada,K Bhurtel,Aasif Sheikh,D Heyliger,0,1,1,,,,,,,,,,,,
1420220,2023/24,2024-02-08,"Tribhuvan University International Cricket Ground, Kirtipur",1,4.4,4.3,Nepal,Canada,K Bhurtel,Aasif Sheikh,D Heyliger,0,0,,,,,,,,,,,,,
1420220,2023/24,2024-02-08,"Tribhuvan University International Cricket Ground, Kirtipur",1,4.5,4.4,Nepal,Canada,K Bhurtel,Aasif Sheikh,D Heyliger,0,0,,,,,,,,,,,,,
1420220,2023/24,2024-02-08,"Tribhuvan University International Cricket Ground, Kirtipur",1,4.6,4.5,Nepal,Canada,K Bhurtel,Aasif Sheikh,D Heyliger,0,1,1,,,,,,,,,,,,
1420220,2023/24,2024-02-08,"Tribhuvan University International Cricket Ground, Kirtipur",1,4.7,4.5,Nepal,Canada,K Bhurtel,Aasif Sheikh,D Heyliger,0,0,,,,,,,,,,,,,
1420220,2023/24,2024-02-08,"Tribhuvan University International Cricket Ground, Kirtipur",1,4.8,4.6,Nepal,Canada,K Bhurtel,Aasif Sheikh,D Heyliger,0,0,,,,,,,,,,,,,
1420220,2023/24,2024-02-08,"Tribhuvan University International Cricket Ground, Kirtipur",1,5.1,5.1,Nepal,Canada,Aasif Sheikh,K Bhurtel,Saad Bin Zafar,0,0,,,,,,,,,,,,,
1420220,2023/24,2024-02-08,"Tribhuvan University International Cricket Ground, Kirtipur",1,5.2,5.2,Nepal,Canada,Aasif Sheikh,K Bhurtel,Saad Bin Zafar,0,0,,,,,,,,,,,,,
1420220,2023/24,2024-02-08,"Tribhuvan University International Cricket Ground, Kirtipur",1,5.3,5.3,Nepal,Canada,Aasif Sheikh,K Bhurtel,Saad Bin Zafar,1,0,,,,,,,,,,,,,
1420220,2023/24,2024-02-08,"Tribhuvan University International Cricket Ground, Kirtipur",1,5.4,5.4,Nepal,Canada,K Bhurtel,Aasif Sheikh,Saad Bin Zafar,6,0,,,,,,,,,,,,,
1420220,2023/24,2024-02-08,"Tribhuvan University International Cricket Ground, Kirtipur",1,5.5,5.5,Nepal,Canada,K Bhurtel,Aasif Sheikh,Saad Bin Zafar,0,0,,,,,,,,,,,,,
1420220,2023/24,2024-02-08,"Tribhuvan University International Cricket Ground, Kirtipur",1,5.6,5.6,Nepal,Canada,K Bhurtel,Aasif Sheikh,Saad Bin Zafar,0,0,,,,,,,,,,,,,
1420220,2023/24,2024-02-08,"Tribhuvan University International Cricket Ground, Kirtipur",1,6.1,6.1,Nepal,Canada,Aasif Sheikh,K Bhurtel,D Heyliger,0,0,,,,,,,,,,,,,
1420220,2023/24,2024-02-08,"Tribhuvan University International Cricket Ground, Kirtipur",1,6.2,6.2,Nepal,Canada,Aasif Sheikh,K Bhurtel,D Heyliger,1,0,,,,,,,,,,,,,
1420220,2023/24,2024-02-08,"Tribhuvan University International Cricket Ground, Kirtipur",1,6.3,6.3,Nepal,Canada,K Bhurtel,Aasif Sheikh,D Heyliger,1,0,,,,,,,,,,,,,
1420220,2023/24,2024-02-08,"Tribhuvan University International Cricket Ground, Kirtipur",1,6.4,6.4,Nepal,Canada,Aasif Sheikh,K Bhurtel,D Heyliger,1,0,,,,,,,,,,,,,
1420220,2023/24,2024-02-08,"Tribhuvan University International Cricket Ground, Kirtipur",1,6.5,6.5,Nepal,Canada,K Bhurtel,Aasif Sheikh,D Heyliger,4,0,,,,,,,,,,,,,
1420220,2023/24,2024-02-08,"Tribhuvan University International Cricket Ground, Kirtipur",1,6.6,6.6,Nepal,Canada,K Bhurtel,Aasif Sheikh,D Heyliger,4,0,,,,,,,,,,,,,
1420220,2023/24,2024-02-08,"Tribhuvan University International Cricket Ground, Kirtipur",1,7.1,7.1,Nepal,Canada,Aasif Sheikh,K Bhurtel,U Bhagwan,0,0,,,,,,,,,,,,,
1420220,2023/24,2024-02-08,"Tribhuvan University International Cricket Ground, Kirtipur",1,7.2,7.2,Nepal,Canada,Aasif Sheikh,K Bhurtel,U Bhagwan,0,0,,,,,,,,,,,,,
1420220,2023/24,2024-02-08,"Tribhuvan University International Cricket Ground, Kirtipur",1,7.3,7.3,Nepal,Canada,Aasif Sheikh,K Bhurtel,U Bhagwan,0,0,,,,,,,,,,,,,
1420220,2023/24,2024-02-08,"Tribhuvan University International Cricket Ground, Kirtipur",1,7.4,7.4,Nepal,Canada,Aasif Sheikh,K Bhurtel,U Bhagwan,0,0,,,,,,,,,,,,,
1420220,2023/24,2024-02-08,"Tribhuvan University International Cricket Ground, Kirtipur",1,7.5,7.5,Nepal,Canada,Aasif Sheikh,K Bhurtel,U Bhagwan,0,0,,,,,,,,,,,,,
1420220,2023/24,2024-02-08,"Tribhuvan University International Cricket Ground, Kirtipur",1,7.6,7.6,Nepal,Canada,Aasif Sheikh,K Bhurtel,U Bhagwan,0,0,,,,,,,,,,,,,
1420220,2023/24,2024-02-08,"Tribhuvan University International Cricket Ground, Kirtipur",1,8.1,8.1,Nepal,Canada,K Bhurtel,Aasif Sheikh,D Heyliger,1,0,,,,,,,,,,,,,
1420220,2023/24,2024-02-08,"Tribhuvan University International Cricket Ground, Kirtipur",1,8.2,8.2,Nepal,Canada,Aasif Sheikh,K Bhurtel,D Heyliger,0,0,,,,,,,,,,,,,
1420220,2023/24,2024-02-08,"Tribhuvan University International Cricket Ground, Kirtipur",1,8.3,8.3,Nepal,Canada,Aasif Sheikh,K Bhurtel,D Heyliger,1,0,,,,,,,,,,,,,
1420220,2023/24,2024-02-08,"Tribhuvan University International Cricket Ground, Kirtipur",1,8.4,8.4,Nepal,Canada,K Bhurtel,Aasif Sheikh,D Heyliger,0,0,,,,,,,,,,,,,
1420220,2023/24,2024-02-08,"Tribhuvan University International Cricket Ground, Kirtipur",1,8.5,8.5,Nepal,Canada,K Bhurtel,Aasif Sheikh,D Heyliger,4,0,,,,,,,,,,,,,
1420220,2023/24,2024-02-08,"Tribhuvan University International Cricket Ground, Kirtipur",1,8.6,8.6,Nepal,Canada,K Bhurtel,Aasif Sheikh,D Heyliger,0,0,,,,,,,,,,,,,
1420220,2023/24,2024-02-08,"Tribhuvan University International Cricket Ground, Kirtipur",1,9.1,9.1,Nepal,Canada,Aasif Sheikh,K Bhurtel,U Bhagwan,0,0,,,,,,,caught,Aasif Sheikh,,,NS Dhaliwal,,
1420220,2023/24,2024-02-08,"Tribhuvan University International Cricket Ground, Kirtipur",1,9.2,9.2,Nepal,Canada,RK Paudel,K Bhurtel,U Bhagwan,0,0,,,,,,,,,,,,,
1420220,2023/24,2024-02-08,"Tribhuvan University International Cricket Ground, Kirtipur",1,9.3,9.3,Nepal,Canada,RK Paudel,K Bhurtel,U Bhagwan,0,0,,,,,,,,,,,,,
1420220,2023/24,2024-02-08,"Tribhuvan University International Cricket Ground, Kirtipur",1,9.4,9.4,Nepal,Canada,RK Paudel,K Bhurtel,U Bhagwan,4,0,,,,,,,,,,,,,
1420220,2023/24,2024-02-08,"Tribhuvan University International Cricket Ground, Kirtipur",1,9.5,9.5,Nepal,Canada,RK Paudel,K Bhurtel,U Bhagwan,1,0,,,,,,,,,,,,,
1420220,2023/24,2024-02-08,"Tribhuvan University International Cricket Ground, Kirtipur",1,9.6,9.6,Nepal,Canada,K Bhurtel,RK Paudel,U Bhagwan,0,0,,,,,,,,,,,,,
1420220,2023/24,2024-02-08,"Tribhuvan University International Cricket Ground, Kirtipur",1,10.1,10.1,Nepal,Canada,RK Paudel,K Bhurtel,IS Sohi,0,0,,,,,,,,,,,,,
1420220,2023/24,2024-02-08,"Tribhuvan University International Cricket Ground, Kirtipur",1,10.2,10.2,Nepal,Canada,RK Paudel,K Bhurtel,IS Sohi,0,0,,,,,,,,,,,,,
1420220,2023/24,2024-02-08,"Tribhuvan University International Cricket Ground, Kirtipur",1,10.3,10.3,Nepal,Canada,RK Paudel,K Bhurtel,IS Sohi,0,0,,,,,,,,,,,,,
1420220,2023/24,2024-02-08,"Tribhuvan University International Cricket Ground, Kirtipur",1,10.4,10.4,Nepal,Canada,RK Paudel,K Bhurtel,IS Sohi,0,0,,,,,,,,,,,,,
1420220,2023/24,2024-02-08,"Tribhuvan University International Cricket Ground, Kirtipur",1,10.5,10.5,Nepal,Canada,RK Paudel,K Bhurtel,IS Sohi,0,0,,,,,,,,,,,,,
1420220,2023/24,2024-02-08,"Tribhuvan University International Cricket Ground, Kirtipur",1,10.6,10.6,Nepal,Canada,RK Paudel,K Bhurtel,IS Sohi,1,0,,,,,,,,,,,,,
1420220,2023/24,2024-02-08,"Tribhuvan University International Cricket Ground, Kirtipur",1,11.1,11.1,Nepal,Canada,RK Paudel,K Bhurtel,U Bhagwan,1,0,,,,,,,,,,,,,
1420220,2023/24,2024-02-08,"Tribhuvan University International Cricket Ground, Kirtipur",1,11.2,11.2,Nepal,Canada,K Bhurtel,RK Paudel,U Bhagwan,0,0,,,,,,,,,,,,,
1420220,2023/24,2024-02-08,"Tribhuvan University International Cricket Ground, Kirtipur",1,11.3,11.3,Nepal,Canada,K Bhurtel,RK Paudel,U Bhagwan,0,0,,,,,,,,,,,,,
1420220,2023/24,2024-02-08,"Tribhuvan University International Cricket Ground, Kirtipur",1,11.4,11.4,Nepal,Canada,K Bhurtel,RK Paudel,U Bhagwan,0,0,,,,,,,,,,,,,
1420220,2023/24,2024-02-08,"Tribhuvan University International Cricket Ground, Kirtipur",1,11.5,11.5,Nepal,Canada,K Bhurtel,RK Paudel,U Bhagwan,4,0,,,,,,,,,,,,,
1420220,2023/24,2024-02-08,"Tribhuvan University International Cricket Ground, Kirtipur",1,11.6,11.6,Nepal,Canada,K Bhurtel,RK Paudel,U Bhagwan,1,0,,,,,,,,,,,,,
1420220,2023/24,2024-02-08,"Tribhuvan University International Cricket Ground, Kirtipur",1,12.1,12.1,Nepal,Canada,K Bhurtel,RK Paudel,IS Sohi,2,0,,,,,,,,,,,,,
1420220,2023/24,2024-02-08,"Tribhuvan University International Cricket Ground, Kirtipur",1,12.2,12.2,Nepal,Canada,K Bhurtel,RK Paudel,IS Sohi,1,0,,,,,,,,,,,,,
1420220,2023/24,2024-02-08,"Tribhuvan University International Cricket Ground, Kirtipur",1,12.3,12.3,Nepal,Canada,RK Paudel,K Bhurtel,IS Sohi,0,0,,,,,,,,,,,,,
1420220,2023/24,2024-02-08,"Tribhuvan University International Cricket Ground, Kirtipur",1,12.4,12.4,Nepal,Canada,RK Paudel,K Bhurtel,IS Sohi,1,0,,,,,,,,,,,,,
1420220,2023/24,2024-02-08,"Tribhuvan University International Cricket Ground, Kirtipur",1,12.5,12.5,Nepal,Canada,K Bhurtel,RK Paudel,IS Sohi,1,0,,,,,,,,,,,,,
1420220,2023/24,2024-02-08,"Tribhuvan University International Cricket Ground, Kirtipur",1,12.6,12.6,Nepal,Canada,RK Paudel,K Bhurtel,IS Sohi,0,0,,,,,,,,,,,,,
1420220,2023/24,2024-02-08,"Tribhuvan University International Cricket Ground, Kirtipur",1,13.1,13.1,Nepal,Canada,K Bhurtel,RK Paudel,U Bhagwan,2,0,,,,,,,,,,,,,
1420220,2023/24,2024-02-08,"Tribhuvan University International Cricket Ground, Kirtipur",1,13.2,13.2,Nepal,Canada,K Bhurtel,RK Paudel,U Bhagwan,0,0,,,,,,,,,,,,,
1420220,2023/24,2024-02-08,"Tribhuvan University International Cricket Ground, Kirtipur",1,13.3,13.3,Nepal,Canada,K Bhurtel,RK Paudel,U Bhagwan,0,0,,,,,,,,,,,,,
1420220,2023/24,2024-02-08,"Tribhuvan University International Cricket Ground, Kirtipur",1,13.4,13.4,Nepal,Canada,K Bhurtel,RK Paudel,U Bhagwan,4,0,,,,,,,,,,,,,
1420220,2023/24,2024-02-08,"Tribhuvan University International Cricket Ground, Kirtipur",1,13.5,13.5,Nepal,Canada,K Bhurtel,RK Paudel,U Bhagwan,0,0,,,,,,,,,,,,,
1420220,2023/24,2024-02-08,"Tribhuvan University International Cricket Ground, Kirtipur",1,13.6,13.6,Nepal,Canada,K Bhurtel,RK Paudel,U Bhagwan,0,0,,,,,,,,,,,,,
1420220,2023/24,2024-02-08,"Tribhuvan University International Cricket Ground, Kirtipur",1,14.1,14.1,Nepal,Canada,RK Paudel,K Bhurtel,IS Sohi,0,0,,,,,,,,,,,,,
1420220,2023/24,2024-02-08,"Tribhuvan University International Cricket Ground, Kirtipur",1,14.2,14.2,Nepal,Canada,RK Paudel,K Bhurtel,IS Sohi,0,0,,,,,,,,,,,,,
1420220,2023/24,2024-02-08,"Tribhuvan University International Cricket Ground, Kirtipur",1,14.3,14.3,Nepal,Canada,RK Paudel,K Bhurtel,IS Sohi,0,0,,,,,,,caught,RK Paudel,,,H Thaker,,
1420220,2023/24,2024-02-08,"Tribhuvan University International Cricket Ground, Kirtipur",1,14.4,14.4,Nepal,Canada,B Sharki,K Bhurtel,IS Sohi,0,0,,,,,,,,,,,,,
1420220,2023/24,2024-02-08,"Tribhuvan University International Cricket Ground, Kirtipur",1,14.5,14.5,Nepal,Canada,B Sharki,K Bhurtel,IS Sohi,2,0,,,,,,,,,,,,,
1420220,2023/24,2024-02-08,"Tribhuvan University International Cricket Ground, Kirtipur",1,14.6,14.6,Nepal,Canada,B Sharki,K Bhurtel,IS Sohi,0,0,,,,,,,,,,,,,
1420220,2023/24,2024-02-08,"Tribhuvan University International Cricket Ground, Kirtipur",1,15.1,15.1,Nepal,Canada,K Bhurtel,B Sharki,Shahid Ahmadzai,1,0,,,,,,,,,,,,,
1420220,2023/24,2024-02-08,"Tribhuvan University International Cricket Ground, Kirtipur",1,15.2,15.2,Nepal,Canada,B Sharki,K Bhurtel,Shahid Ahmadzai,0,0,,,,,,,,,,,,,
1420220,2023/24,2024-02-08,"Tribhuvan University International Cricket Ground, Kirtipur",1,15.3,15.3,Nepal,Canada,B Sharki,K Bhurtel,Shahid Ahmadzai,1,0,,,,,,,,,,,,,
1420220,2023/24,2024-02-08,"Tribhuvan University International Cricket Ground, Kirtipur",1,15.4,15.4,Nepal,Canada,K Bhurtel,B Sharki,Shahid Ahmadzai,0,0,,,,,,,,,,,,,
1420220,2023/24,2024-02-08,"Tribhuvan University International Cricket Ground, Kirtipur",1,15.5,15.5,Nepal,Canada,K Bhurtel,B Sharki,Shahid Ahmadzai,4,0,,,,,,,,,,,,,
1420220,2023/24,2024-02-08,"Tribhuvan University International Cricket Ground, Kirtipur",1,15.6,15.6,Nepal,Canada,K Bhurtel,B Sharki,Shahid Ahmadzai,1,0,,,,,,,,,,,,,
1420220,2023/24,2024-02-08,"Tribhuvan University International Cricket Ground, Kirtipur",1,16.1,16.1,Nepal,Canada,K Bhurtel,B Sharki,IS Sohi,1,0,,,,,,,,,,,,,
1420220,2023/24,2024-02-08,"Tribhuvan University International Cricket Ground, Kirtipur",1,16.2,16.2,Nepal,Canada,B Sharki,K Bhurtel,IS Sohi,4,0,,,,,,,,,,,,,
1420220,2023/24,2024-02-08,"Tribhuvan University International Cricket Ground, Kirtipur",1,16.3,16.3,Nepal,Canada,B Sharki,K Bhurtel,IS Sohi,0,0,,,,,,,,,,,,,
1420220,2023/24,2024-02-08,"Tribhuvan University International Cricket Ground, Kirtipur",1,16.4,16.4,Nepal,Canada,B Sharki,K Bhurtel,IS Sohi,1,0,,,,,,,,,,,,,
1420220,2023/24,2024-02-08,"Tribhuvan University International Cricket Ground, Kirtipur",1,16.5,16.5,Nepal,Canada,K Bhurtel,B Sharki,IS Sohi,0,1,,1,,,,,,,,,,,
1420220,2023/24,2024-02-08,"Tribhuvan University International Cricket Ground, Kirtipur",1,16.6,16.5,Nepal,Canada,K Bhurtel,B Sharki,IS Sohi,1,0,,,,,,,,,,,,,
1420220,2023/24,2024-02-08,"Tribhuvan University International Cricket Ground, Kirtipur",1,16.7,16.6,Nepal,Canada,B Sharki,K Bhurtel,IS Sohi,0,0,,,,,,,,,,,,,
1420220,2023/24,2024-02-08,"Tribhuvan University International Cricket Ground, Kirtipur",1,17.1,17.1,Nepal,Canada,K Bhurtel,B Sharki,Shahid Ahmadzai,1,0,,,,,,,,,,,,,
1420220,2023/24,2024-02-08,"Tribhuvan University International Cricket Ground, Kirtipur",1,17.2,17.2,Nepal,Canada,B Sharki,K Bhurtel,Shahid Ahmadzai,0,1,1,,,,,,,,,,,,
1420220,2023/24,2024-02-08,"Tribhuvan University International Cricket Ground, Kirtipur",1,17.3,17.2,Nepal,Canada,B Sharki,K Bhurtel,Shahid Ahmadzai,4,0,,,,,,,,,,,,,
1420220,2023/24,2024-02-08,"Tribhuvan University International Cricket Ground, Kirtipur",1,17.4,17.3,Nepal,Canada,B Sharki,K Bhurtel,Shahid Ahmadzai,1,0,,,,,,,,,,,,,
1420220,2023/24,2024-02-08,"Tribhuvan University International Cricket Ground, Kirtipur",1,17.5,17.4,Nepal,Canada,K Bhurtel,B Sharki,Shahid Ahmadzai,0,0,,,,,,,,,,,,,
1420220,2023/24,2024-02-08,"Tribhuvan University International Cricket Ground, Kirtipur",1,17.6,17.5,Nepal,Canada,K Bhurtel,B Sharki,Shahid Ahmadzai,1,0,,,,,,,,,,,,,
1420220,2023/24,2024-02-08,"Tribhuvan University International Cricket Ground, Kirtipur",1,17.7,17.6,Nepal,Canada,B Sharki,K Bhurtel,Shahid Ahmadzai,0,0,,,,,,,,,,,,,
1420220,2023/24,2024-02-08,"Tribhuvan University International Cricket Ground, Kirtipur",1,18.1,18.1,Nepal,Canada,K Bhurtel,B Sharki,Saad Bin Zafar,1,0,,,,,,,,,,,,,
1420220,2023/24,2024-02-08,"Tribhuvan University International Cricket Ground, Kirtipur",1,18.2,18.2,Nepal,Canada,B Sharki,K Bhurtel,Saad Bin Zafar,1,0,,,,,,,,,,,,,
1420220,2023/24,2024-02-08,"Tribhuvan University International Cricket Ground, Kirtipur",1,18.3,18.3,Nepal,Canada,K Bhurtel,B Sharki,Saad Bin Zafar,0,0,,,,,,,stumped,K Bhurtel,,,S Movva,,
1420220,2023/24,2024-02-08,"Tribhuvan University International Cricket Ground, Kirtipur",1,18.4,18.4,Nepal,Canada,Kushal Malla,B Sharki,Saad Bin Zafar,0,1,1,,,,,,,,,,,,
1420220,2023/24,2024-02-08,"Tribhuvan University International Cricket Ground, Kirtipur",1,18.5,18.4,Nepal,Canada,Kushal Malla,B Sharki,Saad Bin Zafar,0,0,,,,,,,,,,,,,
1420220,2023/24,2024-02-08,"Tribhuvan University International Cricket Ground, Kirtipur",1,18.6,18.5,Nepal,Canada,Kushal Malla,B Sharki,Saad Bin Zafar,0,0,,,,,,,,,,,,,
1420220,2023/24,2024-02-08,"Tribhuvan University International Cricket Ground, Kirtipur",1,18.7,18.6,Nepal,Canada,Kushal Malla,B Sharki,Saad Bin Zafar,1,0,,,,,,,,,,,,,
1420220,2023/24,2024-02-08,"Tribhuvan University International Cricket Ground, Kirtipur",1,19.1,19.1,Nepal,Canada,Kushal Malla,B Sharki,H Thaker,1,0,,,,,,,,,,,,,
1420220,2023/24,2024-02-08,"Tribhuvan University International Cricket Ground, Kirtipur",1,19.2,19.2,Nepal,Canada,B Sharki,Kushal Malla,H Thaker,0,0,,,,,,,,,,,,,
1420220,2023/24,2024-02-08,"Tribhuvan University International Cricket Ground, Kirtipur",1,19.3,19.3,Nepal,Canada,B Sharki,Kushal Malla,H Thaker,0,0,,,,,,,,,,,,,
1420220,2023/24,2024-02-08,"Tribhuvan University International Cricket Ground, Kirtipur",1,19.4,19.4,Nepal,Canada,B Sharki,Kushal Malla,H Thaker,1,0,,,,,,,,,,,,,
1420220,2023/24,2024-02-08,"Tribhuvan University International Cricket Ground, Kirtipur",1,19.5,19.5,Nepal,Canada,Kushal Malla,B Sharki,H Thaker,1,0,,,,,,,,,,,,,
1420220,2023/24,2024-02-08,"Tribhuvan University International Cricket Ground, Kirtipur",1,19.6,19.6,Nepal,Canada,B Sharki,Kushal Malla,H Thaker,1,0,,,,,,,,,,,,,
1420220,2023/24,2024-02-08,"Tribhuvan University International Cricket Ground, Kirtipur",1,20.1,20.1,Nepal,Canada,B Sharki,Kushal Malla,Saad Bin Zafar,0,0,,,,,,,,,,,,,
1420220,2023/24,2024-02-08,"Tribhuvan University International Cricket Ground, Kirtipur",1,20.2,20.2,Nepal,Canada,B Sharki,Kushal Malla,Saad Bin Zafar,0,0,,,,,,,,,,,,,
1420220,2023/24,2024-02-08,"Tribhuvan University International Cricket Ground, Kirtipur",1,20.3,20.3,Nepal,Canada,B Sharki,Kushal Malla,Saad Bin Zafar,0,0,,,,,,,,,,,,,
1420220,2023/24,2024-02-08,"Tribhuvan University International Cricket Ground, Kirtipur",1,20.4,20.4,Nepal,Canada,B Sharki,Kushal Malla,Saad Bin Zafar,0,0,,,,,,,,,,,,,
1420220,2023/24,2024-02-08,"Tribhuvan University International Cricket Ground, Kirtipur",1,20.5,20.5,Nepal,Canada,B Sharki,Kushal Malla,Saad Bin Zafar,1,0,,,,,,,,,,,,,
1420220,2023/24,2024-02-08,"Tribhuvan University International Cricket Ground, Kirtipur",1,20.6,20.6,Nepal,Canada,Kushal Malla,B Sharki,Saad Bin Zafar,1,0,,,,,,,,,,,,,
1420220,2023/24,2024-02-08,"Tribhuvan University International Cricket Ground, Kirtipur",1,21.1,21.1,Nepal,Canada,Kushal Malla,B Sharki,H Thaker,0,0,,,,,,,,,,,,,
1420220,2023/24,2024-02-08,"Tribhuvan University International Cricket Ground, Kirtipur",1,21.2,21.2,Nepal,Canada,Kushal Malla,B Sharki,H Thaker,0,0,,,,,,,,,,,,,
1420220,2023/24,2024-02-08,"Tribhuvan University International Cricket Ground, Kirtipur",1,21.3,21.3,Nepal,Canada,Kushal Malla,B Sharki,H Thaker,1,0,,,,,,,,,,,,,
1420220,2023/24,2024-02-08,"Tribhuvan University International Cricket Ground, Kirtipur",1,21.4,21.4,Nepal,Canada,B Sharki,Kushal Malla,H Thaker,0,0,,,,,,,,,,,,,
1420220,2023/24,2024-02-08,"Tribhuvan University International Cricket Ground, Kirtipur",1,21.5,21.5,Nepal,Canada,B Sharki,Kushal Malla,H Thaker,0,0,,,,,,,,,,,,,
1420220,2023/24,2024-02-08,"Tribhuvan University International Cricket Ground, Kirtipur",1,21.6,21.6,Nepal,Canada,B Sharki,Kushal Malla,H Thaker,0,0,,,,,,,,,,,,,
1420220,2023/24,2024-02-08,"Tribhuvan University International Cricket Ground, Kirtipur",1,22.1,22.1,Nepal,Canada,Kushal Malla,B Sharki,Saad Bin Zafar,0,0,,,,,,,,,,,,,
1420220,2023/24,2024-02-08,"Tribhuvan University International Cricket Ground, Kirtipur",1,22.2,22.2,Nepal,Canada,Kushal Malla,B Sharki,Saad Bin Zafar,1,0,,,,,,,,,,,,,
1420220,2023/24,2024-02-08,"Tribhuvan University International Cricket Ground, Kirtipur",1,22.3,22.3,Nepal,Canada,B Sharki,Kushal Malla,Saad Bin Zafar,0,0,,,,,,,lbw,B Sharki,,,,,
1420220,2023/24,2024-02-08,"Tribhuvan University International Cricket Ground, Kirtipur",1,22.4,22.4,Nepal,Canada,Aarif Sheikh,Kushal Malla,Saad Bin Zafar,1,0,,,,,,,,,,,,,
1420220,2023/24,2024-02-08,"Tribhuvan University International Cricket Ground, Kirtipur",1,22.5,22.5,Nepal,Canada,Kushal Malla,Aarif Sheikh,Saad Bin Zafar,1,0,,,,,,,,,,,,,
1420220,2023/24,2024-02-08,"Tribhuvan University International Cricket Ground, Kirtipur",1,22.6,22.6,Nepal,Canada,Aarif Sheikh,Kushal Malla,Saad Bin Zafar,1,0,,,,,,,,,,,,,
1420220,2023/24,2024-02-08,"Tribhuvan University International Cricket Ground, Kirtipur",1,23.1,23.1,Nepal,Canada,Aarif Sheikh,Kushal Malla,H Thaker,0,0,,,,,,,,,,,,,
1420220,2023/24,2024-02-08,"Tribhuvan University International Cricket Ground, Kirtipur",1,23.2,23.2,Nepal,Canada,Aarif Sheikh,Kushal Malla,H Thaker,0,0,,,,,,,,,,,,,
1420220,2023/24,2024-02-08,"Tribhuvan University International Cricket Ground, Kirtipur",1,23.3,23.3,Nepal,Canada,Aarif Sheikh,Kushal Malla,H Thaker,1,0,,,,,,,,,,,,,
1420220,2023/24,2024-02-08,"Tribhuvan University International Cricket Ground, Kirtipur",1,23.4,23.4,Nepal,Canada,Kushal Malla,Aarif Sheikh,H Thaker,0,0,,,,,,,,,,,,,
1420220,2023/24,2024-02-08,"Tribhuvan University International Cricket Ground, Kirtipur",1,23.5,23.5,Nepal,Canada,Kushal Malla,Aarif Sheikh,H Thaker,0,0,,,,,,,,,,,,,
1420220,2023/24,2024-02-08,"Tribhuvan University International Cricket Ground, Kirtipur",1,23.6,23.6,Nepal,Canada,Kushal Malla,Aarif Sheikh,H Thaker,0,0,,,,,,,,,,,,,
1420220,2023/24,2024-02-08,"Tribhuvan University International Cricket Ground, Kirtipur",1,24.1,24.1,Nepal,Canada,Aarif Sheikh,Kushal Malla,Saad Bin Zafar,0,0,,,,,,,,,,,,,
1420220,2023/24,2024-02-08,"Tribhuvan University International Cricket Ground, Kirtipur",1,24.2,24.2,Nepal,Canada,Aarif Sheikh,Kushal Malla,Saad Bin Zafar,1,0,,,,,,,,,,,,,
1420220,2023/24,2024-02-08,"Tribhuvan University International Cricket Ground, Kirtipur",1,24.3,24.3,Nepal,Canada,Kushal Malla,Aarif Sheikh,Saad Bin Zafar,4,0,,,,,,,,,,,,,
1420220,2023/24,2024-02-08,"Tribhuvan University International Cricket Ground, Kirtipur",1,24.4,24.4,Nepal,Canada,Kushal Malla,Aarif Sheikh,Saad Bin Zafar,6,0,,,,,,,,,,,,,
1420220,2023/24,2024-02-08,"Tribhuvan University International Cricket Ground, Kirtipur",1,24.5,24.5,Nepal,Canada,Kushal Malla,Aarif Sheikh,Saad Bin Zafar,0,0,,,,,,,,,,,,,
1420220,2023/24,2024-02-08,"Tribhuvan University International Cricket Ground, Kirtipur",1,24.6,24.6,Nepal,Canada,Kushal Malla,Aarif Sheikh,Saad Bin Zafar,0,1,1,,,,,,,,,,,,
1420220,2023/24,2024-02-08,"Tribhuvan University International Cricket Ground, Kirtipur",1,24.7,24.6,Nepal,Canada,Kushal Malla,Aarif Sheikh,Saad Bin Zafar,0,0,,,,,,,,,,,,,
1420220,2023/24,2024-02-08,"Tribhuvan University International Cricket Ground, Kirtipur",1,25.1,25.1,Nepal,Canada,Aarif Sheikh,Kushal Malla,H Thaker,1,0,,,,,,,,,,,,,
1420220,2023/24,2024-02-08,"Tribhuvan University International Cricket Ground, Kirtipur",1,25.2,25.2,Nepal,Canada,Kushal Malla,Aarif Sheikh,H Thaker,0,1,1,,,,,,,,,,,,
1420220,2023/24,2024-02-08,"Tribhuvan University International Cricket Ground, Kirtipur",1,25.3,25.2,Nepal,Canada,Kushal Malla,Aarif Sheikh,H Thaker,0,0,,,,,,,,,,,,,
1420220,2023/24,2024-02-08,"Tribhuvan University International Cricket Ground, Kirtipur",1,25.4,25.3,Nepal,Canada,Kushal Malla,Aarif Sheikh,H Thaker,0,0,,,,,,,,,,,,,
1420220,2023/24,2024-02-08,"Tribhuvan University International Cricket Ground, Kirtipur",1,25.5,25.4,Nepal,Canada,Kushal Malla,Aarif Sheikh,H Thaker,1,0,,,,,,,,,,,,,
1420220,2023/24,2024-02-08,"Tribhuvan University International Cricket Ground, Kirtipur",1,25.6,25.5,Nepal,Canada,Aarif Sheikh,Kushal Malla,H Thaker,0,0,,,,,,,,,,,,,
1420220,2023/24,2024-02-08,"Tribhuvan University International Cricket Ground, Kirtipur",1,25.7,25.6,Nepal,Canada,Aarif Sheikh,Kushal Malla,H Thaker,1,0,,,,,,,,,,,,,
1420220,2023/24,2024-02-08,"Tribhuvan University International Cricket Ground, Kirtipur",1,26.1,26.1,Nepal,Canada,Aarif Sheikh,Kushal Malla,D Heyliger,0,1,1,,,,,,,,,,,,
1420220,2023/24,2024-02-08,"Tribhuvan University International Cricket Ground, Kirtipur",1,26.2,26.1,Nepal,Canada,Aarif Sheikh,Kushal Malla,D Heyliger,1,0,,,,,,,,,,,,,
1420220,2023/24,2024-02-08,"Tribhuvan University International Cricket Ground, Kirtipur",1,26.3,26.2,Nepal,Canada,Kushal Malla,Aarif Sheikh,D Heyliger,0,0,,,,,,,,,,,,,
1420220,2023/24,2024-02-08,"Tribhuvan University International Cricket Ground, Kirtipur",1,26.4,26.3,Nepal,Canada,Kushal Malla,Aarif Sheikh,D Heyliger,0,0,,,,,,,,,,,,,
1420220,2023/24,2024-02-08,"Tribhuvan University International Cricket Ground, Kirtipur",1,26.5,26.4,Nepal,Canada,Kushal Malla,Aarif Sheikh,D Heyliger,0,0,,,,,,,,,,,,,
1420220,2023/24,2024-02-08,"Tribhuvan University International Cricket Ground, Kirtipur",1,26.6,26.5,Nepal,Canada,Kushal Malla,Aarif Sheikh,D Heyliger,0,0,,,,,,,,,,,,,
1420220,2023/24,2024-02-08,"Tribhuvan University International Cricket Ground, Kirtipur",1,26.7,26.6,Nepal,Canada,Kushal Malla,Aarif Sheikh,D Heyliger,0,0,,,,,,,,,,,,,
1420220,2023/24,2024-02-08,"Tribhuvan University International Cricket Ground, Kirtipur",1,27.1,27.1,Nepal,Canada,Aarif Sheikh,Kushal Malla,H Thaker,0,0,,,,,,,,,,,,,
1420220,2023/24,2024-02-08,"Tribhuvan University International Cricket Ground, Kirtipur",1,27.2,27.2,Nepal,Canada,Aarif Sheikh,Kushal Malla,H Thaker,1,0,,,,,,,,,,,,,
1420220,2023/24,2024-02-08,"Tribhuvan University International Cricket Ground, Kirtipur",1,27.3,27.3,Nepal,Canada,Kushal Malla,Aarif Sheikh,H Thaker,0,0,,,,,,,,,,,,,
1420220,2023/24,2024-02-08,"Tribhuvan University International Cricket Ground, Kirtipur",1,27.4,27.4,Nepal,Canada,Kushal Malla,Aarif Sheikh,H Thaker,1,0,,,,,,,,,,,,,
1420220,2023/24,2024-02-08,"Tribhuvan University International Cricket Ground, Kirtipur",1,27.5,27.5,Nepal,Canada,Aarif Sheikh,Kushal Malla,H Thaker,0,0,,,,,,,,,,,,,
1420220,2023/24,2024-02-08,"Tribhuvan University International Cricket Ground, Kirtipur",1,27.6,27.6,Nepal,Canada,Aarif Sheikh,Kushal Malla,H Thaker,0,0,,,,,,,,,,,,,
1420220,2023/24,2024-02-08,"Tribhuvan University International Cricket Ground, Kirtipur",1,28.1,28.1,Nepal,Canada,Kushal Malla,Aarif Sheikh,D Heyliger,1,0,,,,,,,,,,,,,
1420220,2023/24,2024-02-08,"Tribhuvan University International Cricket Ground, Kirtipur",1,28.2,28.2,Nepal,Canada,Aarif Sheikh,Kushal Malla,D Heyliger,0,0,,,,,,,,,,,,,
1420220,2023/24,2024-02-08,"Tribhuvan University International Cricket Ground, Kirtipur",1,28.3,28.3,Nepal,Canada,Aarif Sheikh,Kushal Malla,D Heyliger,4,0,,,,,,,,,,,,,
1420220,2023/24,2024-02-08,"Tribhuvan University International Cricket Ground, Kirtipur",1,28.4,28.4,Nepal,Canada,Aarif Sheikh,Kushal Malla,D Heyliger,2,0,,,,,,,,,,,,,
1420220,2023/24,2024-02-08,"Tribhuvan University International Cricket Ground, Kirtipur",1,28.5,28.5,Nepal,Canada,Aarif Sheikh,Kushal Malla,D Heyliger,0,0,,,,,,,,,,,,,
1420220,2023/24,2024-02-08,"Tribhuvan University International Cricket Ground, Kirtipur",1,28.6,28.6,Nepal,Canada,Aarif Sheikh,Kushal Malla,D Heyliger,1,0,,,,,,,,,,,,,
1420220,2023/24,2024-02-08,"Tribhuvan University International Cricket Ground, Kirtipur",1,29.1,29.1,Nepal,Canada,Aarif Sheikh,Kushal Malla,H Thaker,1,0,,,,,,,,,,,,,
1420220,2023/24,2024-02-08,"Tribhuvan University International Cricket Ground, Kirtipur",1,29.2,29.2,Nepal,Canada,Kushal Malla,Aarif Sheikh,H Thaker,0,0,,,,,,,,,,,,,
1420220,2023/24,2024-02-08,"Tribhuvan University International Cricket Ground, Kirtipur",1,29.3,29.3,Nepal,Canada,Kushal Malla,Aarif Sheikh,H Thaker,0,0,,,,,,,caught,Kushal Malla,,,NR Kirton,,
1420220,2023/24,2024-02-08,"Tribhuvan University International Cricket Ground, Kirtipur",1,29.4,29.4,Nepal,Canada,P Sarraf,Aarif Sheikh,H Thaker,1,0,,,,,,,,,,,,,
1420220,2023/24,2024-02-08,"Tribhuvan University International Cricket Ground, Kirtipur",1,29.5,29.5,Nepal,Canada,Aarif Sheikh,P Sarraf,H Thaker,1,0,,,,,,,,,,,,,
1420220,2023/24,2024-02-08,"Tribhuvan University International Cricket Ground, Kirtipur",1,29.6,29.6,Nepal,Canada,P Sarraf,Aarif Sheikh,H Thaker,0,0,,,,,,,,,,,,,
1420220,2023/24,2024-02-08,"Tribhuvan University International Cricket Ground, Kirtipur",1,30.1,30.1,Nepal,Canada,Aarif Sheikh,P Sarraf,Saad Bin Zafar,0,0,,,,,,,,,,,,,
1420220,2023/24,2024-02-08,"Tribhuvan University International Cricket Ground, Kirtipur",1,30.2,30.2,Nepal,Canada,Aarif Sheikh,P Sarraf,Saad Bin Zafar,0,0,,,,,,,,,,,,,
1420220,2023/24,2024-02-08,"Tribhuvan University International Cricket Ground, Kirtipur",1,30.3,30.3,Nepal,Canada,Aarif Sheikh,P Sarraf,Saad Bin Zafar,0,0,,,,,,,,,,,,,
1420220,2023/24,2024-02-08,"Tribhuvan University International Cricket Ground, Kirtipur",1,30.4,30.4,Nepal,Canada,Aarif Sheikh,P Sarraf,Saad Bin Zafar,0,0,,,,,,,,,,,,,
1420220,2023/24,2024-02-08,"Tribhuvan University International Cricket Ground, Kirtipur",1,30.5,30.5,Nepal,Canada,Aarif Sheikh,P Sarraf,Saad Bin Zafar,1,0,,,,,,,,,,,,,
1420220,2023/24,2024-02-08,"Tribhuvan University International Cricket Ground, Kirtipur",1,30.6,30.6,Nepal,Canada,P Sarraf,Aarif Sheikh,Saad Bin Zafar,0,0,,,,,,,,,,,,,
1420220,2023/24,2024-02-08,"Tribhuvan University International Cricket Ground, Kirtipur",1,31.1,31.1,Nepal,Canada,Aarif Sheikh,P Sarraf,Shahid Ahmadzai,1,0,,,,,,,,,,,,,
1420220,2023/24,2024-02-08,"Tribhuvan University International Cricket Ground, Kirtipur",1,31.2,31.2,Nepal,Canada,P Sarraf,Aarif Sheikh,Shahid Ahmadzai,0,0,,,,,,,,,,,,,
1420220,2023/24,2024-02-08,"Tribhuvan University International Cricket Ground, Kirtipur",1,31.3,31.3,Nepal,Canada,P Sarraf,Aarif Sheikh,Shahid Ahmadzai,0,0,,,,,,,,,,,,,
1420220,2023/24,2024-02-08,"Tribhuvan University International Cricket Ground, Kirtipur",1,31.4,31.4,Nepal,Canada,P Sarraf,Aarif Sheikh,Shahid Ahmadzai,1,0,,,,,,,,,,,,,
1420220,2023/24,2024-02-08,"Tribhuvan University International Cricket Ground, Kirtipur",1,31.5,31.5,Nepal,Canada,Aarif Sheikh,P Sarraf,Shahid Ahmadzai,1,0,,,,,,,,,,,,,
1420220,2023/24,2024-02-08,"Tribhuvan University International Cricket Ground, Kirtipur",1,31.6,31.6,Nepal,Canada,P Sarraf,Aarif Sheikh,Shahid Ahmadzai,0,0,,,,,,,,,,,,,
1420220,2023/24,2024-02-08,"Tribhuvan University International Cricket Ground, Kirtipur",1,32.1,32.1,Nepal,Canada,Aarif Sheikh,P Sarraf,Saad Bin Zafar,0,0,,,,,,,,,,,,,
1420220,2023/24,2024-02-08,"Tribhuvan University International Cricket Ground, Kirtipur",1,32.2,32.2,Nepal,Canada,Aarif Sheikh,P Sarraf,Saad Bin Zafar,2,0,,,,,,,,,,,,,
1420220,2023/24,2024-02-08,"Tribhuvan University International Cricket Ground, Kirtipur",1,32.3,32.3,Nepal,Canada,Aarif Sheikh,P Sarraf,Saad Bin Zafar,0,0,,,,,,,,,,,,,
1420220,2023/24,2024-02-08,"Tribhuvan University International Cricket Ground, Kirtipur",1,32.4,32.4,Nepal,Canada,Aarif Sheikh,P Sarraf,Saad Bin Zafar,0,0,,,,,,,,,,,,,
1420220,2023/24,2024-02-08,"Tribhuvan University International Cricket Ground, Kirtipur",1,32.5,32.5,Nepal,Canada,Aarif Sheikh,P Sarraf,Saad Bin Zafar,0,0,,,,,,,,,,,,,
1420220,2023/24,2024-02-08,"Tribhuvan University International Cricket Ground, Kirtipur",1,32.6,32.6,Nepal,Canada,Aarif Sheikh,P Sarraf,Saad Bin Zafar,0,0,,,,,,,,,,,,,
1420220,2023/24,2024-02-08,"Tribhuvan University International Cricket Ground, Kirtipur",1,33.1,33.1,Nepal,Canada,P Sarraf,Aarif Sheikh,Shahid Ahmadzai,1,0,,,,,,,,,,,,,
1420220,2023/24,2024-02-08,"Tribhuvan University International Cricket Ground, Kirtipur",1,33.2,33.2,Nepal,Canada,Aarif Sheikh,P Sarraf,Shahid Ahmadzai,1,0,,,,,,,,,,,,,
1420220,2023/24,2024-02-08,"Tribhuvan University International Cricket Ground, Kirtipur",1,33.3,33.3,Nepal,Canada,P Sarraf,Aarif Sheikh,Shahid Ahmadzai,0,0,,,,,,,,,,,,,
1420220,2023/24,2024-02-08,"Tribhuvan University International Cricket Ground, Kirtipur",1,33.4,33.4,Nepal,Canada,P Sarraf,Aarif Sheikh,Shahid Ahmadzai,2,0,,,,,,,,,,,,,
1420220,2023/24,2024-02-08,"Tribhuvan University International Cricket Ground, Kirtipur",1,33.5,33.5,Nepal,Canada,P Sarraf,Aarif Sheikh,Shahid Ahmadzai,1,0,,,,,,,,,,,,,
1420220,2023/24,2024-02-08,"Tribhuvan University International Cricket Ground, Kirtipur",1,33.6,33.6,Nepal,Canada,Aarif Sheikh,P Sarraf,Shahid Ahmadzai,0,0,,,,,,,,,,,,,
1420220,2023/24,2024-02-08,"Tribhuvan University International Cricket Ground, Kirtipur",1,34.1,34.1,Nepal,Canada,P Sarraf,Aarif Sheikh,Saad Bin Zafar,1,0,,,,,,,,,,,,,
1420220,2023/24,2024-02-08,"Tribhuvan University International Cricket Ground, Kirtipur",1,34.2,34.2,Nepal,Canada,Aarif Sheikh,P Sarraf,Saad Bin Zafar,4,0,,,,,,,,,,,,,
1420220,2023/24,2024-02-08,"Tribhuvan University International Cricket Ground, Kirtipur",1,34.3,34.3,Nepal,Canada,Aarif Sheikh,P Sarraf,Saad Bin Zafar,0,0,,,,,,,,,,,,,
1420220,2023/24,2024-02-08,"Tribhuvan University International Cricket Ground, Kirtipur",1,34.4,34.4,Nepal,Canada,Aarif Sheikh,P Sarraf,Saad Bin Zafar,0,0,,,,,,,,,,,,,
1420220,2023/24,2024-02-08,"Tribhuvan University International Cricket Ground, Kirtipur",1,34.5,34.5,Nepal,Canada,Aarif Sheikh,P Sarraf,Saad Bin Zafar,0,0,,,,,,,,,,,,,
1420220,2023/24,2024-02-08,"Tribhuvan University International Cricket Ground, Kirtipur",1,34.6,34.6,Nepal,Canada,Aarif Sheikh,P Sarraf,Saad Bin Zafar,0,0,,,,,,,,,,,,,
1420220,2023/24,2024-02-08,"Tribhuvan University International Cricket Ground, Kirtipur",1,35.1,35.1,Nepal,Canada,P Sarraf,Aarif Sheikh,Shahid Ahmadzai,0,0,,,,,,,,,,,,,
1420220,2023/24,2024-02-08,"Tribhuvan University International Cricket Ground, Kirtipur",1,35.2,35.2,Nepal,Canada,P Sarraf,Aarif Sheikh,Shahid Ahmadzai,0,0,,,,,,,,,,,,,
1420220,2023/24,2024-02-08,"Tribhuvan University International Cricket Ground, Kirtipur",1,35.3,35.3,Nepal,Canada,P Sarraf,Aarif Sheikh,Shahid Ahmadzai,0,0,,,,,,,,,,,,,
1420220,2023/24,2024-02-08,"Tribhuvan University International Cricket Ground, Kirtipur",1,35.4,35.4,Nepal,Canada,P Sarraf,Aarif Sheikh,Shahid Ahmadzai,0,0,,,,,,,,,,,,,
1420220,2023/24,2024-02-08,"Tribhuvan University International Cricket Ground, Kirtipur",1,35.5,35.5,Nepal,Canada,P Sarraf,Aarif Sheikh,Shahid Ahmadzai,0,0,,,,,,,,,,,,,
1420220,2023/24,2024-02-08,"Tribhuvan University International Cricket Ground, Kirtipur",1,35.6,35.6,Nepal,Canada,P Sarraf,Aarif Sheikh,Shahid Ahmadzai,0,0,,,,,,,,,,,,,
1420220,2023/24,2024-02-08,"Tribhuvan University International Cricket Ground, Kirtipur",1,36.1,36.1,Nepal,Canada,Aarif Sheikh,P Sarraf,U Bhagwan,1,0,,,,,,,,,,,,,
1420220,2023/24,2024-02-08,"Tribhuvan University International Cricket Ground, Kirtipur",1,36.2,36.2,Nepal,Canada,P Sarraf,Aarif Sheikh,U Bhagwan,0,0,,,,,,,,,,,,,
1420220,2023/24,2024-02-08,"Tribhuvan University International Cricket Ground, Kirtipur",1,36.3,36.3,Nepal,Canada,P Sarraf,Aarif Sheikh,U Bhagwan,1,0,,,,,,,,,,,,,
1420220,2023/24,2024-02-08,"Tribhuvan University International Cricket Ground, Kirtipur",1,36.4,36.4,Nepal,Canada,Aarif Sheikh,P Sarraf,U Bhagwan,1,0,,,,,,,,,,,,,
1420220,2023/24,2024-02-08,"Tribhuvan University International Cricket Ground, Kirtipur",1,36.5,36.5,Nepal,Canada,P Sarraf,Aarif Sheikh,U Bhagwan,0,0,,,,,,,,,,,,,
1420220,2023/24,2024-02-08,"Tribhuvan University International Cricket Ground, Kirtipur",1,36.6,36.6,Nepal,Canada,P Sarraf,Aarif Sheikh,U Bhagwan,1,0,,,,,,,,,,,,,
1420220,2023/24,2024-02-08,"Tribhuvan University International Cricket Ground, Kirtipur",1,37.1,37.1,Nepal,Canada,P Sarraf,Aarif Sheikh,Shahid Ahmadzai,0,0,,,,,,,,,,,,,
1420220,2023/24,2024-02-08,"Tribhuvan University International Cricket Ground, Kirtipur",1,37.2,37.2,Nepal,Canada,P Sarraf,Aarif Sheikh,Shahid Ahmadzai,0,0,,,,,,,,,,,,,
1420220,2023/24,2024-02-08,"Tribhuvan University International Cricket Ground, Kirtipur",1,37.3,37.3,Nepal,Canada,P Sarraf,Aarif Sheikh,Shahid Ahmadzai,0,0,,,,,,,,,,,,,
1420220,2023/24,2024-02-08,"Tribhuvan University International Cricket Ground, Kirtipur",1,37.4,37.4,Nepal,Canada,P Sarraf,Aarif Sheikh,Shahid Ahmadzai,1,0,,,,,,,,,,,,,
1420220,2023/24,2024-02-08,"Tribhuvan University International Cricket Ground, Kirtipur",1,37.5,37.5,Nepal,Canada,Aarif Sheikh,P Sarraf,Shahid Ahmadzai,1,0,,,,,,,,,,,,,
1420220,2023/24,2024-02-08,"Tribhuvan University International Cricket Ground, Kirtipur",1,37.6,37.6,Nepal,Canada,P Sarraf,Aarif Sheikh,Shahid Ahmadzai,0,0,,,,,,,,,,,,,
1420220,2023/24,2024-02-08,"Tribhuvan University International Cricket Ground, Kirtipur",1,38.1,38.1,Nepal,Canada,Aarif Sheikh,P Sarraf,U Bhagwan,0,0,,,,,,,,,,,,,
1420220,2023/24,2024-02-08,"Tribhuvan University International Cricket Ground, Kirtipur",1,38.2,38.2,Nepal,Canada,Aarif Sheikh,P Sarraf,U Bhagwan,0,0,,,,,,,,,,,,,
1420220,2023/24,2024-02-08,"Tribhuvan University International Cricket Ground, Kirtipur",1,38.3,38.3,Nepal,Canada,Aarif Sheikh,P Sarraf,U Bhagwan,4,0,,,,,,,,,,,,,
1420220,2023/24,2024-02-08,"Tribhuvan University International Cricket Ground, Kirtipur",1,38.4,38.4,Nepal,Canada,Aarif Sheikh,P Sarraf,U Bhagwan,4,0,,,,,,,,,,,,,
1420220,2023/24,2024-02-08,"Tribhuvan University International Cricket Ground, Kirtipur",1,38.5,38.5,Nepal,Canada,Aarif Sheikh,P Sarraf,U Bhagwan,0,0,,,,,,,bowled,Aarif Sheikh,,,,,
1420220,2023/24,2024-02-08,"Tribhuvan University International Cricket Ground, Kirtipur",1,38.6,38.6,Nepal,Canada,Sompal Kami,P Sarraf,U Bhagwan,1,0,,,,,,,,,,,,,
1420220,2023/24,2024-02-08,"Tribhuvan University International Cricket Ground, Kirtipur",1,39.1,39.1,Nepal,Canada,Sompal Kami,P Sarraf,Shahid Ahmadzai,0,0,,,,,,,,,,,,,
1420220,2023/24,2024-02-08,"Tribhuvan University International Cricket Ground, Kirtipur",1,39.2,39.2,Nepal,Canada,Sompal Kami,P Sarraf,Shahid Ahmadzai,0,0,,,,,,,,,,,,,
1420220,2023/24,2024-02-08,"Tribhuvan University International Cricket Ground, Kirtipur",1,39.3,39.3,Nepal,Canada,Sompal Kami,P Sarraf,Shahid Ahmadzai,0,0,,,,,,,,,,,,,
1420220,2023/24,2024-02-08,"Tribhuvan University International Cricket Ground, Kirtipur",1,39.4,39.4,Nepal,Canada,Sompal Kami,P Sarraf,Shahid Ahmadzai,1,0,,,,,,,,,,,,,
1420220,2023/24,2024-02-08,"Tribhuvan University International Cricket Ground, Kirtipur",1,39.5,39.5,Nepal,Canada,P Sarraf,Sompal Kami,Shahid Ahmadzai,0,0,,,,,,,,,,,,,
1420220,2023/24,2024-02-08,"Tribhuvan University International Cricket Ground, Kirtipur",1,39.6,39.6,Nepal,Canada,P Sarraf,Sompal Kami,Shahid Ahmadzai,0,0,,,,,,,,,,,,,
1420220,2023/24,2024-02-08,"Tribhuvan University International Cricket Ground, Kirtipur",1,40.1,40.1,Nepal,Canada,Sompal Kami,P Sarraf,U Bhagwan,0,0,,,,,,,,,,,,,
1420220,2023/24,2024-02-08,"Tribhuvan University International Cricket Ground, Kirtipur",1,40.2,40.2,Nepal,Canada,Sompal Kami,P Sarraf,U Bhagwan,1,0,,,,,,,,,,,,,
1420220,2023/24,2024-02-08,"Tribhuvan University International Cricket Ground, Kirtipur",1,40.3,40.3,Nepal,Canada,P Sarraf,Sompal Kami,U Bhagwan,0,0,,,,,,,,,,,,,
1420220,2023/24,2024-02-08,"Tribhuvan University International Cricket Ground, Kirtipur",1,40.4,40.4,Nepal,Canada,P Sarraf,Sompal Kami,U Bhagwan,4,0,,,,,,,,,,,,,
1420220,2023/24,2024-02-08,"Tribhuvan University International Cricket Ground, Kirtipur",1,40.5,40.5,Nepal,Canada,P Sarraf,Sompal Kami,U Bhagwan,0,0,,,,,,,,,,,,,
1420220,2023/24,2024-02-08,"Tribhuvan University International Cricket Ground, Kirtipur",1,40.6,40.6,Nepal,Canada,P Sarraf,Sompal Kami,U Bhagwan,1,0,,,,,,,,,,,,,
1420220,2023/24,2024-02-08,"Tribhuvan University International Cricket Ground, Kirtipur",1,41.1,41.1,Nepal,Canada,P Sarraf,Sompal Kami,Shahid Ahmadzai,0,0,,,,,,,lbw,P Sarraf,,,,,
1420220,2023/24,2024-02-08,"Tribhuvan University International Cricket Ground, Kirtipur",1,41.2,41.2,Nepal,Canada,Surya Tamang,Sompal Kami,Shahid Ahmadzai,0,0,,,,,,,,,,,,,
1420220,2023/24,2024-02-08,"Tribhuvan University International Cricket Ground, Kirtipur",1,41.3,41.3,Nepal,Canada,Surya Tamang,Sompal Kami,Shahid Ahmadzai,0,0,,,,,,,,,,,,,
1420220,2023/24,2024-02-08,"Tribhuvan University International Cricket Ground, Kirtipur",1,41.4,41.4,Nepal,Canada,Surya Tamang,Sompal Kami,Shahid Ahmadzai,0,0,,,,,,,,,,,,,
1420220,2023/24,2024-02-08,"Tribhuvan University International Cricket Ground, Kirtipur",1,41.5,41.5,Nepal,Canada,Surya Tamang,Sompal Kami,Shahid Ahmadzai,0,0,,,,,,,,,,,,,
1420220,2023/24,2024-02-08,"Tribhuvan University International Cricket Ground, Kirtipur",1,41.6,41.6,Nepal,Canada,Surya Tamang,Sompal Kami,Shahid Ahmadzai,0,0,,,,,,,,,,,,,
1420220,2023/24,2024-02-08,"Tribhuvan University International Cricket Ground, Kirtipur",1,42.1,42.1,Nepal,Canada,Sompal Kami,Surya Tamang,D Heyliger,0,0,,,,,,,,,,,,,
1420220,2023/24,2024-02-08,"Tribhuvan University International Cricket Ground, Kirtipur",1,42.2,42.2,Nepal,Canada,Sompal Kami,Surya Tamang,D Heyliger,0,1,,,,1,,,,,,,,,
1420220,2023/24,2024-02-08,"Tribhuvan University International Cricket Ground, Kirtipur",1,42.3,42.3,Nepal,Canada,Surya Tamang,Sompal Kami,D Heyliger,0,0,,,,,,,,,,,,,
1420220,2023/24,2024-02-08,"Tribhuvan University International Cricket Ground, Kirtipur",1,42.4,42.4,Nepal,Canada,Surya Tamang,Sompal Kami,D Heyliger,0,0,,,,,,,,,,,,,
1420220,2023/24,2024-02-08,"Tribhuvan University International Cricket Ground, Kirtipur",1,42.5,42.5,Nepal,Canada,Surya Tamang,Sompal Kami,D Heyliger,0,0,,,,,,,,,,,,,
1420220,2023/24,2024-02-08,"Tribhuvan University International Cricket Ground, Kirtipur",1,42.6,42.6,Nepal,Canada,Surya Tamang,Sompal Kami,D Heyliger,1,0,,,,,,,,,,,,,
1420220,2023/24,2024-02-08,"Tribhuvan University International Cricket Ground, Kirtipur",1,43.1,43.1,Nepal,Canada,Surya Tamang,Sompal Kami,IS Sohi,0,1,,,,1,,,,,,,,,
1420220,2023/24,2024-02-08,"Tribhuvan University International Cricket Ground, Kirtipur",1,43.2,43.2,Nepal,Canada,Sompal Kami,Surya Tamang,IS Sohi,1,0,,,,,,,,,,,,,
1420220,2023/24,2024-02-08,"Tribhuvan University International Cricket Ground, Kirtipur",1,43.3,43.3,Nepal,Canada,Surya Tamang,Sompal Kami,IS Sohi,0,0,,,,,,,,,,,,,
1420220,2023/24,2024-02-08,"Tribhuvan University International Cricket Ground, Kirtipur",1,43.4,43.4,Nepal,Canada,Surya Tamang,Sompal Kami,IS Sohi,0,0,,,,,,,,,,,,,
1420220,2023/24,2024-02-08,"Tribhuvan University International Cricket Ground, Kirtipur",1,43.5,43.5,Nepal,Canada,Surya Tamang,Sompal Kami,IS Sohi,0,0,,,,,,,,,,,,,
1420220,2023/24,2024-02-08,"Tribhuvan University International Cricket Ground, Kirtipur",1,43.6,43.6,Nepal,Canada,Surya Tamang,Sompal Kami,IS Sohi,0,0,,,,,,,,,,,,,
1420220,2023/24,2024-02-08,"Tribhuvan University International Cricket Ground, Kirtipur",1,44.1,44.1,Nepal,Canada,Sompal Kami,Surya Tamang,D Heyliger,6,0,,,,,,,,,,,,,
1420220,2023/24,2024-02-08,"Tribhuvan University International Cricket Ground, Kirtipur",1,44.2,44.2,Nepal,Canada,Sompal Kami,Surya Tamang,D Heyliger,2,0,,,,,,,,,,,,,
1420220,2023/24,2024-02-08,"Tribhuvan University International Cricket Ground, Kirtipur",1,44.3,44.3,Nepal,Canada,Sompal Kami,Surya Tamang,D Heyliger,1,0,,,,,,,,,,,,,
1420220,2023/24,2024-02-08,"Tribhuvan University International Cricket Ground, Kirtipur",1,44.4,44.4,Nepal,Canada,Surya Tamang,Sompal Kami,D Heyliger,1,0,,,,,,,,,,,,,
1420220,2023/24,2024-02-08,"Tribhuvan University International Cricket Ground, Kirtipur",1,44.5,44.5,Nepal,Canada,Sompal Kami,Surya Tamang,D Heyliger,1,0,,,,,,,,,,,,,
1420220,2023/24,2024-02-08,"Tribhuvan University International Cricket Ground, Kirtipur",1,44.6,44.6,Nepal,Canada,Surya Tamang,Sompal Kami,D Heyliger,0,0,,,,,,,,,,,,,
1420220,2023/24,2024-02-08,"Tribhuvan University International Cricket Ground, Kirtipur",1,45.1,45.1,Nepal,Canada,Sompal Kami,Surya Tamang,IS Sohi,4,0,,,,,,,,,,,,,
1420220,2023/24,2024-02-08,"Tribhuvan University International Cricket Ground, Kirtipur",1,45.2,45.2,Nepal,Canada,Sompal Kami,Surya Tamang,IS Sohi,1,0,,,,,,,,,,,,,
1420220,2023/24,2024-02-08,"Tribhuvan University International Cricket Ground, Kirtipur",1,45.3,45.3,Nepal,Canada,Surya Tamang,Sompal Kami,IS Sohi,0,0,,,,,,,,,,,,,
1420220,2023/24,2024-02-08,"Tribhuvan University International Cricket Ground, Kirtipur",1,45.4,45.4,Nepal,Canada,Surya Tamang,Sompal Kami,IS Sohi,0,0,,,,,,,,,,,,,
1420220,2023/24,2024-02-08,"Tribhuvan University International Cricket Ground, Kirtipur",1,45.5,45.5,Nepal,Canada,Surya Tamang,Sompal Kami,IS Sohi,0,0,,,,,,,,,,,,,
1420220,2023/24,2024-02-08,"Tribhuvan University International Cricket Ground, Kirtipur",1,45.6,45.6,Nepal,Canada,Surya Tamang,Sompal Kami,IS Sohi,1,0,,,,,,,,,,,,,
1420220,2023/24,2024-02-08,"Tribhuvan University International Cricket Ground, Kirtipur",1,46.1,46.1,Nepal,Canada,Surya Tamang,Sompal Kami,D Heyliger,0,0,,,,,,,,,,,,,
1420220,2023/24,2024-02-08,"Tribhuvan University International Cricket Ground, Kirtipur",1,46.2,46.2,Nepal,Canada,Surya Tamang,Sompal Kami,D Heyliger,2,0,,,,,,,,,,,,,
1420220,2023/24,2024-02-08,"Tribhuvan University International Cricket Ground, Kirtipur",1,46.3,46.3,Nepal,Canada,Surya Tamang,Sompal Kami,D Heyliger,1,0,,,,,,,,,,,,,
1420220,2023/24,2024-02-08,"Tribhuvan University International Cricket Ground, Kirtipur",1,46.4,46.4,Nepal,Canada,Sompal Kami,Surya Tamang,D Heyliger,6,0,,,,,,,,,,,,,
1420220,2023/24,2024-02-08,"Tribhuvan University International Cricket Ground, Kirtipur",1,46.5,46.5,Nepal,Canada,Sompal Kami,Surya Tamang,D Heyliger,1,0,,,,,,,,,,,,,
1420220,2023/24,2024-02-08,"Tribhuvan University International Cricket Ground, Kirtipur",1,46.6,46.6,Nepal,Canada,Surya Tamang,Sompal Kami,D Heyliger,0,0,,,,,,,,,,,,,
1420220,2023/24,2024-02-08,"Tribhuvan University International Cricket Ground, Kirtipur",1,47.1,47.1,Nepal,Canada,Sompal Kami,Surya Tamang,IS Sohi,0,0,,,,,,,,,,,,,
1420220,2023/24,2024-02-08,"Tribhuvan University International Cricket Ground, Kirtipur",1,47.2,47.2,Nepal,Canada,Sompal Kami,Surya Tamang,IS Sohi,0,0,,,,,,,,,,,,,
1420220,2023/24,2024-02-08,"Tribhuvan University International Cricket Ground, Kirtipur",1,47.3,47.3,Nepal,Canada,Sompal Kami,Surya Tamang,IS Sohi,1,0,,,,,,,,,,,,,
1420220,2023/24,2024-02-08,"Tribhuvan University International Cricket Ground, Kirtipur",1,47.4,47.4,Nepal,Canada,Surya Tamang,Sompal Kami,IS Sohi,0,0,,,,,,,,,,,,,
1420220,2023/24,2024-02-08,"Tribhuvan University International Cricket Ground, Kirtipur",1,47.5,47.5,Nepal,Canada,Surya Tamang,Sompal Kami,IS Sohi,0,0,,,,,,,,,,,,,
1420220,2023/24,2024-02-08,"Tribhuvan University International Cricket Ground, Kirtipur",1,47.6,47.6,Nepal,Canada,Surya Tamang,Sompal Kami,IS Sohi,1,0,,,,,,,,,,,,,
1420220,2023/24,2024-02-08,"Tribhuvan University International Cricket Ground, Kirtipur",1,48.1,48.1,Nepal,Canada,Surya Tamang,Sompal Kami,U Bhagwan,1,0,,,,,,,,,,,,,
1420220,2023/24,2024-02-08,"Tribhuvan University International Cricket Ground, Kirtipur",1,48.2,48.2,Nepal,Canada,Sompal Kami,Surya Tamang,U Bhagwan,0,1,,,,1,,,,,,,,,
1420220,2023/24,2024-02-08,"Tribhuvan University International Cricket Ground, Kirtipur",1,48.3,48.3,Nepal,Canada,Surya Tamang,Sompal Kami,U Bhagwan,0,0,,,,,,,,,,,,,
1420220,2023/24,2024-02-08,"Tribhuvan University International Cricket Ground, Kirtipur",1,48.4,48.4,Nepal,Canada,Surya Tamang,Sompal Kami,U Bhagwan,0,1,1,,,,,,,,,,,,
1420220,2023/24,2024-02-08,"Tribhuvan University International Cricket Ground, Kirtipur",1,48.5,48.4,Nepal,Canada,Surya Tamang,Sompal Kami,U Bhagwan,1,0,,,,,,,,,,,,,
1420220,2023/24,2024-02-08,"Tribhuvan University International Cricket Ground, Kirtipur",1,48.6,48.5,Nepal,Canada,Sompal Kami,Surya Tamang,U Bhagwan,0,0,,,,,,,caught,Sompal Kami,,,Pargat Singh,,
1420220,2023/24,2024-02-08,"Tribhuvan University International Cricket Ground, Kirtipur",1,48.7,48.6,Nepal,Canada,R Dhakal,Surya Tamang,U Bhagwan,1,0,,,,,,,,,,,,,
1420220,2023/24,2024-02-08,"Tribhuvan University International Cricket Ground, Kirtipur",1,49.1,49.1,Nepal,Canada,R Dhakal,Surya Tamang,IS Sohi,2,0,,,,,,,,,,,,,
1420220,2023/24,2024-02-08,"Tribhuvan University International Cricket Ground, Kirtipur",1,49.2,49.2,Nepal,Canada,R Dhakal,Surya Tamang,IS Sohi,1,0,,,,,,,,,,,,,
1420220,2023/24,2024-02-08,"Tribhuvan University International Cricket Ground, Kirtipur",1,49.3,49.3,Nepal,Canada,Surya Tamang,R Dhakal,IS Sohi,0,0,,,,,,,,,,,,,
1420220,2023/24,2024-02-08,"Tribhuvan University International Cricket Ground, Kirtipur",1,49.4,49.4,Nepal,Canada,Surya Tamang,R Dhakal,IS Sohi,1,0,,,,,,,,,,,,,
1420220,2023/24,2024-02-08,"Tribhuvan University International Cricket Ground, Kirtipur",1,49.5,49.5,Nepal,Canada,R Dhakal,Surya Tamang,IS Sohi,0,0,,,,,,,caught,R Dhakal,,,Shahid Ahmadzai,,
1420220,2023/24,2024-02-08,"Tribhuvan University International Cricket Ground, Kirtipur",1,49.6,49.6,Nepal,Canada,LN Rajbanshi,Surya Tamang,IS Sohi,1,0,,,,,,,run out,LN Rajbanshi,,,NR Kirton,S Movva,
1420220,2023/24,2024-02-08,"Tribhuvan University International Cricket Ground, Kirtipur",2,0.1,0.1,Canada,Nepal,A Johnson,NS Dhaliwal,LN Rajbanshi,0,1,,,,1,,,,,,,,,
1420220,2023/24,2024-02-08,"Tribhuvan University International Cricket Ground, Kirtipur",2,0.2,0.2,Canada,Nepal,NS Dhaliwal,A Johnson,LN Rajbanshi,1,0,,,,,,,,,,,,,
1420220,2023/24,2024-02-08,"Tribhuvan University International Cricket Ground, Kirtipur",2,0.3,0.3,Canada,Nepal,A Johnson,NS Dhaliwal,LN Rajbanshi,6,0,,,,,,,,,,,,,
1420220,2023/24,2024-02-08,"Tribhuvan University International Cricket Ground, Kirtipur",2,0.4,0.4,Canada,Nepal,A Johnson,NS Dhaliwal,LN Rajbanshi,0,0,,,,,,,,,,,,,
1420220,2023/24,2024-02-08,"Tribhuvan University International Cricket Ground, Kirtipur",2,0.5,0.5,Canada,Nepal,A Johnson,NS Dhaliwal,LN Rajbanshi,2,0,,,,,,,,,,,,,
1420220,2023/24,2024-02-08,"Tribhuvan University International Cricket Ground, Kirtipur",2,0.6,0.6,Canada,Nepal,A Johnson,NS Dhaliwal,LN Rajbanshi,0,0,,,,,,,,,,,,,
1420220,2023/24,2024-02-08,"Tribhuvan University International Cricket Ground, Kirtipur",2,1.1,1.1,Canada,Nepal,NS Dhaliwal,A Johnson,Sompal Kami,0,0,,,,,,,,,,,,,
1420220,2023/24,2024-02-08,"Tribhuvan University International Cricket Ground, Kirtipur",2,1.2,1.2,Canada,Nepal,NS Dhaliwal,A Johnson,Sompal Kami,0,0,,,,,,,,,,,,,
1420220,2023/24,2024-02-08,"Tribhuvan University International Cricket Ground, Kirtipur",2,1.3,1.3,Canada,Nepal,NS Dhaliwal,A Johnson,Sompal Kami,0,0,,,,,,,,,,,,,
1420220,2023/24,2024-02-08,"Tribhuvan University International Cricket Ground, Kirtipur",2,1.4,1.4,Canada,Nepal,NS Dhaliwal,A Johnson,Sompal Kami,1,0,,,,,,,,,,,,,
1420220,2023/24,2024-02-08,"Tribhuvan University International Cricket Ground, Kirtipur",2,1.5,1.5,Canada,Nepal,A Johnson,NS Dhaliwal,Sompal Kami,0,0,,,,,,,,,,,,,
1420220,2023/24,2024-02-08,"Tribhuvan University International Cricket Ground, Kirtipur",2,1.6,1.6,Canada,Nepal,A Johnson,NS Dhaliwal,Sompal Kami,4,0,,,,,,,,,,,,,
1420220,2023/24,2024-02-08,"Tribhuvan University International Cricket Ground, Kirtipur",2,2.1,2.1,Canada,Nepal,NS Dhaliwal,A Johnson,R Dhakal,0,0,,,,,,,,,,,,,
1420220,2023/24,2024-02-08,"Tribhuvan University International Cricket Ground, Kirtipur",2,2.2,2.2,Canada,Nepal,NS Dhaliwal,A Johnson,R Dhakal,4,0,,,,,,,,,,,,,
1420220,2023/24,2024-02-08,"Tribhuvan University International Cricket Ground, Kirtipur",2,2.3,2.3,Canada,Nepal,NS Dhaliwal,A Johnson,R Dhakal,0,0,,,,,,,,,,,,,
1420220,2023/24,2024-02-08,"Tribhuvan University International Cricket Ground, Kirtipur",2,2.4,2.4,Canada,Nepal,NS Dhaliwal,A Johnson,R Dhakal,0,0,,,,,,,,,,,,,
1420220,2023/24,2024-02-08,"Tribhuvan University International Cricket Ground, Kirtipur",2,2.5,2.5,Canada,Nepal,NS Dhaliwal,A Johnson,R Dhakal,0,0,,,,,,,caught,NS Dhaliwal,,,Aarif Sheikh,,
1420220,2023/24,2024-02-08,"Tribhuvan University International Cricket Ground, Kirtipur",2,2.6,2.6,Canada,Nepal,Pargat Singh,A Johnson,R Dhakal,1,0,,,,,,,,,,,,,
1420220,2023/24,2024-02-08,"Tribhuvan University International Cricket Ground, Kirtipur",2,3.1,3.1,Canada,Nepal,Pargat Singh,A Johnson,Sompal Kami,0,1,1,,,,,,,,,,,,
1420220,2023/24,2024-02-08,"Tribhuvan University International Cricket Ground, Kirtipur",2,3.2,3.1,Canada,Nepal,Pargat Singh,A Johnson,Sompal Kami,4,0,,,,,,,,,,,,,
1420220,2023/24,2024-02-08,"Tribhuvan University International Cricket Ground, Kirtipur",2,3.3,3.2,Canada,Nepal,Pargat Singh,A Johnson,Sompal Kami,0,0,,,,,,,,,,,,,
1420220,2023/24,2024-02-08,"Tribhuvan University International Cricket Ground, Kirtipur",2,3.4,3.3,Canada,Nepal,Pargat Singh,A Johnson,Sompal Kami,0,0,,,,,,,,,,,,,
1420220,2023/24,2024-02-08,"Tribhuvan University International Cricket Ground, Kirtipur",2,3.5,3.4,Canada,Nepal,Pargat Singh,A Johnson,Sompal Kami,0,0,,,,,,,,,,,,,
1420220,2023/24,2024-02-08,"Tribhuvan University International Cricket Ground, Kirtipur",2,3.6,3.5,Canada,Nepal,Pargat Singh,A Johnson,Sompal Kami,0,0,,,,,,,,,,,,,
1420220,2023/24,2024-02-08,"Tribhuvan University International Cricket Ground, Kirtipur",2,3.7,3.6,Canada,Nepal,Pargat Singh,A Johnson,Sompal Kami,0,0,,,,,,,,,,,,,
1420220,2023/24,2024-02-08,"Tribhuvan University International Cricket Ground, Kirtipur",2,4.1,4.1,Canada,Nepal,A Johnson,Pargat Singh,R Dhakal,0,0,,,,,,,,,,,,,
1420220,2023/24,2024-02-08,"Tribhuvan University International Cricket Ground, Kirtipur",2,4.2,4.2,Canada,Nepal,A Johnson,Pargat Singh,R Dhakal,4,0,,,,,,,,,,,,,
1420220,2023/24,2024-02-08,"Tribhuvan University International Cricket Ground, Kirtipur",2,4.3,4.3,Canada,Nepal,A Johnson,Pargat Singh,R Dhakal,0,0,,,,,,,,,,,,,
1420220,2023/24,2024-02-08,"Tribhuvan University International Cricket Ground, Kirtipur",2,4.4,4.4,Canada,Nepal,A Johnson,Pargat Singh,R Dhakal,4,0,,,,,,,,,,,,,
1420220,2023/24,2024-02-08,"Tribhuvan University International Cricket Ground, Kirtipur",2,4.5,4.5,Canada,Nepal,A Johnson,Pargat Singh,R Dhakal,0,0,,,,,,,,,,,,,
1420220,2023/24,2024-02-08,"Tribhuvan University International Cricket Ground, Kirtipur",2,4.6,4.6,Canada,Nepal,A Johnson,Pargat Singh,R Dhakal,0,0,,,,,,,,,,,,,
1420220,2023/24,2024-02-08,"Tribhuvan University International Cricket Ground, Kirtipur",2,5.1,5.1,Canada,Nepal,Pargat Singh,A Johnson,Sompal Kami,0,0,,,,,,,,,,,,,
1420220,2023/24,2024-02-08,"Tribhuvan University International Cricket Ground, Kirtipur",2,5.2,5.2,Canada,Nepal,Pargat Singh,A Johnson,Sompal Kami,0,0,,,,,,,,,,,,,
1420220,2023/24,2024-02-08,"Tribhuvan University International Cricket Ground, Kirtipur",2,5.3,5.3,Canada,Nepal,Pargat Singh,A Johnson,Sompal Kami,0,1,1,,,,,,,,,,,,
1420220,2023/24,2024-02-08,"Tribhuvan University International Cricket Ground, Kirtipur",2,5.4,5.3,Canada,Nepal,Pargat Singh,A Johnson,Sompal Kami,0,0,,,,,,,,,,,,,
1420220,2023/24,2024-02-08,"Tribhuvan University International Cricket Ground, Kirtipur",2,5.5,5.4,Canada,Nepal,Pargat Singh,A Johnson,Sompal Kami,1,0,,,,,,,,,,,,,
1420220,2023/24,2024-02-08,"Tribhuvan University International Cricket Ground, Kirtipur",2,5.6,5.5,Canada,Nepal,A Johnson,Pargat Singh,Sompal Kami,0,0,,,,,,,,,,,,,
1420220,2023/24,2024-02-08,"Tribhuvan University International Cricket Ground, Kirtipur",2,5.7,5.6,Canada,Nepal,A Johnson,Pargat Singh,Sompal Kami,0,0,,,,,,,lbw,A Johnson,,,,,
1420220,2023/24,2024-02-08,"Tribhuvan University International Cricket Ground, Kirtipur",2,6.1,6.1,Canada,Nepal,Pargat Singh,NR Kirton,R Dhakal,0,0,,,,,,,,,,,,,
1420220,2023/24,2024-02-08,"Tribhuvan University International Cricket Ground, Kirtipur",2,6.2,6.2,Canada,Nepal,Pargat Singh,NR Kirton,R Dhakal,0,0,,,,,,,,,,,,,
1420220,2023/24,2024-02-08,"Tribhuvan University International Cricket Ground, Kirtipur",2,6.3,6.3,Canada,Nepal,Pargat Singh,NR Kirton,R Dhakal,0,0,,,,,,,,,,,,,
1420220,2023/24,2024-02-08,"Tribhuvan University International Cricket Ground, Kirtipur",2,6.4,6.4,Canada,Nepal,Pargat Singh,NR Kirton,R Dhakal,0,0,,,,,,,,,,,,,
1420220,2023/24,2024-02-08,"Tribhuvan University International Cricket Ground, Kirtipur",2,6.5,6.5,Canada,Nepal,Pargat Singh,NR Kirton,R Dhakal,0,1,1,,,,,,,,,,,,
1420220,2023/24,2024-02-08,"Tribhuvan University International Cricket Ground, Kirtipur",2,6.6,6.5,Canada,Nepal,Pargat Singh,NR Kirton,R Dhakal,1,0,,,,,,,,,,,,,
1420220,2023/24,2024-02-08,"Tribhuvan University International Cricket Ground, Kirtipur",2,6.7,6.6,Canada,Nepal,NR Kirton,Pargat Singh,R Dhakal,0,0,,,,,,,,,,,,,
1420220,2023/24,2024-02-08,"Tribhuvan University International Cricket Ground, Kirtipur",2,7.1,7.1,Canada,Nepal,Pargat Singh,NR Kirton,Sompal Kami,0,0,,,,,,,,,,,,,
1420220,2023/24,2024-02-08,"Tribhuvan University International Cricket Ground, Kirtipur",2,7.2,7.2,Canada,Nepal,Pargat Singh,NR Kirton,Sompal Kami,0,0,,,,,,,,,,,,,
1420220,2023/24,2024-02-08,"Tribhuvan University International Cricket Ground, Kirtipur",2,7.3,7.3,Canada,Nepal,Pargat Singh,NR Kirton,Sompal Kami,0,0,,,,,,,,,,,,,
1420220,2023/24,2024-02-08,"Tribhuvan University International Cricket Ground, Kirtipur",2,7.4,7.4,Canada,Nepal,Pargat Singh,NR Kirton,Sompal Kami,4,0,,,,,,,,,,,,,
1420220,2023/24,2024-02-08,"Tribhuvan University International Cricket Ground, Kirtipur",2,7.5,7.5,Canada,Nepal,Pargat Singh,NR Kirton,Sompal Kami,1,0,,,,,,,,,,,,,
1420220,2023/24,2024-02-08,"Tribhuvan University International Cricket Ground, Kirtipur",2,7.6,7.6,Canada,Nepal,NR Kirton,Pargat Singh,Sompal Kami,1,0,,,,,,,,,,,,,
1420220,2023/24,2024-02-08,"Tribhuvan University International Cricket Ground, Kirtipur",2,8.1,8.1,Canada,Nepal,NR Kirton,Pargat Singh,R Dhakal,1,0,,,,,,,,,,,,,
1420220,2023/24,2024-02-08,"Tribhuvan University International Cricket Ground, Kirtipur",2,8.2,8.2,Canada,Nepal,Pargat Singh,NR Kirton,R Dhakal,0,0,,,,,,,,,,,,,
1420220,2023/24,2024-02-08,"Tribhuvan University International Cricket Ground, Kirtipur",2,8.3,8.3,Canada,Nepal,Pargat Singh,NR Kirton,R Dhakal,0,0,,,,,,,,,,,,,
1420220,2023/24,2024-02-08,"Tribhuvan University International Cricket Ground, Kirtipur",2,8.4,8.4,Canada,Nepal,Pargat Singh,NR Kirton,R Dhakal,0,0,,,,,,,,,,,,,
1420220,2023/24,2024-02-08,"Tribhuvan University International Cricket Ground, Kirtipur",2,8.5,8.5,Canada,Nepal,Pargat Singh,NR Kirton,R Dhakal,0,0,,,,,,,,,,,,,
1420220,2023/24,2024-02-08,"Tribhuvan University International Cricket Ground, Kirtipur",2,8.6,8.6,Canada,Nepal,Pargat Singh,NR Kirton,R Dhakal,4,0,,,,,,,,,,,,,
1420220,2023/24,2024-02-08,"Tribhuvan University International Cricket Ground, Kirtipur",2,9.1,9.1,Canada,Nepal,NR Kirton,Pargat Singh,P Sarraf,0,0,,,,,,,,,,,,,
1420220,2023/24,2024-02-08,"Tribhuvan University International Cricket Ground, Kirtipur",2,9.2,9.2,Canada,Nepal,NR Kirton,Pargat Singh,P Sarraf,4,0,,,,,,,,,,,,,
1420220,2023/24,2024-02-08,"Tribhuvan University International Cricket Ground, Kirtipur",2,9.3,9.3,Canada,Nepal,NR Kirton,Pargat Singh,P Sarraf,0,0,,,,,,,,,,,,,
1420220,2023/24,2024-02-08,"Tribhuvan University International Cricket Ground, Kirtipur",2,9.4,9.4,Canada,Nepal,NR Kirton,Pargat Singh,P Sarraf,1,0,,,,,,,,,,,,,
1420220,2023/24,2024-02-08,"Tribhuvan University International Cricket Ground, Kirtipur",2,9.5,9.5,Canada,Nepal,Pargat Singh,NR Kirton,P Sarraf,1,0,,,,,,,,,,,,,
1420220,2023/24,2024-02-08,"Tribhuvan University International Cricket Ground, Kirtipur",2,9.6,9.6,Canada,Nepal,NR Kirton,Pargat Singh,P Sarraf,0,0,,,,,,,,,,,,,
1420220,2023/24,2024-02-08,"Tribhuvan University International Cricket Ground, Kirtipur",2,10.1,10.1,Canada,Nepal,Pargat Singh,NR Kirton,LN Rajbanshi,1,0,,,,,,,,,,,,,
1420220,2023/24,2024-02-08,"Tribhuvan University International Cricket Ground, Kirtipur",2,10.2,10.2,Canada,Nepal,NR Kirton,Pargat Singh,LN Rajbanshi,1,0,,,,,,,,,,,,,
1420220,2023/24,2024-02-08,"Tribhuvan University International Cricket Ground, Kirtipur",2,10.3,10.3,Canada,Nepal,Pargat Singh,NR Kirton,LN Rajbanshi,0,0,,,,,,,,,,,,,
1420220,2023/24,2024-02-08,"Tribhuvan University International Cricket Ground, Kirtipur",2,10.4,10.4,Canada,Nepal,Pargat Singh,NR Kirton,LN Rajbanshi,1,0,,,,,,,,,,,,,
1420220,2023/24,2024-02-08,"Tribhuvan University International Cricket Ground, Kirtipur",2,10.5,10.5,Canada,Nepal,NR Kirton,Pargat Singh,LN Rajbanshi,1,0,,,,,,,,,,,,,
1420220,2023/24,2024-02-08,"Tribhuvan University International Cricket Ground, Kirtipur",2,10.6,10.6,Canada,Nepal,Pargat Singh,NR Kirton,LN Rajbanshi,4,0,,,,,,,,,,,,,
1420220,2023/24,2024-02-08,"Tribhuvan University International Cricket Ground, Kirtipur",2,11.1,11.1,Canada,Nepal,NR Kirton,Pargat Singh,P Sarraf,1,0,,,,,,,,,,,,,
1420220,2023/24,2024-02-08,"Tribhuvan University International Cricket Ground, Kirtipur",2,11.2,11.2,Canada,Nepal,Pargat Singh,NR Kirton,P Sarraf,1,0,,,,,,,,,,,,,
1420220,2023/24,2024-02-08,"Tribhuvan University International Cricket Ground, Kirtipur",2,11.3,11.3,Canada,Nepal,NR Kirton,Pargat Singh,P Sarraf,1,0,,,,,,,,,,,,,
1420220,2023/24,2024-02-08,"Tribhuvan University International Cricket Ground, Kirtipur",2,11.4,11.4,Canada,Nepal,Pargat Singh,NR Kirton,P Sarraf,1,0,,,,,,,,,,,,,
1420220,2023/24,2024-02-08,"Tribhuvan University International Cricket Ground, Kirtipur",2,11.5,11.5,Canada,Nepal,NR Kirton,Pargat Singh,P Sarraf,0,0,,,,,,,,,,,,,
1420220,2023/24,2024-02-08,"Tribhuvan University International Cricket Ground, Kirtipur",2,11.6,11.6,Canada,Nepal,NR Kirton,Pargat Singh,P Sarraf,1,0,,,,,,,,,,,,,
1420220,2023/24,2024-02-08,"Tribhuvan University International Cricket Ground, Kirtipur",2,12.1,12.1,Canada,Nepal,NR Kirton,Pargat Singh,LN Rajbanshi,1,0,,,,,,,,,,,,,
1420220,2023/24,2024-02-08,"Tribhuvan University International Cricket Ground, Kirtipur",2,12.2,12.2,Canada,Nepal,Pargat Singh,NR Kirton,LN Rajbanshi,0,0,,,,,,,,,,,,,
1420220,2023/24,2024-02-08,"Tribhuvan University International Cricket Ground, Kirtipur",2,12.3,12.3,Canada,Nepal,Pargat Singh,NR Kirton,LN Rajbanshi,4,0,,,,,,,,,,,,,
1420220,2023/24,2024-02-08,"Tribhuvan University International Cricket Ground, Kirtipur",2,12.4,12.4,Canada,Nepal,Pargat Singh,NR Kirton,LN Rajbanshi,1,0,,,,,,,,,,,,,
1420220,2023/24,2024-02-08,"Tribhuvan University International Cricket Ground, Kirtipur",2,12.5,12.5,Canada,Nepal,NR Kirton,Pargat Singh,LN Rajbanshi,0,0,,,,,,,,,,,,,
1420220,2023/24,2024-02-08,"Tribhuvan University International Cricket Ground, Kirtipur",2,12.6,12.6,Canada,Nepal,NR Kirton,Pargat Singh,LN Rajbanshi,0,0,,,,,,,,,,,,,
1420220,2023/24,2024-02-08,"Tribhuvan University International Cricket Ground, Kirtipur",2,13.1,13.1,Canada,Nepal,Pargat Singh,NR Kirton,P Sarraf,0,0,,,,,,,,,,,,,
1420220,2023/24,2024-02-08,"Tribhuvan University International Cricket Ground, Kirtipur",2,13.2,13.2,Canada,Nepal,Pargat Singh,NR Kirton,P Sarraf,0,0,,,,,,,,,,,,,
1420220,2023/24,2024-02-08,"Tribhuvan University International Cricket Ground, Kirtipur",2,13.3,13.3,Canada,Nepal,Pargat Singh,NR Kirton,P Sarraf,0,0,,,,,,,,,,,,,
1420220,2023/24,2024-02-08,"Tribhuvan University International Cricket Ground, Kirtipur",2,13.4,13.4,Canada,Nepal,Pargat Singh,NR Kirton,P Sarraf,1,0,,,,,,,,,,,,,
1420220,2023/24,2024-02-08,"Tribhuvan University International Cricket Ground, Kirtipur",2,13.5,13.5,Canada,Nepal,NR Kirton,Pargat Singh,P Sarraf,4,0,,,,,,,,,,,,,
1420220,2023/24,2024-02-08,"Tribhuvan University International Cricket Ground, Kirtipur",2,13.6,13.6,Canada,Nepal,NR Kirton,Pargat Singh,P Sarraf,0,0,,,,,,,,,,,,,
1420220,2023/24,2024-02-08,"Tribhuvan University International Cricket Ground, Kirtipur",2,14.1,14.1,Canada,Nepal,Pargat Singh,NR Kirton,Surya Tamang,1,0,,,,,,,,,,,,,
1420220,2023/24,2024-02-08,"Tribhuvan University International Cricket Ground, Kirtipur",2,14.2,14.2,Canada,Nepal,NR Kirton,Pargat Singh,Surya Tamang,0,0,,,,,,,,,,,,,
1420220,2023/24,2024-02-08,"Tribhuvan University International Cricket Ground, Kirtipur",2,14.3,14.3,Canada,Nepal,NR Kirton,Pargat Singh,Surya Tamang,0,0,,,,,,,,,,,,,
1420220,2023/24,2024-02-08,"Tribhuvan University International Cricket Ground, Kirtipur",2,14.4,14.4,Canada,Nepal,NR Kirton,Pargat Singh,Surya Tamang,0,0,,,,,,,,,,,,,
1420220,2023/24,2024-02-08,"Tribhuvan University International Cricket Ground, Kirtipur",2,14.5,14.5,Canada,Nepal,NR Kirton,Pargat Singh,Surya Tamang,1,0,,,,,,,,,,,,,
1420220,2023/24,2024-02-08,"Tribhuvan University International Cricket Ground, Kirtipur",2,14.6,14.6,Canada,Nepal,Pargat Singh,NR Kirton,Surya Tamang,0,0,,,,,,,,,,,,,
1420220,2023/24,2024-02-08,"Tribhuvan University International Cricket Ground, Kirtipur",2,15.1,15.1,Canada,Nepal,NR Kirton,Pargat Singh,P Sarraf,0,1,,,,1,,,,,,,,,
1420220,2023/24,2024-02-08,"Tribhuvan University International Cricket Ground, Kirtipur",2,15.2,15.2,Canada,Nepal,Pargat Singh,NR Kirton,P Sarraf,0,0,,,,,,,,,,,,,
1420220,2023/24,2024-02-08,"Tribhuvan University International Cricket Ground, Kirtipur",2,15.3,15.3,Canada,Nepal,Pargat Singh,NR Kirton,P Sarraf,0,0,,,,,,,,,,,,,
1420220,2023/24,2024-02-08,"Tribhuvan University International Cricket Ground, Kirtipur",2,15.4,15.4,Canada,Nepal,Pargat Singh,NR Kirton,P Sarraf,0,0,,,,,,,,,,,,,
1420220,2023/24,2024-02-08,"Tribhuvan University International Cricket Ground, Kirtipur",2,15.5,15.5,Canada,Nepal,Pargat Singh,NR Kirton,P Sarraf,0,0,,,,,,,,,,,,,
1420220,2023/24,2024-02-08,"Tribhuvan University International Cricket Ground, Kirtipur",2,15.6,15.6,Canada,Nepal,Pargat Singh,NR Kirton,P Sarraf,2,0,,,,,,,,,,,,,
1420220,2023/24,2024-02-08,"Tribhuvan University International Cricket Ground, Kirtipur",2,16.1,16.1,Canada,Nepal,NR Kirton,Pargat Singh,Surya Tamang,1,0,,,,,,,,,,,,,
1420220,2023/24,2024-02-08,"Tribhuvan University International Cricket Ground, Kirtipur",2,16.2,16.2,Canada,Nepal,Pargat Singh,NR Kirton,Surya Tamang,0,0,,,,,,,,,,,,,
1420220,2023/24,2024-02-08,"Tribhuvan University International Cricket Ground, Kirtipur",2,16.3,16.3,Canada,Nepal,Pargat Singh,NR Kirton,Surya Tamang,0,0,,,,,,,,,,,,,
1420220,2023/24,2024-02-08,"Tribhuvan University International Cricket Ground, Kirtipur",2,16.4,16.4,Canada,Nepal,Pargat Singh,NR Kirton,Surya Tamang,4,0,,,,,,,,,,,,,
1420220,2023/24,2024-02-08,"Tribhuvan University International Cricket Ground, Kirtipur",2,16.5,16.5,Canada,Nepal,Pargat Singh,NR Kirton,Surya Tamang,4,0,,,,,,,,,,,,,
1420220,2023/24,2024-02-08,"Tribhuvan University International Cricket Ground, Kirtipur",2,16.6,16.6,Canada,Nepal,Pargat Singh,NR Kirton,Surya Tamang,0,0,,,,,,,,,,,,,
1420220,2023/24,2024-02-08,"Tribhuvan University International Cricket Ground, Kirtipur",2,17.1,17.1,Canada,Nepal,NR Kirton,Pargat Singh,P Sarraf,1,0,,,,,,,,,,,,,
1420220,2023/24,2024-02-08,"Tribhuvan University International Cricket Ground, Kirtipur",2,17.2,17.2,Canada,Nepal,Pargat Singh,NR Kirton,P Sarraf,4,0,,,,,,,,,,,,,
1420220,2023/24,2024-02-08,"Tribhuvan University International Cricket Ground, Kirtipur",2,17.3,17.3,Canada,Nepal,Pargat Singh,NR Kirton,P Sarraf,0,0,,,,,,,,,,,,,
1420220,2023/24,2024-02-08,"Tribhuvan University International Cricket Ground, Kirtipur",2,17.4,17.4,Canada,Nepal,Pargat Singh,NR Kirton,P Sarraf,0,0,,,,,,,,,,,,,
1420220,2023/24,2024-02-08,"Tribhuvan University International Cricket Ground, Kirtipur",2,17.5,17.5,Canada,Nepal,Pargat Singh,NR Kirton,P Sarraf,4,0,,,,,,,,,,,,,
1420220,2023/24,2024-02-08,"Tribhuvan University International Cricket Ground, Kirtipur",2,17.6,17.6,Canada,Nepal,Pargat Singh,NR Kirton,P Sarraf,0,0,,,,,,,,,,,,,
1420220,2023/24,2024-02-08,"Tribhuvan University International Cricket Ground, Kirtipur",2,18.1,18.1,Canada,Nepal,NR Kirton,Pargat Singh,Surya Tamang,4,0,,,,,,,,,,,,,
1420220,2023/24,2024-02-08,"Tribhuvan University International Cricket Ground, Kirtipur",2,18.2,18.2,Canada,Nepal,NR Kirton,Pargat Singh,Surya Tamang,2,0,,,,,,,,,,,,,
1420220,2023/24,2024-02-08,"Tribhuvan University International Cricket Ground, Kirtipur",2,18.3,18.3,Canada,Nepal,NR Kirton,Pargat Singh,Surya Tamang,0,0,,,,,,,,,,,,,
1420220,2023/24,2024-02-08,"Tribhuvan University International Cricket Ground, Kirtipur",2,18.4,18.4,Canada,Nepal,NR Kirton,Pargat Singh,Surya Tamang,0,0,,,,,,,,,,,,,
1420220,2023/24,2024-02-08,"Tribhuvan University International Cricket Ground, Kirtipur",2,18.5,18.5,Canada,Nepal,NR Kirton,Pargat Singh,Surya Tamang,0,0,,,,,,,,,,,,,
1420220,2023/24,2024-02-08,"Tribhuvan University International Cricket Ground, Kirtipur",2,18.6,18.6,Canada,Nepal,NR Kirton,Pargat Singh,Surya Tamang,0,5,5,,,,,,,,,,,,
1420220,2023/24,2024-02-08,"Tribhuvan University International Cricket Ground, Kirtipur",2,18.7,18.6,Canada,Nepal,NR Kirton,Pargat Singh,Surya Tamang,1,0,,,,,,,,,,,,,
1420220,2023/24,2024-02-08,"Tribhuvan University International Cricket Ground, Kirtipur",2,19.1,19.1,Canada,Nepal,NR Kirton,Pargat Singh,RK Paudel,0,0,,,,,,,,,,,,,
1420220,2023/24,2024-02-08,"Tribhuvan University International Cricket Ground, Kirtipur",2,19.2,19.2,Canada,Nepal,NR Kirton,Pargat Singh,RK Paudel,0,0,,,,,,,,,,,,,
1420220,2023/24,2024-02-08,"Tribhuvan University International Cricket Ground, Kirtipur",2,19.3,19.3,Canada,Nepal,NR Kirton,Pargat Singh,RK Paudel,1,0,,,,,,,,,,,,,
1420220,2023/24,2024-02-08,"Tribhuvan University International Cricket Ground, Kirtipur",2,19.4,19.4,Canada,Nepal,Pargat Singh,NR Kirton,RK Paudel,0,0,,,,,,,caught,Pargat Singh,,,LN Rajbanshi,,
1420220,2023/24,2024-02-08,"Tribhuvan University International Cricket Ground, Kirtipur",2,19.5,19.5,Canada,Nepal,H Thaker,NR Kirton,RK Paudel,0,0,,,,,,,,,,,,,
1420220,2023/24,2024-02-08,"Tribhuvan University International Cricket Ground, Kirtipur",2,19.6,19.6,Canada,Nepal,H Thaker,NR Kirton,RK Paudel,0,0,,,,,,,,,,,,,
1420220,2023/24,2024-02-08,"Tribhuvan University International Cricket Ground, Kirtipur",2,20.1,20.1,Canada,Nepal,NR Kirton,H Thaker,LN Rajbanshi,1,0,,,,,,,,,,,,,
1420220,2023/24,2024-02-08,"Tribhuvan University International Cricket Ground, Kirtipur",2,20.2,20.2,Canada,Nepal,H Thaker,NR Kirton,LN Rajbanshi,1,0,,,,,,,,,,,,,
1420220,2023/24,2024-02-08,"Tribhuvan University International Cricket Ground, Kirtipur",2,20.3,20.3,Canada,Nepal,NR Kirton,H Thaker,LN Rajbanshi,4,0,,,,,,,,,,,,,
1420220,2023/24,2024-02-08,"Tribhuvan University International Cricket Ground, Kirtipur",2,20.4,20.4,Canada,Nepal,NR Kirton,H Thaker,LN Rajbanshi,0,0,,,,,,,,,,,,,
1420220,2023/24,2024-02-08,"Tribhuvan University International Cricket Ground, Kirtipur",2,20.5,20.5,Canada,Nepal,NR Kirton,H Thaker,LN Rajbanshi,1,0,,,,,,,,,,,,,
1420220,2023/24,2024-02-08,"Tribhuvan University International Cricket Ground, Kirtipur",2,20.6,20.6,Canada,Nepal,H Thaker,NR Kirton,LN Rajbanshi,1,0,,,,,,,,,,,,,
1420220,2023/24,2024-02-08,"Tribhuvan University International Cricket Ground, Kirtipur",2,21.1,21.1,Canada,Nepal,H Thaker,NR Kirton,RK Paudel,0,0,,,,,,,,,,,,,
1420220,2023/24,2024-02-08,"Tribhuvan University International Cricket Ground, Kirtipur",2,21.2,21.2,Canada,Nepal,H Thaker,NR Kirton,RK Paudel,1,0,,,,,,,,,,,,,
1420220,2023/24,2024-02-08,"Tribhuvan University International Cricket Ground, Kirtipur",2,21.3,21.3,Canada,Nepal,NR Kirton,H Thaker,RK Paudel,1,0,,,,,,,,,,,,,
1420220,2023/24,2024-02-08,"Tribhuvan University International Cricket Ground, Kirtipur",2,21.4,21.4,Canada,Nepal,H Thaker,NR Kirton,RK Paudel,0,0,,,,,,,,,,,,,
1420220,2023/24,2024-02-08,"Tribhuvan University International Cricket Ground, Kirtipur",2,21.5,21.5,Canada,Nepal,H Thaker,NR Kirton,RK Paudel,1,0,,,,,,,,,,,,,
1420220,2023/24,2024-02-08,"Tribhuvan University International Cricket Ground, Kirtipur",2,21.6,21.6,Canada,Nepal,NR Kirton,H Thaker,RK Paudel,0,2,2,,,,,,,,,,,,
1420220,2023/24,2024-02-08,"Tribhuvan University International Cricket Ground, Kirtipur",2,21.7,21.6,Canada,Nepal,H Thaker,NR Kirton,RK Paudel,1,0,,,,,,,,,,,,,
1420220,2023/24,2024-02-08,"Tribhuvan University International Cricket Ground, Kirtipur",2,22.1,22.1,Canada,Nepal,H Thaker,NR Kirton,LN Rajbanshi,1,0,,,,,,,,,,,,,
1420220,2023/24,2024-02-08,"Tribhuvan University International Cricket Ground, Kirtipur",2,22.2,22.2,Canada,Nepal,NR Kirton,H Thaker,LN Rajbanshi,1,0,,,,,,,,,,,,,
1420220,2023/24,2024-02-08,"Tribhuvan University International Cricket Ground, Kirtipur",2,22.3,22.3,Canada,Nepal,H Thaker,NR Kirton,LN Rajbanshi,1,0,,,,,,,,,,,,,
1420220,2023/24,2024-02-08,"Tribhuvan University International Cricket Ground, Kirtipur",2,22.4,22.4,Canada,Nepal,NR Kirton,H Thaker,LN Rajbanshi,0,0,,,,,,,,,,,,,
1420220,2023/24,2024-02-08,"Tribhuvan University International Cricket Ground, Kirtipur",2,22.5,22.5,Canada,Nepal,NR Kirton,H Thaker,LN Rajbanshi,0,0,,,,,,,,,,,,,
1420220,2023/24,2024-02-08,"Tribhuvan University International Cricket Ground, Kirtipur",2,22.6,22.6,Canada,Nepal,NR Kirton,H Thaker,LN Rajbanshi,0,0,,,,,,,,,,,,,
1420220,2023/24,2024-02-08,"Tribhuvan University International Cricket Ground, Kirtipur",2,23.1,23.1,Canada,Nepal,H Thaker,NR Kirton,Sompal Kami,0,0,,,,,,,,,,,,,
1420220,2023/24,2024-02-08,"Tribhuvan University International Cricket Ground, Kirtipur",2,23.2,23.2,Canada,Nepal,H Thaker,NR Kirton,Sompal Kami,1,0,,,,,,,,,,,,,
1420220,2023/24,2024-02-08,"Tribhuvan University International Cricket Ground, Kirtipur",2,23.3,23.3,Canada,Nepal,NR Kirton,H Thaker,Sompal Kami,1,0,,,,,,,,,,,,,
1420220,2023/24,2024-02-08,"Tribhuvan University International Cricket Ground, Kirtipur",2,23.4,23.4,Canada,Nepal,H Thaker,NR Kirton,Sompal Kami,0,0,,,,,,,,,,,,,
1420220,2023/24,2024-02-08,"Tribhuvan University International Cricket Ground, Kirtipur",2,23.5,23.5,Canada,Nepal,H Thaker,NR Kirton,Sompal Kami,0,0,,,,,,,,,,,,,
1420220,2023/24,2024-02-08,"Tribhuvan University International Cricket Ground, Kirtipur",2,23.6,23.6,Canada,Nepal,H Thaker,NR Kirton,Sompal Kami,0,0,,,,,,,,,,,,,
1420220,2023/24,2024-02-08,"Tribhuvan University International Cricket Ground, Kirtipur",2,24.1,24.1,Canada,Nepal,NR Kirton,H Thaker,LN Rajbanshi,0,0,,,,,,,,,,,,,
1420220,2023/24,2024-02-08,"Tribhuvan University International Cricket Ground, Kirtipur",2,24.2,24.2,Canada,Nepal,NR Kirton,H Thaker,LN Rajbanshi,1,0,,,,,,,,,,,,,
1420220,2023/24,2024-02-08,"Tribhuvan University International Cricket Ground, Kirtipur",2,24.3,24.3,Canada,Nepal,H Thaker,NR Kirton,LN Rajbanshi,0,0,,,,,,,,,,,,,
1420220,2023/24,2024-02-08,"Tribhuvan University International Cricket Ground, Kirtipur",2,24.4,24.4,Canada,Nepal,H Thaker,NR Kirton,LN Rajbanshi,0,0,,,,,,,,,,,,,
1420220,2023/24,2024-02-08,"Tribhuvan University International Cricket Ground, Kirtipur",2,24.5,24.5,Canada,Nepal,H Thaker,NR Kirton,LN Rajbanshi,1,0,,,,,,,,,,,,,
1420220,2023/24,2024-02-08,"Tribhuvan University International Cricket Ground, Kirtipur",2,24.6,24.6,Canada,Nepal,NR Kirton,H Thaker,LN Rajbanshi,0,0,,,,,,,,,,,,,
1420220,2023/24,2024-02-08,"Tribhuvan University International Cricket Ground, Kirtipur",2,25.1,25.1,Canada,Nepal,H Thaker,NR Kirton,Sompal Kami,4,0,,,,,,,,,,,,,
1420220,2023/24,2024-02-08,"Tribhuvan University International Cricket Ground, Kirtipur",2,25.2,25.2,Canada,Nepal,H Thaker,NR Kirton,Sompal Kami,4,0,,,,,,,,,,,,,
1420220,2023/24,2024-02-08,"Tribhuvan University International Cricket Ground, Kirtipur",2,25.3,25.3,Canada,Nepal,H Thaker,NR Kirton,Sompal Kami,0,0,,,,,,,,,,,,,
1420220,2023/24,2024-02-08,"Tribhuvan University International Cricket Ground, Kirtipur",2,25.4,25.4,Canada,Nepal,H Thaker,NR Kirton,Sompal Kami,0,0,,,,,,,,,,,,,
1420220,2023/24,2024-02-08,"Tribhuvan University International Cricket Ground, Kirtipur",2,25.5,25.5,Canada,Nepal,H Thaker,NR Kirton,Sompal Kami,0,0,,,,,,,,,,,,,
1420220,2023/24,2024-02-08,"Tribhuvan University International Cricket Ground, Kirtipur",2,25.6,25.6,Canada,Nepal,H Thaker,NR Kirton,Sompal Kami,2,0,,,,,,,,,,,,,
1420220,2023/24,2024-02-08,"Tribhuvan University International Cricket Ground, Kirtipur",2,26.1,26.1,Canada,Nepal,NR Kirton,H Thaker,Surya Tamang,1,0,,,,,,,,,,,,,
1420220,2023/24,2024-02-08,"Tribhuvan University International Cricket Ground, Kirtipur",2,26.2,26.2,Canada,Nepal,H Thaker,NR Kirton,Surya Tamang,1,0,,,,,,,,,,,,,
1420220,2023/24,2024-02-08,"Tribhuvan University International Cricket Ground, Kirtipur",2,26.3,26.3,Canada,Nepal,NR Kirton,H Thaker,Surya Tamang,2,0,,,,,,,,,,,,,
1420220,2023/24,2024-02-08,"Tribhuvan University International Cricket Ground, Kirtipur",2,26.4,26.4,Canada,Nepal,NR Kirton,H Thaker,Surya Tamang,0,0,,,,,,,,,,,,,
1420220,2023/24,2024-02-08,"Tribhuvan University International Cricket Ground, Kirtipur",2,26.5,26.5,Canada,Nepal,NR Kirton,H Thaker,Surya Tamang,0,1,1,,,,,,,,,,,,
1420220,2023/24,2024-02-08,"Tribhuvan University International Cricket Ground, Kirtipur",2,26.6,26.5,Canada,Nepal,NR Kirton,H Thaker,Surya Tamang,0,0,,,,,,,,,,,,,
1420220,2023/24,2024-02-08,"Tribhuvan University International Cricket Ground, Kirtipur",2,26.7,26.6,Canada,Nepal,NR Kirton,H Thaker,Surya Tamang,0,0,,,,,,,,,,,,,
1420220,2023/24,2024-02-08,"Tribhuvan University International Cricket Ground, Kirtipur",2,27.1,27.1,Canada,Nepal,H Thaker,NR Kirton,R Dhakal,1,0,,,,,,,,,,,,,
1420220,2023/24,2024-02-08,"Tribhuvan University International Cricket Ground, Kirtipur",2,27.2,27.2,Canada,Nepal,NR Kirton,H Thaker,R Dhakal,0,0,,,,,,,,,,,,,
1420220,2023/24,2024-02-08,"Tribhuvan University International Cricket Ground, Kirtipur",2,27.3,27.3,Canada,Nepal,NR Kirton,H Thaker,R Dhakal,0,0,,,,,,,,,,,,,
1420220,2023/24,2024-02-08,"Tribhuvan University International Cricket Ground, Kirtipur",2,27.4,27.4,Canada,Nepal,NR Kirton,H Thaker,R Dhakal,0,1,1,,,,,,,,,,,,
1420220,2023/24,2024-02-08,"Tribhuvan University International Cricket Ground, Kirtipur",2,27.5,27.4,Canada,Nepal,NR Kirton,H Thaker,R Dhakal,1,0,,,,,,,,,,,,,
1420220,2023/24,2024-02-08,"Tribhuvan University International Cricket Ground, Kirtipur",2,27.6,27.5,Canada,Nepal,H Thaker,NR Kirton,R Dhakal,0,0,,,,,,,,,,,,,
1420220,2023/24,2024-02-08,"Tribhuvan University International Cricket Ground, Kirtipur",2,27.7,27.6,Canada,Nepal,H Thaker,NR Kirton,R Dhakal,2,0,,,,,,,,,,,,,
1420220,2023/24,2024-02-08,"Tribhuvan University International Cricket Ground, Kirtipur",2,28.1,28.1,Canada,Nepal,NR Kirton,H Thaker,Surya Tamang,0,0,,,,,,,,,,,,,
1420220,2023/24,2024-02-08,"Tribhuvan University International Cricket Ground, Kirtipur",2,28.2,28.2,Canada,Nepal,NR Kirton,H Thaker,Surya Tamang,0,0,,,,,,,,,,,,,
1420220,2023/24,2024-02-08,"Tribhuvan University International Cricket Ground, Kirtipur",2,28.3,28.3,Canada,Nepal,NR Kirton,H Thaker,Surya Tamang,0,0,,,,,,,,,,,,,
1420220,2023/24,2024-02-08,"Tribhuvan University International Cricket Ground, Kirtipur",2,28.4,28.4,Canada,Nepal,NR Kirton,H Thaker,Surya Tamang,0,0,,,,,,,,,,,,,
1420220,2023/24,2024-02-08,"Tribhuvan University International Cricket Ground, Kirtipur",2,28.5,28.5,Canada,Nepal,NR Kirton,H Thaker,Surya Tamang,0,0,,,,,,,,,,,,,
1420220,2023/24,2024-02-08,"Tribhuvan University International Cricket Ground, Kirtipur",2,28.6,28.6,Canada,Nepal,NR Kirton,H Thaker,Surya Tamang,4,0,,,,,,,,,,,,,
1420220,2023/24,2024-02-08,"Tribhuvan University International Cricket Ground, Kirtipur",2,29.1,29.1,Canada,Nepal,H Thaker,NR Kirton,R Dhakal,0,0,,,,,,,,,,,,,
1420220,2023/24,2024-02-08,"Tribhuvan University International Cricket Ground, Kirtipur",2,29.2,29.2,Canada,Nepal,H Thaker,NR Kirton,R Dhakal,1,0,,,,,,,,,,,,,
1420220,2023/24,2024-02-08,"Tribhuvan University International Cricket Ground, Kirtipur",2,29.3,29.3,Canada,Nepal,NR Kirton,H Thaker,R Dhakal,0,0,,,,,,,,,,,,,
1420220,2023/24,2024-02-08,"Tribhuvan University International Cricket Ground, Kirtipur",2,29.4,29.4,Canada,Nepal,NR Kirton,H Thaker,R Dhakal,0,0,,,,,,,,,,,,,
1420220,2023/24,2024-02-08,"Tribhuvan University International Cricket Ground, Kirtipur",2,29.5,29.5,Canada,Nepal,NR Kirton,H Thaker,R Dhakal,1,0,,,,,,,,,,,,,
1420220,2023/24,2024-02-08,"Tribhuvan University International Cricket Ground, Kirtipur",2,29.6,29.6,Canada,Nepal,H Thaker,NR Kirton,R Dhakal,0,0,,,,,,,,,,,,,
1420220,2023/24,2024-02-08,"Tribhuvan University International Cricket Ground, Kirtipur",2,30.1,30.1,Canada,Nepal,NR Kirton,H Thaker,P Sarraf,2,0,,,,,,,,,,,,,
1420220,2023/24,2024-02-08,"Tribhuvan University International Cricket Ground, Kirtipur",2,30.2,30.2,Canada,Nepal,NR Kirton,H Thaker,P Sarraf,0,0,,,,,,,,,,,,,
1420220,2023/24,2024-02-08,"Tribhuvan University International Cricket Ground, Kirtipur",2,30.3,30.3,Canada,Nepal,NR Kirton,H Thaker,P Sarraf,1,0,,,,,,,,,,,,,
1420220,2023/24,2024-02-08,"Tribhuvan University International Cricket Ground, Kirtipur",2,30.4,30.4,Canada,Nepal,H Thaker,NR Kirton,P Sarraf,0,0,,,,,,,,,,,,,
1420220,2023/24,2024-02-08,"Tribhuvan University International Cricket Ground, Kirtipur",2,30.5,30.5,Canada,Nepal,H Thaker,NR Kirton,P Sarraf,1,0,,,,,,,,,,,,,
1420220,2023/24,2024-02-08,"Tribhuvan University International Cricket Ground, Kirtipur",2,30.6,30.6,Canada,Nepal,NR Kirton,H Thaker,P Sarraf,0,0,,,,,,,,,,,,,
1420220,2023/24,2024-02-08,"Tribhuvan University International Cricket Ground, Kirtipur",2,31.1,31.1,Canada,Nepal,H Thaker,NR Kirton,R Dhakal,1,0,,,,,,,,,,,,,
1420220,2023/24,2024-02-08,"Tribhuvan University International Cricket Ground, Kirtipur",2,31.2,31.2,Canada,Nepal,NR Kirton,H Thaker,R Dhakal,1,0,,,,,,,,,,,,,
1420220,2023/24,2024-02-08,"Tribhuvan University International Cricket Ground, Kirtipur",2,31.3,31.3,Canada,Nepal,H Thaker,NR Kirton,R Dhakal,0,0,,,,,,,,,,,,,
1420220,2023/24,2024-02-08,"Tribhuvan University International Cricket Ground, Kirtipur",2,31.4,31.4,Canada,Nepal,H Thaker,NR Kirton,R Dhakal,4,0,,,,,,,,,,,,,
1420220,2023/24,2024-02-08,"Tribhuvan University International Cricket Ground, Kirtipur",2,31.5,31.5,Canada,Nepal,H Thaker,NR Kirton,R Dhakal,1,0,,,,,,,,,,,,,
1420220,2023/24,2024-02-08,"Tribhuvan University International Cricket Ground, Kirtipur",2,31.6,31.6,Canada,Nepal,NR Kirton,H Thaker,R Dhakal,0,0,,,,,,,,,,,,,
1420220,2023/24,2024-02-08,"Tribhuvan University International Cricket Ground, Kirtipur",2,32.1,32.1,Canada,Nepal,H Thaker,NR Kirton,Kushal Malla,1,0,,,,,,,,,,,,,
1420220,2023/24,2024-02-08,"Tribhuvan University International Cricket Ground, Kirtipur",2,32.2,32.2,Canada,Nepal,NR Kirton,H Thaker,Kushal Malla,1,0,,,,,,,,,,,,,
1420220,2023/24,2024-02-08,"Tribhuvan University International Cricket Ground, Kirtipur",2,32.3,32.3,Canada,Nepal,H Thaker,NR Kirton,Kushal Malla,0,0,,,,,,,,,,,,,
1420220,2023/24,2024-02-08,"Tribhuvan University International Cricket Ground, Kirtipur",2,32.4,32.4,Canada,Nepal,H Thaker,NR Kirton,Kushal Malla,0,0,,,,,,,,,,,,,
1420220,2023/24,2024-02-08,"Tribhuvan University International Cricket Ground, Kirtipur",2,32.5,32.5,Canada,Nepal,H Thaker,NR Kirton,Kushal Malla,0,0,,,,,,,,,,,,,
1420220,2023/24,2024-02-08,"Tribhuvan University International Cricket Ground, Kirtipur",2,32.6,32.6,Canada,Nepal,H Thaker,NR Kirton,Kushal Malla,0,0,,,,,,,bowled,H Thaker,,,,,
1420220,2023/24,2024-02-08,"Tribhuvan University International Cricket Ground, Kirtipur",2,33.1,33.1,Canada,Nepal,NR Kirton,S Movva,Sompal Kami,0,0,,,,,,,,,,,,,
1420220,2023/24,2024-02-08,"Tribhuvan University International Cricket Ground, Kirtipur",2,33.2,33.2,Canada,Nepal,NR Kirton,S Movva,Sompal Kami,0,0,,,,,,,,,,,,,
1420220,2023/24,2024-02-08,"Tribhuvan University International Cricket Ground, Kirtipur",2,33.3,33.3,Canada,Nepal,NR Kirton,S Movva,Sompal Kami,4,0,,,,,,,,,,,,,
1420220,2023/24,2024-02-08,"Tribhuvan University International Cricket Ground, Kirtipur",2,33.4,33.4,Canada,Nepal,NR Kirton,S Movva,Sompal Kami,0,0,,,,,,,,,,,,,
1420220,2023/24,2024-02-08,"Tribhuvan University International Cricket Ground, Kirtipur",2,33.5,33.5,Canada,Nepal,NR Kirton,S Movva,Sompal Kami,0,1,,1,,,,,,,,,,,
1420220,2023/24,2024-02-08,"Tribhuvan University International Cricket Ground, Kirtipur",2,33.6,33.5,Canada,Nepal,NR Kirton,S Movva,Sompal Kami,4,0,,,,,,,,,,,,,
1420220,2023/24,2024-02-08,"Tribhuvan University International Cricket Ground, Kirtipur",2,33.7,33.6,Canada,Nepal,NR Kirton,S Movva,Sompal Kami,1,0,,,,,,,,,,,,,
1420220,2023/24,2024-02-08,"Tribhuvan University International Cricket Ground, Kirtipur",2,34.1,34.1,Canada,Nepal,NR Kirton,S Movva,Kushal Malla,1,0,,,,,,,,,,,,,
1420220,2023/24,2024-02-08,"Tribhuvan University International Cricket Ground, Kirtipur",2,34.2,34.2,Canada,Nepal,S Movva,NR Kirton,Kushal Malla,0,0,,,,,,,,,,,,,
1420220,2023/24,2024-02-08,"Tribhuvan University International Cricket Ground, Kirtipur",2,34.3,34.3,Canada,Nepal,S Movva,NR Kirton,Kushal Malla,0,0,,,,,,,,,,,,,
1420220,2023/24,2024-02-08,"Tribhuvan University International Cricket Ground, Kirtipur",2,34.4,34.4,Canada,Nepal,S Movva,NR Kirton,Kushal Malla,0,0,,,,,,,,,,,,,
1420220,2023/24,2024-02-08,"Tribhuvan University International Cricket Ground, Kirtipur",2,34.5,34.5,Canada,Nepal,S Movva,NR Kirton,Kushal Malla,0,0,,,,,,,,,,,,,
1420220,2023/24,2024-02-08,"Tribhuvan University International Cricket Ground, Kirtipur",2,34.6,34.6,Canada,Nepal,S Movva,NR Kirton,Kushal Malla,0,0,,,,,,,,,,,,,
1420220,2023/24,2024-02-08,"Tribhuvan University International Cricket Ground, Kirtipur",2,35.1,35.1,Canada,Nepal,NR Kirton,S Movva,RK Paudel,0,0,,,,,,,,,,,,,
1420220,2023/24,2024-02-08,"Tribhuvan University International Cricket Ground, Kirtipur",2,35.2,35.2,Canada,Nepal,NR Kirton,S Movva,RK Paudel,0,0,,,,,,,,,,,,,
1420220,2023/24,2024-02-08,"Tribhuvan University International Cricket Ground, Kirtipur",2,35.3,35.3,Canada,Nepal,NR Kirton,S Movva,RK Paudel,0,0,,,,,,,,,,,,,
1420220,2023/24,2024-02-08,"Tribhuvan University International Cricket Ground, Kirtipur",2,35.4,35.4,Canada,Nepal,NR Kirton,S Movva,RK Paudel,0,0,,,,,,,,,,,,,
1420220,2023/24,2024-02-08,"Tribhuvan University International Cricket Ground, Kirtipur",2,35.5,35.5,Canada,Nepal,NR Kirton,S Movva,RK Paudel,0,0,,,,,,,,,,,,,
1420220,2023/24,2024-02-08,"Tribhuvan University International Cricket Ground, Kirtipur",2,35.6,35.6,Canada,Nepal,NR Kirton,S Movva,RK Paudel,1,0,,,,,,,,,,,,,
1420220,2023/24,2024-02-08,"Tribhuvan University International Cricket Ground, Kirtipur",2,36.1,36.1,Canada,Nepal,NR Kirton,S Movva,Kushal Malla,1,0,,,,,,,,,,,,,
1420220,2023/24,2024-02-08,"Tribhuvan University International Cricket Ground, Kirtipur",2,36.2,36.2,Canada,Nepal,S Movva,NR Kirton,Kushal Malla,0,0,,,,,,,,,,,,,
1420220,2023/24,2024-02-08,"Tribhuvan University International Cricket Ground, Kirtipur",2,36.3,36.3,Canada,Nepal,S Movva,NR Kirton,Kushal Malla,0,0,,,,,,,,,,,,,
1420220,2023/24,2024-02-08,"Tribhuvan University International Cricket Ground, Kirtipur",2,36.4,36.4,Canada,Nepal,S Movva,NR Kirton,Kushal Malla,0,0,,,,,,,,,,,,,
1420220,2023/24,2024-02-08,"Tribhuvan University International Cricket Ground, Kirtipur",2,36.5,36.5,Canada,Nepal,S Movva,NR Kirton,Kushal Malla,0,1,1,,,,,,,,,,,,
1420220,2023/24,2024-02-08,"Tribhuvan University International Cricket Ground, Kirtipur",2,36.6,36.5,Canada,Nepal,S Movva,NR Kirton,Kushal Malla,1,0,,,,,,,,,,,,,
1420220,2023/24,2024-02-08,"Tribhuvan University International Cricket Ground, Kirtipur",2,36.7,36.6,Canada,Nepal,NR Kirton,S Movva,Kushal Malla,0,0,,,,,,,,,,,,,
1420220,2023/24,2024-02-08,"Tribhuvan University International Cricket Ground, Kirtipur",2,37.1,37.1,Canada,Nepal,S Movva,NR Kirton,RK Paudel,0,0,,,,,,,,,,,,,
1420220,2023/24,2024-02-08,"Tribhuvan University International Cricket Ground, Kirtipur",2,37.2,37.2,Canada,Nepal,S Movva,NR Kirton,RK Paudel,0,0,,,,,,,,,,,,,
1420220,2023/24,2024-02-08,"Tribhuvan University International Cricket Ground, Kirtipur",2,37.3,37.3,Canada,Nepal,S Movva,NR Kirton,RK Paudel,0,0,,,,,,,caught,S Movva,,,Sompal Kami,,
1420220,2023/24,2024-02-08,"Tribhuvan University International Cricket Ground, Kirtipur",2,37.4,37.4,Canada,Nepal,Saad Bin Zafar,NR Kirton,RK Paudel,0,0,,,,,,,,,,,,,
1420220,2023/24,2024-02-08,"Tribhuvan University International Cricket Ground, Kirtipur",2,37.5,37.5,Canada,Nepal,Saad Bin Zafar,NR Kirton,RK Paudel,0,0,,,,,,,,,,,,,
1420220,2023/24,2024-02-08,"Tribhuvan University International Cricket Ground, Kirtipur",2,37.6,37.6,Canada,Nepal,Saad Bin Zafar,NR Kirton,RK Paudel,0,0,,,,,,,,,,,,,
1420220,2023/24,2024-02-08,"Tribhuvan University International Cricket Ground, Kirtipur",2,38.1,38.1,Canada,Nepal,NR Kirton,Saad Bin Zafar,P Sarraf,1,0,,,,,,,,,,,,,
1420220,2023/24,2024-02-08,"Tribhuvan University International Cricket Ground, Kirtipur",2,38.2,38.2,Canada,Nepal,Saad Bin Zafar,NR Kirton,P Sarraf,0,0,,,,,,,,,,,,,
1420220,2023/24,2024-02-08,"Tribhuvan University International Cricket Ground, Kirtipur",2,38.3,38.3,Canada,Nepal,Saad Bin Zafar,NR Kirton,P Sarraf,0,0,,,,,,,,,,,,,
1420220,2023/24,2024-02-08,"Tribhuvan University International Cricket Ground, Kirtipur",2,38.4,38.4,Canada,Nepal,Saad Bin Zafar,NR Kirton,P Sarraf,1,0,,,,,,,,,,,,,
1420220,2023/24,2024-02-08,"Tribhuvan University International Cricket Ground, Kirtipur",2,38.5,38.5,Canada,Nepal,NR Kirton,Saad Bin Zafar,P Sarraf,0,0,,,,,,,,,,,,,
1420220,2023/24,2024-02-08,"Tribhuvan University International Cricket Ground, Kirtipur",2,38.6,38.6,Canada,Nepal,NR Kirton,Saad Bin Zafar,P Sarraf,1,0,,,,,,,,,,,,,
1420220,2023/24,2024-02-08,"Tribhuvan University International Cricket Ground, Kirtipur",2,39.1,39.1,Canada,Nepal,NR Kirton,Saad Bin Zafar,RK Paudel,1,0,,,,,,,,,,,,,
1420220,2023/24,2024-02-08,"Tribhuvan University International Cricket Ground, Kirtipur",2,39.2,39.2,Canada,Nepal,Saad Bin Zafar,NR Kirton,RK Paudel,1,0,,,,,,,,,,,,,
1420220,2023/24,2024-02-08,"Tribhuvan University International Cricket Ground, Kirtipur",2,39.3,39.3,Canada,Nepal,NR Kirton,Saad Bin Zafar,RK Paudel,0,0,,,,,,,,,,,,,
1420220,2023/24,2024-02-08,"Tribhuvan University International Cricket Ground, Kirtipur",2,39.4,39.4,Canada,Nepal,NR Kirton,Saad Bin Zafar,RK Paudel,0,0,,,,,,,,,,,,,
1420220,2023/24,2024-02-08,"Tribhuvan University International Cricket Ground, Kirtipur",2,39.5,39.5,Canada,Nepal,NR Kirton,Saad Bin Zafar,RK Paudel,1,0,,,,,,,,,,,,,
1420220,2023/24,2024-02-08,"Tribhuvan University International Cricket Ground, Kirtipur",2,39.6,39.6,Canada,Nepal,Saad Bin Zafar,NR Kirton,RK Paudel,0,0,,,,,,,,,,,,,
1420220,2023/24,2024-02-08,"Tribhuvan University International Cricket Ground, Kirtipur",2,40.1,40.1,Canada,Nepal,NR Kirton,Saad Bin Zafar,P Sarraf,0,0,,,,,,,,,,,,,
1420220,2023/24,2024-02-08,"Tribhuvan University International Cricket Ground, Kirtipur",2,40.2,40.2,Canada,Nepal,NR Kirton,Saad Bin Zafar,P Sarraf,0,0,,,,,,,,,,,,,
1420220,2023/24,2024-02-08,"Tribhuvan University International Cricket Ground, Kirtipur",2,40.3,40.3,Canada,Nepal,NR Kirton,Saad Bin Zafar,P Sarraf,0,0,,,,,,,,,,,,,
1420220,2023/24,2024-02-08,"Tribhuvan University International Cricket Ground, Kirtipur",2,40.4,40.4,Canada,Nepal,NR Kirton,Saad Bin Zafar,P Sarraf,0,0,,,,,,,bowled,NR Kirton,,,,,
1420220,2023/24,2024-02-08,"Tribhuvan University International Cricket Ground, Kirtipur",2,40.5,40.5,Canada,Nepal,U Bhagwan,Saad Bin Zafar,P Sarraf,0,0,,,,,,,,,,,,,
1420220,2023/24,2024-02-08,"Tribhuvan University International Cricket Ground, Kirtipur",2,40.6,40.6,Canada,Nepal,U Bhagwan,Saad Bin Zafar,P Sarraf,0,0,,,,,,,,,,,,,
1420220,2023/24,2024-02-08,"Tribhuvan University International Cricket Ground, Kirtipur",2,41.1,41.1,Canada,Nepal,Saad Bin Zafar,U Bhagwan,RK Paudel,0,0,,,,,,,,,,,,,
1420220,2023/24,2024-02-08,"Tribhuvan University International Cricket Ground, Kirtipur",2,41.2,41.2,Canada,Nepal,Saad Bin Zafar,U Bhagwan,RK Paudel,1,0,,,,,,,,,,,,,
1420220,2023/24,2024-02-08,"Tribhuvan University International Cricket Ground, Kirtipur",2,41.3,41.3,Canada,Nepal,U Bhagwan,Saad Bin Zafar,RK Paudel,0,0,,,,,,,,,,,,,
1420220,2023/24,2024-02-08,"Tribhuvan University International Cricket Ground, Kirtipur",2,41.4,41.4,Canada,Nepal,U Bhagwan,Saad Bin Zafar,RK Paudel,1,0,,,,,,,,,,,,,
1420220,2023/24,2024-02-08,"Tribhuvan University International Cricket Ground, Kirtipur",2,41.5,41.5,Canada,Nepal,Saad Bin Zafar,U Bhagwan,RK Paudel,1,0,,,,,,,,,,,,,
1420220,2023/24,2024-02-08,"Tribhuvan University International Cricket Ground, Kirtipur",2,41.6,41.6,Canada,Nepal,U Bhagwan,Saad Bin Zafar,RK Paudel,0,0,,,,,,,,,,,,,
1420220,2023/24,2024-02-08,"Tribhuvan University International Cricket Ground, Kirtipur",2,42.1,42.1,Canada,Nepal,Saad Bin Zafar,U Bhagwan,P Sarraf,0,1,1,,,,,,,,,,,,
1420220,2023/24,2024-02-08,"Tribhuvan University International Cricket Ground, Kirtipur",2,42.2,42.1,Canada,Nepal,Saad Bin Zafar,U Bhagwan,P Sarraf,0,0,,,,,,,,,,,,,
1420220,2023/24,2024-02-08,"Tribhuvan University International Cricket Ground, Kirtipur",2,42.3,42.2,Canada,Nepal,Saad Bin Zafar,U Bhagwan,P Sarraf,1,0,,,,,,,,,,,,,
1420220,2023/24,2024-02-08,"Tribhuvan University International Cricket Ground, Kirtipur",2,42.4,42.3,Canada,Nepal,U Bhagwan,Saad Bin Zafar,P Sarraf,0,0,,,,,,,,,,,,,
1420220,2023/24,2024-02-08,"Tribhuvan University International Cricket Ground, Kirtipur",2,42.5,42.4,Canada,Nepal,U Bhagwan,Saad Bin Zafar,P Sarraf,0,0,,,,,,,,,,,,,
1420220,2023/24,2024-02-08,"Tribhuvan University International Cricket Ground, Kirtipur",2,42.6,42.5,Canada,Nepal,U Bhagwan,Saad Bin Zafar,P Sarraf,4,0,,,,,,,,,,,,,
1420220,2023/24,2024-02-08,"Tribhuvan University International Cricket Ground, Kirtipur",2,42.7,42.6,Canada,Nepal,U Bhagwan,Saad Bin Zafar,P Sarraf,0,0,,,,,,,,,,,,,
1420220,2023/24,2024-02-08,"Tribhuvan University International Cricket Ground, Kirtipur",2,43.1,43.1,Canada,Nepal,Saad Bin Zafar,U Bhagwan,RK Paudel,1,0,,,,,,,,,,,,,
1420220,2023/24,2024-02-08,"Tribhuvan University International Cricket Ground, Kirtipur",2,43.2,43.2,Canada,Nepal,U Bhagwan,Saad Bin Zafar,RK Paudel,0,0,,,,,,,,,,,,,
1420220,2023/24,2024-02-08,"Tribhuvan University International Cricket Ground, Kirtipur",2,43.3,43.3,Canada,Nepal,U Bhagwan,Saad Bin Zafar,RK Paudel,0,0,,,,,,,,,,,,,
1420220,2023/24,2024-02-08,"Tribhuvan University International Cricket Ground, Kirtipur",2,43.4,43.4,Canada,Nepal,U Bhagwan,Saad Bin Zafar,RK Paudel,1,0,,,,,,,,,,,,,
1420220,2023/24,2024-02-08,"Tribhuvan University International Cricket Ground, Kirtipur",2,43.5,43.5,Canada,Nepal,Saad Bin Zafar,U Bhagwan,RK Paudel,1,0,,,,,,,,,,,,,
1420220,2023/24,2024-02-08,"Tribhuvan University International Cricket Ground, Kirtipur",2,43.6,43.6,Canada,Nepal,U Bhagwan,Saad Bin Zafar,RK Paudel,0,0,,,,,,,bowled,U Bhagwan,,,,,
1420220,2023/24,2024-02-08,"Tribhuvan University International Cricket Ground, Kirtipur",2,44.1,44.1,Canada,Nepal,Saad Bin Zafar,D Heyliger,LN Rajbanshi,0,0,,,,,,,,,,,,,
1420220,2023/24,2024-02-08,"Tribhuvan University International Cricket Ground, Kirtipur",2,44.2,44.2,Canada,Nepal,Saad Bin Zafar,D Heyliger,LN Rajbanshi,0,0,,,,,,,lbw,Saad Bin Zafar,,,,,
1420220,2023/24,2024-02-08,"Tribhuvan University International Cricket Ground, Kirtipur",2,44.3,44.3,Canada,Nepal,Shahid Ahmadzai,D Heyliger,LN Rajbanshi,0,0,,,,,,,,,,,,,
1420220,2023/24,2024-02-08,"Tribhuvan University International Cricket Ground, Kirtipur",2,44.4,44.4,Canada,Nepal,Shahid Ahmadzai,D Heyliger,LN Rajbanshi,0,0,,,,,,,,,,,,,
1420220,2023/24,2024-02-08,"Tribhuvan University International Cricket Ground, Kirtipur",2,44.5,44.5,Canada,Nepal,Shahid Ahmadzai,D Heyliger,LN Rajbanshi,0,0,,,,,,,,,,,,,
1420220,2023/24,2024-02-08,"Tribhuvan University International Cricket Ground, Kirtipur",2,44.6,44.6,Canada,Nepal,Shahid Ahmadzai,D Heyliger,LN Rajbanshi,1,0,,,,,,,,,,,,,
1420220,2023/24,2024-02-08,"Tribhuvan University International Cricket Ground, Kirtipur",2,45.1,45.1,Canada,Nepal,Shahid Ahmadzai,D Heyliger,RK Paudel,0,0,,,,,,,,,,,,,
1420220,2023/24,2024-02-08,"Tribhuvan University International Cricket Ground, Kirtipur",2,45.2,45.2,Canada,Nepal,Shahid Ahmadzai,D Heyliger,RK Paudel,0,0,,,,,,,,,,,,,
1420220,2023/24,2024-02-08,"Tribhuvan University International Cricket Ground, Kirtipur",2,45.3,45.3,Canada,Nepal,Shahid Ahmadzai,D Heyliger,RK Paudel,0,0,,,,,,,,,,,,,
1420220,2023/24,2024-02-08,"Tribhuvan University International Cricket Ground, Kirtipur",2,45.4,45.4,Canada,Nepal,Shahid Ahmadzai,D Heyliger,RK Paudel,0,0,,,,,,,,,,,,,
1420220,2023/24,2024-02-08,"Tribhuvan University International Cricket Ground, Kirtipur",2,45.5,45.5,Canada,Nepal,Shahid Ahmadzai,D Heyliger,RK Paudel,0,0,,,,,,,,,,,,,
1420220,2023/24,2024-02-08,"Tribhuvan University International Cricket Ground, Kirtipur",2,45.6,45.6,Canada,Nepal,Shahid Ahmadzai,D Heyliger,RK Paudel,0,0,,,,,,,,,,,,,
1420220,2023/24,2024-02-08,"Tribhuvan University International Cricket Ground, Kirtipur",2,46.1,46.1,Canada,Nepal,D Heyliger,Shahid Ahmadzai,LN Rajbanshi,1,0,,,,,,,,,,,,,
1420220,2023/24,2024-02-08,"Tribhuvan University International Cricket Ground, Kirtipur",2,46.2,46.2,Canada,Nepal,Shahid Ahmadzai,D Heyliger,LN Rajbanshi,1,0,,,,,,,,,,,,,
1420220,2023/24,2024-02-08,"Tribhuvan University International Cricket Ground, Kirtipur",2,46.3,46.3,Canada,Nepal,D Heyliger,Shahid Ahmadzai,LN Rajbanshi,1,0,,,,,,,,,,,,,
1420220,2023/24,2024-02-08,"Tribhuvan University International Cricket Ground, Kirtipur",2,46.4,46.4,Canada,Nepal,Shahid Ahmadzai,D Heyliger,LN Rajbanshi,1,0,,,,,,,,,,,,,
1420220,2023/24,2024-02-08,"Tribhuvan University International Cricket Ground, Kirtipur",2,46.5,46.5,Canada,Nepal,D Heyliger,Shahid Ahmadzai,LN Rajbanshi,0,0,,,,,,,lbw,D Heyliger,,,,,
1420220,2023/24,2024-02-08,"Tribhuvan University International Cricket Ground, Kirtipur",2,46.6,46.6,Canada,Nepal,IS Sohi,Shahid Ahmadzai,LN Rajbanshi,0,0,,,,,,,,,,,,,
1420220,2023/24,2024-02-08,"Tribhuvan University International Cricket Ground, Kirtipur",2,47.1,47.1,Canada,Nepal,Shahid Ahmadzai,IS Sohi,RK Paudel,4,0,,,,,,,,,,,,,
1420220,2023/24,2024-02-08,"Tribhuvan University International Cricket Ground, Kirtipur",2,47.2,47.2,Canada,Nepal,Shahid Ahmadzai,IS Sohi,RK Paudel,0,0,,,,,,,,,,,,,
1420220,2023/24,2024-02-08,"Tribhuvan University International Cricket Ground, Kirtipur",2,47.3,47.3,Canada,Nepal,Shahid Ahmadzai,IS Sohi,RK Paudel,0,0,,,,,,,,,,,,,
1420220,2023/24,2024-02-08,"Tribhuvan University International Cricket Ground, Kirtipur",2,47.4,47.4,Canada,Nepal,Shahid Ahmadzai,IS Sohi,RK Paudel,1,0,,,,,,,,,,,,,
1420220,2023/24,2024-02-08,"Tribhuvan University International Cricket Ground, Kirtipur",2,47.5,47.5,Canada,Nepal,IS Sohi,Shahid Ahmadzai,RK Paudel,0,0,,,,,,,bowled,IS Sohi,,,,,
