match_id,season,start_date,venue,innings,ball,actual_delivery,batting_team,bowling_team,striker,non_striker,bowler,runs_off_bat,extras,wides,noballs,byes,legbyes,penalty,non_boundary,wicket_type,player_dismissed,other_wicket_type,other_player_dismissed,fielder_1,fielder_2,fielder_3
1457465,2024/25,2024-11-03,Al Amerat Cricket Ground Oman Cricket (Ministry Turf 1),1,0.1,0.1,United Arab Emirates,Netherlands,T Suri,Waseem Muhammad,T van der Gugten,0,0,,,,,,,,,,,,,
1457465,2024/25,2024-11-03,Al Amerat Cricket Ground Oman Cricket (Ministry Turf 1),1,0.2,0.2,United Arab Emirates,Netherlands,T Suri,Waseem Muhammad,T van der Gugten,2,0,,,,,,,,,,,,,
1457465,2024/25,2024-11-03,Al Amerat Cricket Ground Oman Cricket (Ministry Turf 1),1,0.3,0.3,United Arab Emirates,Netherlands,T Suri,Waseem Muhammad,T van der Gugten,0,0,,,,,,,,,,,,,
1457465,2024/25,2024-11-03,Al Amerat Cricket Ground Oman Cricket (Ministry Turf 1),1,0.4,0.4,United Arab Emirates,Netherlands,T Suri,Waseem Muhammad,T van der Gugten,0,0,,,,,,,,,,,,,
1457465,2024/25,2024-11-03,Al Amerat Cricket Ground Oman Cricket (Ministry Turf 1),1,0.5,0.5,United Arab Emirates,Netherlands,T Suri,Waseem Muhammad,T van der Gugten,0,0,,,,,,,,,,,,,
1457465,2024/25,2024-11-03,Al Amerat Cricket Ground Oman Cricket (Ministry Turf 1),1,0.6,0.6,United Arab Emirates,Netherlands,T Suri,Waseem Muhammad,T van der Gugten,0,0,,,,,,,,,,,,,
1457465,2024/25,2024-11-03,Al Amerat Cricket Ground Oman Cricket (Ministry Turf 1),1,1.1,1.1,United Arab Emirates,Netherlands,Waseem Muhammad,T Suri,A Dutt,0,0,,,,,,,,,,,,,
1457465,2024/25,2024-11-03,Al Amerat Cricket Ground Oman Cricket (Ministry Turf 1),1,1.2,1.2,United Arab Emirates,Netherlands,Waseem Muhammad,T Suri,A Dutt,2,0,,,,,,,,,,,,,
1457465,2024/25,2024-11-03,Al Amerat Cricket Ground Oman Cricket (Ministry Turf 1),1,1.3,1.3,United Arab Emirates,Netherlands,Waseem Muhammad,T Suri,A Dutt,0,0,,,,,,,,,,,,,
1457465,2024/25,2024-11-03,Al Amerat Cricket Ground Oman Cricket (Ministry Turf 1),1,1.4,1.4,United Arab Emirates,Netherlands,Waseem Muhammad,T Suri,A Dutt,0,0,,,,,,,,,,,,,
1457465,2024/25,2024-11-03,Al Amerat Cricket Ground Oman Cricket (Ministry Turf 1),1,1.5,1.5,United Arab Emirates,Netherlands,Waseem Muhammad,T Suri,A Dutt,0,0,,,,,,,,,,,,,
1457465,2024/25,2024-11-03,Al Amerat Cricket Ground Oman Cricket (Ministry Turf 1),1,1.6,1.6,United Arab Emirates,Netherlands,Waseem Muhammad,T Suri,A Dutt,4,0,,,,,,,,,,,,,
1457465,2024/25,2024-11-03,Al Amerat Cricket Ground Oman Cricket (Ministry Turf 1),1,2.1,2.1,United Arab Emirates,Netherlands,T Suri,Waseem Muhammad,T van der Gugten,0,0,,,,,,,,,,,,,
1457465,2024/25,2024-11-03,Al Amerat Cricket Ground Oman Cricket (Ministry Turf 1),1,2.2,2.2,United Arab Emirates,Netherlands,T Suri,Waseem Muhammad,T van der Gugten,1,0,,,,,,,,,,,,,
1457465,2024/25,2024-11-03,Al Amerat Cricket Ground Oman Cricket (Ministry Turf 1),1,2.3,2.3,United Arab Emirates,Netherlands,Waseem Muhammad,T Suri,T van der Gugten,0,0,,,,,,,,,,,,,
1457465,2024/25,2024-11-03,Al Amerat Cricket Ground Oman Cricket (Ministry Turf 1),1,2.4,2.4,United Arab Emirates,Netherlands,Waseem Muhammad,T Suri,T van der Gugten,0,0,,,,,,,,,,,,,
1457465,2024/25,2024-11-03,Al Amerat Cricket Ground Oman Cricket (Ministry Turf 1),1,2.5,2.5,United Arab Emirates,Netherlands,Waseem Muhammad,T Suri,T van der Gugten,0,0,,,,,,,,,,,,,
1457465,2024/25,2024-11-03,Al Amerat Cricket Ground Oman Cricket (Ministry Turf 1),1,2.6,2.6,United Arab Emirates,Netherlands,Waseem Muhammad,T Suri,T van der Gugten,0,0,,,,,,,,,,,,,
1457465,2024/25,2024-11-03,Al Amerat Cricket Ground Oman Cricket (Ministry Turf 1),1,3.1,3.1,United Arab Emirates,Netherlands,T Suri,Waseem Muhammad,A Dutt,0,0,,,,,,,,,,,,,
1457465,2024/25,2024-11-03,Al Amerat Cricket Ground Oman Cricket (Ministry Turf 1),1,3.2,3.2,United Arab Emirates,Netherlands,T Suri,Waseem Muhammad,A Dutt,0,1,1,,,,,,,,,,,,
1457465,2024/25,2024-11-03,Al Amerat Cricket Ground Oman Cricket (Ministry Turf 1),1,3.3,3.2,United Arab Emirates,Netherlands,T Suri,Waseem Muhammad,A Dutt,1,0,,,,,,,,,,,,,
1457465,2024/25,2024-11-03,Al Amerat Cricket Ground Oman Cricket (Ministry Turf 1),1,3.4,3.3,United Arab Emirates,Netherlands,Waseem Muhammad,T Suri,A Dutt,0,0,,,,,,,,,,,,,
1457465,2024/25,2024-11-03,Al Amerat Cricket Ground Oman Cricket (Ministry Turf 1),1,3.5,3.4,United Arab Emirates,Netherlands,Waseem Muhammad,T Suri,A Dutt,0,0,,,,,,,,,,,,,
1457465,2024/25,2024-11-03,Al Amerat Cricket Ground Oman Cricket (Ministry Turf 1),1,3.6,3.5,United Arab Emirates,Netherlands,Waseem Muhammad,T Suri,A Dutt,0,0,,,,,,,,,,,,,
1457465,2024/25,2024-11-03,Al Amerat Cricket Ground Oman Cricket (Ministry Turf 1),1,3.7,3.6,United Arab Emirates,Netherlands,Waseem Muhammad,T Suri,A Dutt,4,0,,,,,,,,,,,,,
1457465,2024/25,2024-11-03,Al Amerat Cricket Ground Oman Cricket (Ministry Turf 1),1,4.1,4.1,United Arab Emirates,Netherlands,T Suri,Waseem Muhammad,T van der Gugten,0,0,,,,,,,,,,,,,
1457465,2024/25,2024-11-03,Al Amerat Cricket Ground Oman Cricket (Ministry Turf 1),1,4.2,4.2,United Arab Emirates,Netherlands,T Suri,Waseem Muhammad,T van der Gugten,0,0,,,,,,,,,,,,,
1457465,2024/25,2024-11-03,Al Amerat Cricket Ground Oman Cricket (Ministry Turf 1),1,4.3,4.3,United Arab Emirates,Netherlands,T Suri,Waseem Muhammad,T van der Gugten,0,0,,,,,,,,,,,,,
1457465,2024/25,2024-11-03,Al Amerat Cricket Ground Oman Cricket (Ministry Turf 1),1,4.4,4.4,United Arab Emirates,Netherlands,T Suri,Waseem Muhammad,T van der Gugten,0,0,,,,,,,,,,,,,
1457465,2024/25,2024-11-03,Al Amerat Cricket Ground Oman Cricket (Ministry Turf 1),1,4.5,4.5,United Arab Emirates,Netherlands,T Suri,Waseem Muhammad,T van der Gugten,0,0,,,,,,,,,,,,,
1457465,2024/25,2024-11-03,Al Amerat Cricket Ground Oman Cricket (Ministry Turf 1),1,4.6,4.6,United Arab Emirates,Netherlands,T Suri,Waseem Muhammad,T van der Gugten,1,0,,,,,,,,,,,,,
1457465,2024/25,2024-11-03,Al Amerat Cricket Ground Oman Cricket (Ministry Turf 1),1,5.1,5.1,United Arab Emirates,Netherlands,T Suri,Waseem Muhammad,A Dutt,0,0,,,,,,,,,,,,,
1457465,2024/25,2024-11-03,Al Amerat Cricket Ground Oman Cricket (Ministry Turf 1),1,5.2,5.2,United Arab Emirates,Netherlands,T Suri,Waseem Muhammad,A Dutt,0,0,,,,,,,,,,,,,
1457465,2024/25,2024-11-03,Al Amerat Cricket Ground Oman Cricket (Ministry Turf 1),1,5.3,5.3,United Arab Emirates,Netherlands,T Suri,Waseem Muhammad,A Dutt,0,0,,,,,,,,,,,,,
1457465,2024/25,2024-11-03,Al Amerat Cricket Ground Oman Cricket (Ministry Turf 1),1,5.4,5.4,United Arab Emirates,Netherlands,T Suri,Waseem Muhammad,A Dutt,0,0,,,,,,,,,,,,,
1457465,2024/25,2024-11-03,Al Amerat Cricket Ground Oman Cricket (Ministry Turf 1),1,5.5,5.5,United Arab Emirates,Netherlands,T Suri,Waseem Muhammad,A Dutt,0,0,,,,,,,,,,,,,
1457465,2024/25,2024-11-03,Al Amerat Cricket Ground Oman Cricket (Ministry Turf 1),1,5.6,5.6,United Arab Emirates,Netherlands,T Suri,Waseem Muhammad,A Dutt,0,0,,,,,,,,,,,,,
1457465,2024/25,2024-11-03,Al Amerat Cricket Ground Oman Cricket (Ministry Turf 1),1,6.1,6.1,United Arab Emirates,Netherlands,Waseem Muhammad,T Suri,T van der Gugten,1,0,,,,,,,,,,,,,
1457465,2024/25,2024-11-03,Al Amerat Cricket Ground Oman Cricket (Ministry Turf 1),1,6.2,6.2,United Arab Emirates,Netherlands,T Suri,Waseem Muhammad,T van der Gugten,0,0,,,,,,,,,,,,,
1457465,2024/25,2024-11-03,Al Amerat Cricket Ground Oman Cricket (Ministry Turf 1),1,6.3,6.3,United Arab Emirates,Netherlands,T Suri,Waseem Muhammad,T van der Gugten,0,0,,,,,,,,,,,,,
1457465,2024/25,2024-11-03,Al Amerat Cricket Ground Oman Cricket (Ministry Turf 1),1,6.4,6.4,United Arab Emirates,Netherlands,T Suri,Waseem Muhammad,T van der Gugten,4,0,,,,,,,,,,,,,
1457465,2024/25,2024-11-03,Al Amerat Cricket Ground Oman Cricket (Ministry Turf 1),1,6.5,6.5,United Arab Emirates,Netherlands,T Suri,Waseem Muhammad,T van der Gugten,1,0,,,,,,,,,,,,,
1457465,2024/25,2024-11-03,Al Amerat Cricket Ground Oman Cricket (Ministry Turf 1),1,6.6,6.6,United Arab Emirates,Netherlands,Waseem Muhammad,T Suri,T van der Gugten,0,0,,,,,,,,,,,,,
1457465,2024/25,2024-11-03,Al Amerat Cricket Ground Oman Cricket (Ministry Turf 1),1,7.1,7.1,United Arab Emirates,Netherlands,T Suri,Waseem Muhammad,PA van Meekeren,4,0,,,,,,,,,,,,,
1457465,2024/25,2024-11-03,Al Amerat Cricket Ground Oman Cricket (Ministry Turf 1),1,7.2,7.2,United Arab Emirates,Netherlands,T Suri,Waseem Muhammad,PA van Meekeren,1,0,,,,,,,,,,,,,
1457465,2024/25,2024-11-03,Al Amerat Cricket Ground Oman Cricket (Ministry Turf 1),1,7.3,7.3,United Arab Emirates,Netherlands,Waseem Muhammad,T Suri,PA van Meekeren,0,2,,,,2,,,,,,,,,
1457465,2024/25,2024-11-03,Al Amerat Cricket Ground Oman Cricket (Ministry Turf 1),1,7.4,7.4,United Arab Emirates,Netherlands,Waseem Muhammad,T Suri,PA van Meekeren,0,0,,,,,,,,,,,,,
1457465,2024/25,2024-11-03,Al Amerat Cricket Ground Oman Cricket (Ministry Turf 1),1,7.5,7.5,United Arab Emirates,Netherlands,Waseem Muhammad,T Suri,PA van Meekeren,0,0,,,,,,,,,,,,,
1457465,2024/25,2024-11-03,Al Amerat Cricket Ground Oman Cricket (Ministry Turf 1),1,7.6,7.6,United Arab Emirates,Netherlands,Waseem Muhammad,T Suri,PA van Meekeren,1,0,,,,,,,,,,,,,
1457465,2024/25,2024-11-03,Al Amerat Cricket Ground Oman Cricket (Ministry Turf 1),1,8.1,8.1,United Arab Emirates,Netherlands,Waseem Muhammad,T Suri,T van der Gugten,4,0,,,,,,,,,,,,,
1457465,2024/25,2024-11-03,Al Amerat Cricket Ground Oman Cricket (Ministry Turf 1),1,8.2,8.2,United Arab Emirates,Netherlands,Waseem Muhammad,T Suri,T van der Gugten,0,0,,,,,,,,,,,,,
1457465,2024/25,2024-11-03,Al Amerat Cricket Ground Oman Cricket (Ministry Turf 1),1,8.3,8.3,United Arab Emirates,Netherlands,Waseem Muhammad,T Suri,T van der Gugten,0,0,,,,,,,,,,,,,
1457465,2024/25,2024-11-03,Al Amerat Cricket Ground Oman Cricket (Ministry Turf 1),1,8.4,8.4,United Arab Emirates,Netherlands,Waseem Muhammad,T Suri,T van der Gugten,2,0,,,,,,,,,,,,,
1457465,2024/25,2024-11-03,Al Amerat Cricket Ground Oman Cricket (Ministry Turf 1),1,8.5,8.5,United Arab Emirates,Netherlands,Waseem Muhammad,T Suri,T van der Gugten,0,0,,,,,,,bowled,Waseem Muhammad,,,,,
1457465,2024/25,2024-11-03,Al Amerat Cricket Ground Oman Cricket (Ministry Turf 1),1,8.6,8.6,United Arab Emirates,Netherlands,V Aravind,T Suri,T van der Gugten,0,0,,,,,,,,,,,,,
1457465,2024/25,2024-11-03,Al Amerat Cricket Ground Oman Cricket (Ministry Turf 1),1,9.1,9.1,United Arab Emirates,Netherlands,T Suri,V Aravind,PA van Meekeren,4,0,,,,,,,,,,,,,
1457465,2024/25,2024-11-03,Al Amerat Cricket Ground Oman Cricket (Ministry Turf 1),1,9.2,9.2,United Arab Emirates,Netherlands,T Suri,V Aravind,PA van Meekeren,1,0,,,,,,,,,,,,,
1457465,2024/25,2024-11-03,Al Amerat Cricket Ground Oman Cricket (Ministry Turf 1),1,9.3,9.3,United Arab Emirates,Netherlands,V Aravind,T Suri,PA van Meekeren,0,0,,,,,,,,,,,,,
1457465,2024/25,2024-11-03,Al Amerat Cricket Ground Oman Cricket (Ministry Turf 1),1,9.4,9.4,United Arab Emirates,Netherlands,V Aravind,T Suri,PA van Meekeren,0,0,,,,,,,,,,,,,
1457465,2024/25,2024-11-03,Al Amerat Cricket Ground Oman Cricket (Ministry Turf 1),1,9.5,9.5,United Arab Emirates,Netherlands,V Aravind,T Suri,PA van Meekeren,0,0,,,,,,,,,,,,,
1457465,2024/25,2024-11-03,Al Amerat Cricket Ground Oman Cricket (Ministry Turf 1),1,9.6,9.6,United Arab Emirates,Netherlands,V Aravind,T Suri,PA van Meekeren,0,0,,,,,,,,,,,,,
1457465,2024/25,2024-11-03,Al Amerat Cricket Ground Oman Cricket (Ministry Turf 1),1,10.1,10.1,United Arab Emirates,Netherlands,T Suri,V Aravind,T van der Gugten,1,0,,,,,,,,,,,,,
1457465,2024/25,2024-11-03,Al Amerat Cricket Ground Oman Cricket (Ministry Turf 1),1,10.2,10.2,United Arab Emirates,Netherlands,V Aravind,T Suri,T van der Gugten,0,0,,,,,,,,,,,,,
1457465,2024/25,2024-11-03,Al Amerat Cricket Ground Oman Cricket (Ministry Turf 1),1,10.3,10.3,United Arab Emirates,Netherlands,V Aravind,T Suri,T van der Gugten,1,0,,,,,,,,,,,,,
1457465,2024/25,2024-11-03,Al Amerat Cricket Ground Oman Cricket (Ministry Turf 1),1,10.4,10.4,United Arab Emirates,Netherlands,T Suri,V Aravind,T van der Gugten,1,0,,,,,,,,,,,,,
1457465,2024/25,2024-11-03,Al Amerat Cricket Ground Oman Cricket (Ministry Turf 1),1,10.5,10.5,United Arab Emirates,Netherlands,V Aravind,T Suri,T van der Gugten,1,0,,,,,,,,,,,,,
1457465,2024/25,2024-11-03,Al Amerat Cricket Ground Oman Cricket (Ministry Turf 1),1,10.6,10.6,United Arab Emirates,Netherlands,T Suri,V Aravind,T van der Gugten,0,0,,,,,,,,,,,,,
1457465,2024/25,2024-11-03,Al Amerat Cricket Ground Oman Cricket (Ministry Turf 1),1,11.1,11.1,United Arab Emirates,Netherlands,V Aravind,T Suri,PA van Meekeren,0,0,,,,,,,,,,,,,
1457465,2024/25,2024-11-03,Al Amerat Cricket Ground Oman Cricket (Ministry Turf 1),1,11.2,11.2,United Arab Emirates,Netherlands,V Aravind,T Suri,PA van Meekeren,0,0,,,,,,,,,,,,,
1457465,2024/25,2024-11-03,Al Amerat Cricket Ground Oman Cricket (Ministry Turf 1),1,11.3,11.3,United Arab Emirates,Netherlands,V Aravind,T Suri,PA van Meekeren,0,0,,,,,,,,,,,,,
1457465,2024/25,2024-11-03,Al Amerat Cricket Ground Oman Cricket (Ministry Turf 1),1,11.4,11.4,United Arab Emirates,Netherlands,V Aravind,T Suri,PA van Meekeren,1,0,,,,,,,,,,,,,
1457465,2024/25,2024-11-03,Al Amerat Cricket Ground Oman Cricket (Ministry Turf 1),1,11.5,11.5,United Arab Emirates,Netherlands,T Suri,V Aravind,PA van Meekeren,1,0,,,,,,,,,,,,,
1457465,2024/25,2024-11-03,Al Amerat Cricket Ground Oman Cricket (Ministry Turf 1),1,11.6,11.6,United Arab Emirates,Netherlands,V Aravind,T Suri,PA van Meekeren,0,0,,,,,,,,,,,,,
1457465,2024/25,2024-11-03,Al Amerat Cricket Ground Oman Cricket (Ministry Turf 1),1,12.1,12.1,United Arab Emirates,Netherlands,T Suri,V Aravind,A Dutt,0,0,,,,,,,,,,,,,
1457465,2024/25,2024-11-03,Al Amerat Cricket Ground Oman Cricket (Ministry Turf 1),1,12.2,12.2,United Arab Emirates,Netherlands,T Suri,V Aravind,A Dutt,1,0,,,,,,,,,,,,,
1457465,2024/25,2024-11-03,Al Amerat Cricket Ground Oman Cricket (Ministry Turf 1),1,12.3,12.3,United Arab Emirates,Netherlands,V Aravind,T Suri,A Dutt,1,0,,,,,,,,,,,,,
1457465,2024/25,2024-11-03,Al Amerat Cricket Ground Oman Cricket (Ministry Turf 1),1,12.4,12.4,United Arab Emirates,Netherlands,T Suri,V Aravind,A Dutt,0,0,,,,,,,,,,,,,
1457465,2024/25,2024-11-03,Al Amerat Cricket Ground Oman Cricket (Ministry Turf 1),1,12.5,12.5,United Arab Emirates,Netherlands,T Suri,V Aravind,A Dutt,1,0,,,,,,,,,,,,,
1457465,2024/25,2024-11-03,Al Amerat Cricket Ground Oman Cricket (Ministry Turf 1),1,12.6,12.6,United Arab Emirates,Netherlands,V Aravind,T Suri,A Dutt,0,0,,,,,,,,,,,,,
1457465,2024/25,2024-11-03,Al Amerat Cricket Ground Oman Cricket (Ministry Turf 1),1,13.1,13.1,United Arab Emirates,Netherlands,T Suri,V Aravind,PA van Meekeren,0,0,,,,,,,caught,T Suri,,,K Klein,,
1457465,2024/25,2024-11-03,Al Amerat Cricket Ground Oman Cricket (Ministry Turf 1),1,13.2,13.2,United Arab Emirates,Netherlands,V Sukumaran,V Aravind,PA van Meekeren,0,0,,,,,,,,,,,,,
1457465,2024/25,2024-11-03,Al Amerat Cricket Ground Oman Cricket (Ministry Turf 1),1,13.3,13.3,United Arab Emirates,Netherlands,V Sukumaran,V Aravind,PA van Meekeren,0,0,,,,,,,,,,,,,
1457465,2024/25,2024-11-03,Al Amerat Cricket Ground Oman Cricket (Ministry Turf 1),1,13.4,13.4,United Arab Emirates,Netherlands,V Sukumaran,V Aravind,PA van Meekeren,0,1,,,1,,,,,,,,,,
1457465,2024/25,2024-11-03,Al Amerat Cricket Ground Oman Cricket (Ministry Turf 1),1,13.5,13.5,United Arab Emirates,Netherlands,V Aravind,V Sukumaran,PA van Meekeren,1,0,,,,,,,,,,,,,
1457465,2024/25,2024-11-03,Al Amerat Cricket Ground Oman Cricket (Ministry Turf 1),1,13.6,13.6,United Arab Emirates,Netherlands,V Sukumaran,V Aravind,PA van Meekeren,1,0,,,,,,,,,,,,,
1457465,2024/25,2024-11-03,Al Amerat Cricket Ground Oman Cricket (Ministry Turf 1),1,14.1,14.1,United Arab Emirates,Netherlands,V Sukumaran,V Aravind,A Dutt,0,0,,,,,,,,,,,,,
1457465,2024/25,2024-11-03,Al Amerat Cricket Ground Oman Cricket (Ministry Turf 1),1,14.2,14.2,United Arab Emirates,Netherlands,V Sukumaran,V Aravind,A Dutt,0,0,,,,,,,,,,,,,
1457465,2024/25,2024-11-03,Al Amerat Cricket Ground Oman Cricket (Ministry Turf 1),1,14.3,14.3,United Arab Emirates,Netherlands,V Sukumaran,V Aravind,A Dutt,0,0,,,,,,,,,,,,,
1457465,2024/25,2024-11-03,Al Amerat Cricket Ground Oman Cricket (Ministry Turf 1),1,14.4,14.4,United Arab Emirates,Netherlands,V Sukumaran,V Aravind,A Dutt,0,0,,,,,,,,,,,,,
1457465,2024/25,2024-11-03,Al Amerat Cricket Ground Oman Cricket (Ministry Turf 1),1,14.5,14.5,United Arab Emirates,Netherlands,V Sukumaran,V Aravind,A Dutt,2,0,,,,,,,,,,,,,
1457465,2024/25,2024-11-03,Al Amerat Cricket Ground Oman Cricket (Ministry Turf 1),1,14.6,14.6,United Arab Emirates,Netherlands,V Sukumaran,V Aravind,A Dutt,1,0,,,,,,,,,,,,,
1457465,2024/25,2024-11-03,Al Amerat Cricket Ground Oman Cricket (Ministry Turf 1),1,15.1,15.1,United Arab Emirates,Netherlands,V Sukumaran,V Aravind,PA van Meekeren,0,1,1,,,,,,,,,,,,
1457465,2024/25,2024-11-03,Al Amerat Cricket Ground Oman Cricket (Ministry Turf 1),1,15.2,15.1,United Arab Emirates,Netherlands,V Sukumaran,V Aravind,PA van Meekeren,2,0,,,,,,,,,,,,,
1457465,2024/25,2024-11-03,Al Amerat Cricket Ground Oman Cricket (Ministry Turf 1),1,15.3,15.2,United Arab Emirates,Netherlands,V Sukumaran,V Aravind,PA van Meekeren,0,0,,,,,,,,,,,,,
1457465,2024/25,2024-11-03,Al Amerat Cricket Ground Oman Cricket (Ministry Turf 1),1,15.4,15.3,United Arab Emirates,Netherlands,V Sukumaran,V Aravind,PA van Meekeren,0,0,,,,,,,,,,,,,
1457465,2024/25,2024-11-03,Al Amerat Cricket Ground Oman Cricket (Ministry Turf 1),1,15.5,15.4,United Arab Emirates,Netherlands,V Sukumaran,V Aravind,PA van Meekeren,0,0,,,,,,,,,,,,,
1457465,2024/25,2024-11-03,Al Amerat Cricket Ground Oman Cricket (Ministry Turf 1),1,15.6,15.5,United Arab Emirates,Netherlands,V Sukumaran,V Aravind,PA van Meekeren,0,0,,,,,,,,,,,,,
1457465,2024/25,2024-11-03,Al Amerat Cricket Ground Oman Cricket (Ministry Turf 1),1,15.7,15.6,United Arab Emirates,Netherlands,V Sukumaran,V Aravind,PA van Meekeren,0,0,,,,,,,,,,,,,
1457465,2024/25,2024-11-03,Al Amerat Cricket Ground Oman Cricket (Ministry Turf 1),1,16.1,16.1,United Arab Emirates,Netherlands,V Aravind,V Sukumaran,MP O'Dowd,0,0,,,,,,,,,,,,,
1457465,2024/25,2024-11-03,Al Amerat Cricket Ground Oman Cricket (Ministry Turf 1),1,16.2,16.2,United Arab Emirates,Netherlands,V Aravind,V Sukumaran,MP O'Dowd,1,0,,,,,,,,,,,,,
1457465,2024/25,2024-11-03,Al Amerat Cricket Ground Oman Cricket (Ministry Turf 1),1,16.3,16.3,United Arab Emirates,Netherlands,V Sukumaran,V Aravind,MP O'Dowd,1,0,,,,,,,,,,,,,
1457465,2024/25,2024-11-03,Al Amerat Cricket Ground Oman Cricket (Ministry Turf 1),1,16.4,16.4,United Arab Emirates,Netherlands,V Aravind,V Sukumaran,MP O'Dowd,1,0,,,,,,,,,,,,,
1457465,2024/25,2024-11-03,Al Amerat Cricket Ground Oman Cricket (Ministry Turf 1),1,16.5,16.5,United Arab Emirates,Netherlands,V Sukumaran,V Aravind,MP O'Dowd,0,0,,,,,,,,,,,,,
1457465,2024/25,2024-11-03,Al Amerat Cricket Ground Oman Cricket (Ministry Turf 1),1,16.6,16.6,United Arab Emirates,Netherlands,V Sukumaran,V Aravind,MP O'Dowd,1,0,,,,,,,,,,,,,
1457465,2024/25,2024-11-03,Al Amerat Cricket Ground Oman Cricket (Ministry Turf 1),1,17.1,17.1,United Arab Emirates,Netherlands,V Sukumaran,V Aravind,BFW de Leede,0,0,,,,,,,,,,,,,
1457465,2024/25,2024-11-03,Al Amerat Cricket Ground Oman Cricket (Ministry Turf 1),1,17.2,17.2,United Arab Emirates,Netherlands,V Sukumaran,V Aravind,BFW de Leede,0,0,,,,,,,,,,,,,
1457465,2024/25,2024-11-03,Al Amerat Cricket Ground Oman Cricket (Ministry Turf 1),1,17.3,17.3,United Arab Emirates,Netherlands,V Sukumaran,V Aravind,BFW de Leede,0,0,,,,,,,,,,,,,
1457465,2024/25,2024-11-03,Al Amerat Cricket Ground Oman Cricket (Ministry Turf 1),1,17.4,17.4,United Arab Emirates,Netherlands,V Sukumaran,V Aravind,BFW de Leede,0,0,,,,,,,,,,,,,
1457465,2024/25,2024-11-03,Al Amerat Cricket Ground Oman Cricket (Ministry Turf 1),1,17.5,17.5,United Arab Emirates,Netherlands,V Sukumaran,V Aravind,BFW de Leede,1,0,,,,,,,,,,,,,
1457465,2024/25,2024-11-03,Al Amerat Cricket Ground Oman Cricket (Ministry Turf 1),1,17.6,17.6,United Arab Emirates,Netherlands,V Aravind,V Sukumaran,BFW de Leede,1,0,,,,,,,,,,,,,
1457465,2024/25,2024-11-03,Al Amerat Cricket Ground Oman Cricket (Ministry Turf 1),1,18.1,18.1,United Arab Emirates,Netherlands,V Aravind,V Sukumaran,MP O'Dowd,4,0,,,,,,,,,,,,,
1457465,2024/25,2024-11-03,Al Amerat Cricket Ground Oman Cricket (Ministry Turf 1),1,18.2,18.2,United Arab Emirates,Netherlands,V Aravind,V Sukumaran,MP O'Dowd,0,0,,,,,,,,,,,,,
1457465,2024/25,2024-11-03,Al Amerat Cricket Ground Oman Cricket (Ministry Turf 1),1,18.3,18.3,United Arab Emirates,Netherlands,V Aravind,V Sukumaran,MP O'Dowd,0,0,,,,,,,,,,,,,
1457465,2024/25,2024-11-03,Al Amerat Cricket Ground Oman Cricket (Ministry Turf 1),1,18.4,18.4,United Arab Emirates,Netherlands,V Aravind,V Sukumaran,MP O'Dowd,1,0,,,,,,,,,,,,,
1457465,2024/25,2024-11-03,Al Amerat Cricket Ground Oman Cricket (Ministry Turf 1),1,18.5,18.5,United Arab Emirates,Netherlands,V Sukumaran,V Aravind,MP O'Dowd,0,0,,,,,,,,,,,,,
1457465,2024/25,2024-11-03,Al Amerat Cricket Ground Oman Cricket (Ministry Turf 1),1,18.6,18.6,United Arab Emirates,Netherlands,V Sukumaran,V Aravind,MP O'Dowd,4,0,,,,,,,,,,,,,
1457465,2024/25,2024-11-03,Al Amerat Cricket Ground Oman Cricket (Ministry Turf 1),1,19.1,19.1,United Arab Emirates,Netherlands,V Aravind,V Sukumaran,BFW de Leede,0,0,,,,,,,,,,,,,
1457465,2024/25,2024-11-03,Al Amerat Cricket Ground Oman Cricket (Ministry Turf 1),1,19.2,19.2,United Arab Emirates,Netherlands,V Aravind,V Sukumaran,BFW de Leede,0,0,,,,,,,,,,,,,
1457465,2024/25,2024-11-03,Al Amerat Cricket Ground Oman Cricket (Ministry Turf 1),1,19.3,19.3,United Arab Emirates,Netherlands,V Aravind,V Sukumaran,BFW de Leede,1,0,,,,,,,,,,,,,
1457465,2024/25,2024-11-03,Al Amerat Cricket Ground Oman Cricket (Ministry Turf 1),1,19.4,19.4,United Arab Emirates,Netherlands,V Sukumaran,V Aravind,BFW de Leede,0,0,,,,,,,,,,,,,
1457465,2024/25,2024-11-03,Al Amerat Cricket Ground Oman Cricket (Ministry Turf 1),1,19.5,19.5,United Arab Emirates,Netherlands,V Sukumaran,V Aravind,BFW de Leede,0,0,,,,,,,,,,,,,
1457465,2024/25,2024-11-03,Al Amerat Cricket Ground Oman Cricket (Ministry Turf 1),1,19.6,19.6,United Arab Emirates,Netherlands,V Sukumaran,V Aravind,BFW de Leede,0,0,,,,,,,,,,,,,
1457465,2024/25,2024-11-03,Al Amerat Cricket Ground Oman Cricket (Ministry Turf 1),1,20.1,20.1,United Arab Emirates,Netherlands,V Aravind,V Sukumaran,MP O'Dowd,2,0,,,,,,,,,,,,,
1457465,2024/25,2024-11-03,Al Amerat Cricket Ground Oman Cricket (Ministry Turf 1),1,20.2,20.2,United Arab Emirates,Netherlands,V Aravind,V Sukumaran,MP O'Dowd,1,0,,,,,,,,,,,,,
1457465,2024/25,2024-11-03,Al Amerat Cricket Ground Oman Cricket (Ministry Turf 1),1,20.3,20.3,United Arab Emirates,Netherlands,V Sukumaran,V Aravind,MP O'Dowd,1,0,,,,,,,,,,,,,
1457465,2024/25,2024-11-03,Al Amerat Cricket Ground Oman Cricket (Ministry Turf 1),1,20.4,20.4,United Arab Emirates,Netherlands,V Aravind,V Sukumaran,MP O'Dowd,1,0,,,,,,,,,,,,,
1457465,2024/25,2024-11-03,Al Amerat Cricket Ground Oman Cricket (Ministry Turf 1),1,20.5,20.5,United Arab Emirates,Netherlands,V Sukumaran,V Aravind,MP O'Dowd,1,0,,,,,,,,,,,,,
1457465,2024/25,2024-11-03,Al Amerat Cricket Ground Oman Cricket (Ministry Turf 1),1,20.6,20.6,United Arab Emirates,Netherlands,V Aravind,V Sukumaran,MP O'Dowd,0,0,,,,,,,,,,,,,
1457465,2024/25,2024-11-03,Al Amerat Cricket Ground Oman Cricket (Ministry Turf 1),1,21.1,21.1,United Arab Emirates,Netherlands,V Sukumaran,V Aravind,BFW de Leede,0,0,,,,,,,,,,,,,
1457465,2024/25,2024-11-03,Al Amerat Cricket Ground Oman Cricket (Ministry Turf 1),1,21.2,21.2,United Arab Emirates,Netherlands,V Sukumaran,V Aravind,BFW de Leede,0,0,,,,,,,,,,,,,
1457465,2024/25,2024-11-03,Al Amerat Cricket Ground Oman Cricket (Ministry Turf 1),1,21.3,21.3,United Arab Emirates,Netherlands,V Sukumaran,V Aravind,BFW de Leede,1,0,,,,,,,,,,,,,
1457465,2024/25,2024-11-03,Al Amerat Cricket Ground Oman Cricket (Ministry Turf 1),1,21.4,21.4,United Arab Emirates,Netherlands,V Aravind,V Sukumaran,BFW de Leede,0,0,,,,,,,,,,,,,
1457465,2024/25,2024-11-03,Al Amerat Cricket Ground Oman Cricket (Ministry Turf 1),1,21.5,21.5,United Arab Emirates,Netherlands,V Aravind,V Sukumaran,BFW de Leede,0,0,,,,,,,,,,,,,
1457465,2024/25,2024-11-03,Al Amerat Cricket Ground Oman Cricket (Ministry Turf 1),1,21.6,21.6,United Arab Emirates,Netherlands,V Aravind,V Sukumaran,BFW de Leede,0,0,,,,,,,,,,,,,
1457465,2024/25,2024-11-03,Al Amerat Cricket Ground Oman Cricket (Ministry Turf 1),1,22.1,22.1,United Arab Emirates,Netherlands,V Sukumaran,V Aravind,RE van der Merwe,0,0,,,,,,,,,,,,,
1457465,2024/25,2024-11-03,Al Amerat Cricket Ground Oman Cricket (Ministry Turf 1),1,22.2,22.2,United Arab Emirates,Netherlands,V Sukumaran,V Aravind,RE van der Merwe,0,0,,,,,,,,,,,,,
1457465,2024/25,2024-11-03,Al Amerat Cricket Ground Oman Cricket (Ministry Turf 1),1,22.3,22.3,United Arab Emirates,Netherlands,V Sukumaran,V Aravind,RE van der Merwe,0,0,,,,,,,,,,,,,
1457465,2024/25,2024-11-03,Al Amerat Cricket Ground Oman Cricket (Ministry Turf 1),1,22.4,22.4,United Arab Emirates,Netherlands,V Sukumaran,V Aravind,RE van der Merwe,0,0,,,,,,,,,,,,,
1457465,2024/25,2024-11-03,Al Amerat Cricket Ground Oman Cricket (Ministry Turf 1),1,22.5,22.5,United Arab Emirates,Netherlands,V Sukumaran,V Aravind,RE van der Merwe,0,0,,,,,,,,,,,,,
1457465,2024/25,2024-11-03,Al Amerat Cricket Ground Oman Cricket (Ministry Turf 1),1,22.6,22.6,United Arab Emirates,Netherlands,V Sukumaran,V Aravind,RE van der Merwe,0,0,,,,,,,,,,,,,
1457465,2024/25,2024-11-03,Al Amerat Cricket Ground Oman Cricket (Ministry Turf 1),1,23.1,23.1,United Arab Emirates,Netherlands,V Aravind,V Sukumaran,BFW de Leede,0,0,,,,,,,,,,,,,
1457465,2024/25,2024-11-03,Al Amerat Cricket Ground Oman Cricket (Ministry Turf 1),1,23.2,23.2,United Arab Emirates,Netherlands,V Aravind,V Sukumaran,BFW de Leede,0,0,,,,,,,,,,,,,
1457465,2024/25,2024-11-03,Al Amerat Cricket Ground Oman Cricket (Ministry Turf 1),1,23.3,23.3,United Arab Emirates,Netherlands,V Aravind,V Sukumaran,BFW de Leede,0,0,,,,,,,caught,V Aravind,,,RE van der Merwe,,
1457465,2024/25,2024-11-03,Al Amerat Cricket Ground Oman Cricket (Ministry Turf 1),1,23.4,23.4,United Arab Emirates,Netherlands,R Chopra,V Sukumaran,BFW de Leede,0,0,,,,,,,,,,,,,
1457465,2024/25,2024-11-03,Al Amerat Cricket Ground Oman Cricket (Ministry Turf 1),1,23.5,23.5,United Arab Emirates,Netherlands,R Chopra,V Sukumaran,BFW de Leede,0,0,,,,,,,,,,,,,
1457465,2024/25,2024-11-03,Al Amerat Cricket Ground Oman Cricket (Ministry Turf 1),1,23.6,23.6,United Arab Emirates,Netherlands,R Chopra,V Sukumaran,BFW de Leede,0,0,,,,,,,,,,,,,
1457465,2024/25,2024-11-03,Al Amerat Cricket Ground Oman Cricket (Ministry Turf 1),1,24.1,24.1,United Arab Emirates,Netherlands,V Sukumaran,R Chopra,RE van der Merwe,1,0,,,,,,,,,,,,,
1457465,2024/25,2024-11-03,Al Amerat Cricket Ground Oman Cricket (Ministry Turf 1),1,24.2,24.2,United Arab Emirates,Netherlands,R Chopra,V Sukumaran,RE van der Merwe,0,0,,,,,,,,,,,,,
1457465,2024/25,2024-11-03,Al Amerat Cricket Ground Oman Cricket (Ministry Turf 1),1,24.3,24.3,United Arab Emirates,Netherlands,R Chopra,V Sukumaran,RE van der Merwe,0,0,,,,,,,,,,,,,
1457465,2024/25,2024-11-03,Al Amerat Cricket Ground Oman Cricket (Ministry Turf 1),1,24.4,24.4,United Arab Emirates,Netherlands,R Chopra,V Sukumaran,RE van der Merwe,1,0,,,,,,,,,,,,,
1457465,2024/25,2024-11-03,Al Amerat Cricket Ground Oman Cricket (Ministry Turf 1),1,24.5,24.5,United Arab Emirates,Netherlands,V Sukumaran,R Chopra,RE van der Merwe,0,0,,,,,,,,,,,,,
1457465,2024/25,2024-11-03,Al Amerat Cricket Ground Oman Cricket (Ministry Turf 1),1,24.6,24.6,United Arab Emirates,Netherlands,V Sukumaran,R Chopra,RE van der Merwe,1,0,,,,,,,,,,,,,
1457465,2024/25,2024-11-03,Al Amerat Cricket Ground Oman Cricket (Ministry Turf 1),1,25.1,25.1,United Arab Emirates,Netherlands,V Sukumaran,R Chopra,BFW de Leede,0,0,,,,,,,,,,,,,
1457465,2024/25,2024-11-03,Al Amerat Cricket Ground Oman Cricket (Ministry Turf 1),1,25.2,25.2,United Arab Emirates,Netherlands,V Sukumaran,R Chopra,BFW de Leede,0,0,,,,,,,,,,,,,
1457465,2024/25,2024-11-03,Al Amerat Cricket Ground Oman Cricket (Ministry Turf 1),1,25.3,25.3,United Arab Emirates,Netherlands,V Sukumaran,R Chopra,BFW de Leede,0,0,,,,,,,,,,,,,
1457465,2024/25,2024-11-03,Al Amerat Cricket Ground Oman Cricket (Ministry Turf 1),1,25.4,25.4,United Arab Emirates,Netherlands,V Sukumaran,R Chopra,BFW de Leede,0,0,,,,,,,,,,,,,
1457465,2024/25,2024-11-03,Al Amerat Cricket Ground Oman Cricket (Ministry Turf 1),1,25.5,25.5,United Arab Emirates,Netherlands,V Sukumaran,R Chopra,BFW de Leede,1,0,,,,,,,,,,,,,
1457465,2024/25,2024-11-03,Al Amerat Cricket Ground Oman Cricket (Ministry Turf 1),1,25.6,25.6,United Arab Emirates,Netherlands,R Chopra,V Sukumaran,BFW de Leede,0,0,,,,,,,,,,,,,
1457465,2024/25,2024-11-03,Al Amerat Cricket Ground Oman Cricket (Ministry Turf 1),1,26.1,26.1,United Arab Emirates,Netherlands,V Sukumaran,R Chopra,RE van der Merwe,0,0,,,,,,,,,,,,,
1457465,2024/25,2024-11-03,Al Amerat Cricket Ground Oman Cricket (Ministry Turf 1),1,26.2,26.2,United Arab Emirates,Netherlands,V Sukumaran,R Chopra,RE van der Merwe,0,0,,,,,,,stumped,V Sukumaran,,,SA Edwards,,
1457465,2024/25,2024-11-03,Al Amerat Cricket Ground Oman Cricket (Ministry Turf 1),1,26.3,26.3,United Arab Emirates,Netherlands,Basil Hameed,R Chopra,RE van der Merwe,1,0,,,,,,,,,,,,,
1457465,2024/25,2024-11-03,Al Amerat Cricket Ground Oman Cricket (Ministry Turf 1),1,26.4,26.4,United Arab Emirates,Netherlands,R Chopra,Basil Hameed,RE van der Merwe,0,0,,,,,,,,,,,,,
1457465,2024/25,2024-11-03,Al Amerat Cricket Ground Oman Cricket (Ministry Turf 1),1,26.5,26.5,United Arab Emirates,Netherlands,R Chopra,Basil Hameed,RE van der Merwe,0,0,,,,,,,,,,,,,
1457465,2024/25,2024-11-03,Al Amerat Cricket Ground Oman Cricket (Ministry Turf 1),1,26.6,26.6,United Arab Emirates,Netherlands,R Chopra,Basil Hameed,RE van der Merwe,1,0,,,,,,,,,,,,,
1457465,2024/25,2024-11-03,Al Amerat Cricket Ground Oman Cricket (Ministry Turf 1),1,27.1,27.1,United Arab Emirates,Netherlands,R Chopra,Basil Hameed,BFW de Leede,0,0,,,,,,,,,,,,,
1457465,2024/25,2024-11-03,Al Amerat Cricket Ground Oman Cricket (Ministry Turf 1),1,27.2,27.2,United Arab Emirates,Netherlands,R Chopra,Basil Hameed,BFW de Leede,0,1,1,,,,,,,,,,,,
1457465,2024/25,2024-11-03,Al Amerat Cricket Ground Oman Cricket (Ministry Turf 1),1,27.3,27.2,United Arab Emirates,Netherlands,R Chopra,Basil Hameed,BFW de Leede,0,0,,,,,,,,,,,,,
1457465,2024/25,2024-11-03,Al Amerat Cricket Ground Oman Cricket (Ministry Turf 1),1,27.4,27.3,United Arab Emirates,Netherlands,R Chopra,Basil Hameed,BFW de Leede,0,0,,,,,,,,,,,,,
1457465,2024/25,2024-11-03,Al Amerat Cricket Ground Oman Cricket (Ministry Turf 1),1,27.5,27.4,United Arab Emirates,Netherlands,R Chopra,Basil Hameed,BFW de Leede,0,0,,,,,,,,,,,,,
1457465,2024/25,2024-11-03,Al Amerat Cricket Ground Oman Cricket (Ministry Turf 1),1,27.6,27.5,United Arab Emirates,Netherlands,R Chopra,Basil Hameed,BFW de Leede,0,0,,,,,,,,,,,,,
1457465,2024/25,2024-11-03,Al Amerat Cricket Ground Oman Cricket (Ministry Turf 1),1,27.7,27.6,United Arab Emirates,Netherlands,R Chopra,Basil Hameed,BFW de Leede,1,0,,,,,,,,,,,,,
1457465,2024/25,2024-11-03,Al Amerat Cricket Ground Oman Cricket (Ministry Turf 1),1,28.1,28.1,United Arab Emirates,Netherlands,R Chopra,Basil Hameed,RE van der Merwe,0,0,,,,,,,,,,,,,
1457465,2024/25,2024-11-03,Al Amerat Cricket Ground Oman Cricket (Ministry Turf 1),1,28.2,28.2,United Arab Emirates,Netherlands,R Chopra,Basil Hameed,RE van der Merwe,0,0,,,,,,,,,,,,,
1457465,2024/25,2024-11-03,Al Amerat Cricket Ground Oman Cricket (Ministry Turf 1),1,28.3,28.3,United Arab Emirates,Netherlands,R Chopra,Basil Hameed,RE van der Merwe,0,0,,,,,,,,,,,,,
1457465,2024/25,2024-11-03,Al Amerat Cricket Ground Oman Cricket (Ministry Turf 1),1,28.4,28.4,United Arab Emirates,Netherlands,R Chopra,Basil Hameed,RE van der Merwe,0,0,,,,,,,,,,,,,
1457465,2024/25,2024-11-03,Al Amerat Cricket Ground Oman Cricket (Ministry Turf 1),1,28.5,28.5,United Arab Emirates,Netherlands,R Chopra,Basil Hameed,RE van der Merwe,1,0,,,,,,,,,,,,,
1457465,2024/25,2024-11-03,Al Amerat Cricket Ground Oman Cricket (Ministry Turf 1),1,28.6,28.6,United Arab Emirates,Netherlands,Basil Hameed,R Chopra,RE van der Merwe,0,0,,,,,,,,,,,,,
1457465,2024/25,2024-11-03,Al Amerat Cricket Ground Oman Cricket (Ministry Turf 1),1,29.1,29.1,United Arab Emirates,Netherlands,R Chopra,Basil Hameed,T van der Gugten,1,0,,,,,,,,,,,,,
1457465,2024/25,2024-11-03,Al Amerat Cricket Ground Oman Cricket (Ministry Turf 1),1,29.2,29.2,United Arab Emirates,Netherlands,Basil Hameed,R Chopra,T van der Gugten,1,0,,,,,,,,,,,,,
1457465,2024/25,2024-11-03,Al Amerat Cricket Ground Oman Cricket (Ministry Turf 1),1,29.3,29.3,United Arab Emirates,Netherlands,R Chopra,Basil Hameed,T van der Gugten,0,0,,,,,,,,,,,,,
1457465,2024/25,2024-11-03,Al Amerat Cricket Ground Oman Cricket (Ministry Turf 1),1,29.4,29.4,United Arab Emirates,Netherlands,R Chopra,Basil Hameed,T van der Gugten,0,0,,,,,,,,,,,,,
1457465,2024/25,2024-11-03,Al Amerat Cricket Ground Oman Cricket (Ministry Turf 1),1,29.5,29.5,United Arab Emirates,Netherlands,R Chopra,Basil Hameed,T van der Gugten,0,0,,,,,,,,,,,,,
1457465,2024/25,2024-11-03,Al Amerat Cricket Ground Oman Cricket (Ministry Turf 1),1,29.6,29.6,United Arab Emirates,Netherlands,R Chopra,Basil Hameed,T van der Gugten,0,0,,,,,,,,,,,,,
1457465,2024/25,2024-11-03,Al Amerat Cricket Ground Oman Cricket (Ministry Turf 1),1,30.1,30.1,United Arab Emirates,Netherlands,Basil Hameed,R Chopra,RE van der Merwe,0,0,,,,,,,,,,,,,
1457465,2024/25,2024-11-03,Al Amerat Cricket Ground Oman Cricket (Ministry Turf 1),1,30.2,30.2,United Arab Emirates,Netherlands,Basil Hameed,R Chopra,RE van der Merwe,0,0,,,,,,,,,,,,,
1457465,2024/25,2024-11-03,Al Amerat Cricket Ground Oman Cricket (Ministry Turf 1),1,30.3,30.3,United Arab Emirates,Netherlands,Basil Hameed,R Chopra,RE van der Merwe,0,0,,,,,,,,,,,,,
1457465,2024/25,2024-11-03,Al Amerat Cricket Ground Oman Cricket (Ministry Turf 1),1,30.4,30.4,United Arab Emirates,Netherlands,Basil Hameed,R Chopra,RE van der Merwe,0,0,,,,,,,,,,,,,
1457465,2024/25,2024-11-03,Al Amerat Cricket Ground Oman Cricket (Ministry Turf 1),1,30.5,30.5,United Arab Emirates,Netherlands,Basil Hameed,R Chopra,RE van der Merwe,0,0,,,,,,,,,,,,,
1457465,2024/25,2024-11-03,Al Amerat Cricket Ground Oman Cricket (Ministry Turf 1),1,30.6,30.6,United Arab Emirates,Netherlands,Basil Hameed,R Chopra,RE van der Merwe,1,0,,,,,,,,,,,,,
1457465,2024/25,2024-11-03,Al Amerat Cricket Ground Oman Cricket (Ministry Turf 1),1,31.1,31.1,United Arab Emirates,Netherlands,Basil Hameed,R Chopra,T van der Gugten,0,0,,,,,,,,,,,,,
1457465,2024/25,2024-11-03,Al Amerat Cricket Ground Oman Cricket (Ministry Turf 1),1,31.2,31.2,United Arab Emirates,Netherlands,Basil Hameed,R Chopra,T van der Gugten,0,0,,,,,,,,,,,,,
1457465,2024/25,2024-11-03,Al Amerat Cricket Ground Oman Cricket (Ministry Turf 1),1,31.3,31.3,United Arab Emirates,Netherlands,Basil Hameed,R Chopra,T van der Gugten,0,0,,,,,,,,,,,,,
1457465,2024/25,2024-11-03,Al Amerat Cricket Ground Oman Cricket (Ministry Turf 1),1,31.4,31.4,United Arab Emirates,Netherlands,Basil Hameed,R Chopra,T van der Gugten,0,0,,,,,,,,,,,,,
1457465,2024/25,2024-11-03,Al Amerat Cricket Ground Oman Cricket (Ministry Turf 1),1,31.5,31.5,United Arab Emirates,Netherlands,Basil Hameed,R Chopra,T van der Gugten,4,0,,,,,,,,,,,,,
1457465,2024/25,2024-11-03,Al Amerat Cricket Ground Oman Cricket (Ministry Turf 1),1,31.6,31.6,United Arab Emirates,Netherlands,Basil Hameed,R Chopra,T van der Gugten,0,0,,,,,,,,,,,,,
1457465,2024/25,2024-11-03,Al Amerat Cricket Ground Oman Cricket (Ministry Turf 1),1,32.1,32.1,United Arab Emirates,Netherlands,R Chopra,Basil Hameed,RE van der Merwe,0,0,,,,,,,,,,,,,
1457465,2024/25,2024-11-03,Al Amerat Cricket Ground Oman Cricket (Ministry Turf 1),1,32.2,32.2,United Arab Emirates,Netherlands,R Chopra,Basil Hameed,RE van der Merwe,1,0,,,,,,,,,,,,,
1457465,2024/25,2024-11-03,Al Amerat Cricket Ground Oman Cricket (Ministry Turf 1),1,32.3,32.3,United Arab Emirates,Netherlands,Basil Hameed,R Chopra,RE van der Merwe,1,0,,,,,,,,,,,,,
1457465,2024/25,2024-11-03,Al Amerat Cricket Ground Oman Cricket (Ministry Turf 1),1,32.4,32.4,United Arab Emirates,Netherlands,R Chopra,Basil Hameed,RE van der Merwe,0,0,,,,,,,,,,,,,
1457465,2024/25,2024-11-03,Al Amerat Cricket Ground Oman Cricket (Ministry Turf 1),1,32.5,32.5,United Arab Emirates,Netherlands,R Chopra,Basil Hameed,RE van der Merwe,1,0,,,,,,,,,,,,,
1457465,2024/25,2024-11-03,Al Amerat Cricket Ground Oman Cricket (Ministry Turf 1),1,32.6,32.6,United Arab Emirates,Netherlands,Basil Hameed,R Chopra,RE van der Merwe,1,0,,,,,,,,,,,,,
1457465,2024/25,2024-11-03,Al Amerat Cricket Ground Oman Cricket (Ministry Turf 1),1,33.1,33.1,United Arab Emirates,Netherlands,Basil Hameed,R Chopra,Shariz Ahmad,0,0,,,,,,,caught,Basil Hameed,,,BFW de Leede,,
1457465,2024/25,2024-11-03,Al Amerat Cricket Ground Oman Cricket (Ministry Turf 1),1,33.2,33.2,United Arab Emirates,Netherlands,D Parashar,R Chopra,Shariz Ahmad,0,0,,,,,,,,,,,,,
1457465,2024/25,2024-11-03,Al Amerat Cricket Ground Oman Cricket (Ministry Turf 1),1,33.3,33.3,United Arab Emirates,Netherlands,D Parashar,R Chopra,Shariz Ahmad,1,0,,,,,,,,,,,,,
1457465,2024/25,2024-11-03,Al Amerat Cricket Ground Oman Cricket (Ministry Turf 1),1,33.4,33.4,United Arab Emirates,Netherlands,R Chopra,D Parashar,Shariz Ahmad,1,0,,,,,,,,,,,,,
1457465,2024/25,2024-11-03,Al Amerat Cricket Ground Oman Cricket (Ministry Turf 1),1,33.5,33.5,United Arab Emirates,Netherlands,D Parashar,R Chopra,Shariz Ahmad,0,0,,,,,,,,,,,,,
1457465,2024/25,2024-11-03,Al Amerat Cricket Ground Oman Cricket (Ministry Turf 1),1,33.6,33.6,United Arab Emirates,Netherlands,D Parashar,R Chopra,Shariz Ahmad,1,0,,,,,,,,,,,,,
1457465,2024/25,2024-11-03,Al Amerat Cricket Ground Oman Cricket (Ministry Turf 1),1,34.1,34.1,United Arab Emirates,Netherlands,D Parashar,R Chopra,RE van der Merwe,0,0,,,,,,,,,,,,,
1457465,2024/25,2024-11-03,Al Amerat Cricket Ground Oman Cricket (Ministry Turf 1),1,34.2,34.2,United Arab Emirates,Netherlands,D Parashar,R Chopra,RE van der Merwe,1,0,,,,,,,,,,,,,
1457465,2024/25,2024-11-03,Al Amerat Cricket Ground Oman Cricket (Ministry Turf 1),1,34.3,34.3,United Arab Emirates,Netherlands,R Chopra,D Parashar,RE van der Merwe,4,0,,,,,,,,,,,,,
1457465,2024/25,2024-11-03,Al Amerat Cricket Ground Oman Cricket (Ministry Turf 1),1,34.4,34.4,United Arab Emirates,Netherlands,R Chopra,D Parashar,RE van der Merwe,0,0,,,,,,,,,,,,,
1457465,2024/25,2024-11-03,Al Amerat Cricket Ground Oman Cricket (Ministry Turf 1),1,34.5,34.5,United Arab Emirates,Netherlands,R Chopra,D Parashar,RE van der Merwe,1,0,,,,,,,,,,,,,
1457465,2024/25,2024-11-03,Al Amerat Cricket Ground Oman Cricket (Ministry Turf 1),1,34.6,34.6,United Arab Emirates,Netherlands,D Parashar,R Chopra,RE van der Merwe,0,0,,,,,,,,,,,,,
1457465,2024/25,2024-11-03,Al Amerat Cricket Ground Oman Cricket (Ministry Turf 1),1,35.1,35.1,United Arab Emirates,Netherlands,R Chopra,D Parashar,Shariz Ahmad,2,0,,,,,,,,,,,,,
1457465,2024/25,2024-11-03,Al Amerat Cricket Ground Oman Cricket (Ministry Turf 1),1,35.2,35.2,United Arab Emirates,Netherlands,R Chopra,D Parashar,Shariz Ahmad,6,0,,,,,,,,,,,,,
1457465,2024/25,2024-11-03,Al Amerat Cricket Ground Oman Cricket (Ministry Turf 1),1,35.3,35.3,United Arab Emirates,Netherlands,R Chopra,D Parashar,Shariz Ahmad,1,0,,,,,,,,,,,,,
1457465,2024/25,2024-11-03,Al Amerat Cricket Ground Oman Cricket (Ministry Turf 1),1,35.4,35.4,United Arab Emirates,Netherlands,D Parashar,R Chopra,Shariz Ahmad,1,0,,,,,,,,,,,,,
1457465,2024/25,2024-11-03,Al Amerat Cricket Ground Oman Cricket (Ministry Turf 1),1,35.5,35.5,United Arab Emirates,Netherlands,R Chopra,D Parashar,Shariz Ahmad,6,0,,,,,,,,,,,,,
1457465,2024/25,2024-11-03,Al Amerat Cricket Ground Oman Cricket (Ministry Turf 1),1,35.6,35.6,United Arab Emirates,Netherlands,R Chopra,D Parashar,Shariz Ahmad,6,0,,,,,,,,,,,,,
1457465,2024/25,2024-11-03,Al Amerat Cricket Ground Oman Cricket (Ministry Turf 1),1,36.1,36.1,United Arab Emirates,Netherlands,D Parashar,R Chopra,A Dutt,0,0,,,,,,,,,,,,,
1457465,2024/25,2024-11-03,Al Amerat Cricket Ground Oman Cricket (Ministry Turf 1),1,36.2,36.2,United Arab Emirates,Netherlands,D Parashar,R Chopra,A Dutt,1,0,,,,,,,,,,,,,
1457465,2024/25,2024-11-03,Al Amerat Cricket Ground Oman Cricket (Ministry Turf 1),1,36.3,36.3,United Arab Emirates,Netherlands,R Chopra,D Parashar,A Dutt,0,0,,,,,,,,,,,,,
1457465,2024/25,2024-11-03,Al Amerat Cricket Ground Oman Cricket (Ministry Turf 1),1,36.4,36.4,United Arab Emirates,Netherlands,R Chopra,D Parashar,A Dutt,0,0,,,,,,,,,,,,,
1457465,2024/25,2024-11-03,Al Amerat Cricket Ground Oman Cricket (Ministry Turf 1),1,36.5,36.5,United Arab Emirates,Netherlands,R Chopra,D Parashar,A Dutt,0,0,,,,,,,,,,,,,
1457465,2024/25,2024-11-03,Al Amerat Cricket Ground Oman Cricket (Ministry Turf 1),1,36.6,36.6,United Arab Emirates,Netherlands,R Chopra,D Parashar,A Dutt,0,0,,,,,,,,,,,,,
1457465,2024/25,2024-11-03,Al Amerat Cricket Ground Oman Cricket (Ministry Turf 1),1,37.1,37.1,United Arab Emirates,Netherlands,D Parashar,R Chopra,PA van Meekeren,0,0,,,,,,,,,,,,,
1457465,2024/25,2024-11-03,Al Amerat Cricket Ground Oman Cricket (Ministry Turf 1),1,37.2,37.2,United Arab Emirates,Netherlands,D Parashar,R Chopra,PA van Meekeren,1,0,,,,,,,,,,,,,
1457465,2024/25,2024-11-03,Al Amerat Cricket Ground Oman Cricket (Ministry Turf 1),1,37.3,37.3,United Arab Emirates,Netherlands,R Chopra,D Parashar,PA van Meekeren,1,0,,,,,,,,,,,,,
1457465,2024/25,2024-11-03,Al Amerat Cricket Ground Oman Cricket (Ministry Turf 1),1,37.4,37.4,United Arab Emirates,Netherlands,D Parashar,R Chopra,PA van Meekeren,0,0,,,,,,,,,,,,,
1457465,2024/25,2024-11-03,Al Amerat Cricket Ground Oman Cricket (Ministry Turf 1),1,37.5,37.5,United Arab Emirates,Netherlands,D Parashar,R Chopra,PA van Meekeren,1,0,,,,,,,,,,,,,
1457465,2024/25,2024-11-03,Al Amerat Cricket Ground Oman Cricket (Ministry Turf 1),1,37.6,37.6,United Arab Emirates,Netherlands,R Chopra,D Parashar,PA van Meekeren,4,0,,,,,,,,,,,,,
1457465,2024/25,2024-11-03,Al Amerat Cricket Ground Oman Cricket (Ministry Turf 1),1,38.1,38.1,United Arab Emirates,Netherlands,D Parashar,R Chopra,A Dutt,0,0,,,,,,,,,,,,,
1457465,2024/25,2024-11-03,Al Amerat Cricket Ground Oman Cricket (Ministry Turf 1),1,38.2,38.2,United Arab Emirates,Netherlands,D Parashar,R Chopra,A Dutt,0,0,,,,,,,,,,,,,
1457465,2024/25,2024-11-03,Al Amerat Cricket Ground Oman Cricket (Ministry Turf 1),1,38.3,38.3,United Arab Emirates,Netherlands,D Parashar,R Chopra,A Dutt,1,0,,,,,,,,,,,,,
1457465,2024/25,2024-11-03,Al Amerat Cricket Ground Oman Cricket (Ministry Turf 1),1,38.4,38.4,United Arab Emirates,Netherlands,R Chopra,D Parashar,A Dutt,6,0,,,,,,,,,,,,,
1457465,2024/25,2024-11-03,Al Amerat Cricket Ground Oman Cricket (Ministry Turf 1),1,38.5,38.5,United Arab Emirates,Netherlands,R Chopra,D Parashar,A Dutt,1,0,,,,,,,,,,,,,
1457465,2024/25,2024-11-03,Al Amerat Cricket Ground Oman Cricket (Ministry Turf 1),1,38.6,38.6,United Arab Emirates,Netherlands,D Parashar,R Chopra,A Dutt,0,0,,,,,,,,,,,,,
1457465,2024/25,2024-11-03,Al Amerat Cricket Ground Oman Cricket (Ministry Turf 1),1,39.1,39.1,United Arab Emirates,Netherlands,R Chopra,D Parashar,BFW de Leede,0,0,,,,,,,,,,,,,
1457465,2024/25,2024-11-03,Al Amerat Cricket Ground Oman Cricket (Ministry Turf 1),1,39.2,39.2,United Arab Emirates,Netherlands,R Chopra,D Parashar,BFW de Leede,0,0,,,,,,,,,,,,,
1457465,2024/25,2024-11-03,Al Amerat Cricket Ground Oman Cricket (Ministry Turf 1),1,39.3,39.3,United Arab Emirates,Netherlands,R Chopra,D Parashar,BFW de Leede,4,0,,,,,,,,,,,,,
1457465,2024/25,2024-11-03,Al Amerat Cricket Ground Oman Cricket (Ministry Turf 1),1,39.4,39.4,United Arab Emirates,Netherlands,R Chopra,D Parashar,BFW de Leede,1,0,,,,,,,,,,,,,
1457465,2024/25,2024-11-03,Al Amerat Cricket Ground Oman Cricket (Ministry Turf 1),1,39.5,39.5,United Arab Emirates,Netherlands,D Parashar,R Chopra,BFW de Leede,0,0,,,,,,,,,,,,,
1457465,2024/25,2024-11-03,Al Amerat Cricket Ground Oman Cricket (Ministry Turf 1),1,39.6,39.6,United Arab Emirates,Netherlands,D Parashar,R Chopra,BFW de Leede,0,0,,,,,,,,,,,,,
1457465,2024/25,2024-11-03,Al Amerat Cricket Ground Oman Cricket (Ministry Turf 1),1,40.1,40.1,United Arab Emirates,Netherlands,R Chopra,D Parashar,A Dutt,0,0,,,,,,,,,,,,,
1457465,2024/25,2024-11-03,Al Amerat Cricket Ground Oman Cricket (Ministry Turf 1),1,40.2,40.2,United Arab Emirates,Netherlands,R Chopra,D Parashar,A Dutt,1,0,,,,,,,,,,,,,
1457465,2024/25,2024-11-03,Al Amerat Cricket Ground Oman Cricket (Ministry Turf 1),1,40.3,40.3,United Arab Emirates,Netherlands,D Parashar,R Chopra,A Dutt,0,0,,,,,,,,,,,,,
1457465,2024/25,2024-11-03,Al Amerat Cricket Ground Oman Cricket (Ministry Turf 1),1,40.4,40.4,United Arab Emirates,Netherlands,D Parashar,R Chopra,A Dutt,6,0,,,,,,,,,,,,,
1457465,2024/25,2024-11-03,Al Amerat Cricket Ground Oman Cricket (Ministry Turf 1),1,40.5,40.5,United Arab Emirates,Netherlands,D Parashar,R Chopra,A Dutt,1,0,,,,,,,,,,,,,
1457465,2024/25,2024-11-03,Al Amerat Cricket Ground Oman Cricket (Ministry Turf 1),1,40.6,40.6,United Arab Emirates,Netherlands,R Chopra,D Parashar,A Dutt,1,0,,,,,,,,,,,,,
1457465,2024/25,2024-11-03,Al Amerat Cricket Ground Oman Cricket (Ministry Turf 1),1,41.1,41.1,United Arab Emirates,Netherlands,R Chopra,D Parashar,BFW de Leede,6,0,,,,,,,,,,,,,
1457465,2024/25,2024-11-03,Al Amerat Cricket Ground Oman Cricket (Ministry Turf 1),1,41.2,41.2,United Arab Emirates,Netherlands,R Chopra,D Parashar,BFW de Leede,1,0,,,,,,,,,,,,,
1457465,2024/25,2024-11-03,Al Amerat Cricket Ground Oman Cricket (Ministry Turf 1),1,41.3,41.3,United Arab Emirates,Netherlands,D Parashar,R Chopra,BFW de Leede,1,0,,,,,,,,,,,,,
1457465,2024/25,2024-11-03,Al Amerat Cricket Ground Oman Cricket (Ministry Turf 1),1,41.4,41.4,United Arab Emirates,Netherlands,R Chopra,D Parashar,BFW de Leede,1,0,,,,,,,,,,,,,
1457465,2024/25,2024-11-03,Al Amerat Cricket Ground Oman Cricket (Ministry Turf 1),1,41.5,41.5,United Arab Emirates,Netherlands,D Parashar,R Chopra,BFW de Leede,4,0,,,,,,,,,,,,,
1457465,2024/25,2024-11-03,Al Amerat Cricket Ground Oman Cricket (Ministry Turf 1),1,41.6,41.6,United Arab Emirates,Netherlands,D Parashar,R Chopra,BFW de Leede,0,0,,,,,,,,,,,,,
1457465,2024/25,2024-11-03,Al Amerat Cricket Ground Oman Cricket (Ministry Turf 1),1,42.1,42.1,United Arab Emirates,Netherlands,R Chopra,D Parashar,PA van Meekeren,1,0,,,,,,,,,,,,,
1457465,2024/25,2024-11-03,Al Amerat Cricket Ground Oman Cricket (Ministry Turf 1),1,42.2,42.2,United Arab Emirates,Netherlands,D Parashar,R Chopra,PA van Meekeren,1,0,,,,,,,,,,,,,
1457465,2024/25,2024-11-03,Al Amerat Cricket Ground Oman Cricket (Ministry Turf 1),1,42.3,42.3,United Arab Emirates,Netherlands,R Chopra,D Parashar,PA van Meekeren,6,0,,,,,,,,,,,,,
1457465,2024/25,2024-11-03,Al Amerat Cricket Ground Oman Cricket (Ministry Turf 1),1,42.4,42.4,United Arab Emirates,Netherlands,R Chopra,D Parashar,PA van Meekeren,1,0,,,,,,,,,,,,,
1457465,2024/25,2024-11-03,Al Amerat Cricket Ground Oman Cricket (Ministry Turf 1),1,42.5,42.5,United Arab Emirates,Netherlands,D Parashar,R Chopra,PA van Meekeren,0,0,,,,,,,,,,,,,
1457465,2024/25,2024-11-03,Al Amerat Cricket Ground Oman Cricket (Ministry Turf 1),1,42.6,42.6,United Arab Emirates,Netherlands,D Parashar,R Chopra,PA van Meekeren,1,0,,,,,,,,,,,,,
1457465,2024/25,2024-11-03,Al Amerat Cricket Ground Oman Cricket (Ministry Turf 1),1,43.1,43.1,United Arab Emirates,Netherlands,D Parashar,R Chopra,RE van der Merwe,1,0,,,,,,,,,,,,,
1457465,2024/25,2024-11-03,Al Amerat Cricket Ground Oman Cricket (Ministry Turf 1),1,43.2,43.2,United Arab Emirates,Netherlands,R Chopra,D Parashar,RE van der Merwe,1,0,,,,,,,,,,,,,
1457465,2024/25,2024-11-03,Al Amerat Cricket Ground Oman Cricket (Ministry Turf 1),1,43.3,43.3,United Arab Emirates,Netherlands,D Parashar,R Chopra,RE van der Merwe,1,0,,,,,,,,,,,,,
1457465,2024/25,2024-11-03,Al Amerat Cricket Ground Oman Cricket (Ministry Turf 1),1,43.4,43.4,United Arab Emirates,Netherlands,R Chopra,D Parashar,RE van der Merwe,1,0,,,,,,,,,,,,,
1457465,2024/25,2024-11-03,Al Amerat Cricket Ground Oman Cricket (Ministry Turf 1),1,43.5,43.5,United Arab Emirates,Netherlands,D Parashar,R Chopra,RE van der Merwe,0,0,,,,,,,,,,,,,
1457465,2024/25,2024-11-03,Al Amerat Cricket Ground Oman Cricket (Ministry Turf 1),1,43.6,43.6,United Arab Emirates,Netherlands,D Parashar,R Chopra,RE van der Merwe,0,0,,,,,,,,,,,,,
1457465,2024/25,2024-11-03,Al Amerat Cricket Ground Oman Cricket (Ministry Turf 1),1,44.1,44.1,United Arab Emirates,Netherlands,R Chopra,D Parashar,PA van Meekeren,6,0,,,,,,,,,,,,,
1457465,2024/25,2024-11-03,Al Amerat Cricket Ground Oman Cricket (Ministry Turf 1),1,44.2,44.2,United Arab Emirates,Netherlands,R Chopra,D Parashar,PA van Meekeren,0,0,,,,,,,,,,,,,
1457465,2024/25,2024-11-03,Al Amerat Cricket Ground Oman Cricket (Ministry Turf 1),1,44.3,44.3,United Arab Emirates,Netherlands,R Chopra,D Parashar,PA van Meekeren,0,0,,,,,,,,,,,,,
1457465,2024/25,2024-11-03,Al Amerat Cricket Ground Oman Cricket (Ministry Turf 1),1,44.4,44.4,United Arab Emirates,Netherlands,R Chopra,D Parashar,PA van Meekeren,1,0,,,,,,,,,,,,,
1457465,2024/25,2024-11-03,Al Amerat Cricket Ground Oman Cricket (Ministry Turf 1),1,44.5,44.5,United Arab Emirates,Netherlands,D Parashar,R Chopra,PA van Meekeren,1,0,,,,,,,,,,,,,
1457465,2024/25,2024-11-03,Al Amerat Cricket Ground Oman Cricket (Ministry Turf 1),1,44.6,44.6,United Arab Emirates,Netherlands,R Chopra,D Parashar,PA van Meekeren,0,1,1,,,,,,,,,,,,
1457465,2024/25,2024-11-03,Al Amerat Cricket Ground Oman Cricket (Ministry Turf 1),1,44.7,44.6,United Arab Emirates,Netherlands,R Chopra,D Parashar,PA van Meekeren,0,0,,,,,,,caught,R Chopra,,,SA Edwards,,
1457465,2024/25,2024-11-03,Al Amerat Cricket Ground Oman Cricket (Ministry Turf 1),1,45.1,45.1,United Arab Emirates,Netherlands,D Parashar,Ali Naseer,A Dutt,1,0,,,,,,,,,,,,,
1457465,2024/25,2024-11-03,Al Amerat Cricket Ground Oman Cricket (Ministry Turf 1),1,45.2,45.2,United Arab Emirates,Netherlands,Ali Naseer,D Parashar,A Dutt,0,0,,,,,,,,,,,,,
1457465,2024/25,2024-11-03,Al Amerat Cricket Ground Oman Cricket (Ministry Turf 1),1,45.3,45.3,United Arab Emirates,Netherlands,Ali Naseer,D Parashar,A Dutt,1,0,,,,,,,,,,,,,
1457465,2024/25,2024-11-03,Al Amerat Cricket Ground Oman Cricket (Ministry Turf 1),1,45.4,45.4,United Arab Emirates,Netherlands,D Parashar,Ali Naseer,A Dutt,1,0,,,,,,,,,,,,,
1457465,2024/25,2024-11-03,Al Amerat Cricket Ground Oman Cricket (Ministry Turf 1),1,45.5,45.5,United Arab Emirates,Netherlands,Ali Naseer,D Parashar,A Dutt,0,0,,,,,,,lbw,Ali Naseer,,,,,
1457465,2024/25,2024-11-03,Al Amerat Cricket Ground Oman Cricket (Ministry Turf 1),1,45.6,45.6,United Arab Emirates,Netherlands,Aayan Afzal Khan,D Parashar,A Dutt,0,0,,,,,,,,,,,,,
1457465,2024/25,2024-11-03,Al Amerat Cricket Ground Oman Cricket (Ministry Turf 1),1,46.1,46.1,United Arab Emirates,Netherlands,D Parashar,Aayan Afzal Khan,PA van Meekeren,0,0,,,,,,,,,,,,,
1457465,2024/25,2024-11-03,Al Amerat Cricket Ground Oman Cricket (Ministry Turf 1),1,46.2,46.2,United Arab Emirates,Netherlands,D Parashar,Aayan Afzal Khan,PA van Meekeren,1,0,,,,,,,,,,,,,
1457465,2024/25,2024-11-03,Al Amerat Cricket Ground Oman Cricket (Ministry Turf 1),1,46.3,46.3,United Arab Emirates,Netherlands,Aayan Afzal Khan,D Parashar,PA van Meekeren,0,0,,,,,,,,,,,,,
1457465,2024/25,2024-11-03,Al Amerat Cricket Ground Oman Cricket (Ministry Turf 1),1,46.4,46.4,United Arab Emirates,Netherlands,Aayan Afzal Khan,D Parashar,PA van Meekeren,4,0,,,,,,,,,,,,,
1457465,2024/25,2024-11-03,Al Amerat Cricket Ground Oman Cricket (Ministry Turf 1),1,46.5,46.5,United Arab Emirates,Netherlands,Aayan Afzal Khan,D Parashar,PA van Meekeren,1,0,,,,,,,,,,,,,
1457465,2024/25,2024-11-03,Al Amerat Cricket Ground Oman Cricket (Ministry Turf 1),1,46.6,46.6,United Arab Emirates,Netherlands,D Parashar,Aayan Afzal Khan,PA van Meekeren,0,0,,,,,,,,,,,,,
1457465,2024/25,2024-11-03,Al Amerat Cricket Ground Oman Cricket (Ministry Turf 1),1,47.1,47.1,United Arab Emirates,Netherlands,Aayan Afzal Khan,D Parashar,RE van der Merwe,1,0,,,,,,,,,,,,,
1457465,2024/25,2024-11-03,Al Amerat Cricket Ground Oman Cricket (Ministry Turf 1),1,47.2,47.2,United Arab Emirates,Netherlands,D Parashar,Aayan Afzal Khan,RE van der Merwe,4,0,,,,,,,,,,,,,
1457465,2024/25,2024-11-03,Al Amerat Cricket Ground Oman Cricket (Ministry Turf 1),1,47.3,47.3,United Arab Emirates,Netherlands,D Parashar,Aayan Afzal Khan,RE van der Merwe,1,0,,,,,,,,,,,,,
1457465,2024/25,2024-11-03,Al Amerat Cricket Ground Oman Cricket (Ministry Turf 1),1,47.4,47.4,United Arab Emirates,Netherlands,Aayan Afzal Khan,D Parashar,RE van der Merwe,0,0,,,,,,,lbw,Aayan Afzal Khan,,,,,
1457465,2024/25,2024-11-03,Al Amerat Cricket Ground Oman Cricket (Ministry Turf 1),1,47.5,47.5,United Arab Emirates,Netherlands,RN Bhatia,D Parashar,RE van der Merwe,1,0,,,,,,,,,,,,,
1457465,2024/25,2024-11-03,Al Amerat Cricket Ground Oman Cricket (Ministry Turf 1),1,47.6,47.6,United Arab Emirates,Netherlands,D Parashar,RN Bhatia,RE van der Merwe,1,0,,,,,,,,,,,,,
1457465,2024/25,2024-11-03,Al Amerat Cricket Ground Oman Cricket (Ministry Turf 1),1,48.1,48.1,United Arab Emirates,Netherlands,D Parashar,RN Bhatia,PA van Meekeren,4,0,,,,,,,,,,,,,
1457465,2024/25,2024-11-03,Al Amerat Cricket Ground Oman Cricket (Ministry Turf 1),1,48.2,48.2,United Arab Emirates,Netherlands,D Parashar,RN Bhatia,PA van Meekeren,1,0,,,,,,,,,,,,,
1457465,2024/25,2024-11-03,Al Amerat Cricket Ground Oman Cricket (Ministry Turf 1),1,48.3,48.3,United Arab Emirates,Netherlands,RN Bhatia,D Parashar,PA van Meekeren,1,0,,,,,,,,,,,,,
1457465,2024/25,2024-11-03,Al Amerat Cricket Ground Oman Cricket (Ministry Turf 1),1,48.4,48.4,United Arab Emirates,Netherlands,D Parashar,RN Bhatia,PA van Meekeren,1,0,,,,,,,,,,,,,
1457465,2024/25,2024-11-03,Al Amerat Cricket Ground Oman Cricket (Ministry Turf 1),1,48.5,48.5,United Arab Emirates,Netherlands,RN Bhatia,D Parashar,PA van Meekeren,0,1,1,,,,,,,,,,,,
1457465,2024/25,2024-11-03,Al Amerat Cricket Ground Oman Cricket (Ministry Turf 1),1,48.6,48.5,United Arab Emirates,Netherlands,RN Bhatia,D Parashar,PA van Meekeren,0,0,,,,,,,,,,,,,
1457465,2024/25,2024-11-03,Al Amerat Cricket Ground Oman Cricket (Ministry Turf 1),1,48.7,48.6,United Arab Emirates,Netherlands,RN Bhatia,D Parashar,PA van Meekeren,1,0,,,,,,,,,,,,,
1457465,2024/25,2024-11-03,Al Amerat Cricket Ground Oman Cricket (Ministry Turf 1),1,49.1,49.1,United Arab Emirates,Netherlands,RN Bhatia,D Parashar,A Dutt,4,0,,,,,,,,,,,,,
1457465,2024/25,2024-11-03,Al Amerat Cricket Ground Oman Cricket (Ministry Turf 1),1,49.2,49.2,United Arab Emirates,Netherlands,RN Bhatia,D Parashar,A Dutt,0,0,,,,,,,,,,,,,
1457465,2024/25,2024-11-03,Al Amerat Cricket Ground Oman Cricket (Ministry Turf 1),1,49.3,49.3,United Arab Emirates,Netherlands,RN Bhatia,D Parashar,A Dutt,1,0,,,,,,,,,,,,,
1457465,2024/25,2024-11-03,Al Amerat Cricket Ground Oman Cricket (Ministry Turf 1),1,49.4,49.4,United Arab Emirates,Netherlands,D Parashar,RN Bhatia,A Dutt,6,0,,,,,,,,,,,,,
1457465,2024/25,2024-11-03,Al Amerat Cricket Ground Oman Cricket (Ministry Turf 1),1,49.5,49.5,United Arab Emirates,Netherlands,D Parashar,RN Bhatia,A Dutt,2,0,,,,,,,,,,,,,
1457465,2024/25,2024-11-03,Al Amerat Cricket Ground Oman Cricket (Ministry Turf 1),1,49.6,49.6,United Arab Emirates,Netherlands,D Parashar,RN Bhatia,A Dutt,2,0,,,,,,,,,,,,,
1457465,2024/25,2024-11-03,Al Amerat Cricket Ground Oman Cricket (Ministry Turf 1),2,0.1,0.1,Netherlands,United Arab Emirates,Vikramjit Singh,MP O'Dowd,Junaid Siddique,0,0,,,,,,,,,,,,,
1457465,2024/25,2024-11-03,Al Amerat Cricket Ground Oman Cricket (Ministry Turf 1),2,0.2,0.2,Netherlands,United Arab Emirates,Vikramjit Singh,MP O'Dowd,Junaid Siddique,0,0,,,,,,,,,,,,,
1457465,2024/25,2024-11-03,Al Amerat Cricket Ground Oman Cricket (Ministry Turf 1),2,0.3,0.3,Netherlands,United Arab Emirates,Vikramjit Singh,MP O'Dowd,Junaid Siddique,0,0,,,,,,,,,,,,,
1457465,2024/25,2024-11-03,Al Amerat Cricket Ground Oman Cricket (Ministry Turf 1),2,0.4,0.4,Netherlands,United Arab Emirates,Vikramjit Singh,MP O'Dowd,Junaid Siddique,4,0,,,,,,,,,,,,,
1457465,2024/25,2024-11-03,Al Amerat Cricket Ground Oman Cricket (Ministry Turf 1),2,0.5,0.5,Netherlands,United Arab Emirates,Vikramjit Singh,MP O'Dowd,Junaid Siddique,0,0,,,,,,,,,,,,,
1457465,2024/25,2024-11-03,Al Amerat Cricket Ground Oman Cricket (Ministry Turf 1),2,0.6,0.6,Netherlands,United Arab Emirates,Vikramjit Singh,MP O'Dowd,Junaid Siddique,0,0,,,,,,,,,,,,,
1457465,2024/25,2024-11-03,Al Amerat Cricket Ground Oman Cricket (Ministry Turf 1),2,1.1,1.1,Netherlands,United Arab Emirates,MP O'Dowd,Vikramjit Singh,D Parashar,2,0,,,,,,,,,,,,,
1457465,2024/25,2024-11-03,Al Amerat Cricket Ground Oman Cricket (Ministry Turf 1),2,1.2,1.2,Netherlands,United Arab Emirates,MP O'Dowd,Vikramjit Singh,D Parashar,0,0,,,,,,,,,,,,,
1457465,2024/25,2024-11-03,Al Amerat Cricket Ground Oman Cricket (Ministry Turf 1),2,1.3,1.3,Netherlands,United Arab Emirates,MP O'Dowd,Vikramjit Singh,D Parashar,0,0,,,,,,,,,,,,,
1457465,2024/25,2024-11-03,Al Amerat Cricket Ground Oman Cricket (Ministry Turf 1),2,1.4,1.4,Netherlands,United Arab Emirates,MP O'Dowd,Vikramjit Singh,D Parashar,0,0,,,,,,,,,,,,,
1457465,2024/25,2024-11-03,Al Amerat Cricket Ground Oman Cricket (Ministry Turf 1),2,1.5,1.5,Netherlands,United Arab Emirates,MP O'Dowd,Vikramjit Singh,D Parashar,0,0,,,,,,,,,,,,,
1457465,2024/25,2024-11-03,Al Amerat Cricket Ground Oman Cricket (Ministry Turf 1),2,1.6,1.6,Netherlands,United Arab Emirates,MP O'Dowd,Vikramjit Singh,D Parashar,1,0,,,,,,,,,,,,,
1457465,2024/25,2024-11-03,Al Amerat Cricket Ground Oman Cricket (Ministry Turf 1),2,2.1,2.1,Netherlands,United Arab Emirates,MP O'Dowd,Vikramjit Singh,Junaid Siddique,0,0,,,,,,,,,,,,,
1457465,2024/25,2024-11-03,Al Amerat Cricket Ground Oman Cricket (Ministry Turf 1),2,2.2,2.2,Netherlands,United Arab Emirates,MP O'Dowd,Vikramjit Singh,Junaid Siddique,0,0,,,,,,,,,,,,,
1457465,2024/25,2024-11-03,Al Amerat Cricket Ground Oman Cricket (Ministry Turf 1),2,2.3,2.3,Netherlands,United Arab Emirates,MP O'Dowd,Vikramjit Singh,Junaid Siddique,1,0,,,,,,,,,,,,,
1457465,2024/25,2024-11-03,Al Amerat Cricket Ground Oman Cricket (Ministry Turf 1),2,2.4,2.4,Netherlands,United Arab Emirates,Vikramjit Singh,MP O'Dowd,Junaid Siddique,0,0,,,,,,,,,,,,,
1457465,2024/25,2024-11-03,Al Amerat Cricket Ground Oman Cricket (Ministry Turf 1),2,2.5,2.5,Netherlands,United Arab Emirates,Vikramjit Singh,MP O'Dowd,Junaid Siddique,0,0,,,,,,,,,,,,,
1457465,2024/25,2024-11-03,Al Amerat Cricket Ground Oman Cricket (Ministry Turf 1),2,2.6,2.6,Netherlands,United Arab Emirates,Vikramjit Singh,MP O'Dowd,Junaid Siddique,0,0,,,,,,,,,,,,,
1457465,2024/25,2024-11-03,Al Amerat Cricket Ground Oman Cricket (Ministry Turf 1),2,3.1,3.1,Netherlands,United Arab Emirates,MP O'Dowd,Vikramjit Singh,Aayan Afzal Khan,4,0,,,,,,,,,,,,,
1457465,2024/25,2024-11-03,Al Amerat Cricket Ground Oman Cricket (Ministry Turf 1),2,3.2,3.2,Netherlands,United Arab Emirates,MP O'Dowd,Vikramjit Singh,Aayan Afzal Khan,0,0,,,,,,,,,,,,,
1457465,2024/25,2024-11-03,Al Amerat Cricket Ground Oman Cricket (Ministry Turf 1),2,3.3,3.3,Netherlands,United Arab Emirates,MP O'Dowd,Vikramjit Singh,Aayan Afzal Khan,0,0,,,,,,,,,,,,,
1457465,2024/25,2024-11-03,Al Amerat Cricket Ground Oman Cricket (Ministry Turf 1),2,3.4,3.4,Netherlands,United Arab Emirates,MP O'Dowd,Vikramjit Singh,Aayan Afzal Khan,0,0,,,,,,,,,,,,,
1457465,2024/25,2024-11-03,Al Amerat Cricket Ground Oman Cricket (Ministry Turf 1),2,3.5,3.5,Netherlands,United Arab Emirates,MP O'Dowd,Vikramjit Singh,Aayan Afzal Khan,0,0,,,,,,,,,,,,,
1457465,2024/25,2024-11-03,Al Amerat Cricket Ground Oman Cricket (Ministry Turf 1),2,3.6,3.6,Netherlands,United Arab Emirates,MP O'Dowd,Vikramjit Singh,Aayan Afzal Khan,0,0,,,,,,,,,,,,,
1457465,2024/25,2024-11-03,Al Amerat Cricket Ground Oman Cricket (Ministry Turf 1),2,4.1,4.1,Netherlands,United Arab Emirates,Vikramjit Singh,MP O'Dowd,Junaid Siddique,0,0,,,,,,,,,,,,,
1457465,2024/25,2024-11-03,Al Amerat Cricket Ground Oman Cricket (Ministry Turf 1),2,4.2,4.2,Netherlands,United Arab Emirates,Vikramjit Singh,MP O'Dowd,Junaid Siddique,0,0,,,,,,,,,,,,,
1457465,2024/25,2024-11-03,Al Amerat Cricket Ground Oman Cricket (Ministry Turf 1),2,4.3,4.3,Netherlands,United Arab Emirates,Vikramjit Singh,MP O'Dowd,Junaid Siddique,0,0,,,,,,,,,,,,,
1457465,2024/25,2024-11-03,Al Amerat Cricket Ground Oman Cricket (Ministry Turf 1),2,4.4,4.4,Netherlands,United Arab Emirates,Vikramjit Singh,MP O'Dowd,Junaid Siddique,0,0,,,,,,,,,,,,,
1457465,2024/25,2024-11-03,Al Amerat Cricket Ground Oman Cricket (Ministry Turf 1),2,4.5,4.5,Netherlands,United Arab Emirates,Vikramjit Singh,MP O'Dowd,Junaid Siddique,0,0,,,,,,,,,,,,,
1457465,2024/25,2024-11-03,Al Amerat Cricket Ground Oman Cricket (Ministry Turf 1),2,4.6,4.6,Netherlands,United Arab Emirates,Vikramjit Singh,MP O'Dowd,Junaid Siddique,0,0,,,,,,,,,,,,,
1457465,2024/25,2024-11-03,Al Amerat Cricket Ground Oman Cricket (Ministry Turf 1),2,5.1,5.1,Netherlands,United Arab Emirates,MP O'Dowd,Vikramjit Singh,Aayan Afzal Khan,0,0,,,,,,,,,,,,,
1457465,2024/25,2024-11-03,Al Amerat Cricket Ground Oman Cricket (Ministry Turf 1),2,5.2,5.2,Netherlands,United Arab Emirates,MP O'Dowd,Vikramjit Singh,Aayan Afzal Khan,4,0,,,,,,,,,,,,,
1457465,2024/25,2024-11-03,Al Amerat Cricket Ground Oman Cricket (Ministry Turf 1),2,5.3,5.3,Netherlands,United Arab Emirates,MP O'Dowd,Vikramjit Singh,Aayan Afzal Khan,1,0,,,,,,,,,,,,,
1457465,2024/25,2024-11-03,Al Amerat Cricket Ground Oman Cricket (Ministry Turf 1),2,5.4,5.4,Netherlands,United Arab Emirates,Vikramjit Singh,MP O'Dowd,Aayan Afzal Khan,0,0,,,,,,,,,,,,,
1457465,2024/25,2024-11-03,Al Amerat Cricket Ground Oman Cricket (Ministry Turf 1),2,5.5,5.5,Netherlands,United Arab Emirates,Vikramjit Singh,MP O'Dowd,Aayan Afzal Khan,1,0,,,,,,,,,,,,,
1457465,2024/25,2024-11-03,Al Amerat Cricket Ground Oman Cricket (Ministry Turf 1),2,5.6,5.6,Netherlands,United Arab Emirates,MP O'Dowd,Vikramjit Singh,Aayan Afzal Khan,0,0,,,,,,,,,,,,,
1457465,2024/25,2024-11-03,Al Amerat Cricket Ground Oman Cricket (Ministry Turf 1),2,6.1,6.1,Netherlands,United Arab Emirates,Vikramjit Singh,MP O'Dowd,Junaid Siddique,0,0,,,,,,,,,,,,,
1457465,2024/25,2024-11-03,Al Amerat Cricket Ground Oman Cricket (Ministry Turf 1),2,6.2,6.2,Netherlands,United Arab Emirates,Vikramjit Singh,MP O'Dowd,Junaid Siddique,0,0,,,,,,,,,,,,,
1457465,2024/25,2024-11-03,Al Amerat Cricket Ground Oman Cricket (Ministry Turf 1),2,6.3,6.3,Netherlands,United Arab Emirates,Vikramjit Singh,MP O'Dowd,Junaid Siddique,0,0,,,,,,,,,,,,,
1457465,2024/25,2024-11-03,Al Amerat Cricket Ground Oman Cricket (Ministry Turf 1),2,6.4,6.4,Netherlands,United Arab Emirates,Vikramjit Singh,MP O'Dowd,Junaid Siddique,0,0,,,,,,,,,,,,,
1457465,2024/25,2024-11-03,Al Amerat Cricket Ground Oman Cricket (Ministry Turf 1),2,6.5,6.5,Netherlands,United Arab Emirates,Vikramjit Singh,MP O'Dowd,Junaid Siddique,1,0,,,,,,,,,,,,,
1457465,2024/25,2024-11-03,Al Amerat Cricket Ground Oman Cricket (Ministry Turf 1),2,6.6,6.6,Netherlands,United Arab Emirates,MP O'Dowd,Vikramjit Singh,Junaid Siddique,0,0,,,,,,,,,,,,,
1457465,2024/25,2024-11-03,Al Amerat Cricket Ground Oman Cricket (Ministry Turf 1),2,7.1,7.1,Netherlands,United Arab Emirates,Vikramjit Singh,MP O'Dowd,D Parashar,1,0,,,,,,,,,,,,,
1457465,2024/25,2024-11-03,Al Amerat Cricket Ground Oman Cricket (Ministry Turf 1),2,7.2,7.2,Netherlands,United Arab Emirates,MP O'Dowd,Vikramjit Singh,D Parashar,0,0,,,,,,,,,,,,,
1457465,2024/25,2024-11-03,Al Amerat Cricket Ground Oman Cricket (Ministry Turf 1),2,7.3,7.3,Netherlands,United Arab Emirates,MP O'Dowd,Vikramjit Singh,D Parashar,2,0,,,,,,,,,,,,,
1457465,2024/25,2024-11-03,Al Amerat Cricket Ground Oman Cricket (Ministry Turf 1),2,7.4,7.4,Netherlands,United Arab Emirates,MP O'Dowd,Vikramjit Singh,D Parashar,0,0,,,,,,,bowled,MP O'Dowd,,,,,
1457465,2024/25,2024-11-03,Al Amerat Cricket Ground Oman Cricket (Ministry Turf 1),2,7.5,7.5,Netherlands,United Arab Emirates,NRJ Croes,Vikramjit Singh,D Parashar,0,0,,,,,,,,,,,,,
1457465,2024/25,2024-11-03,Al Amerat Cricket Ground Oman Cricket (Ministry Turf 1),2,7.6,7.6,Netherlands,United Arab Emirates,NRJ Croes,Vikramjit Singh,D Parashar,0,0,,,,,,,,,,,,,
1457465,2024/25,2024-11-03,Al Amerat Cricket Ground Oman Cricket (Ministry Turf 1),2,8.1,8.1,Netherlands,United Arab Emirates,Vikramjit Singh,NRJ Croes,Ali Naseer,0,0,,,,,,,,,,,,,
1457465,2024/25,2024-11-03,Al Amerat Cricket Ground Oman Cricket (Ministry Turf 1),2,8.2,8.2,Netherlands,United Arab Emirates,Vikramjit Singh,NRJ Croes,Ali Naseer,0,0,,,,,,,,,,,,,
1457465,2024/25,2024-11-03,Al Amerat Cricket Ground Oman Cricket (Ministry Turf 1),2,8.3,8.3,Netherlands,United Arab Emirates,Vikramjit Singh,NRJ Croes,Ali Naseer,0,0,,,,,,,,,,,,,
1457465,2024/25,2024-11-03,Al Amerat Cricket Ground Oman Cricket (Ministry Turf 1),2,8.4,8.4,Netherlands,United Arab Emirates,Vikramjit Singh,NRJ Croes,Ali Naseer,0,0,,,,,,,caught,Vikramjit Singh,,,Basil Hameed,,
1457465,2024/25,2024-11-03,Al Amerat Cricket Ground Oman Cricket (Ministry Turf 1),2,8.5,8.5,Netherlands,United Arab Emirates,SA Edwards,NRJ Croes,Ali Naseer,1,0,,,,,,,,,,,,,
1457465,2024/25,2024-11-03,Al Amerat Cricket Ground Oman Cricket (Ministry Turf 1),2,8.6,8.6,Netherlands,United Arab Emirates,NRJ Croes,SA Edwards,Ali Naseer,0,0,,,,,,,,,,,,,
1457465,2024/25,2024-11-03,Al Amerat Cricket Ground Oman Cricket (Ministry Turf 1),2,9.1,9.1,Netherlands,United Arab Emirates,SA Edwards,NRJ Croes,D Parashar,0,0,,,,,,,,,,,,,
1457465,2024/25,2024-11-03,Al Amerat Cricket Ground Oman Cricket (Ministry Turf 1),2,9.2,9.2,Netherlands,United Arab Emirates,SA Edwards,NRJ Croes,D Parashar,0,0,,,,,,,,,,,,,
1457465,2024/25,2024-11-03,Al Amerat Cricket Ground Oman Cricket (Ministry Turf 1),2,9.3,9.3,Netherlands,United Arab Emirates,SA Edwards,NRJ Croes,D Parashar,2,0,,,,,,,,,,,,,
1457465,2024/25,2024-11-03,Al Amerat Cricket Ground Oman Cricket (Ministry Turf 1),2,9.4,9.4,Netherlands,United Arab Emirates,SA Edwards,NRJ Croes,D Parashar,0,0,,,,,,,,,,,,,
1457465,2024/25,2024-11-03,Al Amerat Cricket Ground Oman Cricket (Ministry Turf 1),2,9.5,9.5,Netherlands,United Arab Emirates,SA Edwards,NRJ Croes,D Parashar,0,0,,,,,,,,,,,,,
1457465,2024/25,2024-11-03,Al Amerat Cricket Ground Oman Cricket (Ministry Turf 1),2,9.6,9.6,Netherlands,United Arab Emirates,SA Edwards,NRJ Croes,D Parashar,1,0,,,,,,,,,,,,,
1457465,2024/25,2024-11-03,Al Amerat Cricket Ground Oman Cricket (Ministry Turf 1),2,10.1,10.1,Netherlands,United Arab Emirates,SA Edwards,NRJ Croes,Ali Naseer,1,0,,,,,,,,,,,,,
1457465,2024/25,2024-11-03,Al Amerat Cricket Ground Oman Cricket (Ministry Turf 1),2,10.2,10.2,Netherlands,United Arab Emirates,NRJ Croes,SA Edwards,Ali Naseer,0,0,,,,,,,,,,,,,
1457465,2024/25,2024-11-03,Al Amerat Cricket Ground Oman Cricket (Ministry Turf 1),2,10.3,10.3,Netherlands,United Arab Emirates,NRJ Croes,SA Edwards,Ali Naseer,0,0,,,,,,,,,,,,,
1457465,2024/25,2024-11-03,Al Amerat Cricket Ground Oman Cricket (Ministry Turf 1),2,10.4,10.4,Netherlands,United Arab Emirates,NRJ Croes,SA Edwards,Ali Naseer,0,0,,,,,,,,,,,,,
1457465,2024/25,2024-11-03,Al Amerat Cricket Ground Oman Cricket (Ministry Turf 1),2,10.5,10.5,Netherlands,United Arab Emirates,NRJ Croes,SA Edwards,Ali Naseer,0,0,,,,,,,,,,,,,
1457465,2024/25,2024-11-03,Al Amerat Cricket Ground Oman Cricket (Ministry Turf 1),2,10.6,10.6,Netherlands,United Arab Emirates,NRJ Croes,SA Edwards,Ali Naseer,1,0,,,,,,,,,,,,,
1457465,2024/25,2024-11-03,Al Amerat Cricket Ground Oman Cricket (Ministry Turf 1),2,11.1,11.1,Netherlands,United Arab Emirates,NRJ Croes,SA Edwards,D Parashar,0,0,,,,,,,,,,,,,
1457465,2024/25,2024-11-03,Al Amerat Cricket Ground Oman Cricket (Ministry Turf 1),2,11.2,11.2,Netherlands,United Arab Emirates,NRJ Croes,SA Edwards,D Parashar,0,0,,,,,,,,,,,,,
1457465,2024/25,2024-11-03,Al Amerat Cricket Ground Oman Cricket (Ministry Turf 1),2,11.3,11.3,Netherlands,United Arab Emirates,NRJ Croes,SA Edwards,D Parashar,0,0,,,,,,,,,,,,,
1457465,2024/25,2024-11-03,Al Amerat Cricket Ground Oman Cricket (Ministry Turf 1),2,11.4,11.4,Netherlands,United Arab Emirates,NRJ Croes,SA Edwards,D Parashar,0,0,,,,,,,,,,,,,
1457465,2024/25,2024-11-03,Al Amerat Cricket Ground Oman Cricket (Ministry Turf 1),2,11.5,11.5,Netherlands,United Arab Emirates,NRJ Croes,SA Edwards,D Parashar,1,0,,,,,,,,,,,,,
1457465,2024/25,2024-11-03,Al Amerat Cricket Ground Oman Cricket (Ministry Turf 1),2,11.6,11.6,Netherlands,United Arab Emirates,SA Edwards,NRJ Croes,D Parashar,0,0,,,,,,,,,,,,,
1457465,2024/25,2024-11-03,Al Amerat Cricket Ground Oman Cricket (Ministry Turf 1),2,12.1,12.1,Netherlands,United Arab Emirates,NRJ Croes,SA Edwards,Ali Naseer,0,0,,,,,,,bowled,NRJ Croes,,,,,
1457465,2024/25,2024-11-03,Al Amerat Cricket Ground Oman Cricket (Ministry Turf 1),2,12.2,12.2,Netherlands,United Arab Emirates,BFW de Leede,SA Edwards,Ali Naseer,0,0,,,,,,,,,,,,,
1457465,2024/25,2024-11-03,Al Amerat Cricket Ground Oman Cricket (Ministry Turf 1),2,12.3,12.3,Netherlands,United Arab Emirates,BFW de Leede,SA Edwards,Ali Naseer,0,0,,,,,,,,,,,,,
1457465,2024/25,2024-11-03,Al Amerat Cricket Ground Oman Cricket (Ministry Turf 1),2,12.4,12.4,Netherlands,United Arab Emirates,BFW de Leede,SA Edwards,Ali Naseer,0,0,,,,,,,,,,,,,
1457465,2024/25,2024-11-03,Al Amerat Cricket Ground Oman Cricket (Ministry Turf 1),2,12.5,12.5,Netherlands,United Arab Emirates,BFW de Leede,SA Edwards,Ali Naseer,0,0,,,,,,,,,,,,,
1457465,2024/25,2024-11-03,Al Amerat Cricket Ground Oman Cricket (Ministry Turf 1),2,12.6,12.6,Netherlands,United Arab Emirates,BFW de Leede,SA Edwards,Ali Naseer,0,0,,,,,,,,,,,,,
1457465,2024/25,2024-11-03,Al Amerat Cricket Ground Oman Cricket (Ministry Turf 1),2,13.1,13.1,Netherlands,United Arab Emirates,SA Edwards,BFW de Leede,RN Bhatia,0,0,,,,,,,,,,,,,
1457465,2024/25,2024-11-03,Al Amerat Cricket Ground Oman Cricket (Ministry Turf 1),2,13.2,13.2,Netherlands,United Arab Emirates,SA Edwards,BFW de Leede,RN Bhatia,0,0,,,,,,,,,,,,,
1457465,2024/25,2024-11-03,Al Amerat Cricket Ground Oman Cricket (Ministry Turf 1),2,13.3,13.3,Netherlands,United Arab Emirates,SA Edwards,BFW de Leede,RN Bhatia,1,0,,,,,,,,,,,,,
1457465,2024/25,2024-11-03,Al Amerat Cricket Ground Oman Cricket (Ministry Turf 1),2,13.4,13.4,Netherlands,United Arab Emirates,BFW de Leede,SA Edwards,RN Bhatia,0,0,,,,,,,,,,,,,
1457465,2024/25,2024-11-03,Al Amerat Cricket Ground Oman Cricket (Ministry Turf 1),2,13.5,13.5,Netherlands,United Arab Emirates,BFW de Leede,SA Edwards,RN Bhatia,3,0,,,,,,,,,,,,,
1457465,2024/25,2024-11-03,Al Amerat Cricket Ground Oman Cricket (Ministry Turf 1),2,13.6,13.6,Netherlands,United Arab Emirates,SA Edwards,BFW de Leede,RN Bhatia,1,0,,,,,,,,,,,,,
1457465,2024/25,2024-11-03,Al Amerat Cricket Ground Oman Cricket (Ministry Turf 1),2,14.1,14.1,Netherlands,United Arab Emirates,SA Edwards,BFW de Leede,Ali Naseer,1,0,,,,,,,,,,,,,
1457465,2024/25,2024-11-03,Al Amerat Cricket Ground Oman Cricket (Ministry Turf 1),2,14.2,14.2,Netherlands,United Arab Emirates,BFW de Leede,SA Edwards,Ali Naseer,0,0,,,,,,,,,,,,,
1457465,2024/25,2024-11-03,Al Amerat Cricket Ground Oman Cricket (Ministry Turf 1),2,14.3,14.3,Netherlands,United Arab Emirates,BFW de Leede,SA Edwards,Ali Naseer,0,0,,,,,,,,,,,,,
1457465,2024/25,2024-11-03,Al Amerat Cricket Ground Oman Cricket (Ministry Turf 1),2,14.4,14.4,Netherlands,United Arab Emirates,BFW de Leede,SA Edwards,Ali Naseer,0,0,,,,,,,,,,,,,
1457465,2024/25,2024-11-03,Al Amerat Cricket Ground Oman Cricket (Ministry Turf 1),2,14.5,14.5,Netherlands,United Arab Emirates,BFW de Leede,SA Edwards,Ali Naseer,0,0,,,,,,,,,,,,,
1457465,2024/25,2024-11-03,Al Amerat Cricket Ground Oman Cricket (Ministry Turf 1),2,14.6,14.6,Netherlands,United Arab Emirates,BFW de Leede,SA Edwards,Ali Naseer,0,1,1,,,,,,,,,,,,
1457465,2024/25,2024-11-03,Al Amerat Cricket Ground Oman Cricket (Ministry Turf 1),2,14.7,14.6,Netherlands,United Arab Emirates,BFW de Leede,SA Edwards,Ali Naseer,0,0,,,,,,,,,,,,,
1457465,2024/25,2024-11-03,Al Amerat Cricket Ground Oman Cricket (Ministry Turf 1),2,15.1,15.1,Netherlands,United Arab Emirates,SA Edwards,BFW de Leede,RN Bhatia,0,0,,,,,,,,,,,,,
1457465,2024/25,2024-11-03,Al Amerat Cricket Ground Oman Cricket (Ministry Turf 1),2,15.2,15.2,Netherlands,United Arab Emirates,SA Edwards,BFW de Leede,RN Bhatia,6,0,,,,,,,,,,,,,
1457465,2024/25,2024-11-03,Al Amerat Cricket Ground Oman Cricket (Ministry Turf 1),2,15.3,15.3,Netherlands,United Arab Emirates,SA Edwards,BFW de Leede,RN Bhatia,4,0,,,,,,,,,,,,,
1457465,2024/25,2024-11-03,Al Amerat Cricket Ground Oman Cricket (Ministry Turf 1),2,15.4,15.4,Netherlands,United Arab Emirates,SA Edwards,BFW de Leede,RN Bhatia,0,0,,,,,,,,,,,,,
1457465,2024/25,2024-11-03,Al Amerat Cricket Ground Oman Cricket (Ministry Turf 1),2,15.5,15.5,Netherlands,United Arab Emirates,SA Edwards,BFW de Leede,RN Bhatia,1,0,,,,,,,,,,,,,
1457465,2024/25,2024-11-03,Al Amerat Cricket Ground Oman Cricket (Ministry Turf 1),2,15.6,15.6,Netherlands,United Arab Emirates,BFW de Leede,SA Edwards,RN Bhatia,0,0,,,,,,,,,,,,,
1457465,2024/25,2024-11-03,Al Amerat Cricket Ground Oman Cricket (Ministry Turf 1),2,16.1,16.1,Netherlands,United Arab Emirates,SA Edwards,BFW de Leede,Aayan Afzal Khan,3,0,,,,,,,,,,,,,
1457465,2024/25,2024-11-03,Al Amerat Cricket Ground Oman Cricket (Ministry Turf 1),2,16.2,16.2,Netherlands,United Arab Emirates,BFW de Leede,SA Edwards,Aayan Afzal Khan,0,0,,,,,,,,,,,,,
1457465,2024/25,2024-11-03,Al Amerat Cricket Ground Oman Cricket (Ministry Turf 1),2,16.3,16.3,Netherlands,United Arab Emirates,BFW de Leede,SA Edwards,Aayan Afzal Khan,1,0,,,,,,,,,,,,,
1457465,2024/25,2024-11-03,Al Amerat Cricket Ground Oman Cricket (Ministry Turf 1),2,16.4,16.4,Netherlands,United Arab Emirates,SA Edwards,BFW de Leede,Aayan Afzal Khan,0,0,,,,,,,,,,,,,
1457465,2024/25,2024-11-03,Al Amerat Cricket Ground Oman Cricket (Ministry Turf 1),2,16.5,16.5,Netherlands,United Arab Emirates,SA Edwards,BFW de Leede,Aayan Afzal Khan,0,0,,,,,,,,,,,,,
1457465,2024/25,2024-11-03,Al Amerat Cricket Ground Oman Cricket (Ministry Turf 1),2,16.6,16.6,Netherlands,United Arab Emirates,SA Edwards,BFW de Leede,Aayan Afzal Khan,1,0,,,,,,,,,,,,,
1457465,2024/25,2024-11-03,Al Amerat Cricket Ground Oman Cricket (Ministry Turf 1),2,17.1,17.1,Netherlands,United Arab Emirates,SA Edwards,BFW de Leede,RN Bhatia,0,0,,,,,,,,,,,,,
1457465,2024/25,2024-11-03,Al Amerat Cricket Ground Oman Cricket (Ministry Turf 1),2,17.2,17.2,Netherlands,United Arab Emirates,SA Edwards,BFW de Leede,RN Bhatia,0,0,,,,,,,,,,,,,
1457465,2024/25,2024-11-03,Al Amerat Cricket Ground Oman Cricket (Ministry Turf 1),2,17.3,17.3,Netherlands,United Arab Emirates,SA Edwards,BFW de Leede,RN Bhatia,0,0,,,,,,,,,,,,,
1457465,2024/25,2024-11-03,Al Amerat Cricket Ground Oman Cricket (Ministry Turf 1),2,17.4,17.4,Netherlands,United Arab Emirates,SA Edwards,BFW de Leede,RN Bhatia,0,0,,,,,,,,,,,,,
1457465,2024/25,2024-11-03,Al Amerat Cricket Ground Oman Cricket (Ministry Turf 1),2,17.5,17.5,Netherlands,United Arab Emirates,SA Edwards,BFW de Leede,RN Bhatia,1,0,,,,,,,,,,,,,
1457465,2024/25,2024-11-03,Al Amerat Cricket Ground Oman Cricket (Ministry Turf 1),2,17.6,17.6,Netherlands,United Arab Emirates,BFW de Leede,SA Edwards,RN Bhatia,1,0,,,,,,,,,,,,,
1457465,2024/25,2024-11-03,Al Amerat Cricket Ground Oman Cricket (Ministry Turf 1),2,18.1,18.1,Netherlands,United Arab Emirates,BFW de Leede,SA Edwards,Aayan Afzal Khan,0,0,,,,,,,,,,,,,
1457465,2024/25,2024-11-03,Al Amerat Cricket Ground Oman Cricket (Ministry Turf 1),2,18.2,18.2,Netherlands,United Arab Emirates,BFW de Leede,SA Edwards,Aayan Afzal Khan,1,0,,,,,,,,,,,,,
1457465,2024/25,2024-11-03,Al Amerat Cricket Ground Oman Cricket (Ministry Turf 1),2,18.3,18.3,Netherlands,United Arab Emirates,SA Edwards,BFW de Leede,Aayan Afzal Khan,1,0,,,,,,,,,,,,,
1457465,2024/25,2024-11-03,Al Amerat Cricket Ground Oman Cricket (Ministry Turf 1),2,18.4,18.4,Netherlands,United Arab Emirates,BFW de Leede,SA Edwards,Aayan Afzal Khan,1,0,,,,,,,,,,,,,
1457465,2024/25,2024-11-03,Al Amerat Cricket Ground Oman Cricket (Ministry Turf 1),2,18.5,18.5,Netherlands,United Arab Emirates,SA Edwards,BFW de Leede,Aayan Afzal Khan,1,0,,,,,,,,,,,,,
1457465,2024/25,2024-11-03,Al Amerat Cricket Ground Oman Cricket (Ministry Turf 1),2,18.6,18.6,Netherlands,United Arab Emirates,BFW de Leede,SA Edwards,Aayan Afzal Khan,1,0,,,,,,,,,,,,,
1457465,2024/25,2024-11-03,Al Amerat Cricket Ground Oman Cricket (Ministry Turf 1),2,19.1,19.1,Netherlands,United Arab Emirates,BFW de Leede,SA Edwards,Basil Hameed,1,0,,,,,,,,,,,,,
1457465,2024/25,2024-11-03,Al Amerat Cricket Ground Oman Cricket (Ministry Turf 1),2,19.2,19.2,Netherlands,United Arab Emirates,SA Edwards,BFW de Leede,Basil Hameed,0,1,,,1,,,,,,,,,,
1457465,2024/25,2024-11-03,Al Amerat Cricket Ground Oman Cricket (Ministry Turf 1),2,19.3,19.3,Netherlands,United Arab Emirates,BFW de Leede,SA Edwards,Basil Hameed,0,0,,,,,,,,,,,,,
1457465,2024/25,2024-11-03,Al Amerat Cricket Ground Oman Cricket (Ministry Turf 1),2,19.4,19.4,Netherlands,United Arab Emirates,BFW de Leede,SA Edwards,Basil Hameed,4,0,,,,,,,,,,,,,
1457465,2024/25,2024-11-03,Al Amerat Cricket Ground Oman Cricket (Ministry Turf 1),2,19.5,19.5,Netherlands,United Arab Emirates,BFW de Leede,SA Edwards,Basil Hameed,1,0,,,,,,,,,,,,,
1457465,2024/25,2024-11-03,Al Amerat Cricket Ground Oman Cricket (Ministry Turf 1),2,19.6,19.6,Netherlands,United Arab Emirates,SA Edwards,BFW de Leede,Basil Hameed,0,0,,,,,,,,,,,,,
1457465,2024/25,2024-11-03,Al Amerat Cricket Ground Oman Cricket (Ministry Turf 1),2,20.1,20.1,Netherlands,United Arab Emirates,BFW de Leede,SA Edwards,Junaid Siddique,0,0,,,,,,,,,,,,,
1457465,2024/25,2024-11-03,Al Amerat Cricket Ground Oman Cricket (Ministry Turf 1),2,20.2,20.2,Netherlands,United Arab Emirates,BFW de Leede,SA Edwards,Junaid Siddique,0,0,,,,,,,,,,,,,
1457465,2024/25,2024-11-03,Al Amerat Cricket Ground Oman Cricket (Ministry Turf 1),2,20.3,20.3,Netherlands,United Arab Emirates,BFW de Leede,SA Edwards,Junaid Siddique,0,0,,,,,,,,,,,,,
1457465,2024/25,2024-11-03,Al Amerat Cricket Ground Oman Cricket (Ministry Turf 1),2,20.4,20.4,Netherlands,United Arab Emirates,BFW de Leede,SA Edwards,Junaid Siddique,0,0,,,,,,,,,,,,,
1457465,2024/25,2024-11-03,Al Amerat Cricket Ground Oman Cricket (Ministry Turf 1),2,20.5,20.5,Netherlands,United Arab Emirates,BFW de Leede,SA Edwards,Junaid Siddique,0,0,,,,,,,,,,,,,
1457465,2024/25,2024-11-03,Al Amerat Cricket Ground Oman Cricket (Ministry Turf 1),2,20.6,20.6,Netherlands,United Arab Emirates,BFW de Leede,SA Edwards,Junaid Siddique,0,0,,,,,,,,,,,,,
1457465,2024/25,2024-11-03,Al Amerat Cricket Ground Oman Cricket (Ministry Turf 1),2,21.1,21.1,Netherlands,United Arab Emirates,SA Edwards,BFW de Leede,Basil Hameed,0,0,,,,,,,,,,,,,
1457465,2024/25,2024-11-03,Al Amerat Cricket Ground Oman Cricket (Ministry Turf 1),2,21.2,21.2,Netherlands,United Arab Emirates,SA Edwards,BFW de Leede,Basil Hameed,1,0,,,,,,,,,,,,,
1457465,2024/25,2024-11-03,Al Amerat Cricket Ground Oman Cricket (Ministry Turf 1),2,21.3,21.3,Netherlands,United Arab Emirates,BFW de Leede,SA Edwards,Basil Hameed,0,0,,,,,,,,,,,,,
1457465,2024/25,2024-11-03,Al Amerat Cricket Ground Oman Cricket (Ministry Turf 1),2,21.4,21.4,Netherlands,United Arab Emirates,BFW de Leede,SA Edwards,Basil Hameed,0,1,,,,1,,,,,,,,,
1457465,2024/25,2024-11-03,Al Amerat Cricket Ground Oman Cricket (Ministry Turf 1),2,21.5,21.5,Netherlands,United Arab Emirates,SA Edwards,BFW de Leede,Basil Hameed,1,0,,,,,,,,,,,,,
1457465,2024/25,2024-11-03,Al Amerat Cricket Ground Oman Cricket (Ministry Turf 1),2,21.6,21.6,Netherlands,United Arab Emirates,BFW de Leede,SA Edwards,Basil Hameed,4,0,,,,,,,,,,,,,
1457465,2024/25,2024-11-03,Al Amerat Cricket Ground Oman Cricket (Ministry Turf 1),2,22.1,22.1,Netherlands,United Arab Emirates,SA Edwards,BFW de Leede,Junaid Siddique,1,0,,,,,,,,,,,,,
1457465,2024/25,2024-11-03,Al Amerat Cricket Ground Oman Cricket (Ministry Turf 1),2,22.2,22.2,Netherlands,United Arab Emirates,BFW de Leede,SA Edwards,Junaid Siddique,0,0,,,,,,,,,,,,,
1457465,2024/25,2024-11-03,Al Amerat Cricket Ground Oman Cricket (Ministry Turf 1),2,22.3,22.3,Netherlands,United Arab Emirates,BFW de Leede,SA Edwards,Junaid Siddique,0,0,,,,,,,,,,,,,
1457465,2024/25,2024-11-03,Al Amerat Cricket Ground Oman Cricket (Ministry Turf 1),2,22.4,22.4,Netherlands,United Arab Emirates,BFW de Leede,SA Edwards,Junaid Siddique,4,0,,,,,,,,,,,,,
1457465,2024/25,2024-11-03,Al Amerat Cricket Ground Oman Cricket (Ministry Turf 1),2,22.5,22.5,Netherlands,United Arab Emirates,BFW de Leede,SA Edwards,Junaid Siddique,0,1,1,,,,,,,,,,,,
1457465,2024/25,2024-11-03,Al Amerat Cricket Ground Oman Cricket (Ministry Turf 1),2,22.6,22.5,Netherlands,United Arab Emirates,BFW de Leede,SA Edwards,Junaid Siddique,0,0,,,,,,,,,,,,,
1457465,2024/25,2024-11-03,Al Amerat Cricket Ground Oman Cricket (Ministry Turf 1),2,22.7,22.6,Netherlands,United Arab Emirates,BFW de Leede,SA Edwards,Junaid Siddique,2,0,,,,,,,,,,,,,
1457465,2024/25,2024-11-03,Al Amerat Cricket Ground Oman Cricket (Ministry Turf 1),2,23.1,23.1,Netherlands,United Arab Emirates,SA Edwards,BFW de Leede,Basil Hameed,4,0,,,,,,,,,,,,,
1457465,2024/25,2024-11-03,Al Amerat Cricket Ground Oman Cricket (Ministry Turf 1),2,23.2,23.2,Netherlands,United Arab Emirates,SA Edwards,BFW de Leede,Basil Hameed,1,0,,,,,,,,,,,,,
1457465,2024/25,2024-11-03,Al Amerat Cricket Ground Oman Cricket (Ministry Turf 1),2,23.3,23.3,Netherlands,United Arab Emirates,BFW de Leede,SA Edwards,Basil Hameed,1,0,,,,,,,,,,,,,
1457465,2024/25,2024-11-03,Al Amerat Cricket Ground Oman Cricket (Ministry Turf 1),2,23.4,23.4,Netherlands,United Arab Emirates,SA Edwards,BFW de Leede,Basil Hameed,0,0,,,,,,,,,,,,,
1457465,2024/25,2024-11-03,Al Amerat Cricket Ground Oman Cricket (Ministry Turf 1),2,23.5,23.5,Netherlands,United Arab Emirates,SA Edwards,BFW de Leede,Basil Hameed,1,0,,,,,,,,,,,,,
1457465,2024/25,2024-11-03,Al Amerat Cricket Ground Oman Cricket (Ministry Turf 1),2,23.6,23.6,Netherlands,United Arab Emirates,BFW de Leede,SA Edwards,Basil Hameed,1,0,,,,,,,,,,,,,
1457465,2024/25,2024-11-03,Al Amerat Cricket Ground Oman Cricket (Ministry Turf 1),2,24.1,24.1,Netherlands,United Arab Emirates,BFW de Leede,SA Edwards,Ali Naseer,0,0,,,,,,,,,,,,,
1457465,2024/25,2024-11-03,Al Amerat Cricket Ground Oman Cricket (Ministry Turf 1),2,24.2,24.2,Netherlands,United Arab Emirates,BFW de Leede,SA Edwards,Ali Naseer,0,0,,,,,,,,,,,,,
1457465,2024/25,2024-11-03,Al Amerat Cricket Ground Oman Cricket (Ministry Turf 1),2,24.3,24.3,Netherlands,United Arab Emirates,BFW de Leede,SA Edwards,Ali Naseer,2,0,,,,,,,,,,,,,
1457465,2024/25,2024-11-03,Al Amerat Cricket Ground Oman Cricket (Ministry Turf 1),2,24.4,24.4,Netherlands,United Arab Emirates,BFW de Leede,SA Edwards,Ali Naseer,1,0,,,,,,,,,,,,,
1457465,2024/25,2024-11-03,Al Amerat Cricket Ground Oman Cricket (Ministry Turf 1),2,24.5,24.5,Netherlands,United Arab Emirates,SA Edwards,BFW de Leede,Ali Naseer,0,0,,,,,,,,,,,,,
1457465,2024/25,2024-11-03,Al Amerat Cricket Ground Oman Cricket (Ministry Turf 1),2,24.6,24.6,Netherlands,United Arab Emirates,SA Edwards,BFW de Leede,Ali Naseer,1,0,,,,,,,,,,,,,
1457465,2024/25,2024-11-03,Al Amerat Cricket Ground Oman Cricket (Ministry Turf 1),2,25.1,25.1,Netherlands,United Arab Emirates,SA Edwards,BFW de Leede,RN Bhatia,2,0,,,,,,,,,,,,,
1457465,2024/25,2024-11-03,Al Amerat Cricket Ground Oman Cricket (Ministry Turf 1),2,25.2,25.2,Netherlands,United Arab Emirates,SA Edwards,BFW de Leede,RN Bhatia,1,0,,,,,,,,,,,,,
1457465,2024/25,2024-11-03,Al Amerat Cricket Ground Oman Cricket (Ministry Turf 1),2,25.3,25.3,Netherlands,United Arab Emirates,BFW de Leede,SA Edwards,RN Bhatia,1,0,,,,,,,,,,,,,
1457465,2024/25,2024-11-03,Al Amerat Cricket Ground Oman Cricket (Ministry Turf 1),2,25.4,25.4,Netherlands,United Arab Emirates,SA Edwards,BFW de Leede,RN Bhatia,1,0,,,,,,,,,,,,,
1457465,2024/25,2024-11-03,Al Amerat Cricket Ground Oman Cricket (Ministry Turf 1),2,25.5,25.5,Netherlands,United Arab Emirates,BFW de Leede,SA Edwards,RN Bhatia,0,0,,,,,,,,,,,,,
1457465,2024/25,2024-11-03,Al Amerat Cricket Ground Oman Cricket (Ministry Turf 1),2,25.6,25.6,Netherlands,United Arab Emirates,BFW de Leede,SA Edwards,RN Bhatia,1,0,,,,,,,,,,,,,
1457465,2024/25,2024-11-03,Al Amerat Cricket Ground Oman Cricket (Ministry Turf 1),2,26.1,26.1,Netherlands,United Arab Emirates,BFW de Leede,SA Edwards,Ali Naseer,0,0,,,,,,,,,,,,,
1457465,2024/25,2024-11-03,Al Amerat Cricket Ground Oman Cricket (Ministry Turf 1),2,26.2,26.2,Netherlands,United Arab Emirates,BFW de Leede,SA Edwards,Ali Naseer,0,0,,,,,,,,,,,,,
1457465,2024/25,2024-11-03,Al Amerat Cricket Ground Oman Cricket (Ministry Turf 1),2,26.3,26.3,Netherlands,United Arab Emirates,BFW de Leede,SA Edwards,Ali Naseer,0,0,,,,,,,,,,,,,
1457465,2024/25,2024-11-03,Al Amerat Cricket Ground Oman Cricket (Ministry Turf 1),2,26.4,26.4,Netherlands,United Arab Emirates,BFW de Leede,SA Edwards,Ali Naseer,1,0,,,,,,,,,,,,,
1457465,2024/25,2024-11-03,Al Amerat Cricket Ground Oman Cricket (Ministry Turf 1),2,26.5,26.5,Netherlands,United Arab Emirates,SA Edwards,BFW de Leede,Ali Naseer,0,0,,,,,,,,,,,,,
1457465,2024/25,2024-11-03,Al Amerat Cricket Ground Oman Cricket (Ministry Turf 1),2,26.6,26.6,Netherlands,United Arab Emirates,SA Edwards,BFW de Leede,Ali Naseer,1,0,,,,,,,,,,,,,
1457465,2024/25,2024-11-03,Al Amerat Cricket Ground Oman Cricket (Ministry Turf 1),2,27.1,27.1,Netherlands,United Arab Emirates,SA Edwards,BFW de Leede,RN Bhatia,1,0,,,,,,,,,,,,,
1457465,2024/25,2024-11-03,Al Amerat Cricket Ground Oman Cricket (Ministry Turf 1),2,27.2,27.2,Netherlands,United Arab Emirates,BFW de Leede,SA Edwards,RN Bhatia,6,0,,,,,,,,,,,,,
1457465,2024/25,2024-11-03,Al Amerat Cricket Ground Oman Cricket (Ministry Turf 1),2,27.3,27.3,Netherlands,United Arab Emirates,BFW de Leede,SA Edwards,RN Bhatia,0,0,,,,,,,,,,,,,
1457465,2024/25,2024-11-03,Al Amerat Cricket Ground Oman Cricket (Ministry Turf 1),2,27.4,27.4,Netherlands,United Arab Emirates,BFW de Leede,SA Edwards,RN Bhatia,0,0,,,,,,,,,,,,,
1457465,2024/25,2024-11-03,Al Amerat Cricket Ground Oman Cricket (Ministry Turf 1),2,27.5,27.5,Netherlands,United Arab Emirates,BFW de Leede,SA Edwards,RN Bhatia,1,0,,,,,,,,,,,,,
1457465,2024/25,2024-11-03,Al Amerat Cricket Ground Oman Cricket (Ministry Turf 1),2,27.6,27.6,Netherlands,United Arab Emirates,SA Edwards,BFW de Leede,RN Bhatia,4,0,,,,,,,,,,,,,
1457465,2024/25,2024-11-03,Al Amerat Cricket Ground Oman Cricket (Ministry Turf 1),2,28.1,28.1,Netherlands,United Arab Emirates,BFW de Leede,SA Edwards,Ali Naseer,1,0,,,,,,,,,,,,,
1457465,2024/25,2024-11-03,Al Amerat Cricket Ground Oman Cricket (Ministry Turf 1),2,28.2,28.2,Netherlands,United Arab Emirates,SA Edwards,BFW de Leede,Ali Naseer,2,0,,,,,,,,,,,,,
1457465,2024/25,2024-11-03,Al Amerat Cricket Ground Oman Cricket (Ministry Turf 1),2,28.3,28.3,Netherlands,United Arab Emirates,SA Edwards,BFW de Leede,Ali Naseer,1,0,,,,,,,,,,,,,
1457465,2024/25,2024-11-03,Al Amerat Cricket Ground Oman Cricket (Ministry Turf 1),2,28.4,28.4,Netherlands,United Arab Emirates,BFW de Leede,SA Edwards,Ali Naseer,0,0,,,,,,,,,,,,,
1457465,2024/25,2024-11-03,Al Amerat Cricket Ground Oman Cricket (Ministry Turf 1),2,28.5,28.5,Netherlands,United Arab Emirates,BFW de Leede,SA Edwards,Ali Naseer,0,0,,,,,,,,,,,,,
1457465,2024/25,2024-11-03,Al Amerat Cricket Ground Oman Cricket (Ministry Turf 1),2,28.6,28.6,Netherlands,United Arab Emirates,BFW de Leede,SA Edwards,Ali Naseer,1,0,,,,,,,,,,,,,
1457465,2024/25,2024-11-03,Al Amerat Cricket Ground Oman Cricket (Ministry Turf 1),2,29.1,29.1,Netherlands,United Arab Emirates,BFW de Leede,SA Edwards,V Sukumaran,1,0,,,,,,,,,,,,,
1457465,2024/25,2024-11-03,Al Amerat Cricket Ground Oman Cricket (Ministry Turf 1),2,29.2,29.2,Netherlands,United Arab Emirates,SA Edwards,BFW de Leede,V Sukumaran,0,0,,,,,,,,,,,,,
1457465,2024/25,2024-11-03,Al Amerat Cricket Ground Oman Cricket (Ministry Turf 1),2,29.3,29.3,Netherlands,United Arab Emirates,SA Edwards,BFW de Leede,V Sukumaran,0,0,,,,,,,,,,,,,
1457465,2024/25,2024-11-03,Al Amerat Cricket Ground Oman Cricket (Ministry Turf 1),2,29.4,29.4,Netherlands,United Arab Emirates,SA Edwards,BFW de Leede,V Sukumaran,0,0,,,,,,,,,,,,,
1457465,2024/25,2024-11-03,Al Amerat Cricket Ground Oman Cricket (Ministry Turf 1),2,29.5,29.5,Netherlands,United Arab Emirates,SA Edwards,BFW de Leede,V Sukumaran,1,0,,,,,,,,,,,,,
1457465,2024/25,2024-11-03,Al Amerat Cricket Ground Oman Cricket (Ministry Turf 1),2,29.6,29.6,Netherlands,United Arab Emirates,BFW de Leede,SA Edwards,V Sukumaran,1,0,,,,,,,,,,,,,
1457465,2024/25,2024-11-03,Al Amerat Cricket Ground Oman Cricket (Ministry Turf 1),2,30.1,30.1,Netherlands,United Arab Emirates,BFW de Leede,SA Edwards,D Parashar,0,0,,,,,,,,,,,,,
1457465,2024/25,2024-11-03,Al Amerat Cricket Ground Oman Cricket (Ministry Turf 1),2,30.2,30.2,Netherlands,United Arab Emirates,BFW de Leede,SA Edwards,D Parashar,4,0,,,,,,,,,,,,,
1457465,2024/25,2024-11-03,Al Amerat Cricket Ground Oman Cricket (Ministry Turf 1),2,30.3,30.3,Netherlands,United Arab Emirates,BFW de Leede,SA Edwards,D Parashar,1,0,,,,,,,,,,,,,
1457465,2024/25,2024-11-03,Al Amerat Cricket Ground Oman Cricket (Ministry Turf 1),2,30.4,30.4,Netherlands,United Arab Emirates,SA Edwards,BFW de Leede,D Parashar,1,0,,,,,,,,,,,,,
1457465,2024/25,2024-11-03,Al Amerat Cricket Ground Oman Cricket (Ministry Turf 1),2,30.5,30.5,Netherlands,United Arab Emirates,BFW de Leede,SA Edwards,D Parashar,0,0,,,,,,,,,,,,,
1457465,2024/25,2024-11-03,Al Amerat Cricket Ground Oman Cricket (Ministry Turf 1),2,30.6,30.6,Netherlands,United Arab Emirates,BFW de Leede,SA Edwards,D Parashar,1,0,,,,,,,,,,,,,
1457465,2024/25,2024-11-03,Al Amerat Cricket Ground Oman Cricket (Ministry Turf 1),2,31.1,31.1,Netherlands,United Arab Emirates,BFW de Leede,SA Edwards,V Sukumaran,0,0,,,,,,,,,,,,,
1457465,2024/25,2024-11-03,Al Amerat Cricket Ground Oman Cricket (Ministry Turf 1),2,31.2,31.2,Netherlands,United Arab Emirates,BFW de Leede,SA Edwards,V Sukumaran,1,0,,,,,,,,,,,,,
1457465,2024/25,2024-11-03,Al Amerat Cricket Ground Oman Cricket (Ministry Turf 1),2,31.3,31.3,Netherlands,United Arab Emirates,SA Edwards,BFW de Leede,V Sukumaran,0,0,,,,,,,lbw,SA Edwards,,,,,
1457465,2024/25,2024-11-03,Al Amerat Cricket Ground Oman Cricket (Ministry Turf 1),2,31.4,31.4,Netherlands,United Arab Emirates,Shariz Ahmad,BFW de Leede,V Sukumaran,1,0,,,,,,,,,,,,,
1457465,2024/25,2024-11-03,Al Amerat Cricket Ground Oman Cricket (Ministry Turf 1),2,31.5,31.5,Netherlands,United Arab Emirates,BFW de Leede,Shariz Ahmad,V Sukumaran,1,0,,,,,,,,,,,,,
1457465,2024/25,2024-11-03,Al Amerat Cricket Ground Oman Cricket (Ministry Turf 1),2,31.6,31.6,Netherlands,United Arab Emirates,Shariz Ahmad,BFW de Leede,V Sukumaran,4,0,,,,,,,,,,,,,
1457465,2024/25,2024-11-03,Al Amerat Cricket Ground Oman Cricket (Ministry Turf 1),2,32.1,32.1,Netherlands,United Arab Emirates,BFW de Leede,Shariz Ahmad,Aayan Afzal Khan,1,0,,,,,,,,,,,,,
1457465,2024/25,2024-11-03,Al Amerat Cricket Ground Oman Cricket (Ministry Turf 1),2,32.2,32.2,Netherlands,United Arab Emirates,Shariz Ahmad,BFW de Leede,Aayan Afzal Khan,0,0,,,,,,,,,,,,,
1457465,2024/25,2024-11-03,Al Amerat Cricket Ground Oman Cricket (Ministry Turf 1),2,32.3,32.3,Netherlands,United Arab Emirates,Shariz Ahmad,BFW de Leede,Aayan Afzal Khan,0,0,,,,,,,,,,,,,
1457465,2024/25,2024-11-03,Al Amerat Cricket Ground Oman Cricket (Ministry Turf 1),2,32.4,32.4,Netherlands,United Arab Emirates,Shariz Ahmad,BFW de Leede,Aayan Afzal Khan,2,0,,,,,,,,,,,,,
1457465,2024/25,2024-11-03,Al Amerat Cricket Ground Oman Cricket (Ministry Turf 1),2,32.5,32.5,Netherlands,United Arab Emirates,Shariz Ahmad,BFW de Leede,Aayan Afzal Khan,0,0,,,,,,,,,,,,,
1457465,2024/25,2024-11-03,Al Amerat Cricket Ground Oman Cricket (Ministry Turf 1),2,32.6,32.6,Netherlands,United Arab Emirates,Shariz Ahmad,BFW de Leede,Aayan Afzal Khan,0,0,,,,,,,,,,,,,
1457465,2024/25,2024-11-03,Al Amerat Cricket Ground Oman Cricket (Ministry Turf 1),2,33.1,33.1,Netherlands,United Arab Emirates,BFW de Leede,Shariz Ahmad,D Parashar,0,0,,,,,,,,,,,,,
1457465,2024/25,2024-11-03,Al Amerat Cricket Ground Oman Cricket (Ministry Turf 1),2,33.2,33.2,Netherlands,United Arab Emirates,BFW de Leede,Shariz Ahmad,D Parashar,1,0,,,,,,,,,,,,,
1457465,2024/25,2024-11-03,Al Amerat Cricket Ground Oman Cricket (Ministry Turf 1),2,33.3,33.3,Netherlands,United Arab Emirates,Shariz Ahmad,BFW de Leede,D Parashar,1,0,,,,,,,,,,,,,
1457465,2024/25,2024-11-03,Al Amerat Cricket Ground Oman Cricket (Ministry Turf 1),2,33.4,33.4,Netherlands,United Arab Emirates,BFW de Leede,Shariz Ahmad,D Parashar,1,0,,,,,,,,,,,,,
1457465,2024/25,2024-11-03,Al Amerat Cricket Ground Oman Cricket (Ministry Turf 1),2,33.5,33.5,Netherlands,United Arab Emirates,Shariz Ahmad,BFW de Leede,D Parashar,0,0,,,,,,,,,,,,,
1457465,2024/25,2024-11-03,Al Amerat Cricket Ground Oman Cricket (Ministry Turf 1),2,33.6,33.6,Netherlands,United Arab Emirates,Shariz Ahmad,BFW de Leede,D Parashar,0,0,,,,,,,,,,,,,
1457465,2024/25,2024-11-03,Al Amerat Cricket Ground Oman Cricket (Ministry Turf 1),2,34.1,34.1,Netherlands,United Arab Emirates,BFW de Leede,Shariz Ahmad,Aayan Afzal Khan,1,0,,,,,,,,,,,,,
1457465,2024/25,2024-11-03,Al Amerat Cricket Ground Oman Cricket (Ministry Turf 1),2,34.2,34.2,Netherlands,United Arab Emirates,Shariz Ahmad,BFW de Leede,Aayan Afzal Khan,2,0,,,,,,,,,,,,,
1457465,2024/25,2024-11-03,Al Amerat Cricket Ground Oman Cricket (Ministry Turf 1),2,34.3,34.3,Netherlands,United Arab Emirates,Shariz Ahmad,BFW de Leede,Aayan Afzal Khan,4,0,,,,,,,,,,,,,
1457465,2024/25,2024-11-03,Al Amerat Cricket Ground Oman Cricket (Ministry Turf 1),2,34.4,34.4,Netherlands,United Arab Emirates,Shariz Ahmad,BFW de Leede,Aayan Afzal Khan,0,0,,,,,,,,,,,,,
1457465,2024/25,2024-11-03,Al Amerat Cricket Ground Oman Cricket (Ministry Turf 1),2,34.5,34.5,Netherlands,United Arab Emirates,Shariz Ahmad,BFW de Leede,Aayan Afzal Khan,1,0,,,,,,,,,,,,,
1457465,2024/25,2024-11-03,Al Amerat Cricket Ground Oman Cricket (Ministry Turf 1),2,34.6,34.6,Netherlands,United Arab Emirates,BFW de Leede,Shariz Ahmad,Aayan Afzal Khan,1,0,,,,,,,,,,,,,
1457465,2024/25,2024-11-03,Al Amerat Cricket Ground Oman Cricket (Ministry Turf 1),2,35.1,35.1,Netherlands,United Arab Emirates,BFW de Leede,Shariz Ahmad,D Parashar,0,0,,,,,,,,,,,,,
1457465,2024/25,2024-11-03,Al Amerat Cricket Ground Oman Cricket (Ministry Turf 1),2,35.2,35.2,Netherlands,United Arab Emirates,BFW de Leede,Shariz Ahmad,D Parashar,2,0,,,,,,,,,,,,,
1457465,2024/25,2024-11-03,Al Amerat Cricket Ground Oman Cricket (Ministry Turf 1),2,35.3,35.3,Netherlands,United Arab Emirates,BFW de Leede,Shariz Ahmad,D Parashar,1,0,,,,,,,,,,,,,
1457465,2024/25,2024-11-03,Al Amerat Cricket Ground Oman Cricket (Ministry Turf 1),2,35.4,35.4,Netherlands,United Arab Emirates,Shariz Ahmad,BFW de Leede,D Parashar,1,0,,,,,,,,,,,,,
1457465,2024/25,2024-11-03,Al Amerat Cricket Ground Oman Cricket (Ministry Turf 1),2,35.5,35.5,Netherlands,United Arab Emirates,BFW de Leede,Shariz Ahmad,D Parashar,2,0,,,,,,,,,,,,,
1457465,2024/25,2024-11-03,Al Amerat Cricket Ground Oman Cricket (Ministry Turf 1),2,35.6,35.6,Netherlands,United Arab Emirates,BFW de Leede,Shariz Ahmad,D Parashar,0,0,,,,,,,,,,,,,
1457465,2024/25,2024-11-03,Al Amerat Cricket Ground Oman Cricket (Ministry Turf 1),2,36.1,36.1,Netherlands,United Arab Emirates,Shariz Ahmad,BFW de Leede,Junaid Siddique,1,0,,,,,,,,,,,,,
1457465,2024/25,2024-11-03,Al Amerat Cricket Ground Oman Cricket (Ministry Turf 1),2,36.2,36.2,Netherlands,United Arab Emirates,BFW de Leede,Shariz Ahmad,Junaid Siddique,1,0,,,,,,,,,,,,,
1457465,2024/25,2024-11-03,Al Amerat Cricket Ground Oman Cricket (Ministry Turf 1),2,36.3,36.3,Netherlands,United Arab Emirates,Shariz Ahmad,BFW de Leede,Junaid Siddique,0,0,,,,,,,caught,Shariz Ahmad,,,V Aravind,,
1457465,2024/25,2024-11-03,Al Amerat Cricket Ground Oman Cricket (Ministry Turf 1),2,36.4,36.4,Netherlands,United Arab Emirates,RE van der Merwe,BFW de Leede,Junaid Siddique,4,0,,,,,,,,,,,,,
1457465,2024/25,2024-11-03,Al Amerat Cricket Ground Oman Cricket (Ministry Turf 1),2,36.5,36.5,Netherlands,United Arab Emirates,RE van der Merwe,BFW de Leede,Junaid Siddique,2,0,,,,,,,,,,,,,
1457465,2024/25,2024-11-03,Al Amerat Cricket Ground Oman Cricket (Ministry Turf 1),2,36.6,36.6,Netherlands,United Arab Emirates,RE van der Merwe,BFW de Leede,Junaid Siddique,1,0,,,,,,,,,,,,,
1457465,2024/25,2024-11-03,Al Amerat Cricket Ground Oman Cricket (Ministry Turf 1),2,37.1,37.1,Netherlands,United Arab Emirates,RE van der Merwe,BFW de Leede,RN Bhatia,0,0,,,,,,,,,,,,,
1457465,2024/25,2024-11-03,Al Amerat Cricket Ground Oman Cricket (Ministry Turf 1),2,37.2,37.2,Netherlands,United Arab Emirates,RE van der Merwe,BFW de Leede,RN Bhatia,0,0,,,,,,,,,,,,,
1457465,2024/25,2024-11-03,Al Amerat Cricket Ground Oman Cricket (Ministry Turf 1),2,37.3,37.3,Netherlands,United Arab Emirates,RE van der Merwe,BFW de Leede,RN Bhatia,1,0,,,,,,,,,,,,,
1457465,2024/25,2024-11-03,Al Amerat Cricket Ground Oman Cricket (Ministry Turf 1),2,37.4,37.4,Netherlands,United Arab Emirates,BFW de Leede,RE van der Merwe,RN Bhatia,0,0,,,,,,,,,,,,,
1457465,2024/25,2024-11-03,Al Amerat Cricket Ground Oman Cricket (Ministry Turf 1),2,37.5,37.5,Netherlands,United Arab Emirates,BFW de Leede,RE van der Merwe,RN Bhatia,0,0,,,,,,,,,,,,,
1457465,2024/25,2024-11-03,Al Amerat Cricket Ground Oman Cricket (Ministry Turf 1),2,37.6,37.6,Netherlands,United Arab Emirates,BFW de Leede,RE van der Merwe,RN Bhatia,0,0,,,,,,,,,,,,,
1457465,2024/25,2024-11-03,Al Amerat Cricket Ground Oman Cricket (Ministry Turf 1),2,38.1,38.1,Netherlands,United Arab Emirates,RE van der Merwe,BFW de Leede,Junaid Siddique,0,1,1,,,,,,,,,,,,
1457465,2024/25,2024-11-03,Al Amerat Cricket Ground Oman Cricket (Ministry Turf 1),2,38.2,38.1,Netherlands,United Arab Emirates,RE van der Merwe,BFW de Leede,Junaid Siddique,0,0,,,,,,,,,,,,,
1457465,2024/25,2024-11-03,Al Amerat Cricket Ground Oman Cricket (Ministry Turf 1),2,38.3,38.2,Netherlands,United Arab Emirates,RE van der Merwe,BFW de Leede,Junaid Siddique,1,0,,,,,,,,,,,,,
1457465,2024/25,2024-11-03,Al Amerat Cricket Ground Oman Cricket (Ministry Turf 1),2,38.4,38.3,Netherlands,United Arab Emirates,BFW de Leede,RE van der Merwe,Junaid Siddique,4,0,,,,,,,,,,,,,
1457465,2024/25,2024-11-03,Al Amerat Cricket Ground Oman Cricket (Ministry Turf 1),2,38.5,38.4,Netherlands,United Arab Emirates,BFW de Leede,RE van der Merwe,Junaid Siddique,0,0,,,,,,,lbw,BFW de Leede,,,,,
1457465,2024/25,2024-11-03,Al Amerat Cricket Ground Oman Cricket (Ministry Turf 1),2,38.6,38.5,Netherlands,United Arab Emirates,T van der Gugten,RE van der Merwe,Junaid Siddique,0,0,,,,,,,,,,,,,
1457465,2024/25,2024-11-03,Al Amerat Cricket Ground Oman Cricket (Ministry Turf 1),2,38.7,38.6,Netherlands,United Arab Emirates,T van der Gugten,RE van der Merwe,Junaid Siddique,0,0,,,,,,,,,,,,,
1457465,2024/25,2024-11-03,Al Amerat Cricket Ground Oman Cricket (Ministry Turf 1),2,39.1,39.1,Netherlands,United Arab Emirates,RE van der Merwe,T van der Gugten,RN Bhatia,0,0,,,,,,,,,,,,,
1457465,2024/25,2024-11-03,Al Amerat Cricket Ground Oman Cricket (Ministry Turf 1),2,39.2,39.2,Netherlands,United Arab Emirates,RE van der Merwe,T van der Gugten,RN Bhatia,0,0,,,,,,,,,,,,,
1457465,2024/25,2024-11-03,Al Amerat Cricket Ground Oman Cricket (Ministry Turf 1),2,39.3,39.3,Netherlands,United Arab Emirates,RE van der Merwe,T van der Gugten,RN Bhatia,0,0,,,,,,,,,,,,,
1457465,2024/25,2024-11-03,Al Amerat Cricket Ground Oman Cricket (Ministry Turf 1),2,39.4,39.4,Netherlands,United Arab Emirates,RE van der Merwe,T van der Gugten,RN Bhatia,1,0,,,,,,,,,,,,,
1457465,2024/25,2024-11-03,Al Amerat Cricket Ground Oman Cricket (Ministry Turf 1),2,39.5,39.5,Netherlands,United Arab Emirates,T van der Gugten,RE van der Merwe,RN Bhatia,0,0,,,,,,,,,,,,,
1457465,2024/25,2024-11-03,Al Amerat Cricket Ground Oman Cricket (Ministry Turf 1),2,39.6,39.6,Netherlands,United Arab Emirates,T van der Gugten,RE van der Merwe,RN Bhatia,2,0,,,,,,,,,,,,,
1457465,2024/25,2024-11-03,Al Amerat Cricket Ground Oman Cricket (Ministry Turf 1),2,40.1,40.1,Netherlands,United Arab Emirates,RE van der Merwe,T van der Gugten,Ali Naseer,0,0,,,,,,,bowled,RE van der Merwe,,,,,
1457465,2024/25,2024-11-03,Al Amerat Cricket Ground Oman Cricket (Ministry Turf 1),2,40.2,40.2,Netherlands,United Arab Emirates,A Dutt,T van der Gugten,Ali Naseer,0,0,,,,,,,,,,,,,
1457465,2024/25,2024-11-03,Al Amerat Cricket Ground Oman Cricket (Ministry Turf 1),2,40.3,40.3,Netherlands,United Arab Emirates,A Dutt,T van der Gugten,Ali Naseer,0,0,,,,,,,,,,,,,
1457465,2024/25,2024-11-03,Al Amerat Cricket Ground Oman Cricket (Ministry Turf 1),2,40.4,40.4,Netherlands,United Arab Emirates,A Dutt,T van der Gugten,Ali Naseer,0,0,,,,,,,,,,,,,
1457465,2024/25,2024-11-03,Al Amerat Cricket Ground Oman Cricket (Ministry Turf 1),2,40.5,40.5,Netherlands,United Arab Emirates,A Dutt,T van der Gugten,Ali Naseer,0,0,,,,,,,,,,,,,
1457465,2024/25,2024-11-03,Al Amerat Cricket Ground Oman Cricket (Ministry Turf 1),2,40.6,40.6,Netherlands,United Arab Emirates,A Dutt,T van der Gugten,Ali Naseer,0,0,,,,,,,,,,,,,
1457465,2024/25,2024-11-03,Al Amerat Cricket Ground Oman Cricket (Ministry Turf 1),2,41.1,41.1,Netherlands,United Arab Emirates,T van der Gugten,A Dutt,RN Bhatia,1,0,,,,,,,,,,,,,
1457465,2024/25,2024-11-03,Al Amerat Cricket Ground Oman Cricket (Ministry Turf 1),2,41.2,41.2,Netherlands,United Arab Emirates,A Dutt,T van der Gugten,RN Bhatia,1,0,,,,,,,,,,,,,
1457465,2024/25,2024-11-03,Al Amerat Cricket Ground Oman Cricket (Ministry Turf 1),2,41.3,41.3,Netherlands,United Arab Emirates,T van der Gugten,A Dutt,RN Bhatia,1,0,,,,,,,,,,,,,
1457465,2024/25,2024-11-03,Al Amerat Cricket Ground Oman Cricket (Ministry Turf 1),2,41.4,41.4,Netherlands,United Arab Emirates,A Dutt,T van der Gugten,RN Bhatia,0,0,,,,,,,,,,,,,
1457465,2024/25,2024-11-03,Al Amerat Cricket Ground Oman Cricket (Ministry Turf 1),2,41.5,41.5,Netherlands,United Arab Emirates,A Dutt,T van der Gugten,RN Bhatia,1,0,,,,,,,,,,,,,
1457465,2024/25,2024-11-03,Al Amerat Cricket Ground Oman Cricket (Ministry Turf 1),2,41.6,41.6,Netherlands,United Arab Emirates,T van der Gugten,A Dutt,RN Bhatia,1,0,,,,,,,,,,,,,
1457465,2024/25,2024-11-03,Al Amerat Cricket Ground Oman Cricket (Ministry Turf 1),2,42.1,42.1,Netherlands,United Arab Emirates,T van der Gugten,A Dutt,Ali Naseer,1,0,,,,,,,,,,,,,
1457465,2024/25,2024-11-03,Al Amerat Cricket Ground Oman Cricket (Ministry Turf 1),2,42.2,42.2,Netherlands,United Arab Emirates,A Dutt,T van der Gugten,Ali Naseer,0,0,,,,,,,,,,,,,
1457465,2024/25,2024-11-03,Al Amerat Cricket Ground Oman Cricket (Ministry Turf 1),2,42.3,42.3,Netherlands,United Arab Emirates,A Dutt,T van der Gugten,Ali Naseer,0,0,,,,,,,,,,,,,
1457465,2024/25,2024-11-03,Al Amerat Cricket Ground Oman Cricket (Ministry Turf 1),2,42.4,42.4,Netherlands,United Arab Emirates,A Dutt,T van der Gugten,Ali Naseer,0,0,,,,,,,,,,,,,
1457465,2024/25,2024-11-03,Al Amerat Cricket Ground Oman Cricket (Ministry Turf 1),2,42.5,42.5,Netherlands,United Arab Emirates,A Dutt,T van der Gugten,Ali Naseer,0,0,,,,,,,caught and bowled,A Dutt,,,,,
1457465,2024/25,2024-11-03,Al Amerat Cricket Ground Oman Cricket (Ministry Turf 1),2,42.6,42.6,Netherlands,United Arab Emirates,M Levitt,T van der Gugten,Ali Naseer,0,0,,,,,,,,,,,,,
1457465,2024/25,2024-11-03,Al Amerat Cricket Ground Oman Cricket (Ministry Turf 1),2,43.1,43.1,Netherlands,United Arab Emirates,T van der Gugten,M Levitt,Aayan Afzal Khan,1,0,,,,,,,,,,,,,
1457465,2024/25,2024-11-03,Al Amerat Cricket Ground Oman Cricket (Ministry Turf 1),2,43.2,43.2,Netherlands,United Arab Emirates,M Levitt,T van der Gugten,Aayan Afzal Khan,0,0,,,,,,,,,,,,,
1457465,2024/25,2024-11-03,Al Amerat Cricket Ground Oman Cricket (Ministry Turf 1),2,43.3,43.3,Netherlands,United Arab Emirates,M Levitt,T van der Gugten,Aayan Afzal Khan,0,0,,,,,,,,,,,,,
1457465,2024/25,2024-11-03,Al Amerat Cricket Ground Oman Cricket (Ministry Turf 1),2,43.4,43.4,Netherlands,United Arab Emirates,M Levitt,T van der Gugten,Aayan Afzal Khan,0,0,,,,,,,,,,,,,
1457465,2024/25,2024-11-03,Al Amerat Cricket Ground Oman Cricket (Ministry Turf 1),2,43.5,43.5,Netherlands,United Arab Emirates,M Levitt,T van der Gugten,Aayan Afzal Khan,1,0,,,,,,,,,,,,,
1457465,2024/25,2024-11-03,Al Amerat Cricket Ground Oman Cricket (Ministry Turf 1),2,43.6,43.6,Netherlands,United Arab Emirates,T van der Gugten,M Levitt,Aayan Afzal Khan,1,0,,,,,,,,,,,,,
1457465,2024/25,2024-11-03,Al Amerat Cricket Ground Oman Cricket (Ministry Turf 1),2,44.1,44.1,Netherlands,United Arab Emirates,T van der Gugten,M Levitt,Ali Naseer,0,0,,,,,,,,,,,,,
1457465,2024/25,2024-11-03,Al Amerat Cricket Ground Oman Cricket (Ministry Turf 1),2,44.2,44.2,Netherlands,United Arab Emirates,T van der Gugten,M Levitt,Ali Naseer,0,0,,,,,,,,,,,,,
1457465,2024/25,2024-11-03,Al Amerat Cricket Ground Oman Cricket (Ministry Turf 1),2,44.3,44.3,Netherlands,United Arab Emirates,T van der Gugten,M Levitt,Ali Naseer,0,1,1,,,,,,,,,,,,
1457465,2024/25,2024-11-03,Al Amerat Cricket Ground Oman Cricket (Ministry Turf 1),2,44.4,44.3,Netherlands,United Arab Emirates,T van der Gugten,M Levitt,Ali Naseer,4,0,,,,,,,,,,,,,
1457465,2024/25,2024-11-03,Al Amerat Cricket Ground Oman Cricket (Ministry Turf 1),2,44.5,44.4,Netherlands,United Arab Emirates,T van der Gugten,M Levitt,Ali Naseer,0,0,,,,,,,,,,,,,
1457465,2024/25,2024-11-03,Al Amerat Cricket Ground Oman Cricket (Ministry Turf 1),2,44.6,44.5,Netherlands,United Arab Emirates,T van der Gugten,M Levitt,Ali Naseer,4,0,,,,,,,,,,,,,
1457465,2024/25,2024-11-03,Al Amerat Cricket Ground Oman Cricket (Ministry Turf 1),2,44.7,44.6,Netherlands,United Arab Emirates,T van der Gugten,M Levitt,Ali Naseer,0,0,,,,,,,,,,,,,
1457465,2024/25,2024-11-03,Al Amerat Cricket Ground Oman Cricket (Ministry Turf 1),2,45.1,45.1,Netherlands,United Arab Emirates,M Levitt,T van der Gugten,Aayan Afzal Khan,0,0,,,,,,,,,,,,,
1457465,2024/25,2024-11-03,Al Amerat Cricket Ground Oman Cricket (Ministry Turf 1),2,45.2,45.2,Netherlands,United Arab Emirates,M Levitt,T van der Gugten,Aayan Afzal Khan,4,0,,,,,,,,,,,,,
1457465,2024/25,2024-11-03,Al Amerat Cricket Ground Oman Cricket (Ministry Turf 1),2,45.3,45.3,Netherlands,United Arab Emirates,M Levitt,T van der Gugten,Aayan Afzal Khan,6,0,,,,,,,,,,,,,
1457465,2024/25,2024-11-03,Al Amerat Cricket Ground Oman Cricket (Ministry Turf 1),2,45.4,45.4,Netherlands,United Arab Emirates,M Levitt,T van der Gugten,Aayan Afzal Khan,1,0,,,,,,,,,,,,,
1457465,2024/25,2024-11-03,Al Amerat Cricket Ground Oman Cricket (Ministry Turf 1),2,45.5,45.5,Netherlands,United Arab Emirates,T van der Gugten,M Levitt,Aayan Afzal Khan,0,0,,,,,,,,,,,,,
1457465,2024/25,2024-11-03,Al Amerat Cricket Ground Oman Cricket (Ministry Turf 1),2,45.6,45.6,Netherlands,United Arab Emirates,T van der Gugten,M Levitt,Aayan Afzal Khan,1,0,,,,,,,,,,,,,
1457465,2024/25,2024-11-03,Al Amerat Cricket Ground Oman Cricket (Ministry Turf 1),2,46.1,46.1,Netherlands,United Arab Emirates,T van der Gugten,M Levitt,Junaid Siddique,0,0,,,,,,,,,,,,,
1457465,2024/25,2024-11-03,Al Amerat Cricket Ground Oman Cricket (Ministry Turf 1),2,46.2,46.2,Netherlands,United Arab Emirates,T van der Gugten,M Levitt,Junaid Siddique,1,0,,,,,,,,,,,,,
1457465,2024/25,2024-11-03,Al Amerat Cricket Ground Oman Cricket (Ministry Turf 1),2,46.3,46.3,Netherlands,United Arab Emirates,M Levitt,T van der Gugten,Junaid Siddique,0,0,,,,,,,bowled,M Levitt,,,,,
1457465,2024/25,2024-11-03,Al Amerat Cricket Ground Oman Cricket (Ministry Turf 1),2,46.4,46.4,Netherlands,United Arab Emirates,PA van Meekeren,T van der Gugten,Junaid Siddique,0,1,1,,,,,,,,,,,,
1457465,2024/25,2024-11-03,Al Amerat Cricket Ground Oman Cricket (Ministry Turf 1),2,46.5,46.4,Netherlands,United Arab Emirates,PA van Meekeren,T van der Gugten,Junaid Siddique,1,0,,,,,,,,,,,,,
1457465,2024/25,2024-11-03,Al Amerat Cricket Ground Oman Cricket (Ministry Turf 1),2,46.6,46.5,Netherlands,United Arab Emirates,T van der Gugten,PA van Meekeren,Junaid Siddique,2,0,,,,,,,,,,,,,
1457465,2024/25,2024-11-03,Al Amerat Cricket Ground Oman Cricket (Ministry Turf 1),2,46.7,46.6,Netherlands,United Arab Emirates,T van der Gugten,PA van Meekeren,Junaid Siddique,1,0,,,,,,,,,,,,,
1457465,2024/25,2024-11-03,Al Amerat Cricket Ground Oman Cricket (Ministry Turf 1),2,47.1,47.1,Netherlands,United Arab Emirates,T van der Gugten,PA van Meekeren,Aayan Afzal Khan,1,0,,,,,,,,,,,,,
1457465,2024/25,2024-11-03,Al Amerat Cricket Ground Oman Cricket (Ministry Turf 1),2,47.2,47.2,Netherlands,United Arab Emirates,PA van Meekeren,T van der Gugten,Aayan Afzal Khan,0,0,,,,,,,,,,,,,
1457465,2024/25,2024-11-03,Al Amerat Cricket Ground Oman Cricket (Ministry Turf 1),2,47.3,47.3,Netherlands,United Arab Emirates,PA van Meekeren,T van der Gugten,Aayan Afzal Khan,2,0,,,,,,,,,,,,,
1457465,2024/25,2024-11-03,Al Amerat Cricket Ground Oman Cricket (Ministry Turf 1),2,47.4,47.4,Netherlands,United Arab Emirates,PA van Meekeren,T van der Gugten,Aayan Afzal Khan,0,0,,,,,,,lbw,PA van Meekeren,,,,,
