match_id,season,start_date,venue,innings,ball,actual_delivery,batting_team,bowling_team,striker,non_striker,bowler,runs_off_bat,extras,wides,noballs,byes,legbyes,penalty,non_boundary,wicket_type,player_dismissed,other_wicket_type,other_player_dismissed,fielder_1,fielder_2,fielder_3
1482564,2025,2025-05-17,"Central Broward Regional Park Stadium Turf Ground, Lauderhill",1,0.1,0.1,United States of America,Canada,SK Patel,AGS Gous,Kaleem Sana,0,0,,,,,,,,,,,,,
1482564,2025,2025-05-17,"Central Broward Regional Park Stadium Turf Ground, Lauderhill",1,0.2,0.2,United States of America,Canada,SK Patel,AGS Gous,Kaleem Sana,0,0,,,,,,,,,,,,,
1482564,2025,2025-05-17,"Central Broward Regional Park Stadium Turf Ground, Lauderhill",1,0.3,0.3,United States of America,Canada,SK Patel,AGS Gous,Kaleem Sana,0,0,,,,,,,,,,,,,
1482564,2025,2025-05-17,"Central Broward Regional Park Stadium Turf Ground, Lauderhill",1,0.4,0.4,United States of America,Canada,SK Patel,AGS Gous,Kaleem Sana,0,0,,,,,,,,,,,,,
1482564,2025,2025-05-17,"Central Broward Regional Park Stadium Turf Ground, Lauderhill",1,0.5,0.5,United States of America,Canada,SK Patel,AGS Gous,Kaleem Sana,0,0,,,,,,,,,,,,,
1482564,2025,2025-05-17,"Central Broward Regional Park Stadium Turf Ground, Lauderhill",1,0.6,0.6,United States of America,Canada,SK Patel,AGS Gous,Kaleem Sana,0,0,,,,,,,,,,,,,
1482564,2025,2025-05-17,"Central Broward Regional Park Stadium Turf Ground, Lauderhill",1,1.1,1.1,United States of America,Canada,AGS Gous,SK Patel,D Heyliger,0,1,1,,,,,,,,,,,,
1482564,2025,2025-05-17,"Central Broward Regional Park Stadium Turf Ground, Lauderhill",1,1.2,1.1,United States of America,Canada,AGS Gous,SK Patel,D Heyliger,0,0,,,,,,,,,,,,,
1482564,2025,2025-05-17,"Central Broward Regional Park Stadium Turf Ground, Lauderhill",1,1.3,1.2,United States of America,Canada,AGS Gous,SK Patel,D Heyliger,0,0,,,,,,,,,,,,,
1482564,2025,2025-05-17,"Central Broward Regional Park Stadium Turf Ground, Lauderhill",1,1.4,1.3,United States of America,Canada,AGS Gous,SK Patel,D Heyliger,0,0,,,,,,,,,,,,,
1482564,2025,2025-05-17,"Central Broward Regional Park Stadium Turf Ground, Lauderhill",1,1.5,1.4,United States of America,Canada,AGS Gous,SK Patel,D Heyliger,4,0,,,,,,,,,,,,,
1482564,2025,2025-05-17,"Central Broward Regional Park Stadium Turf Ground, Lauderhill",1,1.6,1.5,United States of America,Canada,AGS Gous,SK Patel,D Heyliger,0,1,,1,,,,,,,,,,,
1482564,2025,2025-05-17,"Central Broward Regional Park Stadium Turf Ground, Lauderhill",1,1.7,1.5,United States of America,Canada,AGS Gous,SK Patel,D Heyliger,0,0,,,,,,,,,,,,,
1482564,2025,2025-05-17,"Central Broward Regional Park Stadium Turf Ground, Lauderhill",1,1.8,1.6,United States of America,Canada,AGS Gous,SK Patel,D Heyliger,0,0,,,,,,,,,,,,,
1482564,2025,2025-05-17,"Central Broward Regional Park Stadium Turf Ground, Lauderhill",1,2.1,2.1,United States of America,Canada,SK Patel,AGS Gous,Kaleem Sana,0,0,,,,,,,,,,,,,
1482564,2025,2025-05-17,"Central Broward Regional Park Stadium Turf Ground, Lauderhill",1,2.2,2.2,United States of America,Canada,SK Patel,AGS Gous,Kaleem Sana,0,0,,,,,,,,,,,,,
1482564,2025,2025-05-17,"Central Broward Regional Park Stadium Turf Ground, Lauderhill",1,2.3,2.3,United States of America,Canada,SK Patel,AGS Gous,Kaleem Sana,0,5,5,,,,,,,,,,,,
1482564,2025,2025-05-17,"Central Broward Regional Park Stadium Turf Ground, Lauderhill",1,2.4,2.3,United States of America,Canada,SK Patel,AGS Gous,Kaleem Sana,0,0,,,,,,,,,,,,,
1482564,2025,2025-05-17,"Central Broward Regional Park Stadium Turf Ground, Lauderhill",1,2.5,2.4,United States of America,Canada,SK Patel,AGS Gous,Kaleem Sana,1,0,,,,,,,,,,,,,
1482564,2025,2025-05-17,"Central Broward Regional Park Stadium Turf Ground, Lauderhill",1,2.6,2.5,United States of America,Canada,AGS Gous,SK Patel,Kaleem Sana,0,0,,,,,,,caught,AGS Gous,,,S Movva,,
1482564,2025,2025-05-17,"Central Broward Regional Park Stadium Turf Ground, Lauderhill",1,2.7,2.6,United States of America,Canada,MD Patel,SK Patel,Kaleem Sana,0,0,,,,,,,,,,,,,
1482564,2025,2025-05-17,"Central Broward Regional Park Stadium Turf Ground, Lauderhill",1,3.1,3.1,United States of America,Canada,SK Patel,MD Patel,D Heyliger,0,0,,,,,,,,,,,,,
1482564,2025,2025-05-17,"Central Broward Regional Park Stadium Turf Ground, Lauderhill",1,3.2,3.2,United States of America,Canada,SK Patel,MD Patel,D Heyliger,4,0,,,,,,,,,,,,,
1482564,2025,2025-05-17,"Central Broward Regional Park Stadium Turf Ground, Lauderhill",1,3.3,3.3,United States of America,Canada,SK Patel,MD Patel,D Heyliger,0,0,,,,,,,,,,,,,
1482564,2025,2025-05-17,"Central Broward Regional Park Stadium Turf Ground, Lauderhill",1,3.4,3.4,United States of America,Canada,SK Patel,MD Patel,D Heyliger,2,0,,,,,,,,,,,,,
1482564,2025,2025-05-17,"Central Broward Regional Park Stadium Turf Ground, Lauderhill",1,3.5,3.5,United States of America,Canada,SK Patel,MD Patel,D Heyliger,0,1,1,,,,,,,,,,,,
1482564,2025,2025-05-17,"Central Broward Regional Park Stadium Turf Ground, Lauderhill",1,3.6,3.5,United States of America,Canada,SK Patel,MD Patel,D Heyliger,0,0,,,,,,,,,,,,,
1482564,2025,2025-05-17,"Central Broward Regional Park Stadium Turf Ground, Lauderhill",1,3.7,3.6,United States of America,Canada,SK Patel,MD Patel,D Heyliger,1,0,,,,,,,,,,,,,
1482564,2025,2025-05-17,"Central Broward Regional Park Stadium Turf Ground, Lauderhill",1,4.1,4.1,United States of America,Canada,SK Patel,MD Patel,Kaleem Sana,1,0,,,,,,,,,,,,,
1482564,2025,2025-05-17,"Central Broward Regional Park Stadium Turf Ground, Lauderhill",1,4.2,4.2,United States of America,Canada,MD Patel,SK Patel,Kaleem Sana,1,0,,,,,,,,,,,,,
1482564,2025,2025-05-17,"Central Broward Regional Park Stadium Turf Ground, Lauderhill",1,4.3,4.3,United States of America,Canada,SK Patel,MD Patel,Kaleem Sana,0,0,,,,,,,,,,,,,
1482564,2025,2025-05-17,"Central Broward Regional Park Stadium Turf Ground, Lauderhill",1,4.4,4.4,United States of America,Canada,SK Patel,MD Patel,Kaleem Sana,1,0,,,,,,,,,,,,,
1482564,2025,2025-05-17,"Central Broward Regional Park Stadium Turf Ground, Lauderhill",1,4.5,4.5,United States of America,Canada,MD Patel,SK Patel,Kaleem Sana,2,0,,,,,,,,,,,,,
1482564,2025,2025-05-17,"Central Broward Regional Park Stadium Turf Ground, Lauderhill",1,4.6,4.6,United States of America,Canada,MD Patel,SK Patel,Kaleem Sana,1,0,,,,,,,,,,,,,
1482564,2025,2025-05-17,"Central Broward Regional Park Stadium Turf Ground, Lauderhill",1,5.1,5.1,United States of America,Canada,MD Patel,SK Patel,D Heyliger,2,0,,,,,,,,,,,,,
1482564,2025,2025-05-17,"Central Broward Regional Park Stadium Turf Ground, Lauderhill",1,5.2,5.2,United States of America,Canada,MD Patel,SK Patel,D Heyliger,0,0,,,,,,,,,,,,,
1482564,2025,2025-05-17,"Central Broward Regional Park Stadium Turf Ground, Lauderhill",1,5.3,5.3,United States of America,Canada,MD Patel,SK Patel,D Heyliger,0,1,1,,,,,,,,,,,,
1482564,2025,2025-05-17,"Central Broward Regional Park Stadium Turf Ground, Lauderhill",1,5.4,5.3,United States of America,Canada,MD Patel,SK Patel,D Heyliger,0,0,,,,,,,,,,,,,
1482564,2025,2025-05-17,"Central Broward Regional Park Stadium Turf Ground, Lauderhill",1,5.5,5.4,United States of America,Canada,MD Patel,SK Patel,D Heyliger,0,0,,,,,,,,,,,,,
1482564,2025,2025-05-17,"Central Broward Regional Park Stadium Turf Ground, Lauderhill",1,5.6,5.5,United States of America,Canada,MD Patel,SK Patel,D Heyliger,4,0,,,,,,,,,,,,,
1482564,2025,2025-05-17,"Central Broward Regional Park Stadium Turf Ground, Lauderhill",1,5.7,5.6,United States of America,Canada,MD Patel,SK Patel,D Heyliger,1,0,,,,,,,,,,,,,
1482564,2025,2025-05-17,"Central Broward Regional Park Stadium Turf Ground, Lauderhill",1,6.1,6.1,United States of America,Canada,MD Patel,SK Patel,Kaleem Sana,4,0,,,,,,,,,,,,,
1482564,2025,2025-05-17,"Central Broward Regional Park Stadium Turf Ground, Lauderhill",1,6.2,6.2,United States of America,Canada,MD Patel,SK Patel,Kaleem Sana,0,0,,,,,,,,,,,,,
1482564,2025,2025-05-17,"Central Broward Regional Park Stadium Turf Ground, Lauderhill",1,6.3,6.3,United States of America,Canada,MD Patel,SK Patel,Kaleem Sana,4,0,,,,,,,,,,,,,
1482564,2025,2025-05-17,"Central Broward Regional Park Stadium Turf Ground, Lauderhill",1,6.4,6.4,United States of America,Canada,MD Patel,SK Patel,Kaleem Sana,1,0,,,,,,,,,,,,,
1482564,2025,2025-05-17,"Central Broward Regional Park Stadium Turf Ground, Lauderhill",1,6.5,6.5,United States of America,Canada,SK Patel,MD Patel,Kaleem Sana,0,0,,,,,,,,,,,,,
1482564,2025,2025-05-17,"Central Broward Regional Park Stadium Turf Ground, Lauderhill",1,6.6,6.6,United States of America,Canada,SK Patel,MD Patel,Kaleem Sana,0,0,,,,,,,,,,,,,
1482564,2025,2025-05-17,"Central Broward Regional Park Stadium Turf Ground, Lauderhill",1,7.1,7.1,United States of America,Canada,MD Patel,SK Patel,Parveen Kumar,0,0,,,,,,,,,,,,,
1482564,2025,2025-05-17,"Central Broward Regional Park Stadium Turf Ground, Lauderhill",1,7.2,7.2,United States of America,Canada,MD Patel,SK Patel,Parveen Kumar,1,0,,,,,,,,,,,,,
1482564,2025,2025-05-17,"Central Broward Regional Park Stadium Turf Ground, Lauderhill",1,7.3,7.3,United States of America,Canada,SK Patel,MD Patel,Parveen Kumar,1,0,,,,,,,,,,,,,
1482564,2025,2025-05-17,"Central Broward Regional Park Stadium Turf Ground, Lauderhill",1,7.4,7.4,United States of America,Canada,MD Patel,SK Patel,Parveen Kumar,1,0,,,,,,,,,,,,,
1482564,2025,2025-05-17,"Central Broward Regional Park Stadium Turf Ground, Lauderhill",1,7.5,7.5,United States of America,Canada,SK Patel,MD Patel,Parveen Kumar,1,0,,,,,,,,,,,,,
1482564,2025,2025-05-17,"Central Broward Regional Park Stadium Turf Ground, Lauderhill",1,7.6,7.6,United States of America,Canada,MD Patel,SK Patel,Parveen Kumar,1,0,,,,,,,,,,,,,
1482564,2025,2025-05-17,"Central Broward Regional Park Stadium Turf Ground, Lauderhill",1,8.1,8.1,United States of America,Canada,MD Patel,SK Patel,Kaleem Sana,0,0,,,,,,,,,,,,,
1482564,2025,2025-05-17,"Central Broward Regional Park Stadium Turf Ground, Lauderhill",1,8.2,8.2,United States of America,Canada,MD Patel,SK Patel,Kaleem Sana,0,0,,,,,,,,,,,,,
1482564,2025,2025-05-17,"Central Broward Regional Park Stadium Turf Ground, Lauderhill",1,8.3,8.3,United States of America,Canada,MD Patel,SK Patel,Kaleem Sana,0,0,,,,,,,,,,,,,
1482564,2025,2025-05-17,"Central Broward Regional Park Stadium Turf Ground, Lauderhill",1,8.4,8.4,United States of America,Canada,MD Patel,SK Patel,Kaleem Sana,0,0,,,,,,,,,,,,,
1482564,2025,2025-05-17,"Central Broward Regional Park Stadium Turf Ground, Lauderhill",1,8.5,8.5,United States of America,Canada,MD Patel,SK Patel,Kaleem Sana,4,0,,,,,,,,,,,,,
1482564,2025,2025-05-17,"Central Broward Regional Park Stadium Turf Ground, Lauderhill",1,8.6,8.6,United States of America,Canada,MD Patel,SK Patel,Kaleem Sana,1,0,,,,,,,,,,,,,
1482564,2025,2025-05-17,"Central Broward Regional Park Stadium Turf Ground, Lauderhill",1,9.1,9.1,United States of America,Canada,MD Patel,SK Patel,Parveen Kumar,1,0,,,,,,,,,,,,,
1482564,2025,2025-05-17,"Central Broward Regional Park Stadium Turf Ground, Lauderhill",1,9.2,9.2,United States of America,Canada,SK Patel,MD Patel,Parveen Kumar,1,0,,,,,,,,,,,,,
1482564,2025,2025-05-17,"Central Broward Regional Park Stadium Turf Ground, Lauderhill",1,9.3,9.3,United States of America,Canada,MD Patel,SK Patel,Parveen Kumar,2,0,,,,,,,,,,,,,
1482564,2025,2025-05-17,"Central Broward Regional Park Stadium Turf Ground, Lauderhill",1,9.4,9.4,United States of America,Canada,MD Patel,SK Patel,Parveen Kumar,0,0,,,,,,,,,,,,,
1482564,2025,2025-05-17,"Central Broward Regional Park Stadium Turf Ground, Lauderhill",1,9.5,9.5,United States of America,Canada,MD Patel,SK Patel,Parveen Kumar,4,0,,,,,,,,,,,,,
1482564,2025,2025-05-17,"Central Broward Regional Park Stadium Turf Ground, Lauderhill",1,9.6,9.6,United States of America,Canada,MD Patel,SK Patel,Parveen Kumar,0,0,,,,,,,,,,,,,
1482564,2025,2025-05-17,"Central Broward Regional Park Stadium Turf Ground, Lauderhill",1,10.1,10.1,United States of America,Canada,SK Patel,MD Patel,Shivam Sharma,0,0,,,,,,,,,,,,,
1482564,2025,2025-05-17,"Central Broward Regional Park Stadium Turf Ground, Lauderhill",1,10.2,10.2,United States of America,Canada,SK Patel,MD Patel,Shivam Sharma,4,0,,,,,,,,,,,,,
1482564,2025,2025-05-17,"Central Broward Regional Park Stadium Turf Ground, Lauderhill",1,10.3,10.3,United States of America,Canada,SK Patel,MD Patel,Shivam Sharma,1,0,,,,,,,,,,,,,
1482564,2025,2025-05-17,"Central Broward Regional Park Stadium Turf Ground, Lauderhill",1,10.4,10.4,United States of America,Canada,MD Patel,SK Patel,Shivam Sharma,0,0,,,,,,,,,,,,,
1482564,2025,2025-05-17,"Central Broward Regional Park Stadium Turf Ground, Lauderhill",1,10.5,10.5,United States of America,Canada,MD Patel,SK Patel,Shivam Sharma,0,0,,,,,,,,,,,,,
1482564,2025,2025-05-17,"Central Broward Regional Park Stadium Turf Ground, Lauderhill",1,10.6,10.6,United States of America,Canada,MD Patel,SK Patel,Shivam Sharma,1,0,,,,,,,,,,,,,
1482564,2025,2025-05-17,"Central Broward Regional Park Stadium Turf Ground, Lauderhill",1,11.1,11.1,United States of America,Canada,MD Patel,SK Patel,Parveen Kumar,1,0,,,,,,,,,,,,,
1482564,2025,2025-05-17,"Central Broward Regional Park Stadium Turf Ground, Lauderhill",1,11.2,11.2,United States of America,Canada,SK Patel,MD Patel,Parveen Kumar,0,0,,,,,,,,,,,,,
1482564,2025,2025-05-17,"Central Broward Regional Park Stadium Turf Ground, Lauderhill",1,11.3,11.3,United States of America,Canada,SK Patel,MD Patel,Parveen Kumar,0,0,,,,,,,,,,,,,
1482564,2025,2025-05-17,"Central Broward Regional Park Stadium Turf Ground, Lauderhill",1,11.4,11.4,United States of America,Canada,SK Patel,MD Patel,Parveen Kumar,4,0,,,,,,,,,,,,,
1482564,2025,2025-05-17,"Central Broward Regional Park Stadium Turf Ground, Lauderhill",1,11.5,11.5,United States of America,Canada,SK Patel,MD Patel,Parveen Kumar,1,0,,,,,,,,,,,,,
1482564,2025,2025-05-17,"Central Broward Regional Park Stadium Turf Ground, Lauderhill",1,11.6,11.6,United States of America,Canada,MD Patel,SK Patel,Parveen Kumar,1,0,,,,,,,,,,,,,
1482564,2025,2025-05-17,"Central Broward Regional Park Stadium Turf Ground, Lauderhill",1,12.1,12.1,United States of America,Canada,MD Patel,SK Patel,Shivam Sharma,1,0,,,,,,,,,,,,,
1482564,2025,2025-05-17,"Central Broward Regional Park Stadium Turf Ground, Lauderhill",1,12.2,12.2,United States of America,Canada,SK Patel,MD Patel,Shivam Sharma,1,0,,,,,,,,,,,,,
1482564,2025,2025-05-17,"Central Broward Regional Park Stadium Turf Ground, Lauderhill",1,12.3,12.3,United States of America,Canada,MD Patel,SK Patel,Shivam Sharma,1,0,,,,,,,,,,,,,
1482564,2025,2025-05-17,"Central Broward Regional Park Stadium Turf Ground, Lauderhill",1,12.4,12.4,United States of America,Canada,SK Patel,MD Patel,Shivam Sharma,0,0,,,,,,,,,,,,,
1482564,2025,2025-05-17,"Central Broward Regional Park Stadium Turf Ground, Lauderhill",1,12.5,12.5,United States of America,Canada,SK Patel,MD Patel,Shivam Sharma,0,0,,,,,,,,,,,,,
1482564,2025,2025-05-17,"Central Broward Regional Park Stadium Turf Ground, Lauderhill",1,12.6,12.6,United States of America,Canada,SK Patel,MD Patel,Shivam Sharma,0,0,,,,,,,,,,,,,
1482564,2025,2025-05-17,"Central Broward Regional Park Stadium Turf Ground, Lauderhill",1,13.1,13.1,United States of America,Canada,MD Patel,SK Patel,Parveen Kumar,0,0,,,,,,,,,,,,,
1482564,2025,2025-05-17,"Central Broward Regional Park Stadium Turf Ground, Lauderhill",1,13.2,13.2,United States of America,Canada,MD Patel,SK Patel,Parveen Kumar,4,0,,,,,,,,,,,,,
1482564,2025,2025-05-17,"Central Broward Regional Park Stadium Turf Ground, Lauderhill",1,13.3,13.3,United States of America,Canada,MD Patel,SK Patel,Parveen Kumar,1,0,,,,,,,,,,,,,
1482564,2025,2025-05-17,"Central Broward Regional Park Stadium Turf Ground, Lauderhill",1,13.4,13.4,United States of America,Canada,SK Patel,MD Patel,Parveen Kumar,0,0,,,,,,,,,,,,,
1482564,2025,2025-05-17,"Central Broward Regional Park Stadium Turf Ground, Lauderhill",1,13.5,13.5,United States of America,Canada,SK Patel,MD Patel,Parveen Kumar,0,0,,,,,,,,,,,,,
1482564,2025,2025-05-17,"Central Broward Regional Park Stadium Turf Ground, Lauderhill",1,13.6,13.6,United States of America,Canada,SK Patel,MD Patel,Parveen Kumar,1,0,,,,,,,,,,,,,
1482564,2025,2025-05-17,"Central Broward Regional Park Stadium Turf Ground, Lauderhill",1,14.1,14.1,United States of America,Canada,SK Patel,MD Patel,Shivam Sharma,1,0,,,,,,,,,,,,,
1482564,2025,2025-05-17,"Central Broward Regional Park Stadium Turf Ground, Lauderhill",1,14.2,14.2,United States of America,Canada,MD Patel,SK Patel,Shivam Sharma,1,0,,,,,,,,,,,,,
1482564,2025,2025-05-17,"Central Broward Regional Park Stadium Turf Ground, Lauderhill",1,14.3,14.3,United States of America,Canada,SK Patel,MD Patel,Shivam Sharma,2,0,,,,,,,,,,,,,
1482564,2025,2025-05-17,"Central Broward Regional Park Stadium Turf Ground, Lauderhill",1,14.4,14.4,United States of America,Canada,SK Patel,MD Patel,Shivam Sharma,0,0,,,,,,,,,,,,,
1482564,2025,2025-05-17,"Central Broward Regional Park Stadium Turf Ground, Lauderhill",1,14.5,14.5,United States of America,Canada,SK Patel,MD Patel,Shivam Sharma,1,0,,,,,,,,,,,,,
1482564,2025,2025-05-17,"Central Broward Regional Park Stadium Turf Ground, Lauderhill",1,14.6,14.6,United States of America,Canada,MD Patel,SK Patel,Shivam Sharma,0,1,1,,,,,,,,,,,,
1482564,2025,2025-05-17,"Central Broward Regional Park Stadium Turf Ground, Lauderhill",1,14.7,14.6,United States of America,Canada,MD Patel,SK Patel,Shivam Sharma,1,0,,,,,,,,,,,,,
1482564,2025,2025-05-17,"Central Broward Regional Park Stadium Turf Ground, Lauderhill",1,15.1,15.1,United States of America,Canada,MD Patel,SK Patel,Saad Bin Zafar,0,0,,,,,,,,,,,,,
1482564,2025,2025-05-17,"Central Broward Regional Park Stadium Turf Ground, Lauderhill",1,15.2,15.2,United States of America,Canada,MD Patel,SK Patel,Saad Bin Zafar,0,0,,,,,,,,,,,,,
1482564,2025,2025-05-17,"Central Broward Regional Park Stadium Turf Ground, Lauderhill",1,15.3,15.3,United States of America,Canada,MD Patel,SK Patel,Saad Bin Zafar,0,0,,,,,,,lbw,MD Patel,,,,,
1482564,2025,2025-05-17,"Central Broward Regional Park Stadium Turf Ground, Lauderhill",1,15.4,15.4,United States of America,Canada,SR Mukkamalla,SK Patel,Saad Bin Zafar,0,0,,,,,,,,,,,,,
1482564,2025,2025-05-17,"Central Broward Regional Park Stadium Turf Ground, Lauderhill",1,15.5,15.5,United States of America,Canada,SR Mukkamalla,SK Patel,Saad Bin Zafar,0,0,,,,,,,,,,,,,
1482564,2025,2025-05-17,"Central Broward Regional Park Stadium Turf Ground, Lauderhill",1,15.6,15.6,United States of America,Canada,SR Mukkamalla,SK Patel,Saad Bin Zafar,1,0,,,,,,,,,,,,,
1482564,2025,2025-05-17,"Central Broward Regional Park Stadium Turf Ground, Lauderhill",1,16.1,16.1,United States of America,Canada,SR Mukkamalla,SK Patel,Shivam Sharma,0,0,,,,,,,,,,,,,
1482564,2025,2025-05-17,"Central Broward Regional Park Stadium Turf Ground, Lauderhill",1,16.2,16.2,United States of America,Canada,SR Mukkamalla,SK Patel,Shivam Sharma,0,0,,,,,,,,,,,,,
1482564,2025,2025-05-17,"Central Broward Regional Park Stadium Turf Ground, Lauderhill",1,16.3,16.3,United States of America,Canada,SR Mukkamalla,SK Patel,Shivam Sharma,0,0,,,,,,,,,,,,,
1482564,2025,2025-05-17,"Central Broward Regional Park Stadium Turf Ground, Lauderhill",1,16.4,16.4,United States of America,Canada,SR Mukkamalla,SK Patel,Shivam Sharma,2,0,,,,,,,,,,,,,
1482564,2025,2025-05-17,"Central Broward Regional Park Stadium Turf Ground, Lauderhill",1,16.5,16.5,United States of America,Canada,SR Mukkamalla,SK Patel,Shivam Sharma,0,0,,,,,,,,,,,,,
1482564,2025,2025-05-17,"Central Broward Regional Park Stadium Turf Ground, Lauderhill",1,16.6,16.6,United States of America,Canada,SR Mukkamalla,SK Patel,Shivam Sharma,1,0,,,,,,,,,,,,,
1482564,2025,2025-05-17,"Central Broward Regional Park Stadium Turf Ground, Lauderhill",1,17.1,17.1,United States of America,Canada,SR Mukkamalla,SK Patel,Saad Bin Zafar,4,0,,,,,,,,,,,,,
1482564,2025,2025-05-17,"Central Broward Regional Park Stadium Turf Ground, Lauderhill",1,17.2,17.2,United States of America,Canada,SR Mukkamalla,SK Patel,Saad Bin Zafar,1,0,,,,,,,,,,,,,
1482564,2025,2025-05-17,"Central Broward Regional Park Stadium Turf Ground, Lauderhill",1,17.3,17.3,United States of America,Canada,SK Patel,SR Mukkamalla,Saad Bin Zafar,0,0,,,,,,,,,,,,,
1482564,2025,2025-05-17,"Central Broward Regional Park Stadium Turf Ground, Lauderhill",1,17.4,17.4,United States of America,Canada,SK Patel,SR Mukkamalla,Saad Bin Zafar,1,0,,,,,,,,,,,,,
1482564,2025,2025-05-17,"Central Broward Regional Park Stadium Turf Ground, Lauderhill",1,17.5,17.5,United States of America,Canada,SR Mukkamalla,SK Patel,Saad Bin Zafar,1,0,,,,,,,,,,,,,
1482564,2025,2025-05-17,"Central Broward Regional Park Stadium Turf Ground, Lauderhill",1,17.6,17.6,United States of America,Canada,SK Patel,SR Mukkamalla,Saad Bin Zafar,0,1,1,,,,,,,,,,,,
1482564,2025,2025-05-17,"Central Broward Regional Park Stadium Turf Ground, Lauderhill",1,17.7,17.6,United States of America,Canada,SK Patel,SR Mukkamalla,Saad Bin Zafar,1,0,,,,,,,,,,,,,
1482564,2025,2025-05-17,"Central Broward Regional Park Stadium Turf Ground, Lauderhill",1,18.1,18.1,United States of America,Canada,SK Patel,SR Mukkamalla,Shivam Sharma,0,0,,,,,,,,,,,,,
1482564,2025,2025-05-17,"Central Broward Regional Park Stadium Turf Ground, Lauderhill",1,18.2,18.2,United States of America,Canada,SK Patel,SR Mukkamalla,Shivam Sharma,4,0,,,,,,,,,,,,,
1482564,2025,2025-05-17,"Central Broward Regional Park Stadium Turf Ground, Lauderhill",1,18.3,18.3,United States of America,Canada,SK Patel,SR Mukkamalla,Shivam Sharma,0,0,,,,,,,,,,,,,
1482564,2025,2025-05-17,"Central Broward Regional Park Stadium Turf Ground, Lauderhill",1,18.4,18.4,United States of America,Canada,SK Patel,SR Mukkamalla,Shivam Sharma,1,0,,,,,,,,,,,,,
1482564,2025,2025-05-17,"Central Broward Regional Park Stadium Turf Ground, Lauderhill",1,18.5,18.5,United States of America,Canada,SR Mukkamalla,SK Patel,Shivam Sharma,1,0,,,,,,,,,,,,,
1482564,2025,2025-05-17,"Central Broward Regional Park Stadium Turf Ground, Lauderhill",1,18.6,18.6,United States of America,Canada,SK Patel,SR Mukkamalla,Shivam Sharma,0,0,,,,,,,,,,,,,
1482564,2025,2025-05-17,"Central Broward Regional Park Stadium Turf Ground, Lauderhill",1,19.1,19.1,United States of America,Canada,SR Mukkamalla,SK Patel,Saad Bin Zafar,2,0,,,,,,,,,,,,,
1482564,2025,2025-05-17,"Central Broward Regional Park Stadium Turf Ground, Lauderhill",1,19.2,19.2,United States of America,Canada,SR Mukkamalla,SK Patel,Saad Bin Zafar,1,0,,,,,,,,,,,,,
1482564,2025,2025-05-17,"Central Broward Regional Park Stadium Turf Ground, Lauderhill",1,19.3,19.3,United States of America,Canada,SK Patel,SR Mukkamalla,Saad Bin Zafar,0,0,,,,,,,,,,,,,
1482564,2025,2025-05-17,"Central Broward Regional Park Stadium Turf Ground, Lauderhill",1,19.4,19.4,United States of America,Canada,SK Patel,SR Mukkamalla,Saad Bin Zafar,1,0,,,,,,,,,,,,,
1482564,2025,2025-05-17,"Central Broward Regional Park Stadium Turf Ground, Lauderhill",1,19.5,19.5,United States of America,Canada,SR Mukkamalla,SK Patel,Saad Bin Zafar,0,0,,,,,,,,,,,,,
1482564,2025,2025-05-17,"Central Broward Regional Park Stadium Turf Ground, Lauderhill",1,19.6,19.6,United States of America,Canada,SR Mukkamalla,SK Patel,Saad Bin Zafar,1,0,,,,,,,,,,,,,
1482564,2025,2025-05-17,"Central Broward Regional Park Stadium Turf Ground, Lauderhill",1,20.1,20.1,United States of America,Canada,SR Mukkamalla,SK Patel,Shivam Sharma,1,0,,,,,,,,,,,,,
1482564,2025,2025-05-17,"Central Broward Regional Park Stadium Turf Ground, Lauderhill",1,20.2,20.2,United States of America,Canada,SK Patel,SR Mukkamalla,Shivam Sharma,0,0,,,,,,,,,,,,,
1482564,2025,2025-05-17,"Central Broward Regional Park Stadium Turf Ground, Lauderhill",1,20.3,20.3,United States of America,Canada,SK Patel,SR Mukkamalla,Shivam Sharma,3,0,,,,,,,,,,,,,
1482564,2025,2025-05-17,"Central Broward Regional Park Stadium Turf Ground, Lauderhill",1,20.4,20.4,United States of America,Canada,SR Mukkamalla,SK Patel,Shivam Sharma,0,0,,,,,,,,,,,,,
1482564,2025,2025-05-17,"Central Broward Regional Park Stadium Turf Ground, Lauderhill",1,20.5,20.5,United States of America,Canada,SR Mukkamalla,SK Patel,Shivam Sharma,0,0,,,,,,,,,,,,,
1482564,2025,2025-05-17,"Central Broward Regional Park Stadium Turf Ground, Lauderhill",1,20.6,20.6,United States of America,Canada,SR Mukkamalla,SK Patel,Shivam Sharma,1,0,,,,,,,,,,,,,
1482564,2025,2025-05-17,"Central Broward Regional Park Stadium Turf Ground, Lauderhill",1,21.1,21.1,United States of America,Canada,SR Mukkamalla,SK Patel,Saad Bin Zafar,0,0,,,,,,,,,,,,,
1482564,2025,2025-05-17,"Central Broward Regional Park Stadium Turf Ground, Lauderhill",1,21.2,21.2,United States of America,Canada,SR Mukkamalla,SK Patel,Saad Bin Zafar,1,0,,,,,,,,,,,,,
1482564,2025,2025-05-17,"Central Broward Regional Park Stadium Turf Ground, Lauderhill",1,21.3,21.3,United States of America,Canada,SK Patel,SR Mukkamalla,Saad Bin Zafar,1,0,,,,,,,,,,,,,
1482564,2025,2025-05-17,"Central Broward Regional Park Stadium Turf Ground, Lauderhill",1,21.4,21.4,United States of America,Canada,SR Mukkamalla,SK Patel,Saad Bin Zafar,0,0,,,,,,,,,,,,,
1482564,2025,2025-05-17,"Central Broward Regional Park Stadium Turf Ground, Lauderhill",1,21.5,21.5,United States of America,Canada,SR Mukkamalla,SK Patel,Saad Bin Zafar,0,0,,,,,,,,,,,,,
1482564,2025,2025-05-17,"Central Broward Regional Park Stadium Turf Ground, Lauderhill",1,21.6,21.6,United States of America,Canada,SR Mukkamalla,SK Patel,Saad Bin Zafar,1,0,,,,,,,,,,,,,
1482564,2025,2025-05-17,"Central Broward Regional Park Stadium Turf Ground, Lauderhill",1,22.1,22.1,United States of America,Canada,SR Mukkamalla,SK Patel,H Thaker,1,0,,,,,,,,,,,,,
1482564,2025,2025-05-17,"Central Broward Regional Park Stadium Turf Ground, Lauderhill",1,22.2,22.2,United States of America,Canada,SK Patel,SR Mukkamalla,H Thaker,0,0,,,,,,,,,,,,,
1482564,2025,2025-05-17,"Central Broward Regional Park Stadium Turf Ground, Lauderhill",1,22.3,22.3,United States of America,Canada,SK Patel,SR Mukkamalla,H Thaker,0,0,,,,,,,,,,,,,
1482564,2025,2025-05-17,"Central Broward Regional Park Stadium Turf Ground, Lauderhill",1,22.4,22.4,United States of America,Canada,SK Patel,SR Mukkamalla,H Thaker,0,0,,,,,,,,,,,,,
1482564,2025,2025-05-17,"Central Broward Regional Park Stadium Turf Ground, Lauderhill",1,22.5,22.5,United States of America,Canada,SK Patel,SR Mukkamalla,H Thaker,1,0,,,,,,,,,,,,,
1482564,2025,2025-05-17,"Central Broward Regional Park Stadium Turf Ground, Lauderhill",1,22.6,22.6,United States of America,Canada,SR Mukkamalla,SK Patel,H Thaker,1,0,,,,,,,,,,,,,
1482564,2025,2025-05-17,"Central Broward Regional Park Stadium Turf Ground, Lauderhill",1,23.1,23.1,United States of America,Canada,SR Mukkamalla,SK Patel,Saad Bin Zafar,0,0,,,,,,,,,,,,,
1482564,2025,2025-05-17,"Central Broward Regional Park Stadium Turf Ground, Lauderhill",1,23.2,23.2,United States of America,Canada,SR Mukkamalla,SK Patel,Saad Bin Zafar,1,0,,,,,,,,,,,,,
1482564,2025,2025-05-17,"Central Broward Regional Park Stadium Turf Ground, Lauderhill",1,23.3,23.3,United States of America,Canada,SK Patel,SR Mukkamalla,Saad Bin Zafar,1,0,,,,,,,,,,,,,
1482564,2025,2025-05-17,"Central Broward Regional Park Stadium Turf Ground, Lauderhill",1,23.4,23.4,United States of America,Canada,SR Mukkamalla,SK Patel,Saad Bin Zafar,1,0,,,,,,,,,,,,,
1482564,2025,2025-05-17,"Central Broward Regional Park Stadium Turf Ground, Lauderhill",1,23.5,23.5,United States of America,Canada,SK Patel,SR Mukkamalla,Saad Bin Zafar,0,0,,,,,,,,,,,,,
1482564,2025,2025-05-17,"Central Broward Regional Park Stadium Turf Ground, Lauderhill",1,23.6,23.6,United States of America,Canada,SK Patel,SR Mukkamalla,Saad Bin Zafar,1,0,,,,,,,,,,,,,
1482564,2025,2025-05-17,"Central Broward Regional Park Stadium Turf Ground, Lauderhill",1,24.1,24.1,United States of America,Canada,SK Patel,SR Mukkamalla,H Thaker,1,0,,,,,,,,,,,,,
1482564,2025,2025-05-17,"Central Broward Regional Park Stadium Turf Ground, Lauderhill",1,24.2,24.2,United States of America,Canada,SR Mukkamalla,SK Patel,H Thaker,1,0,,,,,,,,,,,,,
1482564,2025,2025-05-17,"Central Broward Regional Park Stadium Turf Ground, Lauderhill",1,24.3,24.3,United States of America,Canada,SK Patel,SR Mukkamalla,H Thaker,1,0,,,,,,,,,,,,,
1482564,2025,2025-05-17,"Central Broward Regional Park Stadium Turf Ground, Lauderhill",1,24.4,24.4,United States of America,Canada,SR Mukkamalla,SK Patel,H Thaker,1,0,,,,,,,,,,,,,
1482564,2025,2025-05-17,"Central Broward Regional Park Stadium Turf Ground, Lauderhill",1,24.5,24.5,United States of America,Canada,SK Patel,SR Mukkamalla,H Thaker,1,0,,,,,,,,,,,,,
1482564,2025,2025-05-17,"Central Broward Regional Park Stadium Turf Ground, Lauderhill",1,24.6,24.6,United States of America,Canada,SR Mukkamalla,SK Patel,H Thaker,0,0,,,,,,,,,,,,,
1482564,2025,2025-05-17,"Central Broward Regional Park Stadium Turf Ground, Lauderhill",1,25.1,25.1,United States of America,Canada,SK Patel,SR Mukkamalla,Saad Bin Zafar,1,0,,,,,,,,,,,,,
1482564,2025,2025-05-17,"Central Broward Regional Park Stadium Turf Ground, Lauderhill",1,25.2,25.2,United States of America,Canada,SR Mukkamalla,SK Patel,Saad Bin Zafar,0,0,,,,,,,,,,,,,
1482564,2025,2025-05-17,"Central Broward Regional Park Stadium Turf Ground, Lauderhill",1,25.3,25.3,United States of America,Canada,SR Mukkamalla,SK Patel,Saad Bin Zafar,0,0,,,,,,,,,,,,,
1482564,2025,2025-05-17,"Central Broward Regional Park Stadium Turf Ground, Lauderhill",1,25.4,25.4,United States of America,Canada,SR Mukkamalla,SK Patel,Saad Bin Zafar,1,0,,,,,,,,,,,,,
1482564,2025,2025-05-17,"Central Broward Regional Park Stadium Turf Ground, Lauderhill",1,25.5,25.5,United States of America,Canada,SK Patel,SR Mukkamalla,Saad Bin Zafar,1,0,,,,,,,,,,,,,
1482564,2025,2025-05-17,"Central Broward Regional Park Stadium Turf Ground, Lauderhill",1,25.6,25.6,United States of America,Canada,SR Mukkamalla,SK Patel,Saad Bin Zafar,0,0,,,,,,,,,,,,,
1482564,2025,2025-05-17,"Central Broward Regional Park Stadium Turf Ground, Lauderhill",1,26.1,26.1,United States of America,Canada,SK Patel,SR Mukkamalla,H Thaker,0,0,,,,,,,,,,,,,
1482564,2025,2025-05-17,"Central Broward Regional Park Stadium Turf Ground, Lauderhill",1,26.2,26.2,United States of America,Canada,SK Patel,SR Mukkamalla,H Thaker,1,0,,,,,,,,,,,,,
1482564,2025,2025-05-17,"Central Broward Regional Park Stadium Turf Ground, Lauderhill",1,26.3,26.3,United States of America,Canada,SR Mukkamalla,SK Patel,H Thaker,1,0,,,,,,,,,,,,,
1482564,2025,2025-05-17,"Central Broward Regional Park Stadium Turf Ground, Lauderhill",1,26.4,26.4,United States of America,Canada,SK Patel,SR Mukkamalla,H Thaker,1,0,,,,,,,,,,,,,
1482564,2025,2025-05-17,"Central Broward Regional Park Stadium Turf Ground, Lauderhill",1,26.5,26.5,United States of America,Canada,SR Mukkamalla,SK Patel,H Thaker,0,0,,,,,,,,,,,,,
1482564,2025,2025-05-17,"Central Broward Regional Park Stadium Turf Ground, Lauderhill",1,26.6,26.6,United States of America,Canada,SR Mukkamalla,SK Patel,H Thaker,0,0,,,,,,,,,,,,,
1482564,2025,2025-05-17,"Central Broward Regional Park Stadium Turf Ground, Lauderhill",1,27.1,27.1,United States of America,Canada,SK Patel,SR Mukkamalla,Saad Bin Zafar,2,0,,,,,,,,,,,,,
1482564,2025,2025-05-17,"Central Broward Regional Park Stadium Turf Ground, Lauderhill",1,27.2,27.2,United States of America,Canada,SK Patel,SR Mukkamalla,Saad Bin Zafar,1,0,,,,,,,,,,,,,
1482564,2025,2025-05-17,"Central Broward Regional Park Stadium Turf Ground, Lauderhill",1,27.3,27.3,United States of America,Canada,SR Mukkamalla,SK Patel,Saad Bin Zafar,1,0,,,,,,,,,,,,,
1482564,2025,2025-05-17,"Central Broward Regional Park Stadium Turf Ground, Lauderhill",1,27.4,27.4,United States of America,Canada,SK Patel,SR Mukkamalla,Saad Bin Zafar,1,0,,,,,,,,,,,,,
1482564,2025,2025-05-17,"Central Broward Regional Park Stadium Turf Ground, Lauderhill",1,27.5,27.5,United States of America,Canada,SR Mukkamalla,SK Patel,Saad Bin Zafar,1,0,,,,,,,,,,,,,
1482564,2025,2025-05-17,"Central Broward Regional Park Stadium Turf Ground, Lauderhill",1,27.6,27.6,United States of America,Canada,SK Patel,SR Mukkamalla,Saad Bin Zafar,0,0,,,,,,,,,,,,,
1482564,2025,2025-05-17,"Central Broward Regional Park Stadium Turf Ground, Lauderhill",1,28.1,28.1,United States of America,Canada,SR Mukkamalla,SK Patel,H Thaker,1,0,,,,,,,,,,,,,
1482564,2025,2025-05-17,"Central Broward Regional Park Stadium Turf Ground, Lauderhill",1,28.2,28.2,United States of America,Canada,SK Patel,SR Mukkamalla,H Thaker,2,0,,,,,,,,,,,,,
1482564,2025,2025-05-17,"Central Broward Regional Park Stadium Turf Ground, Lauderhill",1,28.3,28.3,United States of America,Canada,SK Patel,SR Mukkamalla,H Thaker,2,0,,,,,,,,,,,,,
1482564,2025,2025-05-17,"Central Broward Regional Park Stadium Turf Ground, Lauderhill",1,28.4,28.4,United States of America,Canada,SK Patel,SR Mukkamalla,H Thaker,0,0,,,,,,,,,,,,,
1482564,2025,2025-05-17,"Central Broward Regional Park Stadium Turf Ground, Lauderhill",1,28.5,28.5,United States of America,Canada,SK Patel,SR Mukkamalla,H Thaker,0,0,,,,,,,,,,,,,
1482564,2025,2025-05-17,"Central Broward Regional Park Stadium Turf Ground, Lauderhill",1,28.6,28.6,United States of America,Canada,SK Patel,SR Mukkamalla,H Thaker,2,0,,,,,,,,,,,,,
1482564,2025,2025-05-17,"Central Broward Regional Park Stadium Turf Ground, Lauderhill",1,29.1,29.1,United States of America,Canada,SR Mukkamalla,SK Patel,Saad Bin Zafar,0,0,,,,,,,caught,SR Mukkamalla,,,Parveen Kumar,,
1482564,2025,2025-05-17,"Central Broward Regional Park Stadium Turf Ground, Lauderhill",1,29.2,29.2,United States of America,Canada,Milind Kumar,SK Patel,Saad Bin Zafar,0,0,,,,,,,,,,,,,
1482564,2025,2025-05-17,"Central Broward Regional Park Stadium Turf Ground, Lauderhill",1,29.3,29.3,United States of America,Canada,Milind Kumar,SK Patel,Saad Bin Zafar,0,0,,,,,,,,,,,,,
1482564,2025,2025-05-17,"Central Broward Regional Park Stadium Turf Ground, Lauderhill",1,29.4,29.4,United States of America,Canada,Milind Kumar,SK Patel,Saad Bin Zafar,1,0,,,,,,,,,,,,,
1482564,2025,2025-05-17,"Central Broward Regional Park Stadium Turf Ground, Lauderhill",1,29.5,29.5,United States of America,Canada,SK Patel,Milind Kumar,Saad Bin Zafar,1,0,,,,,,,,,,,,,
1482564,2025,2025-05-17,"Central Broward Regional Park Stadium Turf Ground, Lauderhill",1,29.6,29.6,United States of America,Canada,Milind Kumar,SK Patel,Saad Bin Zafar,1,0,,,,,,,,,,,,,
1482564,2025,2025-05-17,"Central Broward Regional Park Stadium Turf Ground, Lauderhill",1,30.1,30.1,United States of America,Canada,Milind Kumar,SK Patel,Kaleem Sana,1,0,,,,,,,,,,,,,
1482564,2025,2025-05-17,"Central Broward Regional Park Stadium Turf Ground, Lauderhill",1,30.2,30.2,United States of America,Canada,SK Patel,Milind Kumar,Kaleem Sana,4,0,,,,,,,,,,,,,
1482564,2025,2025-05-17,"Central Broward Regional Park Stadium Turf Ground, Lauderhill",1,30.3,30.3,United States of America,Canada,SK Patel,Milind Kumar,Kaleem Sana,4,0,,,,,,,,,,,,,
1482564,2025,2025-05-17,"Central Broward Regional Park Stadium Turf Ground, Lauderhill",1,30.4,30.4,United States of America,Canada,SK Patel,Milind Kumar,Kaleem Sana,1,0,,,,,,,,,,,,,
1482564,2025,2025-05-17,"Central Broward Regional Park Stadium Turf Ground, Lauderhill",1,30.5,30.5,United States of America,Canada,Milind Kumar,SK Patel,Kaleem Sana,0,0,,,,,,,,,,,,,
1482564,2025,2025-05-17,"Central Broward Regional Park Stadium Turf Ground, Lauderhill",1,30.6,30.6,United States of America,Canada,Milind Kumar,SK Patel,Kaleem Sana,0,0,,,,,,,,,,,,,
1482564,2025,2025-05-17,"Central Broward Regional Park Stadium Turf Ground, Lauderhill",1,31.1,31.1,United States of America,Canada,SK Patel,Milind Kumar,Saad Bin Zafar,1,0,,,,,,,,,,,,,
1482564,2025,2025-05-17,"Central Broward Regional Park Stadium Turf Ground, Lauderhill",1,31.2,31.2,United States of America,Canada,Milind Kumar,SK Patel,Saad Bin Zafar,1,0,,,,,,,,,,,,,
1482564,2025,2025-05-17,"Central Broward Regional Park Stadium Turf Ground, Lauderhill",1,31.3,31.3,United States of America,Canada,SK Patel,Milind Kumar,Saad Bin Zafar,2,0,,,,,,,,,,,,,
1482564,2025,2025-05-17,"Central Broward Regional Park Stadium Turf Ground, Lauderhill",1,31.4,31.4,United States of America,Canada,SK Patel,Milind Kumar,Saad Bin Zafar,0,0,,,,,,,,,,,,,
1482564,2025,2025-05-17,"Central Broward Regional Park Stadium Turf Ground, Lauderhill",1,31.5,31.5,United States of America,Canada,SK Patel,Milind Kumar,Saad Bin Zafar,4,0,,,,,,,,,,,,,
1482564,2025,2025-05-17,"Central Broward Regional Park Stadium Turf Ground, Lauderhill",1,31.6,31.6,United States of America,Canada,SK Patel,Milind Kumar,Saad Bin Zafar,1,0,,,,,,,,,,,,,
1482564,2025,2025-05-17,"Central Broward Regional Park Stadium Turf Ground, Lauderhill",1,32.1,32.1,United States of America,Canada,SK Patel,Milind Kumar,Kaleem Sana,1,0,,,,,,,,,,,,,
1482564,2025,2025-05-17,"Central Broward Regional Park Stadium Turf Ground, Lauderhill",1,32.2,32.2,United States of America,Canada,Milind Kumar,SK Patel,Kaleem Sana,2,0,,,,,,,,,,,,,
1482564,2025,2025-05-17,"Central Broward Regional Park Stadium Turf Ground, Lauderhill",1,32.3,32.3,United States of America,Canada,Milind Kumar,SK Patel,Kaleem Sana,1,0,,,,,,,,,,,,,
1482564,2025,2025-05-17,"Central Broward Regional Park Stadium Turf Ground, Lauderhill",1,32.4,32.4,United States of America,Canada,SK Patel,Milind Kumar,Kaleem Sana,0,0,,,,,,,,,,,,,
1482564,2025,2025-05-17,"Central Broward Regional Park Stadium Turf Ground, Lauderhill",1,32.5,32.5,United States of America,Canada,SK Patel,Milind Kumar,Kaleem Sana,0,0,,,,,,,,,,,,,
1482564,2025,2025-05-17,"Central Broward Regional Park Stadium Turf Ground, Lauderhill",1,32.6,32.6,United States of America,Canada,SK Patel,Milind Kumar,Kaleem Sana,0,0,,,,,,,,,,,,,
1482564,2025,2025-05-17,"Central Broward Regional Park Stadium Turf Ground, Lauderhill",1,33.1,33.1,United States of America,Canada,Milind Kumar,SK Patel,H Thaker,0,0,,,,,,,,,,,,,
1482564,2025,2025-05-17,"Central Broward Regional Park Stadium Turf Ground, Lauderhill",1,33.2,33.2,United States of America,Canada,Milind Kumar,SK Patel,H Thaker,1,0,,,,,,,,,,,,,
1482564,2025,2025-05-17,"Central Broward Regional Park Stadium Turf Ground, Lauderhill",1,33.3,33.3,United States of America,Canada,SK Patel,Milind Kumar,H Thaker,0,0,,,,,,,,,,,,,
1482564,2025,2025-05-17,"Central Broward Regional Park Stadium Turf Ground, Lauderhill",1,33.4,33.4,United States of America,Canada,SK Patel,Milind Kumar,H Thaker,0,0,,,,,,,,,,,,,
1482564,2025,2025-05-17,"Central Broward Regional Park Stadium Turf Ground, Lauderhill",1,33.5,33.5,United States of America,Canada,SK Patel,Milind Kumar,H Thaker,1,0,,,,,,,,,,,,,
1482564,2025,2025-05-17,"Central Broward Regional Park Stadium Turf Ground, Lauderhill",1,33.6,33.6,United States of America,Canada,Milind Kumar,SK Patel,H Thaker,0,0,,,,,,,,,,,,,
1482564,2025,2025-05-17,"Central Broward Regional Park Stadium Turf Ground, Lauderhill",1,34.1,34.1,United States of America,Canada,SK Patel,Milind Kumar,D Heyliger,0,0,,,,,,,,,,,,,
1482564,2025,2025-05-17,"Central Broward Regional Park Stadium Turf Ground, Lauderhill",1,34.2,34.2,United States of America,Canada,SK Patel,Milind Kumar,D Heyliger,4,0,,,,,,,,,,,,,
1482564,2025,2025-05-17,"Central Broward Regional Park Stadium Turf Ground, Lauderhill",1,34.3,34.3,United States of America,Canada,SK Patel,Milind Kumar,D Heyliger,1,0,,,,,,,,,,,,,
1482564,2025,2025-05-17,"Central Broward Regional Park Stadium Turf Ground, Lauderhill",1,34.4,34.4,United States of America,Canada,Milind Kumar,SK Patel,D Heyliger,1,0,,,,,,,,,,,,,
1482564,2025,2025-05-17,"Central Broward Regional Park Stadium Turf Ground, Lauderhill",1,34.5,34.5,United States of America,Canada,SK Patel,Milind Kumar,D Heyliger,0,0,,,,,,,,,,,,,
1482564,2025,2025-05-17,"Central Broward Regional Park Stadium Turf Ground, Lauderhill",1,34.6,34.6,United States of America,Canada,SK Patel,Milind Kumar,D Heyliger,1,0,,,,,,,,,,,,,
1482564,2025,2025-05-17,"Central Broward Regional Park Stadium Turf Ground, Lauderhill",1,35.1,35.1,United States of America,Canada,SK Patel,Milind Kumar,H Thaker,1,0,,,,,,,,,,,,,
1482564,2025,2025-05-17,"Central Broward Regional Park Stadium Turf Ground, Lauderhill",1,35.2,35.2,United States of America,Canada,Milind Kumar,SK Patel,H Thaker,1,0,,,,,,,,,,,,,
1482564,2025,2025-05-17,"Central Broward Regional Park Stadium Turf Ground, Lauderhill",1,35.3,35.3,United States of America,Canada,SK Patel,Milind Kumar,H Thaker,4,0,,,,,,,,,,,,,
1482564,2025,2025-05-17,"Central Broward Regional Park Stadium Turf Ground, Lauderhill",1,35.4,35.4,United States of America,Canada,SK Patel,Milind Kumar,H Thaker,1,0,,,,,,,,,,,,,
1482564,2025,2025-05-17,"Central Broward Regional Park Stadium Turf Ground, Lauderhill",1,35.5,35.5,United States of America,Canada,Milind Kumar,SK Patel,H Thaker,1,0,,,,,,,,,,,,,
1482564,2025,2025-05-17,"Central Broward Regional Park Stadium Turf Ground, Lauderhill",1,35.6,35.6,United States of America,Canada,SK Patel,Milind Kumar,H Thaker,1,0,,,,,,,,,,,,,
1482564,2025,2025-05-17,"Central Broward Regional Park Stadium Turf Ground, Lauderhill",1,36.1,36.1,United States of America,Canada,SK Patel,Milind Kumar,D Heyliger,1,0,,,,,,,,,,,,,
1482564,2025,2025-05-17,"Central Broward Regional Park Stadium Turf Ground, Lauderhill",1,36.2,36.2,United States of America,Canada,Milind Kumar,SK Patel,D Heyliger,1,0,,,,,,,,,,,,,
1482564,2025,2025-05-17,"Central Broward Regional Park Stadium Turf Ground, Lauderhill",1,36.3,36.3,United States of America,Canada,SK Patel,Milind Kumar,D Heyliger,0,0,,,,,,,,,,,,,
1482564,2025,2025-05-17,"Central Broward Regional Park Stadium Turf Ground, Lauderhill",1,36.4,36.4,United States of America,Canada,SK Patel,Milind Kumar,D Heyliger,2,0,,,,,,,,,,,,,
1482564,2025,2025-05-17,"Central Broward Regional Park Stadium Turf Ground, Lauderhill",1,36.5,36.5,United States of America,Canada,SK Patel,Milind Kumar,D Heyliger,1,0,,,,,,,,,,,,,
1482564,2025,2025-05-17,"Central Broward Regional Park Stadium Turf Ground, Lauderhill",1,36.6,36.6,United States of America,Canada,Milind Kumar,SK Patel,D Heyliger,0,0,,,,,,,,,,,,,
1482564,2025,2025-05-17,"Central Broward Regional Park Stadium Turf Ground, Lauderhill",1,37.1,37.1,United States of America,Canada,SK Patel,Milind Kumar,Parveen Kumar,1,0,,,,,,,,,,,,,
1482564,2025,2025-05-17,"Central Broward Regional Park Stadium Turf Ground, Lauderhill",1,37.2,37.2,United States of America,Canada,Milind Kumar,SK Patel,Parveen Kumar,6,0,,,,,,,,,,,,,
1482564,2025,2025-05-17,"Central Broward Regional Park Stadium Turf Ground, Lauderhill",1,37.3,37.3,United States of America,Canada,Milind Kumar,SK Patel,Parveen Kumar,0,0,,,,,,,,,,,,,
1482564,2025,2025-05-17,"Central Broward Regional Park Stadium Turf Ground, Lauderhill",1,37.4,37.4,United States of America,Canada,Milind Kumar,SK Patel,Parveen Kumar,0,0,,,,,,,,,,,,,
1482564,2025,2025-05-17,"Central Broward Regional Park Stadium Turf Ground, Lauderhill",1,37.5,37.5,United States of America,Canada,Milind Kumar,SK Patel,Parveen Kumar,0,0,,,,,,,,,,,,,
1482564,2025,2025-05-17,"Central Broward Regional Park Stadium Turf Ground, Lauderhill",1,37.6,37.6,United States of America,Canada,Milind Kumar,SK Patel,Parveen Kumar,0,0,,,,,,,,,,,,,
1482564,2025,2025-05-17,"Central Broward Regional Park Stadium Turf Ground, Lauderhill",1,38.1,38.1,United States of America,Canada,SK Patel,Milind Kumar,D Heyliger,1,0,,,,,,,,,,,,,
1482564,2025,2025-05-17,"Central Broward Regional Park Stadium Turf Ground, Lauderhill",1,38.2,38.2,United States of America,Canada,Milind Kumar,SK Patel,D Heyliger,0,1,1,,,,,,,,,,,,
1482564,2025,2025-05-17,"Central Broward Regional Park Stadium Turf Ground, Lauderhill",1,38.3,38.2,United States of America,Canada,Milind Kumar,SK Patel,D Heyliger,1,0,,,,,,,,,,,,,
1482564,2025,2025-05-17,"Central Broward Regional Park Stadium Turf Ground, Lauderhill",1,38.4,38.3,United States of America,Canada,SK Patel,Milind Kumar,D Heyliger,0,0,,,,,,,,,,,,,
1482564,2025,2025-05-17,"Central Broward Regional Park Stadium Turf Ground, Lauderhill",1,38.5,38.4,United States of America,Canada,SK Patel,Milind Kumar,D Heyliger,2,0,,,,,,,,,,,,,
1482564,2025,2025-05-17,"Central Broward Regional Park Stadium Turf Ground, Lauderhill",1,38.6,38.5,United States of America,Canada,SK Patel,Milind Kumar,D Heyliger,1,0,,,,,,,,,,,,,
1482564,2025,2025-05-17,"Central Broward Regional Park Stadium Turf Ground, Lauderhill",1,38.7,38.6,United States of America,Canada,Milind Kumar,SK Patel,D Heyliger,0,0,,,,,,,,,,,,,
1482564,2025,2025-05-17,"Central Broward Regional Park Stadium Turf Ground, Lauderhill",1,39.1,39.1,United States of America,Canada,SK Patel,Milind Kumar,Parveen Kumar,0,0,,,,,,,,,,,,,
1482564,2025,2025-05-17,"Central Broward Regional Park Stadium Turf Ground, Lauderhill",1,39.2,39.2,United States of America,Canada,SK Patel,Milind Kumar,Parveen Kumar,4,0,,,,,,,,,,,,,
1482564,2025,2025-05-17,"Central Broward Regional Park Stadium Turf Ground, Lauderhill",1,39.3,39.3,United States of America,Canada,SK Patel,Milind Kumar,Parveen Kumar,1,0,,,,,,,,,,,,,
1482564,2025,2025-05-17,"Central Broward Regional Park Stadium Turf Ground, Lauderhill",1,39.4,39.4,United States of America,Canada,Milind Kumar,SK Patel,Parveen Kumar,4,0,,,,,,,,,,,,,
1482564,2025,2025-05-17,"Central Broward Regional Park Stadium Turf Ground, Lauderhill",1,39.5,39.5,United States of America,Canada,Milind Kumar,SK Patel,Parveen Kumar,0,0,,,,,,,,,,,,,
1482564,2025,2025-05-17,"Central Broward Regional Park Stadium Turf Ground, Lauderhill",1,39.6,39.6,United States of America,Canada,Milind Kumar,SK Patel,Parveen Kumar,4,0,,,,,,,,,,,,,
1482564,2025,2025-05-17,"Central Broward Regional Park Stadium Turf Ground, Lauderhill",1,40.1,40.1,United States of America,Canada,SK Patel,Milind Kumar,D Heyliger,0,0,,,,,,,,,,,,,
1482564,2025,2025-05-17,"Central Broward Regional Park Stadium Turf Ground, Lauderhill",1,40.2,40.2,United States of America,Canada,SK Patel,Milind Kumar,D Heyliger,1,0,,,,,,,,,,,,,
1482564,2025,2025-05-17,"Central Broward Regional Park Stadium Turf Ground, Lauderhill",1,40.3,40.3,United States of America,Canada,Milind Kumar,SK Patel,D Heyliger,2,0,,,,,,,,,,,,,
1482564,2025,2025-05-17,"Central Broward Regional Park Stadium Turf Ground, Lauderhill",1,40.4,40.4,United States of America,Canada,Milind Kumar,SK Patel,D Heyliger,0,0,,,,,,,,,,,,,
1482564,2025,2025-05-17,"Central Broward Regional Park Stadium Turf Ground, Lauderhill",1,40.5,40.5,United States of America,Canada,Milind Kumar,SK Patel,D Heyliger,0,0,,,,,,,,,,,,,
1482564,2025,2025-05-17,"Central Broward Regional Park Stadium Turf Ground, Lauderhill",1,40.6,40.6,United States of America,Canada,Milind Kumar,SK Patel,D Heyliger,1,0,,,,,,,,,,,,,
1482564,2025,2025-05-17,"Central Broward Regional Park Stadium Turf Ground, Lauderhill",1,41.1,41.1,United States of America,Canada,Milind Kumar,SK Patel,Shivam Sharma,0,0,,,,,,,,,,,,,
1482564,2025,2025-05-17,"Central Broward Regional Park Stadium Turf Ground, Lauderhill",1,41.2,41.2,United States of America,Canada,Milind Kumar,SK Patel,Shivam Sharma,4,0,,,,,,,,,,,,,
1482564,2025,2025-05-17,"Central Broward Regional Park Stadium Turf Ground, Lauderhill",1,41.3,41.3,United States of America,Canada,Milind Kumar,SK Patel,Shivam Sharma,4,0,,,,,,,,,,,,,
1482564,2025,2025-05-17,"Central Broward Regional Park Stadium Turf Ground, Lauderhill",1,41.4,41.4,United States of America,Canada,Milind Kumar,SK Patel,Shivam Sharma,1,0,,,,,,,,,,,,,
1482564,2025,2025-05-17,"Central Broward Regional Park Stadium Turf Ground, Lauderhill",1,41.5,41.5,United States of America,Canada,SK Patel,Milind Kumar,Shivam Sharma,1,0,,,,,,,,,,,,,
1482564,2025,2025-05-17,"Central Broward Regional Park Stadium Turf Ground, Lauderhill",1,41.6,41.6,United States of America,Canada,Milind Kumar,SK Patel,Shivam Sharma,2,0,,,,,,,,,,,,,
1482564,2025,2025-05-17,"Central Broward Regional Park Stadium Turf Ground, Lauderhill",1,42.1,42.1,United States of America,Canada,SK Patel,Milind Kumar,Saad Bin Zafar,2,0,,,,,,,,,,,,,
1482564,2025,2025-05-17,"Central Broward Regional Park Stadium Turf Ground, Lauderhill",1,42.2,42.2,United States of America,Canada,SK Patel,Milind Kumar,Saad Bin Zafar,6,0,,,,,,,,,,,,,
1482564,2025,2025-05-17,"Central Broward Regional Park Stadium Turf Ground, Lauderhill",1,42.3,42.3,United States of America,Canada,SK Patel,Milind Kumar,Saad Bin Zafar,0,0,,,,,,,,,,,,,
1482564,2025,2025-05-17,"Central Broward Regional Park Stadium Turf Ground, Lauderhill",1,42.4,42.4,United States of America,Canada,SK Patel,Milind Kumar,Saad Bin Zafar,1,0,,,,,,,,,,,,,
1482564,2025,2025-05-17,"Central Broward Regional Park Stadium Turf Ground, Lauderhill",1,42.5,42.5,United States of America,Canada,Milind Kumar,SK Patel,Saad Bin Zafar,4,0,,,,,,,,,,,,,
1482564,2025,2025-05-17,"Central Broward Regional Park Stadium Turf Ground, Lauderhill",1,42.6,42.6,United States of America,Canada,Milind Kumar,SK Patel,Saad Bin Zafar,1,0,,,,,,,,,,,,,
1482564,2025,2025-05-17,"Central Broward Regional Park Stadium Turf Ground, Lauderhill",1,43.1,43.1,United States of America,Canada,Milind Kumar,SK Patel,Shivam Sharma,1,0,,,,,,,,,,,,,
1482564,2025,2025-05-17,"Central Broward Regional Park Stadium Turf Ground, Lauderhill",1,43.2,43.2,United States of America,Canada,SK Patel,Milind Kumar,Shivam Sharma,1,0,,,,,,,,,,,,,
1482564,2025,2025-05-17,"Central Broward Regional Park Stadium Turf Ground, Lauderhill",1,43.3,43.3,United States of America,Canada,Milind Kumar,SK Patel,Shivam Sharma,0,0,,,,,,,,,,,,,
1482564,2025,2025-05-17,"Central Broward Regional Park Stadium Turf Ground, Lauderhill",1,43.4,43.4,United States of America,Canada,Milind Kumar,SK Patel,Shivam Sharma,1,0,,,,,,,,,,,,,
1482564,2025,2025-05-17,"Central Broward Regional Park Stadium Turf Ground, Lauderhill",1,43.5,43.5,United States of America,Canada,SK Patel,Milind Kumar,Shivam Sharma,6,0,,,,,,,,,,,,,
1482564,2025,2025-05-17,"Central Broward Regional Park Stadium Turf Ground, Lauderhill",1,43.6,43.6,United States of America,Canada,SK Patel,Milind Kumar,Shivam Sharma,1,0,,,,,,,,,,,,,
1482564,2025,2025-05-17,"Central Broward Regional Park Stadium Turf Ground, Lauderhill",1,44.1,44.1,United States of America,Canada,SK Patel,Milind Kumar,Kaleem Sana,1,0,,,,,,,,,,,,,
1482564,2025,2025-05-17,"Central Broward Regional Park Stadium Turf Ground, Lauderhill",1,44.2,44.2,United States of America,Canada,Milind Kumar,SK Patel,Kaleem Sana,0,0,,,,,,,,,,,,,
1482564,2025,2025-05-17,"Central Broward Regional Park Stadium Turf Ground, Lauderhill",1,44.3,44.3,United States of America,Canada,Milind Kumar,SK Patel,Kaleem Sana,2,0,,,,,,,,,,,,,
1482564,2025,2025-05-17,"Central Broward Regional Park Stadium Turf Ground, Lauderhill",1,44.4,44.4,United States of America,Canada,Milind Kumar,SK Patel,Kaleem Sana,4,0,,,,,,,,,,,,,
1482564,2025,2025-05-17,"Central Broward Regional Park Stadium Turf Ground, Lauderhill",1,44.5,44.5,United States of America,Canada,Milind Kumar,SK Patel,Kaleem Sana,0,0,,,,,,,,,,,,,
1482564,2025,2025-05-17,"Central Broward Regional Park Stadium Turf Ground, Lauderhill",1,44.6,44.6,United States of America,Canada,Milind Kumar,SK Patel,Kaleem Sana,4,0,,,,,,,,,,,,,
1482564,2025,2025-05-17,"Central Broward Regional Park Stadium Turf Ground, Lauderhill",1,45.1,45.1,United States of America,Canada,SK Patel,Milind Kumar,D Heyliger,1,0,,,,,,,,,,,,,
1482564,2025,2025-05-17,"Central Broward Regional Park Stadium Turf Ground, Lauderhill",1,45.2,45.2,United States of America,Canada,Milind Kumar,SK Patel,D Heyliger,1,0,,,,,,,,,,,,,
1482564,2025,2025-05-17,"Central Broward Regional Park Stadium Turf Ground, Lauderhill",1,45.3,45.3,United States of America,Canada,SK Patel,Milind Kumar,D Heyliger,1,0,,,,,,,,,,,,,
1482564,2025,2025-05-17,"Central Broward Regional Park Stadium Turf Ground, Lauderhill",1,45.4,45.4,United States of America,Canada,Milind Kumar,SK Patel,D Heyliger,2,0,,,,,,,,,,,,,
1482564,2025,2025-05-17,"Central Broward Regional Park Stadium Turf Ground, Lauderhill",1,45.5,45.5,United States of America,Canada,Milind Kumar,SK Patel,D Heyliger,0,0,,,,,,,,,,,,,
1482564,2025,2025-05-17,"Central Broward Regional Park Stadium Turf Ground, Lauderhill",1,45.6,45.6,United States of America,Canada,Milind Kumar,SK Patel,D Heyliger,4,0,,,,,,,,,,,,,
1482564,2025,2025-05-17,"Central Broward Regional Park Stadium Turf Ground, Lauderhill",1,46.1,46.1,United States of America,Canada,SK Patel,Milind Kumar,Kaleem Sana,0,0,,,,,,,,,,,,,
1482564,2025,2025-05-17,"Central Broward Regional Park Stadium Turf Ground, Lauderhill",1,46.2,46.2,United States of America,Canada,SK Patel,Milind Kumar,Kaleem Sana,6,0,,,,,,,,,,,,,
1482564,2025,2025-05-17,"Central Broward Regional Park Stadium Turf Ground, Lauderhill",1,46.3,46.3,United States of America,Canada,SK Patel,Milind Kumar,Kaleem Sana,0,1,,,,1,,,,,,,,,
1482564,2025,2025-05-17,"Central Broward Regional Park Stadium Turf Ground, Lauderhill",1,46.4,46.4,United States of America,Canada,Milind Kumar,SK Patel,Kaleem Sana,0,0,,,,,,,,,,,,,
1482564,2025,2025-05-17,"Central Broward Regional Park Stadium Turf Ground, Lauderhill",1,46.5,46.5,United States of America,Canada,Milind Kumar,SK Patel,Kaleem Sana,1,0,,,,,,,,,,,,,
1482564,2025,2025-05-17,"Central Broward Regional Park Stadium Turf Ground, Lauderhill",1,46.6,46.6,United States of America,Canada,SK Patel,Milind Kumar,Kaleem Sana,4,0,,,,,,,,,,,,,
1482564,2025,2025-05-17,"Central Broward Regional Park Stadium Turf Ground, Lauderhill",1,47.1,47.1,United States of America,Canada,Milind Kumar,SK Patel,D Heyliger,4,0,,,,,,,,,,,,,
1482564,2025,2025-05-17,"Central Broward Regional Park Stadium Turf Ground, Lauderhill",1,47.2,47.2,United States of America,Canada,Milind Kumar,SK Patel,D Heyliger,6,0,,,,,,,,,,,,,
1482564,2025,2025-05-17,"Central Broward Regional Park Stadium Turf Ground, Lauderhill",1,47.3,47.3,United States of America,Canada,Milind Kumar,SK Patel,D Heyliger,6,0,,,,,,,,,,,,,
1482564,2025,2025-05-17,"Central Broward Regional Park Stadium Turf Ground, Lauderhill",1,47.4,47.4,United States of America,Canada,Milind Kumar,SK Patel,D Heyliger,6,0,,,,,,,,,,,,,
1482564,2025,2025-05-17,"Central Broward Regional Park Stadium Turf Ground, Lauderhill",1,47.5,47.5,United States of America,Canada,Milind Kumar,SK Patel,D Heyliger,6,0,,,,,,,,,,,,,
1482564,2025,2025-05-17,"Central Broward Regional Park Stadium Turf Ground, Lauderhill",1,47.6,47.6,United States of America,Canada,Milind Kumar,SK Patel,D Heyliger,4,0,,,,,,,,,,,,,
1482564,2025,2025-05-17,"Central Broward Regional Park Stadium Turf Ground, Lauderhill",1,48.1,48.1,United States of America,Canada,SK Patel,Milind Kumar,Kaleem Sana,1,0,,,,,,,,,,,,,
1482564,2025,2025-05-17,"Central Broward Regional Park Stadium Turf Ground, Lauderhill",1,48.2,48.2,United States of America,Canada,Milind Kumar,SK Patel,Kaleem Sana,4,0,,,,,,,,,,,,,
1482564,2025,2025-05-17,"Central Broward Regional Park Stadium Turf Ground, Lauderhill",1,48.3,48.3,United States of America,Canada,Milind Kumar,SK Patel,Kaleem Sana,2,0,,,,,,,,,,,,,
1482564,2025,2025-05-17,"Central Broward Regional Park Stadium Turf Ground, Lauderhill",1,48.4,48.4,United States of America,Canada,Milind Kumar,SK Patel,Kaleem Sana,2,0,,,,,,,,,,,,,
1482564,2025,2025-05-17,"Central Broward Regional Park Stadium Turf Ground, Lauderhill",1,48.5,48.5,United States of America,Canada,Milind Kumar,SK Patel,Kaleem Sana,1,0,,,,,,,,,,,,,
1482564,2025,2025-05-17,"Central Broward Regional Park Stadium Turf Ground, Lauderhill",1,48.6,48.6,United States of America,Canada,SK Patel,Milind Kumar,Kaleem Sana,4,0,,,,,,,,,,,,,
1482564,2025,2025-05-17,"Central Broward Regional Park Stadium Turf Ground, Lauderhill",1,49.1,49.1,United States of America,Canada,Milind Kumar,SK Patel,H Thaker,2,0,,,,,,,,,,,,,
1482564,2025,2025-05-17,"Central Broward Regional Park Stadium Turf Ground, Lauderhill",1,49.2,49.2,United States of America,Canada,Milind Kumar,SK Patel,H Thaker,1,0,,,,,,,,,,,,,
1482564,2025,2025-05-17,"Central Broward Regional Park Stadium Turf Ground, Lauderhill",1,49.3,49.3,United States of America,Canada,SK Patel,Milind Kumar,H Thaker,6,0,,,,,,,,,,,,,
1482564,2025,2025-05-17,"Central Broward Regional Park Stadium Turf Ground, Lauderhill",1,49.4,49.4,United States of America,Canada,SK Patel,Milind Kumar,H Thaker,1,0,,,,,,,,,,,,,
1482564,2025,2025-05-17,"Central Broward Regional Park Stadium Turf Ground, Lauderhill",1,49.5,49.5,United States of America,Canada,Milind Kumar,SK Patel,H Thaker,4,0,,,,,,,,,,,,,
1482564,2025,2025-05-17,"Central Broward Regional Park Stadium Turf Ground, Lauderhill",1,49.6,49.6,United States of America,Canada,Milind Kumar,SK Patel,H Thaker,1,0,,,,,,,,,,,,,
1482564,2025,2025-05-17,"Central Broward Regional Park Stadium Turf Ground, Lauderhill",2,0.1,0.1,Canada,United States of America,YS Samra,NS Dhaliwal,SN Netravalkar,0,0,,,,,,,,,,,,,
1482564,2025,2025-05-17,"Central Broward Regional Park Stadium Turf Ground, Lauderhill",2,0.2,0.2,Canada,United States of America,YS Samra,NS Dhaliwal,SN Netravalkar,4,0,,,,,,,,,,,,,
1482564,2025,2025-05-17,"Central Broward Regional Park Stadium Turf Ground, Lauderhill",2,0.3,0.3,Canada,United States of America,YS Samra,NS Dhaliwal,SN Netravalkar,1,0,,,,,,,,,,,,,
1482564,2025,2025-05-17,"Central Broward Regional Park Stadium Turf Ground, Lauderhill",2,0.4,0.4,Canada,United States of America,NS Dhaliwal,YS Samra,SN Netravalkar,4,0,,,,,,,,,,,,,
1482564,2025,2025-05-17,"Central Broward Regional Park Stadium Turf Ground, Lauderhill",2,0.5,0.5,Canada,United States of America,NS Dhaliwal,YS Samra,SN Netravalkar,1,0,,,,,,,,,,,,,
1482564,2025,2025-05-17,"Central Broward Regional Park Stadium Turf Ground, Lauderhill",2,0.6,0.6,Canada,United States of America,YS Samra,NS Dhaliwal,SN Netravalkar,0,0,,,,,,,,,,,,,
1482564,2025,2025-05-17,"Central Broward Regional Park Stadium Turf Ground, Lauderhill",2,1.1,1.1,Canada,United States of America,NS Dhaliwal,YS Samra,NP Kenjige,0,0,,,,,,,,,,,,,
1482564,2025,2025-05-17,"Central Broward Regional Park Stadium Turf Ground, Lauderhill",2,1.2,1.2,Canada,United States of America,NS Dhaliwal,YS Samra,NP Kenjige,0,0,,,,,,,,,,,,,
1482564,2025,2025-05-17,"Central Broward Regional Park Stadium Turf Ground, Lauderhill",2,1.3,1.3,Canada,United States of America,NS Dhaliwal,YS Samra,NP Kenjige,1,0,,,,,,,,,,,,,
1482564,2025,2025-05-17,"Central Broward Regional Park Stadium Turf Ground, Lauderhill",2,1.4,1.4,Canada,United States of America,YS Samra,NS Dhaliwal,NP Kenjige,0,0,,,,,,,,,,,,,
1482564,2025,2025-05-17,"Central Broward Regional Park Stadium Turf Ground, Lauderhill",2,1.5,1.5,Canada,United States of America,YS Samra,NS Dhaliwal,NP Kenjige,0,0,,,,,,,,,,,,,
1482564,2025,2025-05-17,"Central Broward Regional Park Stadium Turf Ground, Lauderhill",2,1.6,1.6,Canada,United States of America,YS Samra,NS Dhaliwal,NP Kenjige,0,0,,,,,,,,,,,,,
1482564,2025,2025-05-17,"Central Broward Regional Park Stadium Turf Ground, Lauderhill",2,2.1,2.1,Canada,United States of America,NS Dhaliwal,YS Samra,SN Netravalkar,0,0,,,,,,,,,,,,,
1482564,2025,2025-05-17,"Central Broward Regional Park Stadium Turf Ground, Lauderhill",2,2.2,2.2,Canada,United States of America,NS Dhaliwal,YS Samra,SN Netravalkar,1,0,,,,,,,,,,,,,
1482564,2025,2025-05-17,"Central Broward Regional Park Stadium Turf Ground, Lauderhill",2,2.3,2.3,Canada,United States of America,YS Samra,NS Dhaliwal,SN Netravalkar,0,0,,,,,,,,,,,,,
1482564,2025,2025-05-17,"Central Broward Regional Park Stadium Turf Ground, Lauderhill",2,2.4,2.4,Canada,United States of America,YS Samra,NS Dhaliwal,SN Netravalkar,1,0,,,,,,,,,,,,,
1482564,2025,2025-05-17,"Central Broward Regional Park Stadium Turf Ground, Lauderhill",2,2.5,2.5,Canada,United States of America,NS Dhaliwal,YS Samra,SN Netravalkar,0,0,,,,,,,,,,,,,
1482564,2025,2025-05-17,"Central Broward Regional Park Stadium Turf Ground, Lauderhill",2,2.6,2.6,Canada,United States of America,NS Dhaliwal,YS Samra,SN Netravalkar,0,0,,,,,,,,,,,,,
1482564,2025,2025-05-17,"Central Broward Regional Park Stadium Turf Ground, Lauderhill",2,3.1,3.1,Canada,United States of America,YS Samra,NS Dhaliwal,NP Kenjige,0,0,,,,,,,,,,,,,
1482564,2025,2025-05-17,"Central Broward Regional Park Stadium Turf Ground, Lauderhill",2,3.2,3.2,Canada,United States of America,YS Samra,NS Dhaliwal,NP Kenjige,4,0,,,,,,,,,,,,,
1482564,2025,2025-05-17,"Central Broward Regional Park Stadium Turf Ground, Lauderhill",2,3.3,3.3,Canada,United States of America,YS Samra,NS Dhaliwal,NP Kenjige,0,1,1,,,,,,,,,,,,
1482564,2025,2025-05-17,"Central Broward Regional Park Stadium Turf Ground, Lauderhill",2,3.4,3.3,Canada,United States of America,YS Samra,NS Dhaliwal,NP Kenjige,0,0,,,,,,,,,,,,,
1482564,2025,2025-05-17,"Central Broward Regional Park Stadium Turf Ground, Lauderhill",2,3.5,3.4,Canada,United States of America,YS Samra,NS Dhaliwal,NP Kenjige,1,0,,,,,,,,,,,,,
1482564,2025,2025-05-17,"Central Broward Regional Park Stadium Turf Ground, Lauderhill",2,3.6,3.5,Canada,United States of America,NS Dhaliwal,YS Samra,NP Kenjige,0,0,,,,,,,,,,,,,
1482564,2025,2025-05-17,"Central Broward Regional Park Stadium Turf Ground, Lauderhill",2,3.7,3.6,Canada,United States of America,NS Dhaliwal,YS Samra,NP Kenjige,1,0,,,,,,,,,,,,,
1482564,2025,2025-05-17,"Central Broward Regional Park Stadium Turf Ground, Lauderhill",2,4.1,4.1,Canada,United States of America,NS Dhaliwal,YS Samra,SN Netravalkar,0,0,,,,,,,,,,,,,
1482564,2025,2025-05-17,"Central Broward Regional Park Stadium Turf Ground, Lauderhill",2,4.2,4.2,Canada,United States of America,NS Dhaliwal,YS Samra,SN Netravalkar,0,0,,,,,,,,,,,,,
1482564,2025,2025-05-17,"Central Broward Regional Park Stadium Turf Ground, Lauderhill",2,4.3,4.3,Canada,United States of America,NS Dhaliwal,YS Samra,SN Netravalkar,0,0,,,,,,,,,,,,,
1482564,2025,2025-05-17,"Central Broward Regional Park Stadium Turf Ground, Lauderhill",2,4.4,4.4,Canada,United States of America,NS Dhaliwal,YS Samra,SN Netravalkar,1,0,,,,,,,,,,,,,
1482564,2025,2025-05-17,"Central Broward Regional Park Stadium Turf Ground, Lauderhill",2,4.5,4.5,Canada,United States of America,YS Samra,NS Dhaliwal,SN Netravalkar,1,0,,,,,,,,,,,,,
1482564,2025,2025-05-17,"Central Broward Regional Park Stadium Turf Ground, Lauderhill",2,4.6,4.6,Canada,United States of America,NS Dhaliwal,YS Samra,SN Netravalkar,0,0,,,,,,,,,,,,,
1482564,2025,2025-05-17,"Central Broward Regional Park Stadium Turf Ground, Lauderhill",2,5.1,5.1,Canada,United States of America,YS Samra,NS Dhaliwal,NP Kenjige,1,0,,,,,,,,,,,,,
1482564,2025,2025-05-17,"Central Broward Regional Park Stadium Turf Ground, Lauderhill",2,5.2,5.2,Canada,United States of America,NS Dhaliwal,YS Samra,NP Kenjige,0,0,,,,,,,,,,,,,
1482564,2025,2025-05-17,"Central Broward Regional Park Stadium Turf Ground, Lauderhill",2,5.3,5.3,Canada,United States of America,NS Dhaliwal,YS Samra,NP Kenjige,0,0,,,,,,,bowled,NS Dhaliwal,,,,,
1482564,2025,2025-05-17,"Central Broward Regional Park Stadium Turf Ground, Lauderhill",2,5.4,5.4,Canada,United States of America,Pargat Singh,YS Samra,NP Kenjige,1,0,,,,,,,,,,,,,
1482564,2025,2025-05-17,"Central Broward Regional Park Stadium Turf Ground, Lauderhill",2,5.5,5.5,Canada,United States of America,YS Samra,Pargat Singh,NP Kenjige,1,0,,,,,,,,,,,,,
1482564,2025,2025-05-17,"Central Broward Regional Park Stadium Turf Ground, Lauderhill",2,5.6,5.6,Canada,United States of America,Pargat Singh,YS Samra,NP Kenjige,0,1,,,,1,,,,,,,,,
1482564,2025,2025-05-17,"Central Broward Regional Park Stadium Turf Ground, Lauderhill",2,6.1,6.1,Canada,United States of America,Pargat Singh,YS Samra,SN Netravalkar,0,0,,,,,,,,,,,,,
1482564,2025,2025-05-17,"Central Broward Regional Park Stadium Turf Ground, Lauderhill",2,6.2,6.2,Canada,United States of America,Pargat Singh,YS Samra,SN Netravalkar,2,0,,,,,,,,,,,,,
1482564,2025,2025-05-17,"Central Broward Regional Park Stadium Turf Ground, Lauderhill",2,6.3,6.3,Canada,United States of America,Pargat Singh,YS Samra,SN Netravalkar,0,0,,,,,,,,,,,,,
1482564,2025,2025-05-17,"Central Broward Regional Park Stadium Turf Ground, Lauderhill",2,6.4,6.4,Canada,United States of America,Pargat Singh,YS Samra,SN Netravalkar,0,0,,,,,,,,,,,,,
1482564,2025,2025-05-17,"Central Broward Regional Park Stadium Turf Ground, Lauderhill",2,6.5,6.5,Canada,United States of America,Pargat Singh,YS Samra,SN Netravalkar,0,0,,,,,,,,,,,,,
1482564,2025,2025-05-17,"Central Broward Regional Park Stadium Turf Ground, Lauderhill",2,6.6,6.6,Canada,United States of America,Pargat Singh,YS Samra,SN Netravalkar,0,0,,,,,,,,,,,,,
1482564,2025,2025-05-17,"Central Broward Regional Park Stadium Turf Ground, Lauderhill",2,7.1,7.1,Canada,United States of America,YS Samra,Pargat Singh,NP Kenjige,0,0,,,,,,,,,,,,,
1482564,2025,2025-05-17,"Central Broward Regional Park Stadium Turf Ground, Lauderhill",2,7.2,7.2,Canada,United States of America,YS Samra,Pargat Singh,NP Kenjige,0,0,,,,,,,,,,,,,
1482564,2025,2025-05-17,"Central Broward Regional Park Stadium Turf Ground, Lauderhill",2,7.3,7.3,Canada,United States of America,YS Samra,Pargat Singh,NP Kenjige,4,0,,,,,,,,,,,,,
1482564,2025,2025-05-17,"Central Broward Regional Park Stadium Turf Ground, Lauderhill",2,7.4,7.4,Canada,United States of America,YS Samra,Pargat Singh,NP Kenjige,0,0,,,,,,,,,,,,,
1482564,2025,2025-05-17,"Central Broward Regional Park Stadium Turf Ground, Lauderhill",2,7.5,7.5,Canada,United States of America,YS Samra,Pargat Singh,NP Kenjige,1,0,,,,,,,,,,,,,
1482564,2025,2025-05-17,"Central Broward Regional Park Stadium Turf Ground, Lauderhill",2,7.6,7.6,Canada,United States of America,Pargat Singh,YS Samra,NP Kenjige,0,0,,,,,,,,,,,,,
1482564,2025,2025-05-17,"Central Broward Regional Park Stadium Turf Ground, Lauderhill",2,8.1,8.1,Canada,United States of America,YS Samra,Pargat Singh,SN Netravalkar,0,0,,,,,,,,,,,,,
1482564,2025,2025-05-17,"Central Broward Regional Park Stadium Turf Ground, Lauderhill",2,8.2,8.2,Canada,United States of America,YS Samra,Pargat Singh,SN Netravalkar,0,0,,,,,,,,,,,,,
1482564,2025,2025-05-17,"Central Broward Regional Park Stadium Turf Ground, Lauderhill",2,8.3,8.3,Canada,United States of America,YS Samra,Pargat Singh,SN Netravalkar,4,0,,,,,,,,,,,,,
1482564,2025,2025-05-17,"Central Broward Regional Park Stadium Turf Ground, Lauderhill",2,8.4,8.4,Canada,United States of America,YS Samra,Pargat Singh,SN Netravalkar,0,0,,,,,,,,,,,,,
1482564,2025,2025-05-17,"Central Broward Regional Park Stadium Turf Ground, Lauderhill",2,8.5,8.5,Canada,United States of America,YS Samra,Pargat Singh,SN Netravalkar,0,0,,,,,,,,,,,,,
1482564,2025,2025-05-17,"Central Broward Regional Park Stadium Turf Ground, Lauderhill",2,8.6,8.6,Canada,United States of America,YS Samra,Pargat Singh,SN Netravalkar,1,0,,,,,,,,,,,,,
1482564,2025,2025-05-17,"Central Broward Regional Park Stadium Turf Ground, Lauderhill",2,9.1,9.1,Canada,United States of America,YS Samra,Pargat Singh,Milind Kumar,1,0,,,,,,,,,,,,,
1482564,2025,2025-05-17,"Central Broward Regional Park Stadium Turf Ground, Lauderhill",2,9.2,9.2,Canada,United States of America,Pargat Singh,YS Samra,Milind Kumar,1,0,,,,,,,,,,,,,
1482564,2025,2025-05-17,"Central Broward Regional Park Stadium Turf Ground, Lauderhill",2,9.3,9.3,Canada,United States of America,YS Samra,Pargat Singh,Milind Kumar,0,0,,,,,,,,,,,,,
1482564,2025,2025-05-17,"Central Broward Regional Park Stadium Turf Ground, Lauderhill",2,9.4,9.4,Canada,United States of America,YS Samra,Pargat Singh,Milind Kumar,4,0,,,,,,,,,,,,,
1482564,2025,2025-05-17,"Central Broward Regional Park Stadium Turf Ground, Lauderhill",2,9.5,9.5,Canada,United States of America,YS Samra,Pargat Singh,Milind Kumar,0,0,,,,,,,,,,,,,
1482564,2025,2025-05-17,"Central Broward Regional Park Stadium Turf Ground, Lauderhill",2,9.6,9.6,Canada,United States of America,YS Samra,Pargat Singh,Milind Kumar,0,0,,,,,,,,,,,,,
1482564,2025,2025-05-17,"Central Broward Regional Park Stadium Turf Ground, Lauderhill",2,10.1,10.1,Canada,United States of America,Pargat Singh,YS Samra,Jasdeep Singh,2,0,,,,,,,,,,,,,
1482564,2025,2025-05-17,"Central Broward Regional Park Stadium Turf Ground, Lauderhill",2,10.2,10.2,Canada,United States of America,Pargat Singh,YS Samra,Jasdeep Singh,0,0,,,,,,,,,,,,,
1482564,2025,2025-05-17,"Central Broward Regional Park Stadium Turf Ground, Lauderhill",2,10.3,10.3,Canada,United States of America,Pargat Singh,YS Samra,Jasdeep Singh,0,0,,,,,,,,,,,,,
1482564,2025,2025-05-17,"Central Broward Regional Park Stadium Turf Ground, Lauderhill",2,10.4,10.4,Canada,United States of America,Pargat Singh,YS Samra,Jasdeep Singh,0,0,,,,,,,,,,,,,
1482564,2025,2025-05-17,"Central Broward Regional Park Stadium Turf Ground, Lauderhill",2,10.5,10.5,Canada,United States of America,Pargat Singh,YS Samra,Jasdeep Singh,0,0,,,,,,,,,,,,,
1482564,2025,2025-05-17,"Central Broward Regional Park Stadium Turf Ground, Lauderhill",2,10.6,10.6,Canada,United States of America,Pargat Singh,YS Samra,Jasdeep Singh,4,0,,,,,,,,,,,,,
1482564,2025,2025-05-17,"Central Broward Regional Park Stadium Turf Ground, Lauderhill",2,11.1,11.1,Canada,United States of America,YS Samra,Pargat Singh,Milind Kumar,1,0,,,,,,,,,,,,,
1482564,2025,2025-05-17,"Central Broward Regional Park Stadium Turf Ground, Lauderhill",2,11.2,11.2,Canada,United States of America,Pargat Singh,YS Samra,Milind Kumar,0,0,,,,,,,,,,,,,
1482564,2025,2025-05-17,"Central Broward Regional Park Stadium Turf Ground, Lauderhill",2,11.3,11.3,Canada,United States of America,Pargat Singh,YS Samra,Milind Kumar,2,0,,,,,,,,,,,,,
1482564,2025,2025-05-17,"Central Broward Regional Park Stadium Turf Ground, Lauderhill",2,11.4,11.4,Canada,United States of America,Pargat Singh,YS Samra,Milind Kumar,0,0,,,,,,,,,,,,,
1482564,2025,2025-05-17,"Central Broward Regional Park Stadium Turf Ground, Lauderhill",2,11.5,11.5,Canada,United States of America,Pargat Singh,YS Samra,Milind Kumar,0,0,,,,,,,,,,,,,
1482564,2025,2025-05-17,"Central Broward Regional Park Stadium Turf Ground, Lauderhill",2,11.6,11.6,Canada,United States of America,Pargat Singh,YS Samra,Milind Kumar,1,0,,,,,,,,,,,,,
1482564,2025,2025-05-17,"Central Broward Regional Park Stadium Turf Ground, Lauderhill",2,12.1,12.1,Canada,United States of America,Pargat Singh,YS Samra,Jasdeep Singh,0,0,,,,,,,,,,,,,
1482564,2025,2025-05-17,"Central Broward Regional Park Stadium Turf Ground, Lauderhill",2,12.2,12.2,Canada,United States of America,Pargat Singh,YS Samra,Jasdeep Singh,0,1,,1,,,,,,,,,,,
1482564,2025,2025-05-17,"Central Broward Regional Park Stadium Turf Ground, Lauderhill",2,12.3,12.2,Canada,United States of America,Pargat Singh,YS Samra,Jasdeep Singh,1,0,,,,,,,,,,,,,
1482564,2025,2025-05-17,"Central Broward Regional Park Stadium Turf Ground, Lauderhill",2,12.4,12.3,Canada,United States of America,YS Samra,Pargat Singh,Jasdeep Singh,1,0,,,,,,,,,,,,,
1482564,2025,2025-05-17,"Central Broward Regional Park Stadium Turf Ground, Lauderhill",2,12.5,12.4,Canada,United States of America,Pargat Singh,YS Samra,Jasdeep Singh,0,0,,,,,,,,,,,,,
1482564,2025,2025-05-17,"Central Broward Regional Park Stadium Turf Ground, Lauderhill",2,12.6,12.5,Canada,United States of America,Pargat Singh,YS Samra,Jasdeep Singh,0,0,,,,,,,,,,,,,
1482564,2025,2025-05-17,"Central Broward Regional Park Stadium Turf Ground, Lauderhill",2,12.7,12.6,Canada,United States of America,Pargat Singh,YS Samra,Jasdeep Singh,0,0,,,,,,,,,,,,,
1482564,2025,2025-05-17,"Central Broward Regional Park Stadium Turf Ground, Lauderhill",2,13.1,13.1,Canada,United States of America,YS Samra,Pargat Singh,Milind Kumar,0,1,1,,,,,,,,,,,,
1482564,2025,2025-05-17,"Central Broward Regional Park Stadium Turf Ground, Lauderhill",2,13.2,13.1,Canada,United States of America,YS Samra,Pargat Singh,Milind Kumar,6,0,,,,,,,,,,,,,
1482564,2025,2025-05-17,"Central Broward Regional Park Stadium Turf Ground, Lauderhill",2,13.3,13.2,Canada,United States of America,YS Samra,Pargat Singh,Milind Kumar,0,0,,,,,,,,,,,,,
1482564,2025,2025-05-17,"Central Broward Regional Park Stadium Turf Ground, Lauderhill",2,13.4,13.3,Canada,United States of America,YS Samra,Pargat Singh,Milind Kumar,0,0,,,,,,,,,,,,,
1482564,2025,2025-05-17,"Central Broward Regional Park Stadium Turf Ground, Lauderhill",2,13.5,13.4,Canada,United States of America,YS Samra,Pargat Singh,Milind Kumar,1,0,,,,,,,,,,,,,
1482564,2025,2025-05-17,"Central Broward Regional Park Stadium Turf Ground, Lauderhill",2,13.6,13.5,Canada,United States of America,Pargat Singh,YS Samra,Milind Kumar,0,0,,,,,,,,,,,,,
1482564,2025,2025-05-17,"Central Broward Regional Park Stadium Turf Ground, Lauderhill",2,13.7,13.6,Canada,United States of America,Pargat Singh,YS Samra,Milind Kumar,0,0,,,,,,,,,,,,,
1482564,2025,2025-05-17,"Central Broward Regional Park Stadium Turf Ground, Lauderhill",2,14.1,14.1,Canada,United States of America,YS Samra,Pargat Singh,Harmeet Singh,1,0,,,,,,,,,,,,,
1482564,2025,2025-05-17,"Central Broward Regional Park Stadium Turf Ground, Lauderhill",2,14.2,14.2,Canada,United States of America,Pargat Singh,YS Samra,Harmeet Singh,0,0,,,,,,,,,,,,,
1482564,2025,2025-05-17,"Central Broward Regional Park Stadium Turf Ground, Lauderhill",2,14.3,14.3,Canada,United States of America,Pargat Singh,YS Samra,Harmeet Singh,0,0,,,,,,,,,,,,,
1482564,2025,2025-05-17,"Central Broward Regional Park Stadium Turf Ground, Lauderhill",2,14.4,14.4,Canada,United States of America,Pargat Singh,YS Samra,Harmeet Singh,0,0,,,,,,,,,,,,,
1482564,2025,2025-05-17,"Central Broward Regional Park Stadium Turf Ground, Lauderhill",2,14.5,14.5,Canada,United States of America,Pargat Singh,YS Samra,Harmeet Singh,0,0,,,,,,,,,,,,,
1482564,2025,2025-05-17,"Central Broward Regional Park Stadium Turf Ground, Lauderhill",2,14.6,14.6,Canada,United States of America,Pargat Singh,YS Samra,Harmeet Singh,0,0,,,,,,,,,,,,,
1482564,2025,2025-05-17,"Central Broward Regional Park Stadium Turf Ground, Lauderhill",2,15.1,15.1,Canada,United States of America,YS Samra,Pargat Singh,Jasdeep Singh,0,1,1,,,,,,,,,,,,
1482564,2025,2025-05-17,"Central Broward Regional Park Stadium Turf Ground, Lauderhill",2,15.2,15.1,Canada,United States of America,YS Samra,Pargat Singh,Jasdeep Singh,0,0,,,,,,,,,,,,,
1482564,2025,2025-05-17,"Central Broward Regional Park Stadium Turf Ground, Lauderhill",2,15.3,15.2,Canada,United States of America,YS Samra,Pargat Singh,Jasdeep Singh,0,0,,,,,,,,,,,,,
1482564,2025,2025-05-17,"Central Broward Regional Park Stadium Turf Ground, Lauderhill",2,15.4,15.3,Canada,United States of America,YS Samra,Pargat Singh,Jasdeep Singh,0,0,,,,,,,,,,,,,
1482564,2025,2025-05-17,"Central Broward Regional Park Stadium Turf Ground, Lauderhill",2,15.5,15.4,Canada,United States of America,YS Samra,Pargat Singh,Jasdeep Singh,0,0,,,,,,,,,,,,,
1482564,2025,2025-05-17,"Central Broward Regional Park Stadium Turf Ground, Lauderhill",2,15.6,15.5,Canada,United States of America,YS Samra,Pargat Singh,Jasdeep Singh,0,0,,,,,,,,,,,,,
1482564,2025,2025-05-17,"Central Broward Regional Park Stadium Turf Ground, Lauderhill",2,15.7,15.6,Canada,United States of America,YS Samra,Pargat Singh,Jasdeep Singh,0,0,,,,,,,,,,,,,
1482564,2025,2025-05-17,"Central Broward Regional Park Stadium Turf Ground, Lauderhill",2,16.1,16.1,Canada,United States of America,Pargat Singh,YS Samra,Harmeet Singh,0,0,,,,,,,,,,,,,
1482564,2025,2025-05-17,"Central Broward Regional Park Stadium Turf Ground, Lauderhill",2,16.2,16.2,Canada,United States of America,Pargat Singh,YS Samra,Harmeet Singh,4,0,,,,,,,,,,,,,
1482564,2025,2025-05-17,"Central Broward Regional Park Stadium Turf Ground, Lauderhill",2,16.3,16.3,Canada,United States of America,Pargat Singh,YS Samra,Harmeet Singh,0,0,,,,,,,,,,,,,
1482564,2025,2025-05-17,"Central Broward Regional Park Stadium Turf Ground, Lauderhill",2,16.4,16.4,Canada,United States of America,Pargat Singh,YS Samra,Harmeet Singh,4,0,,,,,,,,,,,,,
1482564,2025,2025-05-17,"Central Broward Regional Park Stadium Turf Ground, Lauderhill",2,16.5,16.5,Canada,United States of America,Pargat Singh,YS Samra,Harmeet Singh,0,0,,,,,,,,,,,,,
1482564,2025,2025-05-17,"Central Broward Regional Park Stadium Turf Ground, Lauderhill",2,16.6,16.6,Canada,United States of America,Pargat Singh,YS Samra,Harmeet Singh,0,0,,,,,,,,,,,,,
1482564,2025,2025-05-17,"Central Broward Regional Park Stadium Turf Ground, Lauderhill",2,17.1,17.1,Canada,United States of America,YS Samra,Pargat Singh,Jasdeep Singh,1,0,,,,,,,,,,,,,
1482564,2025,2025-05-17,"Central Broward Regional Park Stadium Turf Ground, Lauderhill",2,17.2,17.2,Canada,United States of America,Pargat Singh,YS Samra,Jasdeep Singh,1,0,,,,,,,,,,,,,
1482564,2025,2025-05-17,"Central Broward Regional Park Stadium Turf Ground, Lauderhill",2,17.3,17.3,Canada,United States of America,YS Samra,Pargat Singh,Jasdeep Singh,0,0,,,,,,,,,,,,,
1482564,2025,2025-05-17,"Central Broward Regional Park Stadium Turf Ground, Lauderhill",2,17.4,17.4,Canada,United States of America,YS Samra,Pargat Singh,Jasdeep Singh,1,0,,,,,,,,,,,,,
1482564,2025,2025-05-17,"Central Broward Regional Park Stadium Turf Ground, Lauderhill",2,17.5,17.5,Canada,United States of America,Pargat Singh,YS Samra,Jasdeep Singh,0,0,,,,,,,,,,,,,
1482564,2025,2025-05-17,"Central Broward Regional Park Stadium Turf Ground, Lauderhill",2,17.6,17.6,Canada,United States of America,Pargat Singh,YS Samra,Jasdeep Singh,1,0,,,,,,,,,,,,,
1482564,2025,2025-05-17,"Central Broward Regional Park Stadium Turf Ground, Lauderhill",2,18.1,18.1,Canada,United States of America,Pargat Singh,YS Samra,Harmeet Singh,0,0,,,,,,,,,,,,,
1482564,2025,2025-05-17,"Central Broward Regional Park Stadium Turf Ground, Lauderhill",2,18.2,18.2,Canada,United States of America,Pargat Singh,YS Samra,Harmeet Singh,1,0,,,,,,,,,,,,,
1482564,2025,2025-05-17,"Central Broward Regional Park Stadium Turf Ground, Lauderhill",2,18.3,18.3,Canada,United States of America,YS Samra,Pargat Singh,Harmeet Singh,0,0,,,,,,,,,,,,,
1482564,2025,2025-05-17,"Central Broward Regional Park Stadium Turf Ground, Lauderhill",2,18.4,18.4,Canada,United States of America,YS Samra,Pargat Singh,Harmeet Singh,0,0,,,,,,,caught,YS Samra,,,SR Mukkamalla,,
1482564,2025,2025-05-17,"Central Broward Regional Park Stadium Turf Ground, Lauderhill",2,18.5,18.5,Canada,United States of America,H Thaker,Pargat Singh,Harmeet Singh,1,0,,,,,,,,,,,,,
1482564,2025,2025-05-17,"Central Broward Regional Park Stadium Turf Ground, Lauderhill",2,18.6,18.6,Canada,United States of America,Pargat Singh,H Thaker,Harmeet Singh,0,0,,,,,,,,,,,,,
1482564,2025,2025-05-17,"Central Broward Regional Park Stadium Turf Ground, Lauderhill",2,19.1,19.1,Canada,United States of America,H Thaker,Pargat Singh,Jasdeep Singh,0,0,,,,,,,,,,,,,
1482564,2025,2025-05-17,"Central Broward Regional Park Stadium Turf Ground, Lauderhill",2,19.2,19.2,Canada,United States of America,H Thaker,Pargat Singh,Jasdeep Singh,0,0,,,,,,,,,,,,,
1482564,2025,2025-05-17,"Central Broward Regional Park Stadium Turf Ground, Lauderhill",2,19.3,19.3,Canada,United States of America,H Thaker,Pargat Singh,Jasdeep Singh,0,0,,,,,,,bowled,H Thaker,,,,,
1482564,2025,2025-05-17,"Central Broward Regional Park Stadium Turf Ground, Lauderhill",2,19.4,19.4,Canada,United States of America,S Movva,Pargat Singh,Jasdeep Singh,0,0,,,,,,,,,,,,,
1482564,2025,2025-05-17,"Central Broward Regional Park Stadium Turf Ground, Lauderhill",2,19.5,19.5,Canada,United States of America,S Movva,Pargat Singh,Jasdeep Singh,0,0,,,,,,,,,,,,,
1482564,2025,2025-05-17,"Central Broward Regional Park Stadium Turf Ground, Lauderhill",2,19.6,19.6,Canada,United States of America,S Movva,Pargat Singh,Jasdeep Singh,1,0,,,,,,,,,,,,,
1482564,2025,2025-05-17,"Central Broward Regional Park Stadium Turf Ground, Lauderhill",2,20.1,20.1,Canada,United States of America,S Movva,Pargat Singh,Harmeet Singh,0,0,,,,,,,,,,,,,
1482564,2025,2025-05-17,"Central Broward Regional Park Stadium Turf Ground, Lauderhill",2,20.2,20.2,Canada,United States of America,S Movva,Pargat Singh,Harmeet Singh,0,0,,,,,,,,,,,,,
1482564,2025,2025-05-17,"Central Broward Regional Park Stadium Turf Ground, Lauderhill",2,20.3,20.3,Canada,United States of America,S Movva,Pargat Singh,Harmeet Singh,1,0,,,,,,,,,,,,,
1482564,2025,2025-05-17,"Central Broward Regional Park Stadium Turf Ground, Lauderhill",2,20.4,20.4,Canada,United States of America,Pargat Singh,S Movva,Harmeet Singh,0,0,,,,,,,,,,,,,
1482564,2025,2025-05-17,"Central Broward Regional Park Stadium Turf Ground, Lauderhill",2,20.5,20.5,Canada,United States of America,Pargat Singh,S Movva,Harmeet Singh,0,0,,,,,,,,,,,,,
1482564,2025,2025-05-17,"Central Broward Regional Park Stadium Turf Ground, Lauderhill",2,20.6,20.6,Canada,United States of America,Pargat Singh,S Movva,Harmeet Singh,0,0,,,,,,,,,,,,,
1482564,2025,2025-05-17,"Central Broward Regional Park Stadium Turf Ground, Lauderhill",2,21.1,21.1,Canada,United States of America,S Movva,Pargat Singh,NP Kenjige,1,0,,,,,,,,,,,,,
1482564,2025,2025-05-17,"Central Broward Regional Park Stadium Turf Ground, Lauderhill",2,21.2,21.2,Canada,United States of America,Pargat Singh,S Movva,NP Kenjige,6,0,,,,,,,,,,,,,
1482564,2025,2025-05-17,"Central Broward Regional Park Stadium Turf Ground, Lauderhill",2,21.3,21.3,Canada,United States of America,Pargat Singh,S Movva,NP Kenjige,1,0,,,,,,,,,,,,,
1482564,2025,2025-05-17,"Central Broward Regional Park Stadium Turf Ground, Lauderhill",2,21.4,21.4,Canada,United States of America,S Movva,Pargat Singh,NP Kenjige,1,0,,,,,,,,,,,,,
1482564,2025,2025-05-17,"Central Broward Regional Park Stadium Turf Ground, Lauderhill",2,21.5,21.5,Canada,United States of America,Pargat Singh,S Movva,NP Kenjige,0,0,,,,,,,,,,,,,
1482564,2025,2025-05-17,"Central Broward Regional Park Stadium Turf Ground, Lauderhill",2,21.6,21.6,Canada,United States of America,Pargat Singh,S Movva,NP Kenjige,0,0,,,,,,,,,,,,,
1482564,2025,2025-05-17,"Central Broward Regional Park Stadium Turf Ground, Lauderhill",2,22.1,22.1,Canada,United States of America,S Movva,Pargat Singh,Harmeet Singh,0,0,,,,,,,,,,,,,
1482564,2025,2025-05-17,"Central Broward Regional Park Stadium Turf Ground, Lauderhill",2,22.2,22.2,Canada,United States of America,S Movva,Pargat Singh,Harmeet Singh,1,0,,,,,,,,,,,,,
1482564,2025,2025-05-17,"Central Broward Regional Park Stadium Turf Ground, Lauderhill",2,22.3,22.3,Canada,United States of America,Pargat Singh,S Movva,Harmeet Singh,0,0,,,,,,,,,,,,,
1482564,2025,2025-05-17,"Central Broward Regional Park Stadium Turf Ground, Lauderhill",2,22.4,22.4,Canada,United States of America,Pargat Singh,S Movva,Harmeet Singh,1,0,,,,,,,,,,,,,
1482564,2025,2025-05-17,"Central Broward Regional Park Stadium Turf Ground, Lauderhill",2,22.5,22.5,Canada,United States of America,S Movva,Pargat Singh,Harmeet Singh,0,0,,,,,,,,,,,,,
1482564,2025,2025-05-17,"Central Broward Regional Park Stadium Turf Ground, Lauderhill",2,22.6,22.6,Canada,United States of America,S Movva,Pargat Singh,Harmeet Singh,0,0,,,,,,,,,,,,,
1482564,2025,2025-05-17,"Central Broward Regional Park Stadium Turf Ground, Lauderhill",2,23.1,23.1,Canada,United States of America,Pargat Singh,S Movva,NP Kenjige,1,0,,,,,,,,,,,,,
1482564,2025,2025-05-17,"Central Broward Regional Park Stadium Turf Ground, Lauderhill",2,23.2,23.2,Canada,United States of America,S Movva,Pargat Singh,NP Kenjige,0,0,,,,,,,,,,,,,
1482564,2025,2025-05-17,"Central Broward Regional Park Stadium Turf Ground, Lauderhill",2,23.3,23.3,Canada,United States of America,S Movva,Pargat Singh,NP Kenjige,0,0,,,,,,,,,,,,,
1482564,2025,2025-05-17,"Central Broward Regional Park Stadium Turf Ground, Lauderhill",2,23.4,23.4,Canada,United States of America,S Movva,Pargat Singh,NP Kenjige,1,0,,,,,,,,,,,,,
1482564,2025,2025-05-17,"Central Broward Regional Park Stadium Turf Ground, Lauderhill",2,23.5,23.5,Canada,United States of America,Pargat Singh,S Movva,NP Kenjige,1,0,,,,,,,,,,,,,
1482564,2025,2025-05-17,"Central Broward Regional Park Stadium Turf Ground, Lauderhill",2,23.6,23.6,Canada,United States of America,S Movva,Pargat Singh,NP Kenjige,1,0,,,,,,,,,,,,,
1482564,2025,2025-05-17,"Central Broward Regional Park Stadium Turf Ground, Lauderhill",2,24.1,24.1,Canada,United States of America,S Movva,Pargat Singh,Harmeet Singh,0,0,,,,,,,,,,,,,
1482564,2025,2025-05-17,"Central Broward Regional Park Stadium Turf Ground, Lauderhill",2,24.2,24.2,Canada,United States of America,S Movva,Pargat Singh,Harmeet Singh,0,0,,,,,,,lbw,S Movva,,,,,
1482564,2025,2025-05-17,"Central Broward Regional Park Stadium Turf Ground, Lauderhill",2,24.3,24.3,Canada,United States of America,M Gill,Pargat Singh,Harmeet Singh,0,0,,,,,,,,,,,,,
1482564,2025,2025-05-17,"Central Broward Regional Park Stadium Turf Ground, Lauderhill",2,24.4,24.4,Canada,United States of America,M Gill,Pargat Singh,Harmeet Singh,0,0,,,,,,,,,,,,,
1482564,2025,2025-05-17,"Central Broward Regional Park Stadium Turf Ground, Lauderhill",2,24.5,24.5,Canada,United States of America,M Gill,Pargat Singh,Harmeet Singh,0,0,,,,,,,,,,,,,
1482564,2025,2025-05-17,"Central Broward Regional Park Stadium Turf Ground, Lauderhill",2,24.6,24.6,Canada,United States of America,M Gill,Pargat Singh,Harmeet Singh,0,0,,,,,,,,,,,,,
1482564,2025,2025-05-17,"Central Broward Regional Park Stadium Turf Ground, Lauderhill",2,25.1,25.1,Canada,United States of America,Pargat Singh,M Gill,NP Kenjige,0,0,,,,,,,,,,,,,
1482564,2025,2025-05-17,"Central Broward Regional Park Stadium Turf Ground, Lauderhill",2,25.2,25.2,Canada,United States of America,Pargat Singh,M Gill,NP Kenjige,0,0,,,,,,,,,,,,,
1482564,2025,2025-05-17,"Central Broward Regional Park Stadium Turf Ground, Lauderhill",2,25.3,25.3,Canada,United States of America,Pargat Singh,M Gill,NP Kenjige,1,0,,,,,,,,,,,,,
1482564,2025,2025-05-17,"Central Broward Regional Park Stadium Turf Ground, Lauderhill",2,25.4,25.4,Canada,United States of America,M Gill,Pargat Singh,NP Kenjige,0,0,,,,,,,,,,,,,
1482564,2025,2025-05-17,"Central Broward Regional Park Stadium Turf Ground, Lauderhill",2,25.5,25.5,Canada,United States of America,M Gill,Pargat Singh,NP Kenjige,0,0,,,,,,,,,,,,,
1482564,2025,2025-05-17,"Central Broward Regional Park Stadium Turf Ground, Lauderhill",2,25.6,25.6,Canada,United States of America,M Gill,Pargat Singh,NP Kenjige,1,0,,,,,,,,,,,,,
1482564,2025,2025-05-17,"Central Broward Regional Park Stadium Turf Ground, Lauderhill",2,26.1,26.1,Canada,United States of America,M Gill,Pargat Singh,Harmeet Singh,1,0,,,,,,,,,,,,,
1482564,2025,2025-05-17,"Central Broward Regional Park Stadium Turf Ground, Lauderhill",2,26.2,26.2,Canada,United States of America,Pargat Singh,M Gill,Harmeet Singh,1,0,,,,,,,,,,,,,
1482564,2025,2025-05-17,"Central Broward Regional Park Stadium Turf Ground, Lauderhill",2,26.3,26.3,Canada,United States of America,M Gill,Pargat Singh,Harmeet Singh,0,0,,,,,,,,,,,,,
1482564,2025,2025-05-17,"Central Broward Regional Park Stadium Turf Ground, Lauderhill",2,26.4,26.4,Canada,United States of America,M Gill,Pargat Singh,Harmeet Singh,0,0,,,,,,,,,,,,,
1482564,2025,2025-05-17,"Central Broward Regional Park Stadium Turf Ground, Lauderhill",2,26.5,26.5,Canada,United States of America,M Gill,Pargat Singh,Harmeet Singh,0,0,,,,,,,,,,,,,
1482564,2025,2025-05-17,"Central Broward Regional Park Stadium Turf Ground, Lauderhill",2,26.6,26.6,Canada,United States of America,M Gill,Pargat Singh,Harmeet Singh,0,0,,,,,,,,,,,,,
1482564,2025,2025-05-17,"Central Broward Regional Park Stadium Turf Ground, Lauderhill",2,27.1,27.1,Canada,United States of America,Pargat Singh,M Gill,NP Kenjige,0,0,,,,,,,,,,,,,
1482564,2025,2025-05-17,"Central Broward Regional Park Stadium Turf Ground, Lauderhill",2,27.2,27.2,Canada,United States of America,Pargat Singh,M Gill,NP Kenjige,0,0,,,,,,,,,,,,,
1482564,2025,2025-05-17,"Central Broward Regional Park Stadium Turf Ground, Lauderhill",2,27.3,27.3,Canada,United States of America,Pargat Singh,M Gill,NP Kenjige,0,0,,,,,,,,,,,,,
1482564,2025,2025-05-17,"Central Broward Regional Park Stadium Turf Ground, Lauderhill",2,27.4,27.4,Canada,United States of America,Pargat Singh,M Gill,NP Kenjige,1,0,,,,,,,,,,,,,
1482564,2025,2025-05-17,"Central Broward Regional Park Stadium Turf Ground, Lauderhill",2,27.5,27.5,Canada,United States of America,M Gill,Pargat Singh,NP Kenjige,1,0,,,,,,,,,,,,,
1482564,2025,2025-05-17,"Central Broward Regional Park Stadium Turf Ground, Lauderhill",2,27.6,27.6,Canada,United States of America,Pargat Singh,M Gill,NP Kenjige,0,0,,,,,,,bowled,Pargat Singh,,,,,
1482564,2025,2025-05-17,"Central Broward Regional Park Stadium Turf Ground, Lauderhill",2,28.1,28.1,Canada,United States of America,M Gill,Parveen Kumar,Milind Kumar,0,0,,,,,,,,,,,,,
1482564,2025,2025-05-17,"Central Broward Regional Park Stadium Turf Ground, Lauderhill",2,28.2,28.2,Canada,United States of America,M Gill,Parveen Kumar,Milind Kumar,3,0,,,,,,,,,,,,,
1482564,2025,2025-05-17,"Central Broward Regional Park Stadium Turf Ground, Lauderhill",2,28.3,28.3,Canada,United States of America,Parveen Kumar,M Gill,Milind Kumar,1,0,,,,,,,,,,,,,
1482564,2025,2025-05-17,"Central Broward Regional Park Stadium Turf Ground, Lauderhill",2,28.4,28.4,Canada,United States of America,M Gill,Parveen Kumar,Milind Kumar,0,2,,,,2,,,,,,,,,
1482564,2025,2025-05-17,"Central Broward Regional Park Stadium Turf Ground, Lauderhill",2,28.5,28.5,Canada,United States of America,M Gill,Parveen Kumar,Milind Kumar,0,0,,,,,,,,,,,,,
1482564,2025,2025-05-17,"Central Broward Regional Park Stadium Turf Ground, Lauderhill",2,28.6,28.6,Canada,United States of America,M Gill,Parveen Kumar,Milind Kumar,1,0,,,,,,,,,,,,,
1482564,2025,2025-05-17,"Central Broward Regional Park Stadium Turf Ground, Lauderhill",2,29.1,29.1,Canada,United States of America,M Gill,Parveen Kumar,NP Kenjige,0,0,,,,,,,,,,,,,
1482564,2025,2025-05-17,"Central Broward Regional Park Stadium Turf Ground, Lauderhill",2,29.2,29.2,Canada,United States of America,M Gill,Parveen Kumar,NP Kenjige,0,0,,,,,,,,,,,,,
1482564,2025,2025-05-17,"Central Broward Regional Park Stadium Turf Ground, Lauderhill",2,29.3,29.3,Canada,United States of America,M Gill,Parveen Kumar,NP Kenjige,0,0,,,,,,,,,,,,,
1482564,2025,2025-05-17,"Central Broward Regional Park Stadium Turf Ground, Lauderhill",2,29.4,29.4,Canada,United States of America,M Gill,Parveen Kumar,NP Kenjige,1,0,,,,,,,,,,,,,
1482564,2025,2025-05-17,"Central Broward Regional Park Stadium Turf Ground, Lauderhill",2,29.5,29.5,Canada,United States of America,Parveen Kumar,M Gill,NP Kenjige,0,0,,,,,,,,,,,,,
1482564,2025,2025-05-17,"Central Broward Regional Park Stadium Turf Ground, Lauderhill",2,29.6,29.6,Canada,United States of America,Parveen Kumar,M Gill,NP Kenjige,1,0,,,,,,,,,,,,,
1482564,2025,2025-05-17,"Central Broward Regional Park Stadium Turf Ground, Lauderhill",2,30.1,30.1,Canada,United States of America,Parveen Kumar,M Gill,Milind Kumar,1,0,,,,,,,,,,,,,
1482564,2025,2025-05-17,"Central Broward Regional Park Stadium Turf Ground, Lauderhill",2,30.2,30.2,Canada,United States of America,M Gill,Parveen Kumar,Milind Kumar,0,0,,,,,,,,,,,,,
1482564,2025,2025-05-17,"Central Broward Regional Park Stadium Turf Ground, Lauderhill",2,30.3,30.3,Canada,United States of America,M Gill,Parveen Kumar,Milind Kumar,0,0,,,,,,,,,,,,,
1482564,2025,2025-05-17,"Central Broward Regional Park Stadium Turf Ground, Lauderhill",2,30.4,30.4,Canada,United States of America,M Gill,Parveen Kumar,Milind Kumar,0,0,,,,,,,,,,,,,
1482564,2025,2025-05-17,"Central Broward Regional Park Stadium Turf Ground, Lauderhill",2,30.5,30.5,Canada,United States of America,M Gill,Parveen Kumar,Milind Kumar,0,0,,,,,,,,,,,,,
1482564,2025,2025-05-17,"Central Broward Regional Park Stadium Turf Ground, Lauderhill",2,30.6,30.6,Canada,United States of America,M Gill,Parveen Kumar,Milind Kumar,1,0,,,,,,,,,,,,,
1482564,2025,2025-05-17,"Central Broward Regional Park Stadium Turf Ground, Lauderhill",2,31.1,31.1,Canada,United States of America,M Gill,Parveen Kumar,NP Kenjige,0,0,,,,,,,,,,,,,
1482564,2025,2025-05-17,"Central Broward Regional Park Stadium Turf Ground, Lauderhill",2,31.2,31.2,Canada,United States of America,M Gill,Parveen Kumar,NP Kenjige,6,0,,,,,,,,,,,,,
1482564,2025,2025-05-17,"Central Broward Regional Park Stadium Turf Ground, Lauderhill",2,31.3,31.3,Canada,United States of America,M Gill,Parveen Kumar,NP Kenjige,0,0,,,,,,,,,,,,,
1482564,2025,2025-05-17,"Central Broward Regional Park Stadium Turf Ground, Lauderhill",2,31.4,31.4,Canada,United States of America,M Gill,Parveen Kumar,NP Kenjige,0,0,,,,,,,,,,,,,
1482564,2025,2025-05-17,"Central Broward Regional Park Stadium Turf Ground, Lauderhill",2,31.5,31.5,Canada,United States of America,M Gill,Parveen Kumar,NP Kenjige,0,0,,,,,,,,,,,,,
1482564,2025,2025-05-17,"Central Broward Regional Park Stadium Turf Ground, Lauderhill",2,31.6,31.6,Canada,United States of America,M Gill,Parveen Kumar,NP Kenjige,0,0,,,,,,,,,,,,,
1482564,2025,2025-05-17,"Central Broward Regional Park Stadium Turf Ground, Lauderhill",2,32.1,32.1,Canada,United States of America,Parveen Kumar,M Gill,Milind Kumar,0,0,,,,,,,,,,,,,
1482564,2025,2025-05-17,"Central Broward Regional Park Stadium Turf Ground, Lauderhill",2,32.2,32.2,Canada,United States of America,Parveen Kumar,M Gill,Milind Kumar,0,0,,,,,,,,,,,,,
1482564,2025,2025-05-17,"Central Broward Regional Park Stadium Turf Ground, Lauderhill",2,32.3,32.3,Canada,United States of America,Parveen Kumar,M Gill,Milind Kumar,1,0,,,,,,,,,,,,,
1482564,2025,2025-05-17,"Central Broward Regional Park Stadium Turf Ground, Lauderhill",2,32.4,32.4,Canada,United States of America,M Gill,Parveen Kumar,Milind Kumar,4,0,,,,,,,,,,,,,
1482564,2025,2025-05-17,"Central Broward Regional Park Stadium Turf Ground, Lauderhill",2,32.5,32.5,Canada,United States of America,M Gill,Parveen Kumar,Milind Kumar,1,0,,,,,,,,,,,,,
1482564,2025,2025-05-17,"Central Broward Regional Park Stadium Turf Ground, Lauderhill",2,32.6,32.6,Canada,United States of America,Parveen Kumar,M Gill,Milind Kumar,1,0,,,,,,,,,,,,,
1482564,2025,2025-05-17,"Central Broward Regional Park Stadium Turf Ground, Lauderhill",2,33.1,33.1,Canada,United States of America,Parveen Kumar,M Gill,SN Netravalkar,0,0,,,,,,,,,,,,,
1482564,2025,2025-05-17,"Central Broward Regional Park Stadium Turf Ground, Lauderhill",2,33.2,33.2,Canada,United States of America,Parveen Kumar,M Gill,SN Netravalkar,0,0,,,,,,,,,,,,,
1482564,2025,2025-05-17,"Central Broward Regional Park Stadium Turf Ground, Lauderhill",2,33.3,33.3,Canada,United States of America,Parveen Kumar,M Gill,SN Netravalkar,0,0,,,,,,,,,,,,,
1482564,2025,2025-05-17,"Central Broward Regional Park Stadium Turf Ground, Lauderhill",2,33.4,33.4,Canada,United States of America,Parveen Kumar,M Gill,SN Netravalkar,0,0,,,,,,,,,,,,,
1482564,2025,2025-05-17,"Central Broward Regional Park Stadium Turf Ground, Lauderhill",2,33.5,33.5,Canada,United States of America,Parveen Kumar,M Gill,SN Netravalkar,0,0,,,,,,,,,,,,,
1482564,2025,2025-05-17,"Central Broward Regional Park Stadium Turf Ground, Lauderhill",2,33.6,33.6,Canada,United States of America,Parveen Kumar,M Gill,SN Netravalkar,1,0,,,,,,,,,,,,,
1482564,2025,2025-05-17,"Central Broward Regional Park Stadium Turf Ground, Lauderhill",2,34.1,34.1,Canada,United States of America,Parveen Kumar,M Gill,Harmeet Singh,1,0,,,,,,,,,,,,,
1482564,2025,2025-05-17,"Central Broward Regional Park Stadium Turf Ground, Lauderhill",2,34.2,34.2,Canada,United States of America,M Gill,Parveen Kumar,Harmeet Singh,1,1,,1,,,,,,,,,,,
1482564,2025,2025-05-17,"Central Broward Regional Park Stadium Turf Ground, Lauderhill",2,34.3,34.2,Canada,United States of America,Parveen Kumar,M Gill,Harmeet Singh,1,0,,,,,,,,,,,,,
1482564,2025,2025-05-17,"Central Broward Regional Park Stadium Turf Ground, Lauderhill",2,34.4,34.3,Canada,United States of America,M Gill,Parveen Kumar,Harmeet Singh,1,0,,,,,,,,,,,,,
1482564,2025,2025-05-17,"Central Broward Regional Park Stadium Turf Ground, Lauderhill",2,34.5,34.4,Canada,United States of America,Parveen Kumar,M Gill,Harmeet Singh,0,0,,,,,,,,,,,,,
1482564,2025,2025-05-17,"Central Broward Regional Park Stadium Turf Ground, Lauderhill",2,34.6,34.5,Canada,United States of America,Parveen Kumar,M Gill,Harmeet Singh,1,0,,,,,,,,,,,,,
1482564,2025,2025-05-17,"Central Broward Regional Park Stadium Turf Ground, Lauderhill",2,34.7,34.6,Canada,United States of America,M Gill,Parveen Kumar,Harmeet Singh,1,0,,,,,,,,,,,,,
1482564,2025,2025-05-17,"Central Broward Regional Park Stadium Turf Ground, Lauderhill",2,35.1,35.1,Canada,United States of America,M Gill,Parveen Kumar,SN Netravalkar,0,0,,,,,,,,,,,,,
1482564,2025,2025-05-17,"Central Broward Regional Park Stadium Turf Ground, Lauderhill",2,35.2,35.2,Canada,United States of America,M Gill,Parveen Kumar,SN Netravalkar,0,0,,,,,,,,,,,,,
1482564,2025,2025-05-17,"Central Broward Regional Park Stadium Turf Ground, Lauderhill",2,35.3,35.3,Canada,United States of America,M Gill,Parveen Kumar,SN Netravalkar,1,0,,,,,,,,,,,,,
1482564,2025,2025-05-17,"Central Broward Regional Park Stadium Turf Ground, Lauderhill",2,35.4,35.4,Canada,United States of America,Parveen Kumar,M Gill,SN Netravalkar,1,0,,,,,,,,,,,,,
1482564,2025,2025-05-17,"Central Broward Regional Park Stadium Turf Ground, Lauderhill",2,35.5,35.5,Canada,United States of America,M Gill,Parveen Kumar,SN Netravalkar,1,0,,,,,,,,,,,,,
1482564,2025,2025-05-17,"Central Broward Regional Park Stadium Turf Ground, Lauderhill",2,35.6,35.6,Canada,United States of America,Parveen Kumar,M Gill,SN Netravalkar,0,0,,,,,,,,,,,,,
1482564,2025,2025-05-17,"Central Broward Regional Park Stadium Turf Ground, Lauderhill",2,36.1,36.1,Canada,United States of America,M Gill,Parveen Kumar,Harmeet Singh,1,0,,,,,,,,,,,,,
1482564,2025,2025-05-17,"Central Broward Regional Park Stadium Turf Ground, Lauderhill",2,36.2,36.2,Canada,United States of America,Parveen Kumar,M Gill,Harmeet Singh,0,0,,,,,,,,,,,,,
1482564,2025,2025-05-17,"Central Broward Regional Park Stadium Turf Ground, Lauderhill",2,36.3,36.3,Canada,United States of America,Parveen Kumar,M Gill,Harmeet Singh,4,0,,,,,,,,,,,,,
1482564,2025,2025-05-17,"Central Broward Regional Park Stadium Turf Ground, Lauderhill",2,36.4,36.4,Canada,United States of America,Parveen Kumar,M Gill,Harmeet Singh,1,0,,,,,,,,,,,,,
1482564,2025,2025-05-17,"Central Broward Regional Park Stadium Turf Ground, Lauderhill",2,36.5,36.5,Canada,United States of America,M Gill,Parveen Kumar,Harmeet Singh,1,0,,,,,,,,,,,,,
1482564,2025,2025-05-17,"Central Broward Regional Park Stadium Turf Ground, Lauderhill",2,36.6,36.6,Canada,United States of America,Parveen Kumar,M Gill,Harmeet Singh,0,0,,,,,,,,,,,,,
1482564,2025,2025-05-17,"Central Broward Regional Park Stadium Turf Ground, Lauderhill",2,37.1,37.1,Canada,United States of America,M Gill,Parveen Kumar,Jasdeep Singh,1,0,,,,,,,,,,,,,
1482564,2025,2025-05-17,"Central Broward Regional Park Stadium Turf Ground, Lauderhill",2,37.2,37.2,Canada,United States of America,Parveen Kumar,M Gill,Jasdeep Singh,0,0,,,,,,,,,,,,,
1482564,2025,2025-05-17,"Central Broward Regional Park Stadium Turf Ground, Lauderhill",2,37.3,37.3,Canada,United States of America,Parveen Kumar,M Gill,Jasdeep Singh,1,0,,,,,,,,,,,,,
1482564,2025,2025-05-17,"Central Broward Regional Park Stadium Turf Ground, Lauderhill",2,37.4,37.4,Canada,United States of America,M Gill,Parveen Kumar,Jasdeep Singh,4,0,,,,,,,,,,,,,
1482564,2025,2025-05-17,"Central Broward Regional Park Stadium Turf Ground, Lauderhill",2,37.5,37.5,Canada,United States of America,M Gill,Parveen Kumar,Jasdeep Singh,0,0,,,,,,,,,,,,,
1482564,2025,2025-05-17,"Central Broward Regional Park Stadium Turf Ground, Lauderhill",2,37.6,37.6,Canada,United States of America,M Gill,Parveen Kumar,Jasdeep Singh,0,0,,,,,,,,,,,,,
1482564,2025,2025-05-17,"Central Broward Regional Park Stadium Turf Ground, Lauderhill",2,38.1,38.1,Canada,United States of America,Parveen Kumar,M Gill,Harmeet Singh,1,0,,,,,,,,,,,,,
1482564,2025,2025-05-17,"Central Broward Regional Park Stadium Turf Ground, Lauderhill",2,38.2,38.2,Canada,United States of America,M Gill,Parveen Kumar,Harmeet Singh,1,0,,,,,,,,,,,,,
1482564,2025,2025-05-17,"Central Broward Regional Park Stadium Turf Ground, Lauderhill",2,38.3,38.3,Canada,United States of America,Parveen Kumar,M Gill,Harmeet Singh,1,0,,,,,,,,,,,,,
1482564,2025,2025-05-17,"Central Broward Regional Park Stadium Turf Ground, Lauderhill",2,38.4,38.4,Canada,United States of America,M Gill,Parveen Kumar,Harmeet Singh,4,0,,,,,,,,,,,,,
1482564,2025,2025-05-17,"Central Broward Regional Park Stadium Turf Ground, Lauderhill",2,38.5,38.5,Canada,United States of America,M Gill,Parveen Kumar,Harmeet Singh,1,0,,,,,,,,,,,,,
1482564,2025,2025-05-17,"Central Broward Regional Park Stadium Turf Ground, Lauderhill",2,38.6,38.6,Canada,United States of America,Parveen Kumar,M Gill,Harmeet Singh,0,0,,,,,,,,,,,,,
1482564,2025,2025-05-17,"Central Broward Regional Park Stadium Turf Ground, Lauderhill",2,39.1,39.1,Canada,United States of America,M Gill,Parveen Kumar,Jasdeep Singh,1,0,,,,,,,,,,,,,
1482564,2025,2025-05-17,"Central Broward Regional Park Stadium Turf Ground, Lauderhill",2,39.2,39.2,Canada,United States of America,Parveen Kumar,M Gill,Jasdeep Singh,4,0,,,,,,,,,,,,,
1482564,2025,2025-05-17,"Central Broward Regional Park Stadium Turf Ground, Lauderhill",2,39.3,39.3,Canada,United States of America,Parveen Kumar,M Gill,Jasdeep Singh,1,0,,,,,,,,,,,,,
1482564,2025,2025-05-17,"Central Broward Regional Park Stadium Turf Ground, Lauderhill",2,39.4,39.4,Canada,United States of America,M Gill,Parveen Kumar,Jasdeep Singh,4,0,,,,,,,,,,,,,
1482564,2025,2025-05-17,"Central Broward Regional Park Stadium Turf Ground, Lauderhill",2,39.5,39.5,Canada,United States of America,M Gill,Parveen Kumar,Jasdeep Singh,0,0,,,,,,,,,,,,,
1482564,2025,2025-05-17,"Central Broward Regional Park Stadium Turf Ground, Lauderhill",2,39.6,39.6,Canada,United States of America,M Gill,Parveen Kumar,Jasdeep Singh,4,0,,,,,,,,,,,,,
1482564,2025,2025-05-17,"Central Broward Regional Park Stadium Turf Ground, Lauderhill",2,40.1,40.1,Canada,United States of America,Parveen Kumar,M Gill,SP Krishnamurthi,0,0,,,,,,,caught,Parveen Kumar,,,MD Patel,,
1482564,2025,2025-05-17,"Central Broward Regional Park Stadium Turf Ground, Lauderhill",2,40.2,40.2,Canada,United States of America,Saad Bin Zafar,M Gill,SP Krishnamurthi,0,0,,,,,,,,,,,,,
1482564,2025,2025-05-17,"Central Broward Regional Park Stadium Turf Ground, Lauderhill",2,40.3,40.3,Canada,United States of America,Saad Bin Zafar,M Gill,SP Krishnamurthi,0,0,,,,,,,,,,,,,
1482564,2025,2025-05-17,"Central Broward Regional Park Stadium Turf Ground, Lauderhill",2,40.4,40.4,Canada,United States of America,Saad Bin Zafar,M Gill,SP Krishnamurthi,0,0,,,,,,,,,,,,,
1482564,2025,2025-05-17,"Central Broward Regional Park Stadium Turf Ground, Lauderhill",2,40.5,40.5,Canada,United States of America,Saad Bin Zafar,M Gill,SP Krishnamurthi,4,0,,,,,,,,,,,,,
1482564,2025,2025-05-17,"Central Broward Regional Park Stadium Turf Ground, Lauderhill",2,40.6,40.6,Canada,United States of America,Saad Bin Zafar,M Gill,SP Krishnamurthi,0,0,,,,,,,,,,,,,
1482564,2025,2025-05-17,"Central Broward Regional Park Stadium Turf Ground, Lauderhill",2,41.1,41.1,Canada,United States of America,M Gill,Saad Bin Zafar,Milind Kumar,1,0,,,,,,,,,,,,,
1482564,2025,2025-05-17,"Central Broward Regional Park Stadium Turf Ground, Lauderhill",2,41.2,41.2,Canada,United States of America,Saad Bin Zafar,M Gill,Milind Kumar,0,0,,,,,,,,,,,,,
1482564,2025,2025-05-17,"Central Broward Regional Park Stadium Turf Ground, Lauderhill",2,41.3,41.3,Canada,United States of America,Saad Bin Zafar,M Gill,Milind Kumar,0,0,,,,,,,,,,,,,
1482564,2025,2025-05-17,"Central Broward Regional Park Stadium Turf Ground, Lauderhill",2,41.4,41.4,Canada,United States of America,Saad Bin Zafar,M Gill,Milind Kumar,1,0,,,,,,,,,,,,,
1482564,2025,2025-05-17,"Central Broward Regional Park Stadium Turf Ground, Lauderhill",2,41.5,41.5,Canada,United States of America,M Gill,Saad Bin Zafar,Milind Kumar,0,0,,,,,,,,,,,,,
1482564,2025,2025-05-17,"Central Broward Regional Park Stadium Turf Ground, Lauderhill",2,41.6,41.6,Canada,United States of America,M Gill,Saad Bin Zafar,Milind Kumar,0,0,,,,,,,,,,,,,
1482564,2025,2025-05-17,"Central Broward Regional Park Stadium Turf Ground, Lauderhill",2,42.1,42.1,Canada,United States of America,Saad Bin Zafar,M Gill,SP Krishnamurthi,0,0,,,,,,,,,,,,,
1482564,2025,2025-05-17,"Central Broward Regional Park Stadium Turf Ground, Lauderhill",2,42.2,42.2,Canada,United States of America,Saad Bin Zafar,M Gill,SP Krishnamurthi,0,0,,,,,,,caught,Saad Bin Zafar,,,Shayan Jahangir,,
1482564,2025,2025-05-17,"Central Broward Regional Park Stadium Turf Ground, Lauderhill",2,42.3,42.3,Canada,United States of America,Shivam Sharma,M Gill,SP Krishnamurthi,0,0,,,,,,,,,,,,,
1482564,2025,2025-05-17,"Central Broward Regional Park Stadium Turf Ground, Lauderhill",2,42.4,42.4,Canada,United States of America,Shivam Sharma,M Gill,SP Krishnamurthi,1,0,,,,,,,,,,,,,
1482564,2025,2025-05-17,"Central Broward Regional Park Stadium Turf Ground, Lauderhill",2,42.5,42.5,Canada,United States of America,M Gill,Shivam Sharma,SP Krishnamurthi,0,0,,,,,,,,,,,,,
1482564,2025,2025-05-17,"Central Broward Regional Park Stadium Turf Ground, Lauderhill",2,42.6,42.6,Canada,United States of America,M Gill,Shivam Sharma,SP Krishnamurthi,0,0,,,,,,,,,,,,,
1482564,2025,2025-05-17,"Central Broward Regional Park Stadium Turf Ground, Lauderhill",2,43.1,43.1,Canada,United States of America,Shivam Sharma,M Gill,Milind Kumar,0,0,,,,,,,,,,,,,
1482564,2025,2025-05-17,"Central Broward Regional Park Stadium Turf Ground, Lauderhill",2,43.2,43.2,Canada,United States of America,Shivam Sharma,M Gill,Milind Kumar,1,0,,,,,,,,,,,,,
1482564,2025,2025-05-17,"Central Broward Regional Park Stadium Turf Ground, Lauderhill",2,43.3,43.3,Canada,United States of America,M Gill,Shivam Sharma,Milind Kumar,0,0,,,,,,,,,,,,,
1482564,2025,2025-05-17,"Central Broward Regional Park Stadium Turf Ground, Lauderhill",2,43.4,43.4,Canada,United States of America,M Gill,Shivam Sharma,Milind Kumar,1,0,,,,,,,,,,,,,
1482564,2025,2025-05-17,"Central Broward Regional Park Stadium Turf Ground, Lauderhill",2,43.5,43.5,Canada,United States of America,Shivam Sharma,M Gill,Milind Kumar,0,0,,,,,,,,,,,,,
1482564,2025,2025-05-17,"Central Broward Regional Park Stadium Turf Ground, Lauderhill",2,43.6,43.6,Canada,United States of America,Shivam Sharma,M Gill,Milind Kumar,0,0,,,,,,,bowled,Shivam Sharma,,,,,
1482564,2025,2025-05-17,"Central Broward Regional Park Stadium Turf Ground, Lauderhill",2,44.1,44.1,Canada,United States of America,M Gill,D Heyliger,SP Krishnamurthi,1,0,,,,,,,,,,,,,
1482564,2025,2025-05-17,"Central Broward Regional Park Stadium Turf Ground, Lauderhill",2,44.2,44.2,Canada,United States of America,D Heyliger,M Gill,SP Krishnamurthi,1,0,,,,,,,,,,,,,
1482564,2025,2025-05-17,"Central Broward Regional Park Stadium Turf Ground, Lauderhill",2,44.3,44.3,Canada,United States of America,M Gill,D Heyliger,SP Krishnamurthi,0,0,,,,,,,,,,,,,
1482564,2025,2025-05-17,"Central Broward Regional Park Stadium Turf Ground, Lauderhill",2,44.4,44.4,Canada,United States of America,M Gill,D Heyliger,SP Krishnamurthi,1,0,,,,,,,,,,,,,
1482564,2025,2025-05-17,"Central Broward Regional Park Stadium Turf Ground, Lauderhill",2,44.5,44.5,Canada,United States of America,D Heyliger,M Gill,SP Krishnamurthi,0,0,,,,,,,,,,,,,
1482564,2025,2025-05-17,"Central Broward Regional Park Stadium Turf Ground, Lauderhill",2,44.6,44.6,Canada,United States of America,D Heyliger,M Gill,SP Krishnamurthi,1,0,,,,,,,,,,,,,
1482564,2025,2025-05-17,"Central Broward Regional Park Stadium Turf Ground, Lauderhill",2,45.1,45.1,Canada,United States of America,D Heyliger,M Gill,Milind Kumar,1,0,,,,,,,,,,,,,
1482564,2025,2025-05-17,"Central Broward Regional Park Stadium Turf Ground, Lauderhill",2,45.2,45.2,Canada,United States of America,M Gill,D Heyliger,Milind Kumar,1,0,,,,,,,,,,,,,
1482564,2025,2025-05-17,"Central Broward Regional Park Stadium Turf Ground, Lauderhill",2,45.3,45.3,Canada,United States of America,D Heyliger,M Gill,Milind Kumar,1,0,,,,,,,,,,,,,
1482564,2025,2025-05-17,"Central Broward Regional Park Stadium Turf Ground, Lauderhill",2,45.4,45.4,Canada,United States of America,M Gill,D Heyliger,Milind Kumar,0,0,,,,,,,,,,,,,
1482564,2025,2025-05-17,"Central Broward Regional Park Stadium Turf Ground, Lauderhill",2,45.5,45.5,Canada,United States of America,M Gill,D Heyliger,Milind Kumar,1,0,,,,,,,,,,,,,
1482564,2025,2025-05-17,"Central Broward Regional Park Stadium Turf Ground, Lauderhill",2,45.6,45.6,Canada,United States of America,D Heyliger,M Gill,Milind Kumar,0,0,,,,,,,bowled,D Heyliger,,,,,
1482564,2025,2025-05-17,"Central Broward Regional Park Stadium Turf Ground, Lauderhill",2,46.1,46.1,Canada,United States of America,M Gill,Kaleem Sana,SP Krishnamurthi,1,0,,,,,,,,,,,,,
1482564,2025,2025-05-17,"Central Broward Regional Park Stadium Turf Ground, Lauderhill",2,46.2,46.2,Canada,United States of America,Kaleem Sana,M Gill,SP Krishnamurthi,0,0,,,,,,,bowled,Kaleem Sana,,,,,
