match_id,season,start_date,venue,innings,ball,actual_delivery,batting_team,bowling_team,striker,non_striker,bowler,runs_off_bat,extras,wides,noballs,byes,legbyes,penalty,non_boundary,wicket_type,player_dismissed,other_wicket_type,other_player_dismissed,fielder_1,fielder_2,fielder_3
1482566,2025,2025-05-21,"Central Broward Regional Park Stadium Turf Ground, Lauderhill",1,0.1,0.1,Oman,United States of America,Jatinder Singh,Aamir Kaleem,SN Netravalkar,4,0,,,,,,,,,,,,,
1482566,2025,2025-05-21,"Central Broward Regional Park Stadium Turf Ground, Lauderhill",1,0.2,0.2,Oman,United States of America,Jatinder Singh,Aamir Kaleem,SN Netravalkar,1,0,,,,,,,,,,,,,
1482566,2025,2025-05-21,"Central Broward Regional Park Stadium Turf Ground, Lauderhill",1,0.3,0.3,Oman,United States of America,Aamir Kaleem,Jatinder Singh,SN Netravalkar,1,0,,,,,,,,,,,,,
1482566,2025,2025-05-21,"Central Broward Regional Park Stadium Turf Ground, Lauderhill",1,0.4,0.4,Oman,United States of America,Jatinder Singh,Aamir Kaleem,SN Netravalkar,0,0,,,,,,,,,,,,,
1482566,2025,2025-05-21,"Central Broward Regional Park Stadium Turf Ground, Lauderhill",1,0.5,0.5,Oman,United States of America,Jatinder Singh,Aamir Kaleem,SN Netravalkar,0,0,,,,,,,,,,,,,
1482566,2025,2025-05-21,"Central Broward Regional Park Stadium Turf Ground, Lauderhill",1,0.6,0.6,Oman,United States of America,Jatinder Singh,Aamir Kaleem,SN Netravalkar,0,0,,,,,,,,,,,,,
1482566,2025,2025-05-21,"Central Broward Regional Park Stadium Turf Ground, Lauderhill",1,1.1,1.1,Oman,United States of America,Aamir Kaleem,Jatinder Singh,NP Kenjige,0,0,,,,,,,,,,,,,
1482566,2025,2025-05-21,"Central Broward Regional Park Stadium Turf Ground, Lauderhill",1,1.2,1.2,Oman,United States of America,Aamir Kaleem,Jatinder Singh,NP Kenjige,0,0,,,,,,,,,,,,,
1482566,2025,2025-05-21,"Central Broward Regional Park Stadium Turf Ground, Lauderhill",1,1.3,1.3,Oman,United States of America,Aamir Kaleem,Jatinder Singh,NP Kenjige,1,0,,,,,,,,,,,,,
1482566,2025,2025-05-21,"Central Broward Regional Park Stadium Turf Ground, Lauderhill",1,1.4,1.4,Oman,United States of America,Jatinder Singh,Aamir Kaleem,NP Kenjige,0,0,,,,,,,,,,,,,
1482566,2025,2025-05-21,"Central Broward Regional Park Stadium Turf Ground, Lauderhill",1,1.5,1.5,Oman,United States of America,Jatinder Singh,Aamir Kaleem,NP Kenjige,0,0,,,,,,,,,,,,,
1482566,2025,2025-05-21,"Central Broward Regional Park Stadium Turf Ground, Lauderhill",1,1.6,1.6,Oman,United States of America,Jatinder Singh,Aamir Kaleem,NP Kenjige,0,0,,,,,,,,,,,,,
1482566,2025,2025-05-21,"Central Broward Regional Park Stadium Turf Ground, Lauderhill",1,2.1,2.1,Oman,United States of America,Aamir Kaleem,Jatinder Singh,SN Netravalkar,0,0,,,,,,,,,,,,,
1482566,2025,2025-05-21,"Central Broward Regional Park Stadium Turf Ground, Lauderhill",1,2.2,2.2,Oman,United States of America,Aamir Kaleem,Jatinder Singh,SN Netravalkar,0,0,,,,,,,,,,,,,
1482566,2025,2025-05-21,"Central Broward Regional Park Stadium Turf Ground, Lauderhill",1,2.3,2.3,Oman,United States of America,Aamir Kaleem,Jatinder Singh,SN Netravalkar,0,0,,,,,,,,,,,,,
1482566,2025,2025-05-21,"Central Broward Regional Park Stadium Turf Ground, Lauderhill",1,2.4,2.4,Oman,United States of America,Aamir Kaleem,Jatinder Singh,SN Netravalkar,0,0,,,,,,,,,,,,,
1482566,2025,2025-05-21,"Central Broward Regional Park Stadium Turf Ground, Lauderhill",1,2.5,2.5,Oman,United States of America,Aamir Kaleem,Jatinder Singh,SN Netravalkar,1,0,,,,,,,,,,,,,
1482566,2025,2025-05-21,"Central Broward Regional Park Stadium Turf Ground, Lauderhill",1,2.6,2.6,Oman,United States of America,Jatinder Singh,Aamir Kaleem,SN Netravalkar,1,0,,,,,,,,,,,,,
1482566,2025,2025-05-21,"Central Broward Regional Park Stadium Turf Ground, Lauderhill",1,3.1,3.1,Oman,United States of America,Jatinder Singh,Aamir Kaleem,NP Kenjige,3,0,,,,,,,,,,,,,
1482566,2025,2025-05-21,"Central Broward Regional Park Stadium Turf Ground, Lauderhill",1,3.2,3.2,Oman,United States of America,Aamir Kaleem,Jatinder Singh,NP Kenjige,0,0,,,,,,,,,,,,,
1482566,2025,2025-05-21,"Central Broward Regional Park Stadium Turf Ground, Lauderhill",1,3.3,3.3,Oman,United States of America,Aamir Kaleem,Jatinder Singh,NP Kenjige,0,0,,,,,,,,,,,,,
1482566,2025,2025-05-21,"Central Broward Regional Park Stadium Turf Ground, Lauderhill",1,3.4,3.4,Oman,United States of America,Aamir Kaleem,Jatinder Singh,NP Kenjige,0,0,,,,,,,,,,,,,
1482566,2025,2025-05-21,"Central Broward Regional Park Stadium Turf Ground, Lauderhill",1,3.5,3.5,Oman,United States of America,Aamir Kaleem,Jatinder Singh,NP Kenjige,1,1,,1,,,,,,,,,,,
1482566,2025,2025-05-21,"Central Broward Regional Park Stadium Turf Ground, Lauderhill",1,3.6,3.5,Oman,United States of America,Jatinder Singh,Aamir Kaleem,NP Kenjige,4,0,,,,,,,,,,,,,
1482566,2025,2025-05-21,"Central Broward Regional Park Stadium Turf Ground, Lauderhill",1,3.7,3.6,Oman,United States of America,Jatinder Singh,Aamir Kaleem,NP Kenjige,0,0,,,,,,,,,,,,,
1482566,2025,2025-05-21,"Central Broward Regional Park Stadium Turf Ground, Lauderhill",1,4.1,4.1,Oman,United States of America,Aamir Kaleem,Jatinder Singh,Jasdeep Singh,4,0,,,,,,,,,,,,,
1482566,2025,2025-05-21,"Central Broward Regional Park Stadium Turf Ground, Lauderhill",1,4.2,4.2,Oman,United States of America,Aamir Kaleem,Jatinder Singh,Jasdeep Singh,0,0,,,,,,,,,,,,,
1482566,2025,2025-05-21,"Central Broward Regional Park Stadium Turf Ground, Lauderhill",1,4.3,4.3,Oman,United States of America,Aamir Kaleem,Jatinder Singh,Jasdeep Singh,0,1,1,,,,,,,,,,,,
1482566,2025,2025-05-21,"Central Broward Regional Park Stadium Turf Ground, Lauderhill",1,4.4,4.3,Oman,United States of America,Aamir Kaleem,Jatinder Singh,Jasdeep Singh,4,0,,,,,,,,,,,,,
1482566,2025,2025-05-21,"Central Broward Regional Park Stadium Turf Ground, Lauderhill",1,4.5,4.4,Oman,United States of America,Aamir Kaleem,Jatinder Singh,Jasdeep Singh,0,0,,,,,,,,,,,,,
1482566,2025,2025-05-21,"Central Broward Regional Park Stadium Turf Ground, Lauderhill",1,4.6,4.5,Oman,United States of America,Aamir Kaleem,Jatinder Singh,Jasdeep Singh,4,0,,,,,,,,,,,,,
1482566,2025,2025-05-21,"Central Broward Regional Park Stadium Turf Ground, Lauderhill",1,4.7,4.6,Oman,United States of America,Aamir Kaleem,Jatinder Singh,Jasdeep Singh,4,0,,,,,,,,,,,,,
1482566,2025,2025-05-21,"Central Broward Regional Park Stadium Turf Ground, Lauderhill",1,5.1,5.1,Oman,United States of America,Jatinder Singh,Aamir Kaleem,NP Kenjige,0,0,,,,,,,,,,,,,
1482566,2025,2025-05-21,"Central Broward Regional Park Stadium Turf Ground, Lauderhill",1,5.2,5.2,Oman,United States of America,Jatinder Singh,Aamir Kaleem,NP Kenjige,0,0,,,,,,,,,,,,,
1482566,2025,2025-05-21,"Central Broward Regional Park Stadium Turf Ground, Lauderhill",1,5.3,5.3,Oman,United States of America,Jatinder Singh,Aamir Kaleem,NP Kenjige,0,0,,,,,,,,,,,,,
1482566,2025,2025-05-21,"Central Broward Regional Park Stadium Turf Ground, Lauderhill",1,5.4,5.4,Oman,United States of America,Jatinder Singh,Aamir Kaleem,NP Kenjige,1,0,,,,,,,,,,,,,
1482566,2025,2025-05-21,"Central Broward Regional Park Stadium Turf Ground, Lauderhill",1,5.5,5.5,Oman,United States of America,Aamir Kaleem,Jatinder Singh,NP Kenjige,4,0,,,,,,,,,,,,,
1482566,2025,2025-05-21,"Central Broward Regional Park Stadium Turf Ground, Lauderhill",1,5.6,5.6,Oman,United States of America,Aamir Kaleem,Jatinder Singh,NP Kenjige,0,0,,,,,,,,,,,,,
1482566,2025,2025-05-21,"Central Broward Regional Park Stadium Turf Ground, Lauderhill",1,6.1,6.1,Oman,United States of America,Jatinder Singh,Aamir Kaleem,Milind Kumar,0,0,,,,,,,,,,,,,
1482566,2025,2025-05-21,"Central Broward Regional Park Stadium Turf Ground, Lauderhill",1,6.2,6.2,Oman,United States of America,Jatinder Singh,Aamir Kaleem,Milind Kumar,1,0,,,,,,,,,,,,,
1482566,2025,2025-05-21,"Central Broward Regional Park Stadium Turf Ground, Lauderhill",1,6.3,6.3,Oman,United States of America,Aamir Kaleem,Jatinder Singh,Milind Kumar,0,0,,,,,,,,,,,,,
1482566,2025,2025-05-21,"Central Broward Regional Park Stadium Turf Ground, Lauderhill",1,6.4,6.4,Oman,United States of America,Aamir Kaleem,Jatinder Singh,Milind Kumar,0,0,,,,,,,lbw,Aamir Kaleem,,,,,
1482566,2025,2025-05-21,"Central Broward Regional Park Stadium Turf Ground, Lauderhill",1,6.5,6.5,Oman,United States of America,PD Macchi,Jatinder Singh,Milind Kumar,0,0,,,,,,,lbw,PD Macchi,,,,,
1482566,2025,2025-05-21,"Central Broward Regional Park Stadium Turf Ground, Lauderhill",1,6.6,6.6,Oman,United States of America,Hammad Mirza,Jatinder Singh,Milind Kumar,1,0,,,,,,,,,,,,,
1482566,2025,2025-05-21,"Central Broward Regional Park Stadium Turf Ground, Lauderhill",1,7.1,7.1,Oman,United States of America,Hammad Mirza,Jatinder Singh,NP Kenjige,0,0,,,,,,,,,,,,,
1482566,2025,2025-05-21,"Central Broward Regional Park Stadium Turf Ground, Lauderhill",1,7.2,7.2,Oman,United States of America,Hammad Mirza,Jatinder Singh,NP Kenjige,1,0,,,,,,,,,,,,,
1482566,2025,2025-05-21,"Central Broward Regional Park Stadium Turf Ground, Lauderhill",1,7.3,7.3,Oman,United States of America,Jatinder Singh,Hammad Mirza,NP Kenjige,0,0,,,,,,,,,,,,,
1482566,2025,2025-05-21,"Central Broward Regional Park Stadium Turf Ground, Lauderhill",1,7.4,7.4,Oman,United States of America,Jatinder Singh,Hammad Mirza,NP Kenjige,1,0,,,,,,,,,,,,,
1482566,2025,2025-05-21,"Central Broward Regional Park Stadium Turf Ground, Lauderhill",1,7.5,7.5,Oman,United States of America,Hammad Mirza,Jatinder Singh,NP Kenjige,0,0,,,,,,,,,,,,,
1482566,2025,2025-05-21,"Central Broward Regional Park Stadium Turf Ground, Lauderhill",1,7.6,7.6,Oman,United States of America,Hammad Mirza,Jatinder Singh,NP Kenjige,1,0,,,,,,,,,,,,,
1482566,2025,2025-05-21,"Central Broward Regional Park Stadium Turf Ground, Lauderhill",1,8.1,8.1,Oman,United States of America,Hammad Mirza,Jatinder Singh,Milind Kumar,0,0,,,,,,,,,,,,,
1482566,2025,2025-05-21,"Central Broward Regional Park Stadium Turf Ground, Lauderhill",1,8.2,8.2,Oman,United States of America,Hammad Mirza,Jatinder Singh,Milind Kumar,0,0,,,,,,,,,,,,,
1482566,2025,2025-05-21,"Central Broward Regional Park Stadium Turf Ground, Lauderhill",1,8.3,8.3,Oman,United States of America,Hammad Mirza,Jatinder Singh,Milind Kumar,1,0,,,,,,,,,,,,,
1482566,2025,2025-05-21,"Central Broward Regional Park Stadium Turf Ground, Lauderhill",1,8.4,8.4,Oman,United States of America,Jatinder Singh,Hammad Mirza,Milind Kumar,0,0,,,,,,,,,,,,,
1482566,2025,2025-05-21,"Central Broward Regional Park Stadium Turf Ground, Lauderhill",1,8.5,8.5,Oman,United States of America,Jatinder Singh,Hammad Mirza,Milind Kumar,1,0,,,,,,,,,,,,,
1482566,2025,2025-05-21,"Central Broward Regional Park Stadium Turf Ground, Lauderhill",1,8.6,8.6,Oman,United States of America,Hammad Mirza,Jatinder Singh,Milind Kumar,1,0,,,,,,,,,,,,,
1482566,2025,2025-05-21,"Central Broward Regional Park Stadium Turf Ground, Lauderhill",1,9.1,9.1,Oman,United States of America,Hammad Mirza,Jatinder Singh,Harmeet Singh,1,0,,,,,,,,,,,,,
1482566,2025,2025-05-21,"Central Broward Regional Park Stadium Turf Ground, Lauderhill",1,9.2,9.2,Oman,United States of America,Jatinder Singh,Hammad Mirza,Harmeet Singh,0,0,,,,,,,,,,,,,
1482566,2025,2025-05-21,"Central Broward Regional Park Stadium Turf Ground, Lauderhill",1,9.3,9.3,Oman,United States of America,Jatinder Singh,Hammad Mirza,Harmeet Singh,0,0,,,,,,,,,,,,,
1482566,2025,2025-05-21,"Central Broward Regional Park Stadium Turf Ground, Lauderhill",1,9.4,9.4,Oman,United States of America,Jatinder Singh,Hammad Mirza,Harmeet Singh,0,0,,,,,,,,,,,,,
1482566,2025,2025-05-21,"Central Broward Regional Park Stadium Turf Ground, Lauderhill",1,9.5,9.5,Oman,United States of America,Jatinder Singh,Hammad Mirza,Harmeet Singh,0,0,,,,,,,,,,,,,
1482566,2025,2025-05-21,"Central Broward Regional Park Stadium Turf Ground, Lauderhill",1,9.6,9.6,Oman,United States of America,Jatinder Singh,Hammad Mirza,Harmeet Singh,1,0,,,,,,,,,,,,,
1482566,2025,2025-05-21,"Central Broward Regional Park Stadium Turf Ground, Lauderhill",1,10.1,10.1,Oman,United States of America,Jatinder Singh,Hammad Mirza,SN Netravalkar,1,0,,,,,,,,,,,,,
1482566,2025,2025-05-21,"Central Broward Regional Park Stadium Turf Ground, Lauderhill",1,10.2,10.2,Oman,United States of America,Hammad Mirza,Jatinder Singh,SN Netravalkar,1,0,,,,,,,,,,,,,
1482566,2025,2025-05-21,"Central Broward Regional Park Stadium Turf Ground, Lauderhill",1,10.3,10.3,Oman,United States of America,Jatinder Singh,Hammad Mirza,SN Netravalkar,1,0,,,,,,,,,,,,,
1482566,2025,2025-05-21,"Central Broward Regional Park Stadium Turf Ground, Lauderhill",1,10.4,10.4,Oman,United States of America,Hammad Mirza,Jatinder Singh,SN Netravalkar,0,0,,,,,,,,,,,,,
1482566,2025,2025-05-21,"Central Broward Regional Park Stadium Turf Ground, Lauderhill",1,10.5,10.5,Oman,United States of America,Hammad Mirza,Jatinder Singh,SN Netravalkar,0,1,1,,,,,,,,,,,,
1482566,2025,2025-05-21,"Central Broward Regional Park Stadium Turf Ground, Lauderhill",1,10.6,10.5,Oman,United States of America,Hammad Mirza,Jatinder Singh,SN Netravalkar,0,0,,,,,,,caught,Hammad Mirza,,,Harmeet Singh,,
1482566,2025,2025-05-21,"Central Broward Regional Park Stadium Turf Ground, Lauderhill",1,10.7,10.6,Oman,United States of America,Mujibur Ali,Jatinder Singh,SN Netravalkar,0,0,,,,,,,,,,,,,
1482566,2025,2025-05-21,"Central Broward Regional Park Stadium Turf Ground, Lauderhill",1,11.1,11.1,Oman,United States of America,Jatinder Singh,Mujibur Ali,Milind Kumar,1,0,,,,,,,,,,,,,
1482566,2025,2025-05-21,"Central Broward Regional Park Stadium Turf Ground, Lauderhill",1,11.2,11.2,Oman,United States of America,Mujibur Ali,Jatinder Singh,Milind Kumar,0,0,,,,,,,,,,,,,
1482566,2025,2025-05-21,"Central Broward Regional Park Stadium Turf Ground, Lauderhill",1,11.3,11.3,Oman,United States of America,Mujibur Ali,Jatinder Singh,Milind Kumar,0,0,,,,,,,,,,,,,
1482566,2025,2025-05-21,"Central Broward Regional Park Stadium Turf Ground, Lauderhill",1,11.4,11.4,Oman,United States of America,Mujibur Ali,Jatinder Singh,Milind Kumar,0,0,,,,,,,caught,Mujibur Ali,,,SK Patel,,
1482566,2025,2025-05-21,"Central Broward Regional Park Stadium Turf Ground, Lauderhill",1,11.5,11.5,Oman,United States of America,Mohammad Nadeem,Jatinder Singh,Milind Kumar,0,0,,,,,,,,,,,,,
1482566,2025,2025-05-21,"Central Broward Regional Park Stadium Turf Ground, Lauderhill",1,11.6,11.6,Oman,United States of America,Mohammad Nadeem,Jatinder Singh,Milind Kumar,0,0,,,,,,,,,,,,,
1482566,2025,2025-05-21,"Central Broward Regional Park Stadium Turf Ground, Lauderhill",1,12.1,12.1,Oman,United States of America,Jatinder Singh,Mohammad Nadeem,SN Netravalkar,4,0,,,,,,,,,,,,,
1482566,2025,2025-05-21,"Central Broward Regional Park Stadium Turf Ground, Lauderhill",1,12.2,12.2,Oman,United States of America,Jatinder Singh,Mohammad Nadeem,SN Netravalkar,0,0,,,,,,,,,,,,,
1482566,2025,2025-05-21,"Central Broward Regional Park Stadium Turf Ground, Lauderhill",1,12.3,12.3,Oman,United States of America,Jatinder Singh,Mohammad Nadeem,SN Netravalkar,1,0,,,,,,,,,,,,,
1482566,2025,2025-05-21,"Central Broward Regional Park Stadium Turf Ground, Lauderhill",1,12.4,12.4,Oman,United States of America,Mohammad Nadeem,Jatinder Singh,SN Netravalkar,1,0,,,,,,,,,,,,,
1482566,2025,2025-05-21,"Central Broward Regional Park Stadium Turf Ground, Lauderhill",1,12.5,12.5,Oman,United States of America,Jatinder Singh,Mohammad Nadeem,SN Netravalkar,1,0,,,,,,,,,,,,,
1482566,2025,2025-05-21,"Central Broward Regional Park Stadium Turf Ground, Lauderhill",1,12.6,12.6,Oman,United States of America,Mohammad Nadeem,Jatinder Singh,SN Netravalkar,0,0,,,,,,,,,,,,,
1482566,2025,2025-05-21,"Central Broward Regional Park Stadium Turf Ground, Lauderhill",1,13.1,13.1,Oman,United States of America,Jatinder Singh,Mohammad Nadeem,Harmeet Singh,0,0,,,,,,,,,,,,,
1482566,2025,2025-05-21,"Central Broward Regional Park Stadium Turf Ground, Lauderhill",1,13.2,13.2,Oman,United States of America,Jatinder Singh,Mohammad Nadeem,Harmeet Singh,1,0,,,,,,,,,,,,,
1482566,2025,2025-05-21,"Central Broward Regional Park Stadium Turf Ground, Lauderhill",1,13.3,13.3,Oman,United States of America,Mohammad Nadeem,Jatinder Singh,Harmeet Singh,0,0,,,,,,,,,,,,,
1482566,2025,2025-05-21,"Central Broward Regional Park Stadium Turf Ground, Lauderhill",1,13.4,13.4,Oman,United States of America,Mohammad Nadeem,Jatinder Singh,Harmeet Singh,0,0,,,,,,,,,,,,,
1482566,2025,2025-05-21,"Central Broward Regional Park Stadium Turf Ground, Lauderhill",1,13.5,13.5,Oman,United States of America,Mohammad Nadeem,Jatinder Singh,Harmeet Singh,1,0,,,,,,,,,,,,,
1482566,2025,2025-05-21,"Central Broward Regional Park Stadium Turf Ground, Lauderhill",1,13.6,13.6,Oman,United States of America,Jatinder Singh,Mohammad Nadeem,Harmeet Singh,0,0,,,,,,,,,,,,,
1482566,2025,2025-05-21,"Central Broward Regional Park Stadium Turf Ground, Lauderhill",1,14.1,14.1,Oman,United States of America,Mohammad Nadeem,Jatinder Singh,Jasdeep Singh,0,0,,,,,,,,,,,,,
1482566,2025,2025-05-21,"Central Broward Regional Park Stadium Turf Ground, Lauderhill",1,14.2,14.2,Oman,United States of America,Mohammad Nadeem,Jatinder Singh,Jasdeep Singh,1,0,,,,,,,,,,,,,
1482566,2025,2025-05-21,"Central Broward Regional Park Stadium Turf Ground, Lauderhill",1,14.3,14.3,Oman,United States of America,Jatinder Singh,Mohammad Nadeem,Jasdeep Singh,1,0,,,,,,,,,,,,,
1482566,2025,2025-05-21,"Central Broward Regional Park Stadium Turf Ground, Lauderhill",1,14.4,14.4,Oman,United States of America,Mohammad Nadeem,Jatinder Singh,Jasdeep Singh,0,0,,,,,,,,,,,,,
1482566,2025,2025-05-21,"Central Broward Regional Park Stadium Turf Ground, Lauderhill",1,14.5,14.5,Oman,United States of America,Mohammad Nadeem,Jatinder Singh,Jasdeep Singh,0,0,,,,,,,,,,,,,
1482566,2025,2025-05-21,"Central Broward Regional Park Stadium Turf Ground, Lauderhill",1,14.6,14.6,Oman,United States of America,Mohammad Nadeem,Jatinder Singh,Jasdeep Singh,1,0,,,,,,,,,,,,,
1482566,2025,2025-05-21,"Central Broward Regional Park Stadium Turf Ground, Lauderhill",1,15.1,15.1,Oman,United States of America,Mohammad Nadeem,Jatinder Singh,Harmeet Singh,0,0,,,,,,,,,,,,,
1482566,2025,2025-05-21,"Central Broward Regional Park Stadium Turf Ground, Lauderhill",1,15.2,15.2,Oman,United States of America,Mohammad Nadeem,Jatinder Singh,Harmeet Singh,0,0,,,,,,,,,,,,,
1482566,2025,2025-05-21,"Central Broward Regional Park Stadium Turf Ground, Lauderhill",1,15.3,15.3,Oman,United States of America,Mohammad Nadeem,Jatinder Singh,Harmeet Singh,0,0,,,,,,,,,,,,,
1482566,2025,2025-05-21,"Central Broward Regional Park Stadium Turf Ground, Lauderhill",1,15.4,15.4,Oman,United States of America,Mohammad Nadeem,Jatinder Singh,Harmeet Singh,0,0,,,,,,,,,,,,,
1482566,2025,2025-05-21,"Central Broward Regional Park Stadium Turf Ground, Lauderhill",1,15.5,15.5,Oman,United States of America,Mohammad Nadeem,Jatinder Singh,Harmeet Singh,0,0,,,,,,,,,,,,,
1482566,2025,2025-05-21,"Central Broward Regional Park Stadium Turf Ground, Lauderhill",1,15.6,15.6,Oman,United States of America,Mohammad Nadeem,Jatinder Singh,Harmeet Singh,1,0,,,,,,,,,,,,,
1482566,2025,2025-05-21,"Central Broward Regional Park Stadium Turf Ground, Lauderhill",1,16.1,16.1,Oman,United States of America,Mohammad Nadeem,Jatinder Singh,Jasdeep Singh,1,0,,,,,,,,,,,,,
1482566,2025,2025-05-21,"Central Broward Regional Park Stadium Turf Ground, Lauderhill",1,16.2,16.2,Oman,United States of America,Jatinder Singh,Mohammad Nadeem,Jasdeep Singh,0,0,,,,,,,,,,,,,
1482566,2025,2025-05-21,"Central Broward Regional Park Stadium Turf Ground, Lauderhill",1,16.3,16.3,Oman,United States of America,Jatinder Singh,Mohammad Nadeem,Jasdeep Singh,0,0,,,,,,,,,,,,,
1482566,2025,2025-05-21,"Central Broward Regional Park Stadium Turf Ground, Lauderhill",1,16.4,16.4,Oman,United States of America,Jatinder Singh,Mohammad Nadeem,Jasdeep Singh,1,0,,,,,,,,,,,,,
1482566,2025,2025-05-21,"Central Broward Regional Park Stadium Turf Ground, Lauderhill",1,16.5,16.5,Oman,United States of America,Mohammad Nadeem,Jatinder Singh,Jasdeep Singh,1,0,,,,,,,,,,,,,
1482566,2025,2025-05-21,"Central Broward Regional Park Stadium Turf Ground, Lauderhill",1,16.6,16.6,Oman,United States of America,Jatinder Singh,Mohammad Nadeem,Jasdeep Singh,0,0,,,,,,,,,,,,,
1482566,2025,2025-05-21,"Central Broward Regional Park Stadium Turf Ground, Lauderhill",1,17.1,17.1,Oman,United States of America,Mohammad Nadeem,Jatinder Singh,Harmeet Singh,0,0,,,,,,,,,,,,,
1482566,2025,2025-05-21,"Central Broward Regional Park Stadium Turf Ground, Lauderhill",1,17.2,17.2,Oman,United States of America,Mohammad Nadeem,Jatinder Singh,Harmeet Singh,0,0,,,,,,,,,,,,,
1482566,2025,2025-05-21,"Central Broward Regional Park Stadium Turf Ground, Lauderhill",1,17.3,17.3,Oman,United States of America,Mohammad Nadeem,Jatinder Singh,Harmeet Singh,1,0,,,,,,,,,,,,,
1482566,2025,2025-05-21,"Central Broward Regional Park Stadium Turf Ground, Lauderhill",1,17.4,17.4,Oman,United States of America,Jatinder Singh,Mohammad Nadeem,Harmeet Singh,0,0,,,,,,,,,,,,,
1482566,2025,2025-05-21,"Central Broward Regional Park Stadium Turf Ground, Lauderhill",1,17.5,17.5,Oman,United States of America,Jatinder Singh,Mohammad Nadeem,Harmeet Singh,1,0,,,,,,,,,,,,,
1482566,2025,2025-05-21,"Central Broward Regional Park Stadium Turf Ground, Lauderhill",1,17.6,17.6,Oman,United States of America,Mohammad Nadeem,Jatinder Singh,Harmeet Singh,1,0,,,,,,,,,,,,,
1482566,2025,2025-05-21,"Central Broward Regional Park Stadium Turf Ground, Lauderhill",1,18.1,18.1,Oman,United States of America,Mohammad Nadeem,Jatinder Singh,Jasdeep Singh,4,0,,,,,,,,,,,,,
1482566,2025,2025-05-21,"Central Broward Regional Park Stadium Turf Ground, Lauderhill",1,18.2,18.2,Oman,United States of America,Mohammad Nadeem,Jatinder Singh,Jasdeep Singh,0,0,,,,,,,,,,,,,
1482566,2025,2025-05-21,"Central Broward Regional Park Stadium Turf Ground, Lauderhill",1,18.3,18.3,Oman,United States of America,Mohammad Nadeem,Jatinder Singh,Jasdeep Singh,0,0,,,,,,,,,,,,,
1482566,2025,2025-05-21,"Central Broward Regional Park Stadium Turf Ground, Lauderhill",1,18.4,18.4,Oman,United States of America,Mohammad Nadeem,Jatinder Singh,Jasdeep Singh,1,0,,,,,,,,,,,,,
1482566,2025,2025-05-21,"Central Broward Regional Park Stadium Turf Ground, Lauderhill",1,18.5,18.5,Oman,United States of America,Jatinder Singh,Mohammad Nadeem,Jasdeep Singh,0,0,,,,,,,,,,,,,
1482566,2025,2025-05-21,"Central Broward Regional Park Stadium Turf Ground, Lauderhill",1,18.6,18.6,Oman,United States of America,Jatinder Singh,Mohammad Nadeem,Jasdeep Singh,1,0,,,,,,,,,,,,,
1482566,2025,2025-05-21,"Central Broward Regional Park Stadium Turf Ground, Lauderhill",1,19.1,19.1,Oman,United States of America,Jatinder Singh,Mohammad Nadeem,Harmeet Singh,0,0,,,,,,,,,,,,,
1482566,2025,2025-05-21,"Central Broward Regional Park Stadium Turf Ground, Lauderhill",1,19.2,19.2,Oman,United States of America,Jatinder Singh,Mohammad Nadeem,Harmeet Singh,1,0,,,,,,,,,,,,,
1482566,2025,2025-05-21,"Central Broward Regional Park Stadium Turf Ground, Lauderhill",1,19.3,19.3,Oman,United States of America,Mohammad Nadeem,Jatinder Singh,Harmeet Singh,0,0,,,,,,,,,,,,,
1482566,2025,2025-05-21,"Central Broward Regional Park Stadium Turf Ground, Lauderhill",1,19.4,19.4,Oman,United States of America,Mohammad Nadeem,Jatinder Singh,Harmeet Singh,0,0,,,,,,,,,,,,,
1482566,2025,2025-05-21,"Central Broward Regional Park Stadium Turf Ground, Lauderhill",1,19.5,19.5,Oman,United States of America,Mohammad Nadeem,Jatinder Singh,Harmeet Singh,0,0,,,,,,,,,,,,,
1482566,2025,2025-05-21,"Central Broward Regional Park Stadium Turf Ground, Lauderhill",1,19.6,19.6,Oman,United States of America,Mohammad Nadeem,Jatinder Singh,Harmeet Singh,0,0,,,,,,,,,,,,,
1482566,2025,2025-05-21,"Central Broward Regional Park Stadium Turf Ground, Lauderhill",1,20.1,20.1,Oman,United States of America,Jatinder Singh,Mohammad Nadeem,Jasdeep Singh,4,0,,,,,,,,,,,,,
1482566,2025,2025-05-21,"Central Broward Regional Park Stadium Turf Ground, Lauderhill",1,20.2,20.2,Oman,United States of America,Jatinder Singh,Mohammad Nadeem,Jasdeep Singh,1,0,,,,,,,,,,,,,
1482566,2025,2025-05-21,"Central Broward Regional Park Stadium Turf Ground, Lauderhill",1,20.3,20.3,Oman,United States of America,Mohammad Nadeem,Jatinder Singh,Jasdeep Singh,1,0,,,,,,,,,,,,,
1482566,2025,2025-05-21,"Central Broward Regional Park Stadium Turf Ground, Lauderhill",1,20.4,20.4,Oman,United States of America,Jatinder Singh,Mohammad Nadeem,Jasdeep Singh,1,0,,,,,,,,,,,,,
1482566,2025,2025-05-21,"Central Broward Regional Park Stadium Turf Ground, Lauderhill",1,20.5,20.5,Oman,United States of America,Mohammad Nadeem,Jatinder Singh,Jasdeep Singh,0,0,,,,,,,,,,,,,
1482566,2025,2025-05-21,"Central Broward Regional Park Stadium Turf Ground, Lauderhill",1,20.6,20.6,Oman,United States of America,Mohammad Nadeem,Jatinder Singh,Jasdeep Singh,0,0,,,,,,,,,,,,,
1482566,2025,2025-05-21,"Central Broward Regional Park Stadium Turf Ground, Lauderhill",1,21.1,21.1,Oman,United States of America,Jatinder Singh,Mohammad Nadeem,Harmeet Singh,0,0,,,,,,,,,,,,,
1482566,2025,2025-05-21,"Central Broward Regional Park Stadium Turf Ground, Lauderhill",1,21.2,21.2,Oman,United States of America,Jatinder Singh,Mohammad Nadeem,Harmeet Singh,1,0,,,,,,,,,,,,,
1482566,2025,2025-05-21,"Central Broward Regional Park Stadium Turf Ground, Lauderhill",1,21.3,21.3,Oman,United States of America,Mohammad Nadeem,Jatinder Singh,Harmeet Singh,0,0,,,,,,,,,,,,,
1482566,2025,2025-05-21,"Central Broward Regional Park Stadium Turf Ground, Lauderhill",1,21.4,21.4,Oman,United States of America,Mohammad Nadeem,Jatinder Singh,Harmeet Singh,0,0,,,,,,,,,,,,,
1482566,2025,2025-05-21,"Central Broward Regional Park Stadium Turf Ground, Lauderhill",1,21.5,21.5,Oman,United States of America,Mohammad Nadeem,Jatinder Singh,Harmeet Singh,0,0,,,,,,,,,,,,,
1482566,2025,2025-05-21,"Central Broward Regional Park Stadium Turf Ground, Lauderhill",1,21.6,21.6,Oman,United States of America,Mohammad Nadeem,Jatinder Singh,Harmeet Singh,1,0,,,,,,,,,,,,,
1482566,2025,2025-05-21,"Central Broward Regional Park Stadium Turf Ground, Lauderhill",1,22.1,22.1,Oman,United States of America,Mohammad Nadeem,Jatinder Singh,Milind Kumar,1,0,,,,,,,,,,,,,
1482566,2025,2025-05-21,"Central Broward Regional Park Stadium Turf Ground, Lauderhill",1,22.2,22.2,Oman,United States of America,Jatinder Singh,Mohammad Nadeem,Milind Kumar,1,0,,,,,,,,,,,,,
1482566,2025,2025-05-21,"Central Broward Regional Park Stadium Turf Ground, Lauderhill",1,22.3,22.3,Oman,United States of America,Mohammad Nadeem,Jatinder Singh,Milind Kumar,0,0,,,,,,,,,,,,,
1482566,2025,2025-05-21,"Central Broward Regional Park Stadium Turf Ground, Lauderhill",1,22.4,22.4,Oman,United States of America,Mohammad Nadeem,Jatinder Singh,Milind Kumar,0,0,,,,,,,,,,,,,
1482566,2025,2025-05-21,"Central Broward Regional Park Stadium Turf Ground, Lauderhill",1,22.5,22.5,Oman,United States of America,Mohammad Nadeem,Jatinder Singh,Milind Kumar,0,0,,,,,,,,,,,,,
1482566,2025,2025-05-21,"Central Broward Regional Park Stadium Turf Ground, Lauderhill",1,22.6,22.6,Oman,United States of America,Mohammad Nadeem,Jatinder Singh,Milind Kumar,0,0,,,,,,,,,,,,,
1482566,2025,2025-05-21,"Central Broward Regional Park Stadium Turf Ground, Lauderhill",1,23.1,23.1,Oman,United States of America,Jatinder Singh,Mohammad Nadeem,NP Kenjige,1,0,,,,,,,,,,,,,
1482566,2025,2025-05-21,"Central Broward Regional Park Stadium Turf Ground, Lauderhill",1,23.2,23.2,Oman,United States of America,Mohammad Nadeem,Jatinder Singh,NP Kenjige,1,0,,,,,,,,,,,,,
1482566,2025,2025-05-21,"Central Broward Regional Park Stadium Turf Ground, Lauderhill",1,23.3,23.3,Oman,United States of America,Jatinder Singh,Mohammad Nadeem,NP Kenjige,0,0,,,,,,,,,,,,,
1482566,2025,2025-05-21,"Central Broward Regional Park Stadium Turf Ground, Lauderhill",1,23.4,23.4,Oman,United States of America,Jatinder Singh,Mohammad Nadeem,NP Kenjige,4,0,,,,,,,,,,,,,
1482566,2025,2025-05-21,"Central Broward Regional Park Stadium Turf Ground, Lauderhill",1,23.5,23.5,Oman,United States of America,Jatinder Singh,Mohammad Nadeem,NP Kenjige,1,0,,,,,,,,,,,,,
1482566,2025,2025-05-21,"Central Broward Regional Park Stadium Turf Ground, Lauderhill",1,23.6,23.6,Oman,United States of America,Mohammad Nadeem,Jatinder Singh,NP Kenjige,1,0,,,,,,,,,,,,,
1482566,2025,2025-05-21,"Central Broward Regional Park Stadium Turf Ground, Lauderhill",1,24.1,24.1,Oman,United States of America,Mohammad Nadeem,Jatinder Singh,Milind Kumar,0,0,,,,,,,,,,,,,
1482566,2025,2025-05-21,"Central Broward Regional Park Stadium Turf Ground, Lauderhill",1,24.2,24.2,Oman,United States of America,Mohammad Nadeem,Jatinder Singh,Milind Kumar,0,0,,,,,,,,,,,,,
1482566,2025,2025-05-21,"Central Broward Regional Park Stadium Turf Ground, Lauderhill",1,24.3,24.3,Oman,United States of America,Mohammad Nadeem,Jatinder Singh,Milind Kumar,0,0,,,,,,,,,,,,,
1482566,2025,2025-05-21,"Central Broward Regional Park Stadium Turf Ground, Lauderhill",1,24.4,24.4,Oman,United States of America,Mohammad Nadeem,Jatinder Singh,Milind Kumar,1,0,,,,,,,,,,,,,
1482566,2025,2025-05-21,"Central Broward Regional Park Stadium Turf Ground, Lauderhill",1,24.5,24.5,Oman,United States of America,Jatinder Singh,Mohammad Nadeem,Milind Kumar,1,0,,,,,,,,,,,,,
1482566,2025,2025-05-21,"Central Broward Regional Park Stadium Turf Ground, Lauderhill",1,24.6,24.6,Oman,United States of America,Mohammad Nadeem,Jatinder Singh,Milind Kumar,1,0,,,,,,,,,,,,,
1482566,2025,2025-05-21,"Central Broward Regional Park Stadium Turf Ground, Lauderhill",1,25.1,25.1,Oman,United States of America,Mohammad Nadeem,Jatinder Singh,NP Kenjige,0,0,,,,,,,,,,,,,
1482566,2025,2025-05-21,"Central Broward Regional Park Stadium Turf Ground, Lauderhill",1,25.2,25.2,Oman,United States of America,Mohammad Nadeem,Jatinder Singh,NP Kenjige,2,0,,,,,,,,,,,,,
1482566,2025,2025-05-21,"Central Broward Regional Park Stadium Turf Ground, Lauderhill",1,25.3,25.3,Oman,United States of America,Mohammad Nadeem,Jatinder Singh,NP Kenjige,0,0,,,,,,,,,,,,,
1482566,2025,2025-05-21,"Central Broward Regional Park Stadium Turf Ground, Lauderhill",1,25.4,25.4,Oman,United States of America,Mohammad Nadeem,Jatinder Singh,NP Kenjige,1,0,,,,,,,,,,,,,
1482566,2025,2025-05-21,"Central Broward Regional Park Stadium Turf Ground, Lauderhill",1,25.5,25.5,Oman,United States of America,Jatinder Singh,Mohammad Nadeem,NP Kenjige,0,0,,,,,,,,,,,,,
1482566,2025,2025-05-21,"Central Broward Regional Park Stadium Turf Ground, Lauderhill",1,25.6,25.6,Oman,United States of America,Jatinder Singh,Mohammad Nadeem,NP Kenjige,1,0,,,,,,,,,,,,,
1482566,2025,2025-05-21,"Central Broward Regional Park Stadium Turf Ground, Lauderhill",1,26.1,26.1,Oman,United States of America,Jatinder Singh,Mohammad Nadeem,Milind Kumar,4,0,,,,,,,,,,,,,
1482566,2025,2025-05-21,"Central Broward Regional Park Stadium Turf Ground, Lauderhill",1,26.2,26.2,Oman,United States of America,Jatinder Singh,Mohammad Nadeem,Milind Kumar,0,0,,,,,,,,,,,,,
1482566,2025,2025-05-21,"Central Broward Regional Park Stadium Turf Ground, Lauderhill",1,26.3,26.3,Oman,United States of America,Jatinder Singh,Mohammad Nadeem,Milind Kumar,6,0,,,,,,,,,,,,,
1482566,2025,2025-05-21,"Central Broward Regional Park Stadium Turf Ground, Lauderhill",1,26.4,26.4,Oman,United States of America,Jatinder Singh,Mohammad Nadeem,Milind Kumar,1,0,,,,,,,,,,,,,
1482566,2025,2025-05-21,"Central Broward Regional Park Stadium Turf Ground, Lauderhill",1,26.5,26.5,Oman,United States of America,Mohammad Nadeem,Jatinder Singh,Milind Kumar,0,0,,,,,,,,,,,,,
1482566,2025,2025-05-21,"Central Broward Regional Park Stadium Turf Ground, Lauderhill",1,26.6,26.6,Oman,United States of America,Mohammad Nadeem,Jatinder Singh,Milind Kumar,2,0,,,,,,,,,,,,,
1482566,2025,2025-05-21,"Central Broward Regional Park Stadium Turf Ground, Lauderhill",1,27.1,27.1,Oman,United States of America,Jatinder Singh,Mohammad Nadeem,NP Kenjige,1,0,,,,,,,,,,,,,
1482566,2025,2025-05-21,"Central Broward Regional Park Stadium Turf Ground, Lauderhill",1,27.2,27.2,Oman,United States of America,Mohammad Nadeem,Jatinder Singh,NP Kenjige,1,0,,,,,,,,,,,,,
1482566,2025,2025-05-21,"Central Broward Regional Park Stadium Turf Ground, Lauderhill",1,27.3,27.3,Oman,United States of America,Jatinder Singh,Mohammad Nadeem,NP Kenjige,1,0,,,,,,,,,,,,,
1482566,2025,2025-05-21,"Central Broward Regional Park Stadium Turf Ground, Lauderhill",1,27.4,27.4,Oman,United States of America,Mohammad Nadeem,Jatinder Singh,NP Kenjige,1,0,,,,,,,,,,,,,
1482566,2025,2025-05-21,"Central Broward Regional Park Stadium Turf Ground, Lauderhill",1,27.5,27.5,Oman,United States of America,Jatinder Singh,Mohammad Nadeem,NP Kenjige,0,1,,,,1,,,,,,,,,
1482566,2025,2025-05-21,"Central Broward Regional Park Stadium Turf Ground, Lauderhill",1,27.6,27.6,Oman,United States of America,Mohammad Nadeem,Jatinder Singh,NP Kenjige,1,0,,,,,,,,,,,,,
1482566,2025,2025-05-21,"Central Broward Regional Park Stadium Turf Ground, Lauderhill",1,28.1,28.1,Oman,United States of America,Mohammad Nadeem,Jatinder Singh,SN Netravalkar,1,0,,,,,,,,,,,,,
1482566,2025,2025-05-21,"Central Broward Regional Park Stadium Turf Ground, Lauderhill",1,28.2,28.2,Oman,United States of America,Jatinder Singh,Mohammad Nadeem,SN Netravalkar,1,0,,,,,,,,,,,,,
1482566,2025,2025-05-21,"Central Broward Regional Park Stadium Turf Ground, Lauderhill",1,28.3,28.3,Oman,United States of America,Mohammad Nadeem,Jatinder Singh,SN Netravalkar,1,0,,,,,,,,,,,,,
1482566,2025,2025-05-21,"Central Broward Regional Park Stadium Turf Ground, Lauderhill",1,28.4,28.4,Oman,United States of America,Jatinder Singh,Mohammad Nadeem,SN Netravalkar,1,0,,,,,,,,,,,,,
1482566,2025,2025-05-21,"Central Broward Regional Park Stadium Turf Ground, Lauderhill",1,28.5,28.5,Oman,United States of America,Mohammad Nadeem,Jatinder Singh,SN Netravalkar,0,0,,,,,,,,,,,,,
1482566,2025,2025-05-21,"Central Broward Regional Park Stadium Turf Ground, Lauderhill",1,28.6,28.6,Oman,United States of America,Mohammad Nadeem,Jatinder Singh,SN Netravalkar,0,0,,,,,,,,,,,,,
1482566,2025,2025-05-21,"Central Broward Regional Park Stadium Turf Ground, Lauderhill",1,29.1,29.1,Oman,United States of America,Jatinder Singh,Mohammad Nadeem,Harmeet Singh,1,0,,,,,,,,,,,,,
1482566,2025,2025-05-21,"Central Broward Regional Park Stadium Turf Ground, Lauderhill",1,29.2,29.2,Oman,United States of America,Mohammad Nadeem,Jatinder Singh,Harmeet Singh,0,0,,,,,,,,,,,,,
1482566,2025,2025-05-21,"Central Broward Regional Park Stadium Turf Ground, Lauderhill",1,29.3,29.3,Oman,United States of America,Mohammad Nadeem,Jatinder Singh,Harmeet Singh,0,0,,,,,,,,,,,,,
1482566,2025,2025-05-21,"Central Broward Regional Park Stadium Turf Ground, Lauderhill",1,29.4,29.4,Oman,United States of America,Mohammad Nadeem,Jatinder Singh,Harmeet Singh,1,0,,,,,,,,,,,,,
1482566,2025,2025-05-21,"Central Broward Regional Park Stadium Turf Ground, Lauderhill",1,29.5,29.5,Oman,United States of America,Jatinder Singh,Mohammad Nadeem,Harmeet Singh,0,0,,,,,,,,,,,,,
1482566,2025,2025-05-21,"Central Broward Regional Park Stadium Turf Ground, Lauderhill",1,29.6,29.6,Oman,United States of America,Jatinder Singh,Mohammad Nadeem,Harmeet Singh,1,0,,,,,,,,,,,,,
1482566,2025,2025-05-21,"Central Broward Regional Park Stadium Turf Ground, Lauderhill",1,30.1,30.1,Oman,United States of America,Jatinder Singh,Mohammad Nadeem,SN Netravalkar,1,0,,,,,,,,,,,,,
1482566,2025,2025-05-21,"Central Broward Regional Park Stadium Turf Ground, Lauderhill",1,30.2,30.2,Oman,United States of America,Mohammad Nadeem,Jatinder Singh,SN Netravalkar,1,0,,,,,,,,,,,,,
1482566,2025,2025-05-21,"Central Broward Regional Park Stadium Turf Ground, Lauderhill",1,30.3,30.3,Oman,United States of America,Jatinder Singh,Mohammad Nadeem,SN Netravalkar,1,0,,,,,,,,,,,,,
1482566,2025,2025-05-21,"Central Broward Regional Park Stadium Turf Ground, Lauderhill",1,30.4,30.4,Oman,United States of America,Mohammad Nadeem,Jatinder Singh,SN Netravalkar,0,0,,,,,,,,,,,,,
1482566,2025,2025-05-21,"Central Broward Regional Park Stadium Turf Ground, Lauderhill",1,30.5,30.5,Oman,United States of America,Mohammad Nadeem,Jatinder Singh,SN Netravalkar,1,0,,,,,,,,,,,,,
1482566,2025,2025-05-21,"Central Broward Regional Park Stadium Turf Ground, Lauderhill",1,30.6,30.6,Oman,United States of America,Jatinder Singh,Mohammad Nadeem,SN Netravalkar,0,0,,,,,,,,,,,,,
1482566,2025,2025-05-21,"Central Broward Regional Park Stadium Turf Ground, Lauderhill",1,31.1,31.1,Oman,United States of America,Mohammad Nadeem,Jatinder Singh,Harmeet Singh,0,0,,,,,,,,,,,,,
1482566,2025,2025-05-21,"Central Broward Regional Park Stadium Turf Ground, Lauderhill",1,31.2,31.2,Oman,United States of America,Mohammad Nadeem,Jatinder Singh,Harmeet Singh,0,0,,,,,,,,,,,,,
1482566,2025,2025-05-21,"Central Broward Regional Park Stadium Turf Ground, Lauderhill",1,31.3,31.3,Oman,United States of America,Mohammad Nadeem,Jatinder Singh,Harmeet Singh,1,0,,,,,,,,,,,,,
1482566,2025,2025-05-21,"Central Broward Regional Park Stadium Turf Ground, Lauderhill",1,31.4,31.4,Oman,United States of America,Jatinder Singh,Mohammad Nadeem,Harmeet Singh,1,0,,,,,,,,,,,,,
1482566,2025,2025-05-21,"Central Broward Regional Park Stadium Turf Ground, Lauderhill",1,31.5,31.5,Oman,United States of America,Mohammad Nadeem,Jatinder Singh,Harmeet Singh,0,0,,,,,,,,,,,,,
1482566,2025,2025-05-21,"Central Broward Regional Park Stadium Turf Ground, Lauderhill",1,31.6,31.6,Oman,United States of America,Mohammad Nadeem,Jatinder Singh,Harmeet Singh,0,0,,,,,,,,,,,,,
1482566,2025,2025-05-21,"Central Broward Regional Park Stadium Turf Ground, Lauderhill",1,32.1,32.1,Oman,United States of America,Jatinder Singh,Mohammad Nadeem,SN Netravalkar,0,0,,,,,,,,,,,,,
1482566,2025,2025-05-21,"Central Broward Regional Park Stadium Turf Ground, Lauderhill",1,32.2,32.2,Oman,United States of America,Jatinder Singh,Mohammad Nadeem,SN Netravalkar,0,0,,,,,,,,,,,,,
1482566,2025,2025-05-21,"Central Broward Regional Park Stadium Turf Ground, Lauderhill",1,32.3,32.3,Oman,United States of America,Jatinder Singh,Mohammad Nadeem,SN Netravalkar,1,0,,,,,,,,,,,,,
1482566,2025,2025-05-21,"Central Broward Regional Park Stadium Turf Ground, Lauderhill",1,32.4,32.4,Oman,United States of America,Mohammad Nadeem,Jatinder Singh,SN Netravalkar,0,0,,,,,,,,,,,,,
1482566,2025,2025-05-21,"Central Broward Regional Park Stadium Turf Ground, Lauderhill",1,32.5,32.5,Oman,United States of America,Mohammad Nadeem,Jatinder Singh,SN Netravalkar,1,0,,,,,,,,,,,,,
1482566,2025,2025-05-21,"Central Broward Regional Park Stadium Turf Ground, Lauderhill",1,32.6,32.6,Oman,United States of America,Jatinder Singh,Mohammad Nadeem,SN Netravalkar,1,0,,,,,,,,,,,,,
1482566,2025,2025-05-21,"Central Broward Regional Park Stadium Turf Ground, Lauderhill",1,33.1,33.1,Oman,United States of America,Jatinder Singh,Mohammad Nadeem,Harmeet Singh,1,0,,,,,,,,,,,,,
1482566,2025,2025-05-21,"Central Broward Regional Park Stadium Turf Ground, Lauderhill",1,33.2,33.2,Oman,United States of America,Mohammad Nadeem,Jatinder Singh,Harmeet Singh,0,0,,,,,,,,,,,,,
1482566,2025,2025-05-21,"Central Broward Regional Park Stadium Turf Ground, Lauderhill",1,33.3,33.3,Oman,United States of America,Mohammad Nadeem,Jatinder Singh,Harmeet Singh,0,0,,,,,,,,,,,,,
1482566,2025,2025-05-21,"Central Broward Regional Park Stadium Turf Ground, Lauderhill",1,33.4,33.4,Oman,United States of America,Mohammad Nadeem,Jatinder Singh,Harmeet Singh,0,0,,,,,,,,,,,,,
1482566,2025,2025-05-21,"Central Broward Regional Park Stadium Turf Ground, Lauderhill",1,33.5,33.5,Oman,United States of America,Mohammad Nadeem,Jatinder Singh,Harmeet Singh,0,0,,,,,,,,,,,,,
1482566,2025,2025-05-21,"Central Broward Regional Park Stadium Turf Ground, Lauderhill",1,33.6,33.6,Oman,United States of America,Mohammad Nadeem,Jatinder Singh,Harmeet Singh,0,0,,,,,,,,,,,,,
1482566,2025,2025-05-21,"Central Broward Regional Park Stadium Turf Ground, Lauderhill",1,34.1,34.1,Oman,United States of America,Jatinder Singh,Mohammad Nadeem,Jasdeep Singh,4,0,,,,,,,,,,,,,
1482566,2025,2025-05-21,"Central Broward Regional Park Stadium Turf Ground, Lauderhill",1,34.2,34.2,Oman,United States of America,Jatinder Singh,Mohammad Nadeem,Jasdeep Singh,4,0,,,,,,,,,,,,,
1482566,2025,2025-05-21,"Central Broward Regional Park Stadium Turf Ground, Lauderhill",1,34.3,34.3,Oman,United States of America,Jatinder Singh,Mohammad Nadeem,Jasdeep Singh,0,0,,,,,,,,,,,,,
1482566,2025,2025-05-21,"Central Broward Regional Park Stadium Turf Ground, Lauderhill",1,34.4,34.4,Oman,United States of America,Jatinder Singh,Mohammad Nadeem,Jasdeep Singh,0,0,,,,,,,,,,,,,
1482566,2025,2025-05-21,"Central Broward Regional Park Stadium Turf Ground, Lauderhill",1,34.5,34.5,Oman,United States of America,Jatinder Singh,Mohammad Nadeem,Jasdeep Singh,1,0,,,,,,,,,,,,,
1482566,2025,2025-05-21,"Central Broward Regional Park Stadium Turf Ground, Lauderhill",1,34.6,34.6,Oman,United States of America,Mohammad Nadeem,Jatinder Singh,Jasdeep Singh,1,0,,,,,,,,,,,,,
1482566,2025,2025-05-21,"Central Broward Regional Park Stadium Turf Ground, Lauderhill",1,35.1,35.1,Oman,United States of America,Mohammad Nadeem,Jatinder Singh,Harmeet Singh,1,0,,,,,,,,,,,,,
1482566,2025,2025-05-21,"Central Broward Regional Park Stadium Turf Ground, Lauderhill",1,35.2,35.2,Oman,United States of America,Jatinder Singh,Mohammad Nadeem,Harmeet Singh,1,0,,,,,,,,,,,,,
1482566,2025,2025-05-21,"Central Broward Regional Park Stadium Turf Ground, Lauderhill",1,35.3,35.3,Oman,United States of America,Mohammad Nadeem,Jatinder Singh,Harmeet Singh,2,0,,,,,,,,,,,,,
1482566,2025,2025-05-21,"Central Broward Regional Park Stadium Turf Ground, Lauderhill",1,35.4,35.4,Oman,United States of America,Mohammad Nadeem,Jatinder Singh,Harmeet Singh,0,0,,,,,,,,,,,,,
1482566,2025,2025-05-21,"Central Broward Regional Park Stadium Turf Ground, Lauderhill",1,35.5,35.5,Oman,United States of America,Mohammad Nadeem,Jatinder Singh,Harmeet Singh,0,0,,,,,,,,,,,,,
1482566,2025,2025-05-21,"Central Broward Regional Park Stadium Turf Ground, Lauderhill",1,35.6,35.6,Oman,United States of America,Mohammad Nadeem,Jatinder Singh,Harmeet Singh,0,0,,,,,,,,,,,,,
1482566,2025,2025-05-21,"Central Broward Regional Park Stadium Turf Ground, Lauderhill",1,36.1,36.1,Oman,United States of America,Jatinder Singh,Mohammad Nadeem,Jasdeep Singh,1,0,,,,,,,,,,,,,
1482566,2025,2025-05-21,"Central Broward Regional Park Stadium Turf Ground, Lauderhill",1,36.2,36.2,Oman,United States of America,Mohammad Nadeem,Jatinder Singh,Jasdeep Singh,0,0,,,,,,,caught,Mohammad Nadeem,,,SK Patel,,
1482566,2025,2025-05-21,"Central Broward Regional Park Stadium Turf Ground, Lauderhill",1,36.3,36.3,Oman,United States of America,V Shukla,Jatinder Singh,Jasdeep Singh,1,0,,,,,,,,,,,,,
1482566,2025,2025-05-21,"Central Broward Regional Park Stadium Turf Ground, Lauderhill",1,36.4,36.4,Oman,United States of America,Jatinder Singh,V Shukla,Jasdeep Singh,1,0,,,,,,,,,,,,,
1482566,2025,2025-05-21,"Central Broward Regional Park Stadium Turf Ground, Lauderhill",1,36.5,36.5,Oman,United States of America,V Shukla,Jatinder Singh,Jasdeep Singh,1,0,,,,,,,,,,,,,
1482566,2025,2025-05-21,"Central Broward Regional Park Stadium Turf Ground, Lauderhill",1,36.6,36.6,Oman,United States of America,Jatinder Singh,V Shukla,Jasdeep Singh,0,0,,,,,,,,,,,,,
1482566,2025,2025-05-21,"Central Broward Regional Park Stadium Turf Ground, Lauderhill",1,37.1,37.1,Oman,United States of America,V Shukla,Jatinder Singh,NP Kenjige,1,0,,,,,,,,,,,,,
1482566,2025,2025-05-21,"Central Broward Regional Park Stadium Turf Ground, Lauderhill",1,37.2,37.2,Oman,United States of America,Jatinder Singh,V Shukla,NP Kenjige,0,0,,,,,,,,,,,,,
1482566,2025,2025-05-21,"Central Broward Regional Park Stadium Turf Ground, Lauderhill",1,37.3,37.3,Oman,United States of America,Jatinder Singh,V Shukla,NP Kenjige,6,0,,,,,,,,,,,,,
1482566,2025,2025-05-21,"Central Broward Regional Park Stadium Turf Ground, Lauderhill",1,37.4,37.4,Oman,United States of America,Jatinder Singh,V Shukla,NP Kenjige,1,0,,,,,,,,,,,,,
1482566,2025,2025-05-21,"Central Broward Regional Park Stadium Turf Ground, Lauderhill",1,37.5,37.5,Oman,United States of America,V Shukla,Jatinder Singh,NP Kenjige,0,0,,,,,,,,,,,,,
1482566,2025,2025-05-21,"Central Broward Regional Park Stadium Turf Ground, Lauderhill",1,37.6,37.6,Oman,United States of America,V Shukla,Jatinder Singh,NP Kenjige,1,0,,,,,,,,,,,,,
1482566,2025,2025-05-21,"Central Broward Regional Park Stadium Turf Ground, Lauderhill",1,38.1,38.1,Oman,United States of America,V Shukla,Jatinder Singh,Jasdeep Singh,0,0,,,,,,,,,,,,,
1482566,2025,2025-05-21,"Central Broward Regional Park Stadium Turf Ground, Lauderhill",1,38.2,38.2,Oman,United States of America,V Shukla,Jatinder Singh,Jasdeep Singh,1,0,,,,,,,,,,,,,
1482566,2025,2025-05-21,"Central Broward Regional Park Stadium Turf Ground, Lauderhill",1,38.3,38.3,Oman,United States of America,Jatinder Singh,V Shukla,Jasdeep Singh,4,0,,,,,,,,,,,,,
1482566,2025,2025-05-21,"Central Broward Regional Park Stadium Turf Ground, Lauderhill",1,38.4,38.4,Oman,United States of America,Jatinder Singh,V Shukla,Jasdeep Singh,1,0,,,,,,,,,,,,,
1482566,2025,2025-05-21,"Central Broward Regional Park Stadium Turf Ground, Lauderhill",1,38.5,38.5,Oman,United States of America,V Shukla,Jatinder Singh,Jasdeep Singh,1,0,,,,,,,,,,,,,
1482566,2025,2025-05-21,"Central Broward Regional Park Stadium Turf Ground, Lauderhill",1,38.6,38.6,Oman,United States of America,Jatinder Singh,V Shukla,Jasdeep Singh,2,0,,,,,,,,,,,,,
1482566,2025,2025-05-21,"Central Broward Regional Park Stadium Turf Ground, Lauderhill",1,39.1,39.1,Oman,United States of America,V Shukla,Jatinder Singh,NP Kenjige,1,0,,,,,,,,,,,,,
1482566,2025,2025-05-21,"Central Broward Regional Park Stadium Turf Ground, Lauderhill",1,39.2,39.2,Oman,United States of America,Jatinder Singh,V Shukla,NP Kenjige,0,0,,,,,,,,,,,,,
1482566,2025,2025-05-21,"Central Broward Regional Park Stadium Turf Ground, Lauderhill",1,39.3,39.3,Oman,United States of America,Jatinder Singh,V Shukla,NP Kenjige,1,0,,,,,,,,,,,,,
1482566,2025,2025-05-21,"Central Broward Regional Park Stadium Turf Ground, Lauderhill",1,39.4,39.4,Oman,United States of America,V Shukla,Jatinder Singh,NP Kenjige,0,0,,,,,,,,,,,,,
1482566,2025,2025-05-21,"Central Broward Regional Park Stadium Turf Ground, Lauderhill",1,39.5,39.5,Oman,United States of America,V Shukla,Jatinder Singh,NP Kenjige,0,0,,,,,,,,,,,,,
1482566,2025,2025-05-21,"Central Broward Regional Park Stadium Turf Ground, Lauderhill",1,39.6,39.6,Oman,United States of America,V Shukla,Jatinder Singh,NP Kenjige,0,1,1,,,,,,,,,,,,
1482566,2025,2025-05-21,"Central Broward Regional Park Stadium Turf Ground, Lauderhill",1,39.7,39.6,Oman,United States of America,V Shukla,Jatinder Singh,NP Kenjige,1,0,,,,,,,,,,,,,
1482566,2025,2025-05-21,"Central Broward Regional Park Stadium Turf Ground, Lauderhill",1,40.1,40.1,Oman,United States of America,V Shukla,Jatinder Singh,SN Netravalkar,0,0,,,,,,,,,,,,,
1482566,2025,2025-05-21,"Central Broward Regional Park Stadium Turf Ground, Lauderhill",1,40.2,40.2,Oman,United States of America,V Shukla,Jatinder Singh,SN Netravalkar,1,0,,,,,,,,,,,,,
1482566,2025,2025-05-21,"Central Broward Regional Park Stadium Turf Ground, Lauderhill",1,40.3,40.3,Oman,United States of America,Jatinder Singh,V Shukla,SN Netravalkar,1,0,,,,,,,,,,,,,
1482566,2025,2025-05-21,"Central Broward Regional Park Stadium Turf Ground, Lauderhill",1,40.4,40.4,Oman,United States of America,V Shukla,Jatinder Singh,SN Netravalkar,1,0,,,,,,,,,,,,,
1482566,2025,2025-05-21,"Central Broward Regional Park Stadium Turf Ground, Lauderhill",1,40.5,40.5,Oman,United States of America,Jatinder Singh,V Shukla,SN Netravalkar,0,0,,,,,,,caught,Jatinder Singh,,,SR Mukkamalla,,
1482566,2025,2025-05-21,"Central Broward Regional Park Stadium Turf Ground, Lauderhill",1,40.6,40.6,Oman,United States of America,Sufyan Mehmood,V Shukla,SN Netravalkar,0,0,,,,,,,lbw,Sufyan Mehmood,,,,,
1482566,2025,2025-05-21,"Central Broward Regional Park Stadium Turf Ground, Lauderhill",1,41.1,41.1,Oman,United States of America,V Shukla,Hassnain Shah,NP Kenjige,6,0,,,,,,,,,,,,,
1482566,2025,2025-05-21,"Central Broward Regional Park Stadium Turf Ground, Lauderhill",1,41.2,41.2,Oman,United States of America,V Shukla,Hassnain Shah,NP Kenjige,1,0,,,,,,,,,,,,,
1482566,2025,2025-05-21,"Central Broward Regional Park Stadium Turf Ground, Lauderhill",1,41.3,41.3,Oman,United States of America,Hassnain Shah,V Shukla,NP Kenjige,0,0,,,,,,,,,,,,,
1482566,2025,2025-05-21,"Central Broward Regional Park Stadium Turf Ground, Lauderhill",1,41.4,41.4,Oman,United States of America,Hassnain Shah,V Shukla,NP Kenjige,0,0,,,,,,,,,,,,,
1482566,2025,2025-05-21,"Central Broward Regional Park Stadium Turf Ground, Lauderhill",1,41.5,41.5,Oman,United States of America,Hassnain Shah,V Shukla,NP Kenjige,1,0,,,,,,,,,,,,,
1482566,2025,2025-05-21,"Central Broward Regional Park Stadium Turf Ground, Lauderhill",1,41.6,41.6,Oman,United States of America,V Shukla,Hassnain Shah,NP Kenjige,0,0,,,,,,,,,,,,,
1482566,2025,2025-05-21,"Central Broward Regional Park Stadium Turf Ground, Lauderhill",1,42.1,42.1,Oman,United States of America,Hassnain Shah,V Shukla,SN Netravalkar,1,0,,,,,,,,,,,,,
1482566,2025,2025-05-21,"Central Broward Regional Park Stadium Turf Ground, Lauderhill",1,42.2,42.2,Oman,United States of America,V Shukla,Hassnain Shah,SN Netravalkar,0,0,,,,,,,,,,,,,
1482566,2025,2025-05-21,"Central Broward Regional Park Stadium Turf Ground, Lauderhill",1,42.3,42.3,Oman,United States of America,V Shukla,Hassnain Shah,SN Netravalkar,0,0,,,,,,,,,,,,,
1482566,2025,2025-05-21,"Central Broward Regional Park Stadium Turf Ground, Lauderhill",1,42.4,42.4,Oman,United States of America,V Shukla,Hassnain Shah,SN Netravalkar,1,0,,,,,,,,,,,,,
1482566,2025,2025-05-21,"Central Broward Regional Park Stadium Turf Ground, Lauderhill",1,42.5,42.5,Oman,United States of America,Hassnain Shah,V Shukla,SN Netravalkar,2,0,,,,,,,,,,,,,
1482566,2025,2025-05-21,"Central Broward Regional Park Stadium Turf Ground, Lauderhill",1,42.6,42.6,Oman,United States of America,Hassnain Shah,V Shukla,SN Netravalkar,0,0,,,,,,,,,,,,,
1482566,2025,2025-05-21,"Central Broward Regional Park Stadium Turf Ground, Lauderhill",1,43.1,43.1,Oman,United States of America,V Shukla,Hassnain Shah,Milind Kumar,2,0,,,,,,,,,,,,,
1482566,2025,2025-05-21,"Central Broward Regional Park Stadium Turf Ground, Lauderhill",1,43.2,43.2,Oman,United States of America,V Shukla,Hassnain Shah,Milind Kumar,0,0,,,,,,,,,,,,,
1482566,2025,2025-05-21,"Central Broward Regional Park Stadium Turf Ground, Lauderhill",1,43.3,43.3,Oman,United States of America,V Shukla,Hassnain Shah,Milind Kumar,0,0,,,,,,,,,,,,,
1482566,2025,2025-05-21,"Central Broward Regional Park Stadium Turf Ground, Lauderhill",1,43.4,43.4,Oman,United States of America,V Shukla,Hassnain Shah,Milind Kumar,1,0,,,,,,,,,,,,,
1482566,2025,2025-05-21,"Central Broward Regional Park Stadium Turf Ground, Lauderhill",1,43.5,43.5,Oman,United States of America,Hassnain Shah,V Shukla,Milind Kumar,1,0,,,,,,,,,,,,,
1482566,2025,2025-05-21,"Central Broward Regional Park Stadium Turf Ground, Lauderhill",1,43.6,43.6,Oman,United States of America,V Shukla,Hassnain Shah,Milind Kumar,1,0,,,,,,,,,,,,,
1482566,2025,2025-05-21,"Central Broward Regional Park Stadium Turf Ground, Lauderhill",1,44.1,44.1,Oman,United States of America,V Shukla,Hassnain Shah,SN Netravalkar,1,0,,,,,,,,,,,,,
1482566,2025,2025-05-21,"Central Broward Regional Park Stadium Turf Ground, Lauderhill",1,44.2,44.2,Oman,United States of America,Hassnain Shah,V Shukla,SN Netravalkar,0,0,,,,,,,,,,,,,
1482566,2025,2025-05-21,"Central Broward Regional Park Stadium Turf Ground, Lauderhill",1,44.3,44.3,Oman,United States of America,Hassnain Shah,V Shukla,SN Netravalkar,6,0,,,,,,,,,,,,,
1482566,2025,2025-05-21,"Central Broward Regional Park Stadium Turf Ground, Lauderhill",1,44.4,44.4,Oman,United States of America,Hassnain Shah,V Shukla,SN Netravalkar,0,0,,,,,,,,,,,,,
1482566,2025,2025-05-21,"Central Broward Regional Park Stadium Turf Ground, Lauderhill",1,44.5,44.5,Oman,United States of America,Hassnain Shah,V Shukla,SN Netravalkar,4,0,,,,,,,,,,,,,
1482566,2025,2025-05-21,"Central Broward Regional Park Stadium Turf Ground, Lauderhill",1,44.6,44.6,Oman,United States of America,Hassnain Shah,V Shukla,SN Netravalkar,1,0,,,,,,,,,,,,,
1482566,2025,2025-05-21,"Central Broward Regional Park Stadium Turf Ground, Lauderhill",1,45.1,45.1,Oman,United States of America,V Shukla,Hassnain Shah,Milind Kumar,1,0,,,,,,,,,,,,,
1482566,2025,2025-05-21,"Central Broward Regional Park Stadium Turf Ground, Lauderhill",1,45.2,45.2,Oman,United States of America,Hassnain Shah,V Shukla,Milind Kumar,0,0,,,,,,,,,,,,,
1482566,2025,2025-05-21,"Central Broward Regional Park Stadium Turf Ground, Lauderhill",1,45.3,45.3,Oman,United States of America,Hassnain Shah,V Shukla,Milind Kumar,1,0,,,,,,,,,,,,,
1482566,2025,2025-05-21,"Central Broward Regional Park Stadium Turf Ground, Lauderhill",1,45.4,45.4,Oman,United States of America,V Shukla,Hassnain Shah,Milind Kumar,0,0,,,,,,,,,,,,,
1482566,2025,2025-05-21,"Central Broward Regional Park Stadium Turf Ground, Lauderhill",1,45.5,45.5,Oman,United States of America,V Shukla,Hassnain Shah,Milind Kumar,0,0,,,,,,,,,,,,,
1482566,2025,2025-05-21,"Central Broward Regional Park Stadium Turf Ground, Lauderhill",1,45.6,45.6,Oman,United States of America,V Shukla,Hassnain Shah,Milind Kumar,0,0,,,,,,,,,,,,,
1482566,2025,2025-05-21,"Central Broward Regional Park Stadium Turf Ground, Lauderhill",1,46.1,46.1,Oman,United States of America,Hassnain Shah,V Shukla,Jasdeep Singh,1,0,,,,,,,,,,,,,
1482566,2025,2025-05-21,"Central Broward Regional Park Stadium Turf Ground, Lauderhill",1,46.2,46.2,Oman,United States of America,V Shukla,Hassnain Shah,Jasdeep Singh,0,0,,,,,,,,,,,,,
1482566,2025,2025-05-21,"Central Broward Regional Park Stadium Turf Ground, Lauderhill",1,46.3,46.3,Oman,United States of America,V Shukla,Hassnain Shah,Jasdeep Singh,4,0,,,,,,,,,,,,,
1482566,2025,2025-05-21,"Central Broward Regional Park Stadium Turf Ground, Lauderhill",1,46.4,46.4,Oman,United States of America,V Shukla,Hassnain Shah,Jasdeep Singh,4,0,,,,,,,,,,,,,
1482566,2025,2025-05-21,"Central Broward Regional Park Stadium Turf Ground, Lauderhill",1,46.5,46.5,Oman,United States of America,V Shukla,Hassnain Shah,Jasdeep Singh,0,0,,,,,,,,,,,,,
1482566,2025,2025-05-21,"Central Broward Regional Park Stadium Turf Ground, Lauderhill",1,46.6,46.6,Oman,United States of America,V Shukla,Hassnain Shah,Jasdeep Singh,0,1,,,,1,,,,,,,,,
1482566,2025,2025-05-21,"Central Broward Regional Park Stadium Turf Ground, Lauderhill",1,47.1,47.1,Oman,United States of America,V Shukla,Hassnain Shah,Milind Kumar,6,0,,,,,,,,,,,,,
1482566,2025,2025-05-21,"Central Broward Regional Park Stadium Turf Ground, Lauderhill",1,47.2,47.2,Oman,United States of America,V Shukla,Hassnain Shah,Milind Kumar,4,0,,,,,,,,,,,,,
1482566,2025,2025-05-21,"Central Broward Regional Park Stadium Turf Ground, Lauderhill",1,47.3,47.3,Oman,United States of America,V Shukla,Hassnain Shah,Milind Kumar,1,0,,,,,,,,,,,,,
1482566,2025,2025-05-21,"Central Broward Regional Park Stadium Turf Ground, Lauderhill",1,47.4,47.4,Oman,United States of America,Hassnain Shah,V Shukla,Milind Kumar,6,0,,,,,,,,,,,,,
1482566,2025,2025-05-21,"Central Broward Regional Park Stadium Turf Ground, Lauderhill",1,47.5,47.5,Oman,United States of America,Hassnain Shah,V Shukla,Milind Kumar,2,0,,,,,,,,,,,,,
1482566,2025,2025-05-21,"Central Broward Regional Park Stadium Turf Ground, Lauderhill",1,47.6,47.6,Oman,United States of America,Hassnain Shah,V Shukla,Milind Kumar,6,1,,1,,,,,,,,,,,
1482566,2025,2025-05-21,"Central Broward Regional Park Stadium Turf Ground, Lauderhill",1,47.7,47.6,Oman,United States of America,Hassnain Shah,V Shukla,Milind Kumar,2,0,,,,,,,,,,,,,
1482566,2025,2025-05-21,"Central Broward Regional Park Stadium Turf Ground, Lauderhill",1,48.1,48.1,Oman,United States of America,V Shukla,Hassnain Shah,Jasdeep Singh,0,0,,,,,,,,,,,,,
1482566,2025,2025-05-21,"Central Broward Regional Park Stadium Turf Ground, Lauderhill",1,48.2,48.2,Oman,United States of America,V Shukla,Hassnain Shah,Jasdeep Singh,1,0,,,,,,,,,,,,,
1482566,2025,2025-05-21,"Central Broward Regional Park Stadium Turf Ground, Lauderhill",1,48.3,48.3,Oman,United States of America,Hassnain Shah,V Shukla,Jasdeep Singh,1,0,,,,,,,,,,,,,
1482566,2025,2025-05-21,"Central Broward Regional Park Stadium Turf Ground, Lauderhill",1,48.4,48.4,Oman,United States of America,V Shukla,Hassnain Shah,Jasdeep Singh,0,0,,,,,,,bowled,V Shukla,,,,,
1482566,2025,2025-05-21,"Central Broward Regional Park Stadium Turf Ground, Lauderhill",1,48.5,48.5,Oman,United States of America,Shakeel Ahmed,Hassnain Shah,Jasdeep Singh,1,0,,,,,,,,,,,,,
1482566,2025,2025-05-21,"Central Broward Regional Park Stadium Turf Ground, Lauderhill",1,48.6,48.6,Oman,United States of America,Hassnain Shah,Shakeel Ahmed,Jasdeep Singh,1,0,,,,,,,,,,,,,
1482566,2025,2025-05-21,"Central Broward Regional Park Stadium Turf Ground, Lauderhill",1,49.1,49.1,Oman,United States of America,Hassnain Shah,Shakeel Ahmed,Milind Kumar,6,0,,,,,,,,,,,,,
1482566,2025,2025-05-21,"Central Broward Regional Park Stadium Turf Ground, Lauderhill",1,49.2,49.2,Oman,United States of America,Hassnain Shah,Shakeel Ahmed,Milind Kumar,0,0,,,,,,,caught,Hassnain Shah,,,NP Kenjige,,
1482566,2025,2025-05-21,"Central Broward Regional Park Stadium Turf Ground, Lauderhill",1,49.3,49.3,Oman,United States of America,S Shrivastava,Shakeel Ahmed,Milind Kumar,1,0,,,,,,,,,,,,,
1482566,2025,2025-05-21,"Central Broward Regional Park Stadium Turf Ground, Lauderhill",1,49.4,49.4,Oman,United States of America,Shakeel Ahmed,S Shrivastava,Milind Kumar,0,0,,,,,,,caught,Shakeel Ahmed,,,SK Patel,,
1482566,2025,2025-05-21,"Central Broward Regional Park Stadium Turf Ground, Lauderhill",2,0.1,0.1,United States of America,Oman,SK Patel,AGS Gous,Shakeel Ahmed,0,0,,,,,,,,,,,,,
1482566,2025,2025-05-21,"Central Broward Regional Park Stadium Turf Ground, Lauderhill",2,0.2,0.2,United States of America,Oman,SK Patel,AGS Gous,Shakeel Ahmed,1,0,,,,,,,,,,,,,
1482566,2025,2025-05-21,"Central Broward Regional Park Stadium Turf Ground, Lauderhill",2,0.3,0.3,United States of America,Oman,AGS Gous,SK Patel,Shakeel Ahmed,0,0,,,,,,,,,,,,,
1482566,2025,2025-05-21,"Central Broward Regional Park Stadium Turf Ground, Lauderhill",2,0.4,0.4,United States of America,Oman,AGS Gous,SK Patel,Shakeel Ahmed,0,0,,,,,,,,,,,,,
1482566,2025,2025-05-21,"Central Broward Regional Park Stadium Turf Ground, Lauderhill",2,0.5,0.5,United States of America,Oman,AGS Gous,SK Patel,Shakeel Ahmed,0,0,,,,,,,,,,,,,
1482566,2025,2025-05-21,"Central Broward Regional Park Stadium Turf Ground, Lauderhill",2,0.6,0.6,United States of America,Oman,AGS Gous,SK Patel,Shakeel Ahmed,0,0,,,,,,,,,,,,,
1482566,2025,2025-05-21,"Central Broward Regional Park Stadium Turf Ground, Lauderhill",2,1.1,1.1,United States of America,Oman,SK Patel,AGS Gous,Hassnain Shah,0,0,,,,,,,,,,,,,
1482566,2025,2025-05-21,"Central Broward Regional Park Stadium Turf Ground, Lauderhill",2,1.2,1.2,United States of America,Oman,SK Patel,AGS Gous,Hassnain Shah,1,0,,,,,,,,,,,,,
1482566,2025,2025-05-21,"Central Broward Regional Park Stadium Turf Ground, Lauderhill",2,1.3,1.3,United States of America,Oman,AGS Gous,SK Patel,Hassnain Shah,1,0,,,,,,,,,,,,,
1482566,2025,2025-05-21,"Central Broward Regional Park Stadium Turf Ground, Lauderhill",2,1.4,1.4,United States of America,Oman,SK Patel,AGS Gous,Hassnain Shah,0,0,,,,,,,,,,,,,
1482566,2025,2025-05-21,"Central Broward Regional Park Stadium Turf Ground, Lauderhill",2,1.5,1.5,United States of America,Oman,SK Patel,AGS Gous,Hassnain Shah,0,0,,,,,,,,,,,,,
1482566,2025,2025-05-21,"Central Broward Regional Park Stadium Turf Ground, Lauderhill",2,1.6,1.6,United States of America,Oman,SK Patel,AGS Gous,Hassnain Shah,0,0,,,,,,,,,,,,,
1482566,2025,2025-05-21,"Central Broward Regional Park Stadium Turf Ground, Lauderhill",2,2.1,2.1,United States of America,Oman,AGS Gous,SK Patel,Shakeel Ahmed,1,0,,,,,,,,,,,,,
1482566,2025,2025-05-21,"Central Broward Regional Park Stadium Turf Ground, Lauderhill",2,2.2,2.2,United States of America,Oman,SK Patel,AGS Gous,Shakeel Ahmed,1,0,,,,,,,,,,,,,
1482566,2025,2025-05-21,"Central Broward Regional Park Stadium Turf Ground, Lauderhill",2,2.3,2.3,United States of America,Oman,AGS Gous,SK Patel,Shakeel Ahmed,1,0,,,,,,,,,,,,,
1482566,2025,2025-05-21,"Central Broward Regional Park Stadium Turf Ground, Lauderhill",2,2.4,2.4,United States of America,Oman,SK Patel,AGS Gous,Shakeel Ahmed,1,0,,,,,,,,,,,,,
1482566,2025,2025-05-21,"Central Broward Regional Park Stadium Turf Ground, Lauderhill",2,2.5,2.5,United States of America,Oman,AGS Gous,SK Patel,Shakeel Ahmed,1,0,,,,,,,,,,,,,
1482566,2025,2025-05-21,"Central Broward Regional Park Stadium Turf Ground, Lauderhill",2,2.6,2.6,United States of America,Oman,SK Patel,AGS Gous,Shakeel Ahmed,0,0,,,,,,,,,,,,,
1482566,2025,2025-05-21,"Central Broward Regional Park Stadium Turf Ground, Lauderhill",2,3.1,3.1,United States of America,Oman,AGS Gous,SK Patel,Hassnain Shah,4,0,,,,,,,,,,,,,
1482566,2025,2025-05-21,"Central Broward Regional Park Stadium Turf Ground, Lauderhill",2,3.2,3.2,United States of America,Oman,AGS Gous,SK Patel,Hassnain Shah,0,0,,,,,,,,,,,,,
1482566,2025,2025-05-21,"Central Broward Regional Park Stadium Turf Ground, Lauderhill",2,3.3,3.3,United States of America,Oman,AGS Gous,SK Patel,Hassnain Shah,0,0,,,,,,,,,,,,,
1482566,2025,2025-05-21,"Central Broward Regional Park Stadium Turf Ground, Lauderhill",2,3.4,3.4,United States of America,Oman,AGS Gous,SK Patel,Hassnain Shah,1,0,,,,,,,,,,,,,
1482566,2025,2025-05-21,"Central Broward Regional Park Stadium Turf Ground, Lauderhill",2,3.5,3.5,United States of America,Oman,SK Patel,AGS Gous,Hassnain Shah,0,0,,,,,,,,,,,,,
1482566,2025,2025-05-21,"Central Broward Regional Park Stadium Turf Ground, Lauderhill",2,3.6,3.6,United States of America,Oman,SK Patel,AGS Gous,Hassnain Shah,0,0,,,,,,,,,,,,,
1482566,2025,2025-05-21,"Central Broward Regional Park Stadium Turf Ground, Lauderhill",2,4.1,4.1,United States of America,Oman,AGS Gous,SK Patel,Shakeel Ahmed,0,0,,,,,,,,,,,,,
1482566,2025,2025-05-21,"Central Broward Regional Park Stadium Turf Ground, Lauderhill",2,4.2,4.2,United States of America,Oman,AGS Gous,SK Patel,Shakeel Ahmed,0,0,,,,,,,,,,,,,
1482566,2025,2025-05-21,"Central Broward Regional Park Stadium Turf Ground, Lauderhill",2,4.3,4.3,United States of America,Oman,AGS Gous,SK Patel,Shakeel Ahmed,1,0,,,,,,,,,,,,,
1482566,2025,2025-05-21,"Central Broward Regional Park Stadium Turf Ground, Lauderhill",2,4.4,4.4,United States of America,Oman,SK Patel,AGS Gous,Shakeel Ahmed,0,0,,,,,,,,,,,,,
1482566,2025,2025-05-21,"Central Broward Regional Park Stadium Turf Ground, Lauderhill",2,4.5,4.5,United States of America,Oman,SK Patel,AGS Gous,Shakeel Ahmed,0,0,,,,,,,,,,,,,
1482566,2025,2025-05-21,"Central Broward Regional Park Stadium Turf Ground, Lauderhill",2,4.6,4.6,United States of America,Oman,SK Patel,AGS Gous,Shakeel Ahmed,0,0,,,,,,,,,,,,,
1482566,2025,2025-05-21,"Central Broward Regional Park Stadium Turf Ground, Lauderhill",2,5.1,5.1,United States of America,Oman,AGS Gous,SK Patel,Hassnain Shah,4,0,,,,,,,,,,,,,
1482566,2025,2025-05-21,"Central Broward Regional Park Stadium Turf Ground, Lauderhill",2,5.2,5.2,United States of America,Oman,AGS Gous,SK Patel,Hassnain Shah,2,0,,,,,,,,,,,,,
1482566,2025,2025-05-21,"Central Broward Regional Park Stadium Turf Ground, Lauderhill",2,5.3,5.3,United States of America,Oman,AGS Gous,SK Patel,Hassnain Shah,0,0,,,,,,,caught,AGS Gous,,,V Shukla,,
1482566,2025,2025-05-21,"Central Broward Regional Park Stadium Turf Ground, Lauderhill",2,5.4,5.4,United States of America,Oman,MD Patel,SK Patel,Hassnain Shah,0,0,,,,,,,,,,,,,
1482566,2025,2025-05-21,"Central Broward Regional Park Stadium Turf Ground, Lauderhill",2,5.5,5.5,United States of America,Oman,MD Patel,SK Patel,Hassnain Shah,0,0,,,,,,,,,,,,,
1482566,2025,2025-05-21,"Central Broward Regional Park Stadium Turf Ground, Lauderhill",2,5.6,5.6,United States of America,Oman,MD Patel,SK Patel,Hassnain Shah,1,1,,1,,,,,,,,,,,
1482566,2025,2025-05-21,"Central Broward Regional Park Stadium Turf Ground, Lauderhill",2,5.7,5.6,United States of America,Oman,SK Patel,MD Patel,Hassnain Shah,4,0,,,,,,,,,,,,,
1482566,2025,2025-05-21,"Central Broward Regional Park Stadium Turf Ground, Lauderhill",2,6.1,6.1,United States of America,Oman,MD Patel,SK Patel,Shakeel Ahmed,0,0,,,,,,,,,,,,,
1482566,2025,2025-05-21,"Central Broward Regional Park Stadium Turf Ground, Lauderhill",2,6.2,6.2,United States of America,Oman,MD Patel,SK Patel,Shakeel Ahmed,1,0,,,,,,,,,,,,,
1482566,2025,2025-05-21,"Central Broward Regional Park Stadium Turf Ground, Lauderhill",2,6.3,6.3,United States of America,Oman,SK Patel,MD Patel,Shakeel Ahmed,0,0,,,,,,,,,,,,,
1482566,2025,2025-05-21,"Central Broward Regional Park Stadium Turf Ground, Lauderhill",2,6.4,6.4,United States of America,Oman,SK Patel,MD Patel,Shakeel Ahmed,0,0,,,,,,,,,,,,,
1482566,2025,2025-05-21,"Central Broward Regional Park Stadium Turf Ground, Lauderhill",2,6.5,6.5,United States of America,Oman,SK Patel,MD Patel,Shakeel Ahmed,0,0,,,,,,,,,,,,,
1482566,2025,2025-05-21,"Central Broward Regional Park Stadium Turf Ground, Lauderhill",2,6.6,6.6,United States of America,Oman,SK Patel,MD Patel,Shakeel Ahmed,0,0,,,,,,,,,,,,,
1482566,2025,2025-05-21,"Central Broward Regional Park Stadium Turf Ground, Lauderhill",2,7.1,7.1,United States of America,Oman,MD Patel,SK Patel,Hassnain Shah,0,0,,,,,,,,,,,,,
1482566,2025,2025-05-21,"Central Broward Regional Park Stadium Turf Ground, Lauderhill",2,7.2,7.2,United States of America,Oman,MD Patel,SK Patel,Hassnain Shah,1,0,,,,,,,,,,,,,
1482566,2025,2025-05-21,"Central Broward Regional Park Stadium Turf Ground, Lauderhill",2,7.3,7.3,United States of America,Oman,SK Patel,MD Patel,Hassnain Shah,1,0,,,,,,,,,,,,,
1482566,2025,2025-05-21,"Central Broward Regional Park Stadium Turf Ground, Lauderhill",2,7.4,7.4,United States of America,Oman,MD Patel,SK Patel,Hassnain Shah,1,0,,,,,,,,,,,,,
1482566,2025,2025-05-21,"Central Broward Regional Park Stadium Turf Ground, Lauderhill",2,7.5,7.5,United States of America,Oman,SK Patel,MD Patel,Hassnain Shah,3,0,,,,,,,,,,,,,
1482566,2025,2025-05-21,"Central Broward Regional Park Stadium Turf Ground, Lauderhill",2,7.6,7.6,United States of America,Oman,MD Patel,SK Patel,Hassnain Shah,0,0,,,,,,,,,,,,,
1482566,2025,2025-05-21,"Central Broward Regional Park Stadium Turf Ground, Lauderhill",2,8.1,8.1,United States of America,Oman,SK Patel,MD Patel,Shakeel Ahmed,0,0,,,,,,,,,,,,,
1482566,2025,2025-05-21,"Central Broward Regional Park Stadium Turf Ground, Lauderhill",2,8.2,8.2,United States of America,Oman,SK Patel,MD Patel,Shakeel Ahmed,1,0,,,,,,,,,,,,,
1482566,2025,2025-05-21,"Central Broward Regional Park Stadium Turf Ground, Lauderhill",2,8.3,8.3,United States of America,Oman,MD Patel,SK Patel,Shakeel Ahmed,0,0,,,,,,,,,,,,,
1482566,2025,2025-05-21,"Central Broward Regional Park Stadium Turf Ground, Lauderhill",2,8.4,8.4,United States of America,Oman,MD Patel,SK Patel,Shakeel Ahmed,0,0,,,,,,,,,,,,,
1482566,2025,2025-05-21,"Central Broward Regional Park Stadium Turf Ground, Lauderhill",2,8.5,8.5,United States of America,Oman,MD Patel,SK Patel,Shakeel Ahmed,0,0,,,,,,,,,,,,,
1482566,2025,2025-05-21,"Central Broward Regional Park Stadium Turf Ground, Lauderhill",2,8.6,8.6,United States of America,Oman,MD Patel,SK Patel,Shakeel Ahmed,1,0,,,,,,,,,,,,,
1482566,2025,2025-05-21,"Central Broward Regional Park Stadium Turf Ground, Lauderhill",2,9.1,9.1,United States of America,Oman,MD Patel,SK Patel,Mohammad Nadeem,0,0,,,,,,,,,,,,,
1482566,2025,2025-05-21,"Central Broward Regional Park Stadium Turf Ground, Lauderhill",2,9.2,9.2,United States of America,Oman,MD Patel,SK Patel,Mohammad Nadeem,4,0,,,,,,,,,,,,,
1482566,2025,2025-05-21,"Central Broward Regional Park Stadium Turf Ground, Lauderhill",2,9.3,9.3,United States of America,Oman,MD Patel,SK Patel,Mohammad Nadeem,0,0,,,,,,,,,,,,,
1482566,2025,2025-05-21,"Central Broward Regional Park Stadium Turf Ground, Lauderhill",2,9.4,9.4,United States of America,Oman,MD Patel,SK Patel,Mohammad Nadeem,0,0,,,,,,,,,,,,,
1482566,2025,2025-05-21,"Central Broward Regional Park Stadium Turf Ground, Lauderhill",2,9.5,9.5,United States of America,Oman,MD Patel,SK Patel,Mohammad Nadeem,1,0,,,,,,,,,,,,,
1482566,2025,2025-05-21,"Central Broward Regional Park Stadium Turf Ground, Lauderhill",2,9.6,9.6,United States of America,Oman,SK Patel,MD Patel,Mohammad Nadeem,2,0,,,,,,,,,,,,,
1482566,2025,2025-05-21,"Central Broward Regional Park Stadium Turf Ground, Lauderhill",2,10.1,10.1,United States of America,Oman,MD Patel,SK Patel,Mujibur Ali,0,0,,,,,,,,,,,,,
1482566,2025,2025-05-21,"Central Broward Regional Park Stadium Turf Ground, Lauderhill",2,10.2,10.2,United States of America,Oman,MD Patel,SK Patel,Mujibur Ali,1,0,,,,,,,,,,,,,
1482566,2025,2025-05-21,"Central Broward Regional Park Stadium Turf Ground, Lauderhill",2,10.3,10.3,United States of America,Oman,SK Patel,MD Patel,Mujibur Ali,0,0,,,,,,,,,,,,,
1482566,2025,2025-05-21,"Central Broward Regional Park Stadium Turf Ground, Lauderhill",2,10.4,10.4,United States of America,Oman,SK Patel,MD Patel,Mujibur Ali,0,0,,,,,,,,,,,,,
1482566,2025,2025-05-21,"Central Broward Regional Park Stadium Turf Ground, Lauderhill",2,10.5,10.5,United States of America,Oman,SK Patel,MD Patel,Mujibur Ali,0,0,,,,,,,,,,,,,
1482566,2025,2025-05-21,"Central Broward Regional Park Stadium Turf Ground, Lauderhill",2,10.6,10.6,United States of America,Oman,SK Patel,MD Patel,Mujibur Ali,1,0,,,,,,,,,,,,,
1482566,2025,2025-05-21,"Central Broward Regional Park Stadium Turf Ground, Lauderhill",2,11.1,11.1,United States of America,Oman,SK Patel,MD Patel,Mohammad Nadeem,1,0,,,,,,,,,,,,,
1482566,2025,2025-05-21,"Central Broward Regional Park Stadium Turf Ground, Lauderhill",2,11.2,11.2,United States of America,Oman,MD Patel,SK Patel,Mohammad Nadeem,1,0,,,,,,,,,,,,,
1482566,2025,2025-05-21,"Central Broward Regional Park Stadium Turf Ground, Lauderhill",2,11.3,11.3,United States of America,Oman,SK Patel,MD Patel,Mohammad Nadeem,1,0,,,,,,,,,,,,,
1482566,2025,2025-05-21,"Central Broward Regional Park Stadium Turf Ground, Lauderhill",2,11.4,11.4,United States of America,Oman,MD Patel,SK Patel,Mohammad Nadeem,0,0,,,,,,,,,,,,,
1482566,2025,2025-05-21,"Central Broward Regional Park Stadium Turf Ground, Lauderhill",2,11.5,11.5,United States of America,Oman,MD Patel,SK Patel,Mohammad Nadeem,0,0,,,,,,,,,,,,,
1482566,2025,2025-05-21,"Central Broward Regional Park Stadium Turf Ground, Lauderhill",2,11.6,11.6,United States of America,Oman,MD Patel,SK Patel,Mohammad Nadeem,0,0,,,,,,,,,,,,,
1482566,2025,2025-05-21,"Central Broward Regional Park Stadium Turf Ground, Lauderhill",2,12.1,12.1,United States of America,Oman,SK Patel,MD Patel,Mujibur Ali,2,0,,,,,,,,,,,,,
1482566,2025,2025-05-21,"Central Broward Regional Park Stadium Turf Ground, Lauderhill",2,12.2,12.2,United States of America,Oman,SK Patel,MD Patel,Mujibur Ali,0,0,,,,,,,,,,,,,
1482566,2025,2025-05-21,"Central Broward Regional Park Stadium Turf Ground, Lauderhill",2,12.3,12.3,United States of America,Oman,SK Patel,MD Patel,Mujibur Ali,0,0,,,,,,,,,,,,,
1482566,2025,2025-05-21,"Central Broward Regional Park Stadium Turf Ground, Lauderhill",2,12.4,12.4,United States of America,Oman,SK Patel,MD Patel,Mujibur Ali,1,0,,,,,,,,,,,,,
1482566,2025,2025-05-21,"Central Broward Regional Park Stadium Turf Ground, Lauderhill",2,12.5,12.5,United States of America,Oman,MD Patel,SK Patel,Mujibur Ali,1,0,,,,,,,,,,,,,
1482566,2025,2025-05-21,"Central Broward Regional Park Stadium Turf Ground, Lauderhill",2,12.6,12.6,United States of America,Oman,SK Patel,MD Patel,Mujibur Ali,2,1,,1,,,,,,,,,,,
1482566,2025,2025-05-21,"Central Broward Regional Park Stadium Turf Ground, Lauderhill",2,12.7,12.6,United States of America,Oman,SK Patel,MD Patel,Mujibur Ali,1,0,,,,,,,,,,,,,
1482566,2025,2025-05-21,"Central Broward Regional Park Stadium Turf Ground, Lauderhill",2,13.1,13.1,United States of America,Oman,SK Patel,MD Patel,Mohammad Nadeem,0,0,,,,,,,,,,,,,
1482566,2025,2025-05-21,"Central Broward Regional Park Stadium Turf Ground, Lauderhill",2,13.2,13.2,United States of America,Oman,SK Patel,MD Patel,Mohammad Nadeem,0,0,,,,,,,,,,,,,
1482566,2025,2025-05-21,"Central Broward Regional Park Stadium Turf Ground, Lauderhill",2,13.3,13.3,United States of America,Oman,SK Patel,MD Patel,Mohammad Nadeem,2,0,,,,,,,,,,,,,
1482566,2025,2025-05-21,"Central Broward Regional Park Stadium Turf Ground, Lauderhill",2,13.4,13.4,United States of America,Oman,SK Patel,MD Patel,Mohammad Nadeem,0,0,,,,,,,,,,,,,
1482566,2025,2025-05-21,"Central Broward Regional Park Stadium Turf Ground, Lauderhill",2,13.5,13.5,United States of America,Oman,SK Patel,MD Patel,Mohammad Nadeem,0,0,,,,,,,,,,,,,
1482566,2025,2025-05-21,"Central Broward Regional Park Stadium Turf Ground, Lauderhill",2,13.6,13.6,United States of America,Oman,SK Patel,MD Patel,Mohammad Nadeem,0,0,,,,,,,,,,,,,
1482566,2025,2025-05-21,"Central Broward Regional Park Stadium Turf Ground, Lauderhill",2,14.1,14.1,United States of America,Oman,MD Patel,SK Patel,Mujibur Ali,0,1,,,,1,,,,,,,,,
1482566,2025,2025-05-21,"Central Broward Regional Park Stadium Turf Ground, Lauderhill",2,14.2,14.2,United States of America,Oman,SK Patel,MD Patel,Mujibur Ali,0,0,,,,,,,,,,,,,
1482566,2025,2025-05-21,"Central Broward Regional Park Stadium Turf Ground, Lauderhill",2,14.3,14.3,United States of America,Oman,SK Patel,MD Patel,Mujibur Ali,1,0,,,,,,,,,,,,,
1482566,2025,2025-05-21,"Central Broward Regional Park Stadium Turf Ground, Lauderhill",2,14.4,14.4,United States of America,Oman,MD Patel,SK Patel,Mujibur Ali,0,0,,,,,,,,,,,,,
1482566,2025,2025-05-21,"Central Broward Regional Park Stadium Turf Ground, Lauderhill",2,14.5,14.5,United States of America,Oman,MD Patel,SK Patel,Mujibur Ali,1,0,,,,,,,,,,,,,
1482566,2025,2025-05-21,"Central Broward Regional Park Stadium Turf Ground, Lauderhill",2,14.6,14.6,United States of America,Oman,SK Patel,MD Patel,Mujibur Ali,1,0,,,,,,,,,,,,,
1482566,2025,2025-05-21,"Central Broward Regional Park Stadium Turf Ground, Lauderhill",2,15.1,15.1,United States of America,Oman,SK Patel,MD Patel,Aamir Kaleem,1,0,,,,,,,,,,,,,
1482566,2025,2025-05-21,"Central Broward Regional Park Stadium Turf Ground, Lauderhill",2,15.2,15.2,United States of America,Oman,MD Patel,SK Patel,Aamir Kaleem,0,0,,,,,,,,,,,,,
1482566,2025,2025-05-21,"Central Broward Regional Park Stadium Turf Ground, Lauderhill",2,15.3,15.3,United States of America,Oman,MD Patel,SK Patel,Aamir Kaleem,1,0,,,,,,,,,,,,,
1482566,2025,2025-05-21,"Central Broward Regional Park Stadium Turf Ground, Lauderhill",2,15.4,15.4,United States of America,Oman,SK Patel,MD Patel,Aamir Kaleem,0,0,,,,,,,,,,,,,
1482566,2025,2025-05-21,"Central Broward Regional Park Stadium Turf Ground, Lauderhill",2,15.5,15.5,United States of America,Oman,SK Patel,MD Patel,Aamir Kaleem,0,0,,,,,,,,,,,,,
1482566,2025,2025-05-21,"Central Broward Regional Park Stadium Turf Ground, Lauderhill",2,15.6,15.6,United States of America,Oman,SK Patel,MD Patel,Aamir Kaleem,0,0,,,,,,,,,,,,,
1482566,2025,2025-05-21,"Central Broward Regional Park Stadium Turf Ground, Lauderhill",2,16.1,16.1,United States of America,Oman,MD Patel,SK Patel,Mujibur Ali,1,0,,,,,,,,,,,,,
1482566,2025,2025-05-21,"Central Broward Regional Park Stadium Turf Ground, Lauderhill",2,16.2,16.2,United States of America,Oman,SK Patel,MD Patel,Mujibur Ali,1,0,,,,,,,,,,,,,
1482566,2025,2025-05-21,"Central Broward Regional Park Stadium Turf Ground, Lauderhill",2,16.3,16.3,United States of America,Oman,MD Patel,SK Patel,Mujibur Ali,1,0,,,,,,,,,,,,,
1482566,2025,2025-05-21,"Central Broward Regional Park Stadium Turf Ground, Lauderhill",2,16.4,16.4,United States of America,Oman,SK Patel,MD Patel,Mujibur Ali,0,0,,,,,,,,,,,,,
1482566,2025,2025-05-21,"Central Broward Regional Park Stadium Turf Ground, Lauderhill",2,16.5,16.5,United States of America,Oman,SK Patel,MD Patel,Mujibur Ali,1,0,,,,,,,,,,,,,
1482566,2025,2025-05-21,"Central Broward Regional Park Stadium Turf Ground, Lauderhill",2,16.6,16.6,United States of America,Oman,MD Patel,SK Patel,Mujibur Ali,1,0,,,,,,,,,,,,,
1482566,2025,2025-05-21,"Central Broward Regional Park Stadium Turf Ground, Lauderhill",2,17.1,17.1,United States of America,Oman,MD Patel,SK Patel,Aamir Kaleem,1,0,,,,,,,,,,,,,
1482566,2025,2025-05-21,"Central Broward Regional Park Stadium Turf Ground, Lauderhill",2,17.2,17.2,United States of America,Oman,SK Patel,MD Patel,Aamir Kaleem,0,0,,,,,,,,,,,,,
1482566,2025,2025-05-21,"Central Broward Regional Park Stadium Turf Ground, Lauderhill",2,17.3,17.3,United States of America,Oman,SK Patel,MD Patel,Aamir Kaleem,1,0,,,,,,,,,,,,,
1482566,2025,2025-05-21,"Central Broward Regional Park Stadium Turf Ground, Lauderhill",2,17.4,17.4,United States of America,Oman,MD Patel,SK Patel,Aamir Kaleem,0,0,,,,,,,,,,,,,
1482566,2025,2025-05-21,"Central Broward Regional Park Stadium Turf Ground, Lauderhill",2,17.5,17.5,United States of America,Oman,MD Patel,SK Patel,Aamir Kaleem,0,0,,,,,,,,,,,,,
1482566,2025,2025-05-21,"Central Broward Regional Park Stadium Turf Ground, Lauderhill",2,17.6,17.6,United States of America,Oman,MD Patel,SK Patel,Aamir Kaleem,0,0,,,,,,,,,,,,,
1482566,2025,2025-05-21,"Central Broward Regional Park Stadium Turf Ground, Lauderhill",2,18.1,18.1,United States of America,Oman,SK Patel,MD Patel,Sufyan Mehmood,0,0,,,,,,,,,,,,,
1482566,2025,2025-05-21,"Central Broward Regional Park Stadium Turf Ground, Lauderhill",2,18.2,18.2,United States of America,Oman,SK Patel,MD Patel,Sufyan Mehmood,1,0,,,,,,,,,,,,,
1482566,2025,2025-05-21,"Central Broward Regional Park Stadium Turf Ground, Lauderhill",2,18.3,18.3,United States of America,Oman,MD Patel,SK Patel,Sufyan Mehmood,1,0,,,,,,,,,,,,,
1482566,2025,2025-05-21,"Central Broward Regional Park Stadium Turf Ground, Lauderhill",2,18.4,18.4,United States of America,Oman,SK Patel,MD Patel,Sufyan Mehmood,1,0,,,,,,,,,,,,,
1482566,2025,2025-05-21,"Central Broward Regional Park Stadium Turf Ground, Lauderhill",2,18.5,18.5,United States of America,Oman,MD Patel,SK Patel,Sufyan Mehmood,0,0,,,,,,,,,,,,,
1482566,2025,2025-05-21,"Central Broward Regional Park Stadium Turf Ground, Lauderhill",2,18.6,18.6,United States of America,Oman,MD Patel,SK Patel,Sufyan Mehmood,2,0,,,,,,,,,,,,,
1482566,2025,2025-05-21,"Central Broward Regional Park Stadium Turf Ground, Lauderhill",2,19.1,19.1,United States of America,Oman,SK Patel,MD Patel,Aamir Kaleem,1,0,,,,,,,,,,,,,
1482566,2025,2025-05-21,"Central Broward Regional Park Stadium Turf Ground, Lauderhill",2,19.2,19.2,United States of America,Oman,MD Patel,SK Patel,Aamir Kaleem,0,0,,,,,,,caught and bowled,MD Patel,,,,,
1482566,2025,2025-05-21,"Central Broward Regional Park Stadium Turf Ground, Lauderhill",2,19.3,19.3,United States of America,Oman,SR Mukkamalla,SK Patel,Aamir Kaleem,1,0,,,,,,,,,,,,,
1482566,2025,2025-05-21,"Central Broward Regional Park Stadium Turf Ground, Lauderhill",2,19.4,19.4,United States of America,Oman,SK Patel,SR Mukkamalla,Aamir Kaleem,1,0,,,,,,,,,,,,,
1482566,2025,2025-05-21,"Central Broward Regional Park Stadium Turf Ground, Lauderhill",2,19.5,19.5,United States of America,Oman,SR Mukkamalla,SK Patel,Aamir Kaleem,0,0,,,,,,,,,,,,,
1482566,2025,2025-05-21,"Central Broward Regional Park Stadium Turf Ground, Lauderhill",2,19.6,19.6,United States of America,Oman,SR Mukkamalla,SK Patel,Aamir Kaleem,0,0,,,,,,,,,,,,,
1482566,2025,2025-05-21,"Central Broward Regional Park Stadium Turf Ground, Lauderhill",2,20.1,20.1,United States of America,Oman,SK Patel,SR Mukkamalla,Sufyan Mehmood,1,0,,,,,,,,,,,,,
1482566,2025,2025-05-21,"Central Broward Regional Park Stadium Turf Ground, Lauderhill",2,20.2,20.2,United States of America,Oman,SR Mukkamalla,SK Patel,Sufyan Mehmood,0,0,,,,,,,,,,,,,
1482566,2025,2025-05-21,"Central Broward Regional Park Stadium Turf Ground, Lauderhill",2,20.3,20.3,United States of America,Oman,SR Mukkamalla,SK Patel,Sufyan Mehmood,4,0,,,,,,,,,,,,,
1482566,2025,2025-05-21,"Central Broward Regional Park Stadium Turf Ground, Lauderhill",2,20.4,20.4,United States of America,Oman,SR Mukkamalla,SK Patel,Sufyan Mehmood,0,0,,,,,,,,,,,,,
1482566,2025,2025-05-21,"Central Broward Regional Park Stadium Turf Ground, Lauderhill",2,20.5,20.5,United States of America,Oman,SR Mukkamalla,SK Patel,Sufyan Mehmood,1,0,,,,,,,,,,,,,
1482566,2025,2025-05-21,"Central Broward Regional Park Stadium Turf Ground, Lauderhill",2,20.6,20.6,United States of America,Oman,SK Patel,SR Mukkamalla,Sufyan Mehmood,1,0,,,,,,,,,,,,,
1482566,2025,2025-05-21,"Central Broward Regional Park Stadium Turf Ground, Lauderhill",2,21.1,21.1,United States of America,Oman,SK Patel,SR Mukkamalla,Aamir Kaleem,0,0,,,,,,,,,,,,,
1482566,2025,2025-05-21,"Central Broward Regional Park Stadium Turf Ground, Lauderhill",2,21.2,21.2,United States of America,Oman,SK Patel,SR Mukkamalla,Aamir Kaleem,1,0,,,,,,,,,,,,,
1482566,2025,2025-05-21,"Central Broward Regional Park Stadium Turf Ground, Lauderhill",2,21.3,21.3,United States of America,Oman,SR Mukkamalla,SK Patel,Aamir Kaleem,0,0,,,,,,,,,,,,,
1482566,2025,2025-05-21,"Central Broward Regional Park Stadium Turf Ground, Lauderhill",2,21.4,21.4,United States of America,Oman,SR Mukkamalla,SK Patel,Aamir Kaleem,0,0,,,,,,,,,,,,,
1482566,2025,2025-05-21,"Central Broward Regional Park Stadium Turf Ground, Lauderhill",2,21.5,21.5,United States of America,Oman,SR Mukkamalla,SK Patel,Aamir Kaleem,0,0,,,,,,,,,,,,,
1482566,2025,2025-05-21,"Central Broward Regional Park Stadium Turf Ground, Lauderhill",2,21.6,21.6,United States of America,Oman,SR Mukkamalla,SK Patel,Aamir Kaleem,0,0,,,,,,,,,,,,,
1482566,2025,2025-05-21,"Central Broward Regional Park Stadium Turf Ground, Lauderhill",2,22.1,22.1,United States of America,Oman,SK Patel,SR Mukkamalla,Sufyan Mehmood,1,0,,,,,,,,,,,,,
1482566,2025,2025-05-21,"Central Broward Regional Park Stadium Turf Ground, Lauderhill",2,22.2,22.2,United States of America,Oman,SR Mukkamalla,SK Patel,Sufyan Mehmood,0,0,,,,,,,,,,,,,
1482566,2025,2025-05-21,"Central Broward Regional Park Stadium Turf Ground, Lauderhill",2,22.3,22.3,United States of America,Oman,SR Mukkamalla,SK Patel,Sufyan Mehmood,1,0,,,,,,,,,,,,,
1482566,2025,2025-05-21,"Central Broward Regional Park Stadium Turf Ground, Lauderhill",2,22.4,22.4,United States of America,Oman,SK Patel,SR Mukkamalla,Sufyan Mehmood,1,0,,,,,,,,,,,,,
1482566,2025,2025-05-21,"Central Broward Regional Park Stadium Turf Ground, Lauderhill",2,22.5,22.5,United States of America,Oman,SR Mukkamalla,SK Patel,Sufyan Mehmood,0,0,,,,,,,,,,,,,
1482566,2025,2025-05-21,"Central Broward Regional Park Stadium Turf Ground, Lauderhill",2,22.6,22.6,United States of America,Oman,SR Mukkamalla,SK Patel,Sufyan Mehmood,1,0,,,,,,,,,,,,,
1482566,2025,2025-05-21,"Central Broward Regional Park Stadium Turf Ground, Lauderhill",2,23.1,23.1,United States of America,Oman,SR Mukkamalla,SK Patel,Aamir Kaleem,4,0,,,,,,,,,,,,,
1482566,2025,2025-05-21,"Central Broward Regional Park Stadium Turf Ground, Lauderhill",2,23.2,23.2,United States of America,Oman,SR Mukkamalla,SK Patel,Aamir Kaleem,0,0,,,,,,,,,,,,,
1482566,2025,2025-05-21,"Central Broward Regional Park Stadium Turf Ground, Lauderhill",2,23.3,23.3,United States of America,Oman,SR Mukkamalla,SK Patel,Aamir Kaleem,0,0,,,,,,,,,,,,,
1482566,2025,2025-05-21,"Central Broward Regional Park Stadium Turf Ground, Lauderhill",2,23.4,23.4,United States of America,Oman,SR Mukkamalla,SK Patel,Aamir Kaleem,0,0,,,,,,,,,,,,,
1482566,2025,2025-05-21,"Central Broward Regional Park Stadium Turf Ground, Lauderhill",2,23.5,23.5,United States of America,Oman,SR Mukkamalla,SK Patel,Aamir Kaleem,0,0,,,,,,,,,,,,,
1482566,2025,2025-05-21,"Central Broward Regional Park Stadium Turf Ground, Lauderhill",2,23.6,23.6,United States of America,Oman,SR Mukkamalla,SK Patel,Aamir Kaleem,0,0,,,,,,,,,,,,,
1482566,2025,2025-05-21,"Central Broward Regional Park Stadium Turf Ground, Lauderhill",2,24.1,24.1,United States of America,Oman,SK Patel,SR Mukkamalla,Mujibur Ali,1,0,,,,,,,,,,,,,
1482566,2025,2025-05-21,"Central Broward Regional Park Stadium Turf Ground, Lauderhill",2,24.2,24.2,United States of America,Oman,SR Mukkamalla,SK Patel,Mujibur Ali,1,0,,,,,,,,,,,,,
1482566,2025,2025-05-21,"Central Broward Regional Park Stadium Turf Ground, Lauderhill",2,24.3,24.3,United States of America,Oman,SK Patel,SR Mukkamalla,Mujibur Ali,0,0,,,,,,,,,,,,,
1482566,2025,2025-05-21,"Central Broward Regional Park Stadium Turf Ground, Lauderhill",2,24.4,24.4,United States of America,Oman,SK Patel,SR Mukkamalla,Mujibur Ali,1,0,,,,,,,,,,,,,
1482566,2025,2025-05-21,"Central Broward Regional Park Stadium Turf Ground, Lauderhill",2,24.5,24.5,United States of America,Oman,SR Mukkamalla,SK Patel,Mujibur Ali,1,0,,,,,,,,,,,,,
1482566,2025,2025-05-21,"Central Broward Regional Park Stadium Turf Ground, Lauderhill",2,24.6,24.6,United States of America,Oman,SK Patel,SR Mukkamalla,Mujibur Ali,1,0,,,,,,,,,,,,,
1482566,2025,2025-05-21,"Central Broward Regional Park Stadium Turf Ground, Lauderhill",2,25.1,25.1,United States of America,Oman,SK Patel,SR Mukkamalla,S Shrivastava,0,0,,,,,,,,,,,,,
1482566,2025,2025-05-21,"Central Broward Regional Park Stadium Turf Ground, Lauderhill",2,25.2,25.2,United States of America,Oman,SK Patel,SR Mukkamalla,S Shrivastava,0,0,,,,,,,,,,,,,
1482566,2025,2025-05-21,"Central Broward Regional Park Stadium Turf Ground, Lauderhill",2,25.3,25.3,United States of America,Oman,SK Patel,SR Mukkamalla,S Shrivastava,0,0,,,,,,,,,,,,,
1482566,2025,2025-05-21,"Central Broward Regional Park Stadium Turf Ground, Lauderhill",2,25.4,25.4,United States of America,Oman,SK Patel,SR Mukkamalla,S Shrivastava,0,0,,,,,,,,,,,,,
1482566,2025,2025-05-21,"Central Broward Regional Park Stadium Turf Ground, Lauderhill",2,25.5,25.5,United States of America,Oman,SK Patel,SR Mukkamalla,S Shrivastava,0,0,,,,,,,caught,SK Patel,,,Aamir Kaleem,,
1482566,2025,2025-05-21,"Central Broward Regional Park Stadium Turf Ground, Lauderhill",2,25.6,25.6,United States of America,Oman,Milind Kumar,SR Mukkamalla,S Shrivastava,0,0,,,,,,,,,,,,,
1482566,2025,2025-05-21,"Central Broward Regional Park Stadium Turf Ground, Lauderhill",2,26.1,26.1,United States of America,Oman,SR Mukkamalla,Milind Kumar,Mujibur Ali,1,0,,,,,,,,,,,,,
1482566,2025,2025-05-21,"Central Broward Regional Park Stadium Turf Ground, Lauderhill",2,26.2,26.2,United States of America,Oman,Milind Kumar,SR Mukkamalla,Mujibur Ali,1,0,,,,,,,,,,,,,
1482566,2025,2025-05-21,"Central Broward Regional Park Stadium Turf Ground, Lauderhill",2,26.3,26.3,United States of America,Oman,SR Mukkamalla,Milind Kumar,Mujibur Ali,1,0,,,,,,,,,,,,,
1482566,2025,2025-05-21,"Central Broward Regional Park Stadium Turf Ground, Lauderhill",2,26.4,26.4,United States of America,Oman,Milind Kumar,SR Mukkamalla,Mujibur Ali,1,0,,,,,,,,,,,,,
1482566,2025,2025-05-21,"Central Broward Regional Park Stadium Turf Ground, Lauderhill",2,26.5,26.5,United States of America,Oman,SR Mukkamalla,Milind Kumar,Mujibur Ali,1,0,,,,,,,,,,,,,
1482566,2025,2025-05-21,"Central Broward Regional Park Stadium Turf Ground, Lauderhill",2,26.6,26.6,United States of America,Oman,Milind Kumar,SR Mukkamalla,Mujibur Ali,0,0,,,,,,,,,,,,,
1482566,2025,2025-05-21,"Central Broward Regional Park Stadium Turf Ground, Lauderhill",2,27.1,27.1,United States of America,Oman,SR Mukkamalla,Milind Kumar,S Shrivastava,0,0,,,,,,,,,,,,,
1482566,2025,2025-05-21,"Central Broward Regional Park Stadium Turf Ground, Lauderhill",2,27.2,27.2,United States of America,Oman,SR Mukkamalla,Milind Kumar,S Shrivastava,0,0,,,,,,,,,,,,,
1482566,2025,2025-05-21,"Central Broward Regional Park Stadium Turf Ground, Lauderhill",2,27.3,27.3,United States of America,Oman,SR Mukkamalla,Milind Kumar,S Shrivastava,0,0,,,,,,,,,,,,,
1482566,2025,2025-05-21,"Central Broward Regional Park Stadium Turf Ground, Lauderhill",2,27.4,27.4,United States of America,Oman,SR Mukkamalla,Milind Kumar,S Shrivastava,4,0,,,,,,,,,,,,,
1482566,2025,2025-05-21,"Central Broward Regional Park Stadium Turf Ground, Lauderhill",2,27.5,27.5,United States of America,Oman,SR Mukkamalla,Milind Kumar,S Shrivastava,0,0,,,,,,,,,,,,,
1482566,2025,2025-05-21,"Central Broward Regional Park Stadium Turf Ground, Lauderhill",2,27.6,27.6,United States of America,Oman,SR Mukkamalla,Milind Kumar,S Shrivastava,1,0,,,,,,,,,,,,,
1482566,2025,2025-05-21,"Central Broward Regional Park Stadium Turf Ground, Lauderhill",2,28.1,28.1,United States of America,Oman,SR Mukkamalla,Milind Kumar,Aamir Kaleem,1,0,,,,,,,,,,,,,
1482566,2025,2025-05-21,"Central Broward Regional Park Stadium Turf Ground, Lauderhill",2,28.2,28.2,United States of America,Oman,Milind Kumar,SR Mukkamalla,Aamir Kaleem,0,0,,,,,,,,,,,,,
1482566,2025,2025-05-21,"Central Broward Regional Park Stadium Turf Ground, Lauderhill",2,28.3,28.3,United States of America,Oman,Milind Kumar,SR Mukkamalla,Aamir Kaleem,0,0,,,,,,,,,,,,,
1482566,2025,2025-05-21,"Central Broward Regional Park Stadium Turf Ground, Lauderhill",2,28.4,28.4,United States of America,Oman,Milind Kumar,SR Mukkamalla,Aamir Kaleem,1,0,,,,,,,,,,,,,
1482566,2025,2025-05-21,"Central Broward Regional Park Stadium Turf Ground, Lauderhill",2,28.5,28.5,United States of America,Oman,SR Mukkamalla,Milind Kumar,Aamir Kaleem,0,0,,,,,,,,,,,,,
1482566,2025,2025-05-21,"Central Broward Regional Park Stadium Turf Ground, Lauderhill",2,28.6,28.6,United States of America,Oman,SR Mukkamalla,Milind Kumar,Aamir Kaleem,0,0,,,,,,,,,,,,,
1482566,2025,2025-05-21,"Central Broward Regional Park Stadium Turf Ground, Lauderhill",2,29.1,29.1,United States of America,Oman,Milind Kumar,SR Mukkamalla,S Shrivastava,1,0,,,,,,,,,,,,,
1482566,2025,2025-05-21,"Central Broward Regional Park Stadium Turf Ground, Lauderhill",2,29.2,29.2,United States of America,Oman,SR Mukkamalla,Milind Kumar,S Shrivastava,1,0,,,,,,,,,,,,,
1482566,2025,2025-05-21,"Central Broward Regional Park Stadium Turf Ground, Lauderhill",2,29.3,29.3,United States of America,Oman,Milind Kumar,SR Mukkamalla,S Shrivastava,0,0,,,,,,,,,,,,,
1482566,2025,2025-05-21,"Central Broward Regional Park Stadium Turf Ground, Lauderhill",2,29.4,29.4,United States of America,Oman,Milind Kumar,SR Mukkamalla,S Shrivastava,0,0,,,,,,,,,,,,,
1482566,2025,2025-05-21,"Central Broward Regional Park Stadium Turf Ground, Lauderhill",2,29.5,29.5,United States of America,Oman,Milind Kumar,SR Mukkamalla,S Shrivastava,6,1,,1,,,,,,,,,,,
1482566,2025,2025-05-21,"Central Broward Regional Park Stadium Turf Ground, Lauderhill",2,29.6,29.5,United States of America,Oman,Milind Kumar,SR Mukkamalla,S Shrivastava,6,0,,,,,,,,,,,,,
1482566,2025,2025-05-21,"Central Broward Regional Park Stadium Turf Ground, Lauderhill",2,29.7,29.6,United States of America,Oman,Milind Kumar,SR Mukkamalla,S Shrivastava,1,0,,,,,,,,,,,,,
1482566,2025,2025-05-21,"Central Broward Regional Park Stadium Turf Ground, Lauderhill",2,30.1,30.1,United States of America,Oman,Milind Kumar,SR Mukkamalla,Aamir Kaleem,0,0,,,,,,,,,,,,,
1482566,2025,2025-05-21,"Central Broward Regional Park Stadium Turf Ground, Lauderhill",2,30.2,30.2,United States of America,Oman,Milind Kumar,SR Mukkamalla,Aamir Kaleem,1,0,,,,,,,,,,,,,
1482566,2025,2025-05-21,"Central Broward Regional Park Stadium Turf Ground, Lauderhill",2,30.3,30.3,United States of America,Oman,SR Mukkamalla,Milind Kumar,Aamir Kaleem,0,0,,,,,,,,,,,,,
1482566,2025,2025-05-21,"Central Broward Regional Park Stadium Turf Ground, Lauderhill",2,30.4,30.4,United States of America,Oman,SR Mukkamalla,Milind Kumar,Aamir Kaleem,2,0,,,,,,,,,,,,,
1482566,2025,2025-05-21,"Central Broward Regional Park Stadium Turf Ground, Lauderhill",2,30.5,30.5,United States of America,Oman,SR Mukkamalla,Milind Kumar,Aamir Kaleem,0,0,,,,,,,,,,,,,
1482566,2025,2025-05-21,"Central Broward Regional Park Stadium Turf Ground, Lauderhill",2,30.6,30.6,United States of America,Oman,SR Mukkamalla,Milind Kumar,Aamir Kaleem,1,0,,,,,,,,,,,,,
1482566,2025,2025-05-21,"Central Broward Regional Park Stadium Turf Ground, Lauderhill",2,31.1,31.1,United States of America,Oman,SR Mukkamalla,Milind Kumar,Shakeel Ahmed,1,0,,,,,,,,,,,,,
1482566,2025,2025-05-21,"Central Broward Regional Park Stadium Turf Ground, Lauderhill",2,31.2,31.2,United States of America,Oman,Milind Kumar,SR Mukkamalla,Shakeel Ahmed,1,0,,,,,,,,,,,,,
1482566,2025,2025-05-21,"Central Broward Regional Park Stadium Turf Ground, Lauderhill",2,31.3,31.3,United States of America,Oman,SR Mukkamalla,Milind Kumar,Shakeel Ahmed,1,0,,,,,,,,,,,,,
1482566,2025,2025-05-21,"Central Broward Regional Park Stadium Turf Ground, Lauderhill",2,31.4,31.4,United States of America,Oman,Milind Kumar,SR Mukkamalla,Shakeel Ahmed,1,0,,,,,,,,,,,,,
1482566,2025,2025-05-21,"Central Broward Regional Park Stadium Turf Ground, Lauderhill",2,31.5,31.5,United States of America,Oman,SR Mukkamalla,Milind Kumar,Shakeel Ahmed,0,0,,,,,,,,,,,,,
1482566,2025,2025-05-21,"Central Broward Regional Park Stadium Turf Ground, Lauderhill",2,31.6,31.6,United States of America,Oman,SR Mukkamalla,Milind Kumar,Shakeel Ahmed,1,0,,,,,,,,,,,,,
1482566,2025,2025-05-21,"Central Broward Regional Park Stadium Turf Ground, Lauderhill",2,32.1,32.1,United States of America,Oman,SR Mukkamalla,Milind Kumar,Hassnain Shah,1,0,,,,,,,,,,,,,
1482566,2025,2025-05-21,"Central Broward Regional Park Stadium Turf Ground, Lauderhill",2,32.2,32.2,United States of America,Oman,Milind Kumar,SR Mukkamalla,Hassnain Shah,0,0,,,,,,,,,,,,,
1482566,2025,2025-05-21,"Central Broward Regional Park Stadium Turf Ground, Lauderhill",2,32.3,32.3,United States of America,Oman,Milind Kumar,SR Mukkamalla,Hassnain Shah,2,0,,,,,,,,,,,,,
1482566,2025,2025-05-21,"Central Broward Regional Park Stadium Turf Ground, Lauderhill",2,32.4,32.4,United States of America,Oman,Milind Kumar,SR Mukkamalla,Hassnain Shah,0,0,,,,,,,,,,,,,
1482566,2025,2025-05-21,"Central Broward Regional Park Stadium Turf Ground, Lauderhill",2,32.5,32.5,United States of America,Oman,Milind Kumar,SR Mukkamalla,Hassnain Shah,2,0,,,,,,,,,,,,,
1482566,2025,2025-05-21,"Central Broward Regional Park Stadium Turf Ground, Lauderhill",2,32.6,32.6,United States of America,Oman,Milind Kumar,SR Mukkamalla,Hassnain Shah,1,0,,,,,,,,,,,,,
1482566,2025,2025-05-21,"Central Broward Regional Park Stadium Turf Ground, Lauderhill",2,33.1,33.1,United States of America,Oman,Milind Kumar,SR Mukkamalla,Aamir Kaleem,0,0,,,,,,,,,,,,,
1482566,2025,2025-05-21,"Central Broward Regional Park Stadium Turf Ground, Lauderhill",2,33.2,33.2,United States of America,Oman,Milind Kumar,SR Mukkamalla,Aamir Kaleem,1,0,,,,,,,,,,,,,
1482566,2025,2025-05-21,"Central Broward Regional Park Stadium Turf Ground, Lauderhill",2,33.3,33.3,United States of America,Oman,SR Mukkamalla,Milind Kumar,Aamir Kaleem,0,0,,,,,,,,,,,,,
1482566,2025,2025-05-21,"Central Broward Regional Park Stadium Turf Ground, Lauderhill",2,33.4,33.4,United States of America,Oman,SR Mukkamalla,Milind Kumar,Aamir Kaleem,1,0,,,,,,,,,,,,,
1482566,2025,2025-05-21,"Central Broward Regional Park Stadium Turf Ground, Lauderhill",2,33.5,33.5,United States of America,Oman,Milind Kumar,SR Mukkamalla,Aamir Kaleem,0,0,,,,,,,,,,,,,
1482566,2025,2025-05-21,"Central Broward Regional Park Stadium Turf Ground, Lauderhill",2,33.6,33.6,United States of America,Oman,Milind Kumar,SR Mukkamalla,Aamir Kaleem,0,0,,,,,,,,,,,,,
1482566,2025,2025-05-21,"Central Broward Regional Park Stadium Turf Ground, Lauderhill",2,34.1,34.1,United States of America,Oman,SR Mukkamalla,Milind Kumar,Hassnain Shah,0,0,,,,,,,,,,,,,
1482566,2025,2025-05-21,"Central Broward Regional Park Stadium Turf Ground, Lauderhill",2,34.2,34.2,United States of America,Oman,SR Mukkamalla,Milind Kumar,Hassnain Shah,0,1,,,,1,,,,,,,,,
1482566,2025,2025-05-21,"Central Broward Regional Park Stadium Turf Ground, Lauderhill",2,34.3,34.3,United States of America,Oman,Milind Kumar,SR Mukkamalla,Hassnain Shah,0,0,,,,,,,,,,,,,
1482566,2025,2025-05-21,"Central Broward Regional Park Stadium Turf Ground, Lauderhill",2,34.4,34.4,United States of America,Oman,Milind Kumar,SR Mukkamalla,Hassnain Shah,0,0,,,,,,,,,,,,,
1482566,2025,2025-05-21,"Central Broward Regional Park Stadium Turf Ground, Lauderhill",2,34.5,34.5,United States of America,Oman,Milind Kumar,SR Mukkamalla,Hassnain Shah,0,0,,,,,,,,,,,,,
1482566,2025,2025-05-21,"Central Broward Regional Park Stadium Turf Ground, Lauderhill",2,34.6,34.6,United States of America,Oman,Milind Kumar,SR Mukkamalla,Hassnain Shah,0,0,,,,,,,,,,,,,
1482566,2025,2025-05-21,"Central Broward Regional Park Stadium Turf Ground, Lauderhill",2,35.1,35.1,United States of America,Oman,SR Mukkamalla,Milind Kumar,Aamir Kaleem,0,0,,,,,,,,,,,,,
1482566,2025,2025-05-21,"Central Broward Regional Park Stadium Turf Ground, Lauderhill",2,35.2,35.2,United States of America,Oman,SR Mukkamalla,Milind Kumar,Aamir Kaleem,0,0,,,,,,,,,,,,,
1482566,2025,2025-05-21,"Central Broward Regional Park Stadium Turf Ground, Lauderhill",2,35.3,35.3,United States of America,Oman,SR Mukkamalla,Milind Kumar,Aamir Kaleem,0,0,,,,,,,,,,,,,
1482566,2025,2025-05-21,"Central Broward Regional Park Stadium Turf Ground, Lauderhill",2,35.4,35.4,United States of America,Oman,SR Mukkamalla,Milind Kumar,Aamir Kaleem,4,0,,,,,,,,,,,,,
1482566,2025,2025-05-21,"Central Broward Regional Park Stadium Turf Ground, Lauderhill",2,35.5,35.5,United States of America,Oman,SR Mukkamalla,Milind Kumar,Aamir Kaleem,1,0,,,,,,,,,,,,,
1482566,2025,2025-05-21,"Central Broward Regional Park Stadium Turf Ground, Lauderhill",2,35.6,35.6,United States of America,Oman,Milind Kumar,SR Mukkamalla,Aamir Kaleem,0,0,,,,,,,,,,,,,
1482566,2025,2025-05-21,"Central Broward Regional Park Stadium Turf Ground, Lauderhill",2,36.1,36.1,United States of America,Oman,SR Mukkamalla,Milind Kumar,Hassnain Shah,4,0,,,,,,,,,,,,,
1482566,2025,2025-05-21,"Central Broward Regional Park Stadium Turf Ground, Lauderhill",2,36.2,36.2,United States of America,Oman,SR Mukkamalla,Milind Kumar,Hassnain Shah,0,1,,,,1,,,,,,,,,
1482566,2025,2025-05-21,"Central Broward Regional Park Stadium Turf Ground, Lauderhill",2,36.3,36.3,United States of America,Oman,Milind Kumar,SR Mukkamalla,Hassnain Shah,0,1,1,,,,,,,,,,,,
1482566,2025,2025-05-21,"Central Broward Regional Park Stadium Turf Ground, Lauderhill",2,36.4,36.3,United States of America,Oman,Milind Kumar,SR Mukkamalla,Hassnain Shah,1,0,,,,,,,,,,,,,
1482566,2025,2025-05-21,"Central Broward Regional Park Stadium Turf Ground, Lauderhill",2,36.5,36.4,United States of America,Oman,SR Mukkamalla,Milind Kumar,Hassnain Shah,1,0,,,,,,,,,,,,,
1482566,2025,2025-05-21,"Central Broward Regional Park Stadium Turf Ground, Lauderhill",2,36.6,36.5,United States of America,Oman,Milind Kumar,SR Mukkamalla,Hassnain Shah,2,0,,,,,,,,,,,,,
1482566,2025,2025-05-21,"Central Broward Regional Park Stadium Turf Ground, Lauderhill",2,36.7,36.6,United States of America,Oman,Milind Kumar,SR Mukkamalla,Hassnain Shah,1,0,,,,,,,,,,,,,
1482566,2025,2025-05-21,"Central Broward Regional Park Stadium Turf Ground, Lauderhill",2,37.1,37.1,United States of America,Oman,Milind Kumar,SR Mukkamalla,Aamir Kaleem,1,0,,,,,,,,,,,,,
1482566,2025,2025-05-21,"Central Broward Regional Park Stadium Turf Ground, Lauderhill",2,37.2,37.2,United States of America,Oman,SR Mukkamalla,Milind Kumar,Aamir Kaleem,0,0,,,,,,,,,,,,,
1482566,2025,2025-05-21,"Central Broward Regional Park Stadium Turf Ground, Lauderhill",2,37.3,37.3,United States of America,Oman,SR Mukkamalla,Milind Kumar,Aamir Kaleem,4,0,,,,,,,,,,,,,
1482566,2025,2025-05-21,"Central Broward Regional Park Stadium Turf Ground, Lauderhill",2,37.4,37.4,United States of America,Oman,SR Mukkamalla,Milind Kumar,Aamir Kaleem,0,0,,,,,,,caught,SR Mukkamalla,,,Hammad Mirza,,
1482566,2025,2025-05-21,"Central Broward Regional Park Stadium Turf Ground, Lauderhill",2,37.5,37.5,United States of America,Oman,Shayan Jahangir,Milind Kumar,Aamir Kaleem,1,0,,,,,,,,,,,,,
1482566,2025,2025-05-21,"Central Broward Regional Park Stadium Turf Ground, Lauderhill",2,37.6,37.6,United States of America,Oman,Milind Kumar,Shayan Jahangir,Aamir Kaleem,0,0,,,,,,,,,,,,,
1482566,2025,2025-05-21,"Central Broward Regional Park Stadium Turf Ground, Lauderhill",2,38.1,38.1,United States of America,Oman,Shayan Jahangir,Milind Kumar,Shakeel Ahmed,0,0,,,,,,,,,,,,,
1482566,2025,2025-05-21,"Central Broward Regional Park Stadium Turf Ground, Lauderhill",2,38.2,38.2,United States of America,Oman,Shayan Jahangir,Milind Kumar,Shakeel Ahmed,0,0,,,,,,,bowled,Shayan Jahangir,,,,,
1482566,2025,2025-05-21,"Central Broward Regional Park Stadium Turf Ground, Lauderhill",2,38.3,38.3,United States of America,Oman,SP Krishnamurthi,Milind Kumar,Shakeel Ahmed,0,0,,,,,,,,,,,,,
1482566,2025,2025-05-21,"Central Broward Regional Park Stadium Turf Ground, Lauderhill",2,38.4,38.4,United States of America,Oman,SP Krishnamurthi,Milind Kumar,Shakeel Ahmed,1,0,,,,,,,,,,,,,
1482566,2025,2025-05-21,"Central Broward Regional Park Stadium Turf Ground, Lauderhill",2,38.5,38.5,United States of America,Oman,Milind Kumar,SP Krishnamurthi,Shakeel Ahmed,0,0,,,,,,,,,,,,,
1482566,2025,2025-05-21,"Central Broward Regional Park Stadium Turf Ground, Lauderhill",2,38.6,38.6,United States of America,Oman,Milind Kumar,SP Krishnamurthi,Shakeel Ahmed,0,0,,,,,,,,,,,,,
1482566,2025,2025-05-21,"Central Broward Regional Park Stadium Turf Ground, Lauderhill",2,39.1,39.1,United States of America,Oman,SP Krishnamurthi,Milind Kumar,S Shrivastava,0,0,,,,,,,,,,,,,
1482566,2025,2025-05-21,"Central Broward Regional Park Stadium Turf Ground, Lauderhill",2,39.2,39.2,United States of America,Oman,SP Krishnamurthi,Milind Kumar,S Shrivastava,0,0,,,,,,,caught,SP Krishnamurthi,,,PD Macchi,,
1482566,2025,2025-05-21,"Central Broward Regional Park Stadium Turf Ground, Lauderhill",2,39.3,39.3,United States of America,Oman,Harmeet Singh,Milind Kumar,S Shrivastava,0,0,,,,,,,,,,,,,
1482566,2025,2025-05-21,"Central Broward Regional Park Stadium Turf Ground, Lauderhill",2,39.4,39.4,United States of America,Oman,Harmeet Singh,Milind Kumar,S Shrivastava,0,0,,,,,,,,,,,,,
1482566,2025,2025-05-21,"Central Broward Regional Park Stadium Turf Ground, Lauderhill",2,39.5,39.5,United States of America,Oman,Harmeet Singh,Milind Kumar,S Shrivastava,1,0,,,,,,,,,,,,,
1482566,2025,2025-05-21,"Central Broward Regional Park Stadium Turf Ground, Lauderhill",2,39.6,39.6,United States of America,Oman,Milind Kumar,Harmeet Singh,S Shrivastava,0,0,,,,,,,,,,,,,
1482566,2025,2025-05-21,"Central Broward Regional Park Stadium Turf Ground, Lauderhill",2,40.1,40.1,United States of America,Oman,Harmeet Singh,Milind Kumar,Shakeel Ahmed,2,0,,,,,,,,,,,,,
1482566,2025,2025-05-21,"Central Broward Regional Park Stadium Turf Ground, Lauderhill",2,40.2,40.2,United States of America,Oman,Harmeet Singh,Milind Kumar,Shakeel Ahmed,1,0,,,,,,,,,,,,,
1482566,2025,2025-05-21,"Central Broward Regional Park Stadium Turf Ground, Lauderhill",2,40.3,40.3,United States of America,Oman,Milind Kumar,Harmeet Singh,Shakeel Ahmed,1,0,,,,,,,,,,,,,
1482566,2025,2025-05-21,"Central Broward Regional Park Stadium Turf Ground, Lauderhill",2,40.4,40.4,United States of America,Oman,Harmeet Singh,Milind Kumar,Shakeel Ahmed,0,0,,,,,,,,,,,,,
1482566,2025,2025-05-21,"Central Broward Regional Park Stadium Turf Ground, Lauderhill",2,40.5,40.5,United States of America,Oman,Harmeet Singh,Milind Kumar,Shakeel Ahmed,6,0,,,,,,,,,,,,,
1482566,2025,2025-05-21,"Central Broward Regional Park Stadium Turf Ground, Lauderhill",2,40.6,40.6,United States of America,Oman,Harmeet Singh,Milind Kumar,Shakeel Ahmed,0,0,,,,,,,,,,,,,
1482566,2025,2025-05-21,"Central Broward Regional Park Stadium Turf Ground, Lauderhill",2,41.1,41.1,United States of America,Oman,Milind Kumar,Harmeet Singh,S Shrivastava,0,0,,,,,,,,,,,,,
1482566,2025,2025-05-21,"Central Broward Regional Park Stadium Turf Ground, Lauderhill",2,41.2,41.2,United States of America,Oman,Milind Kumar,Harmeet Singh,S Shrivastava,4,0,,,,,,,,,,,,,
1482566,2025,2025-05-21,"Central Broward Regional Park Stadium Turf Ground, Lauderhill",2,41.3,41.3,United States of America,Oman,Milind Kumar,Harmeet Singh,S Shrivastava,0,0,,,,,,,,,,,,,
1482566,2025,2025-05-21,"Central Broward Regional Park Stadium Turf Ground, Lauderhill",2,41.4,41.4,United States of America,Oman,Milind Kumar,Harmeet Singh,S Shrivastava,0,0,,,,,,,,,,,,,
1482566,2025,2025-05-21,"Central Broward Regional Park Stadium Turf Ground, Lauderhill",2,41.5,41.5,United States of America,Oman,Milind Kumar,Harmeet Singh,S Shrivastava,0,1,1,,,,,,,,,,,,
1482566,2025,2025-05-21,"Central Broward Regional Park Stadium Turf Ground, Lauderhill",2,41.6,41.5,United States of America,Oman,Milind Kumar,Harmeet Singh,S Shrivastava,2,0,,,,,,,,,,,,,
1482566,2025,2025-05-21,"Central Broward Regional Park Stadium Turf Ground, Lauderhill",2,41.7,41.6,United States of America,Oman,Milind Kumar,Harmeet Singh,S Shrivastava,1,0,,,,,,,,,,,,,
1482566,2025,2025-05-21,"Central Broward Regional Park Stadium Turf Ground, Lauderhill",2,42.1,42.1,United States of America,Oman,Milind Kumar,Harmeet Singh,Hassnain Shah,0,0,,,,,,,,,,,,,
1482566,2025,2025-05-21,"Central Broward Regional Park Stadium Turf Ground, Lauderhill",2,42.2,42.2,United States of America,Oman,Milind Kumar,Harmeet Singh,Hassnain Shah,4,0,,,,,,,,,,,,,
1482566,2025,2025-05-21,"Central Broward Regional Park Stadium Turf Ground, Lauderhill",2,42.3,42.3,United States of America,Oman,Milind Kumar,Harmeet Singh,Hassnain Shah,6,0,,,,,,,,,,,,,
1482566,2025,2025-05-21,"Central Broward Regional Park Stadium Turf Ground, Lauderhill",2,42.4,42.4,United States of America,Oman,Milind Kumar,Harmeet Singh,Hassnain Shah,2,0,,,,,,,,,,,,,
1482566,2025,2025-05-21,"Central Broward Regional Park Stadium Turf Ground, Lauderhill",2,42.5,42.5,United States of America,Oman,Milind Kumar,Harmeet Singh,Hassnain Shah,2,0,,,,,,,,,,,,,
1482566,2025,2025-05-21,"Central Broward Regional Park Stadium Turf Ground, Lauderhill",2,42.6,42.6,United States of America,Oman,Milind Kumar,Harmeet Singh,Hassnain Shah,1,0,,,,,,,,,,,,,
1482566,2025,2025-05-21,"Central Broward Regional Park Stadium Turf Ground, Lauderhill",2,43.1,43.1,United States of America,Oman,Milind Kumar,Harmeet Singh,S Shrivastava,0,0,,,,,,,,,,,,,
1482566,2025,2025-05-21,"Central Broward Regional Park Stadium Turf Ground, Lauderhill",2,43.2,43.2,United States of America,Oman,Milind Kumar,Harmeet Singh,S Shrivastava,1,0,,,,,,,,,,,,,
1482566,2025,2025-05-21,"Central Broward Regional Park Stadium Turf Ground, Lauderhill",2,43.3,43.3,United States of America,Oman,Harmeet Singh,Milind Kumar,S Shrivastava,2,0,,,,,,,,,,,,,
1482566,2025,2025-05-21,"Central Broward Regional Park Stadium Turf Ground, Lauderhill",2,43.4,43.4,United States of America,Oman,Harmeet Singh,Milind Kumar,S Shrivastava,6,0,,,,,,,,,,,,,
1482566,2025,2025-05-21,"Central Broward Regional Park Stadium Turf Ground, Lauderhill",2,43.5,43.5,United States of America,Oman,Harmeet Singh,Milind Kumar,S Shrivastava,1,0,,,,,,,,,,,,,
1482566,2025,2025-05-21,"Central Broward Regional Park Stadium Turf Ground, Lauderhill",2,43.6,43.6,United States of America,Oman,Milind Kumar,Harmeet Singh,S Shrivastava,1,0,,,,,,,,,,,,,
1482566,2025,2025-05-21,"Central Broward Regional Park Stadium Turf Ground, Lauderhill",2,44.1,44.1,United States of America,Oman,Milind Kumar,Harmeet Singh,Shakeel Ahmed,1,0,,,,,,,,,,,,,
1482566,2025,2025-05-21,"Central Broward Regional Park Stadium Turf Ground, Lauderhill",2,44.2,44.2,United States of America,Oman,Harmeet Singh,Milind Kumar,Shakeel Ahmed,4,0,,,,,,,,,,,,,
1482566,2025,2025-05-21,"Central Broward Regional Park Stadium Turf Ground, Lauderhill",2,44.3,44.3,United States of America,Oman,Harmeet Singh,Milind Kumar,Shakeel Ahmed,2,0,,,,,,,,,,,,,
1482566,2025,2025-05-21,"Central Broward Regional Park Stadium Turf Ground, Lauderhill",2,44.4,44.4,United States of America,Oman,Harmeet Singh,Milind Kumar,Shakeel Ahmed,0,0,,,,,,,caught,Harmeet Singh,,,Hammad Mirza,,
1482566,2025,2025-05-21,"Central Broward Regional Park Stadium Turf Ground, Lauderhill",2,44.5,44.5,United States of America,Oman,Jasdeep Singh,Milind Kumar,Shakeel Ahmed,0,0,,,,,,,,,,,,,
1482566,2025,2025-05-21,"Central Broward Regional Park Stadium Turf Ground, Lauderhill",2,44.6,44.6,United States of America,Oman,Jasdeep Singh,Milind Kumar,Shakeel Ahmed,1,0,,,,,,,,,,,,,
1482566,2025,2025-05-21,"Central Broward Regional Park Stadium Turf Ground, Lauderhill",2,45.1,45.1,United States of America,Oman,Jasdeep Singh,Milind Kumar,S Shrivastava,0,1,,,1,,,,,,,,,,
1482566,2025,2025-05-21,"Central Broward Regional Park Stadium Turf Ground, Lauderhill",2,45.2,45.2,United States of America,Oman,Milind Kumar,Jasdeep Singh,S Shrivastava,0,0,,,,,,,,,,,,,
1482566,2025,2025-05-21,"Central Broward Regional Park Stadium Turf Ground, Lauderhill",2,45.3,45.3,United States of America,Oman,Milind Kumar,Jasdeep Singh,S Shrivastava,0,0,,,,,,,,,,,,,
1482566,2025,2025-05-21,"Central Broward Regional Park Stadium Turf Ground, Lauderhill",2,45.4,45.4,United States of America,Oman,Milind Kumar,Jasdeep Singh,S Shrivastava,1,0,,,,,,,,,,,,,
1482566,2025,2025-05-21,"Central Broward Regional Park Stadium Turf Ground, Lauderhill",2,45.5,45.5,United States of America,Oman,Jasdeep Singh,Milind Kumar,S Shrivastava,0,0,,,,,,,,,,,,,
1482566,2025,2025-05-21,"Central Broward Regional Park Stadium Turf Ground, Lauderhill",2,45.6,45.6,United States of America,Oman,Jasdeep Singh,Milind Kumar,S Shrivastava,0,0,,,,,,,,,,,,,
1482566,2025,2025-05-21,"Central Broward Regional Park Stadium Turf Ground, Lauderhill",2,46.1,46.1,United States of America,Oman,Milind Kumar,Jasdeep Singh,Shakeel Ahmed,1,0,,,,,,,,,,,,,
1482566,2025,2025-05-21,"Central Broward Regional Park Stadium Turf Ground, Lauderhill",2,46.2,46.2,United States of America,Oman,Jasdeep Singh,Milind Kumar,Shakeel Ahmed,0,1,,,1,,,,,,,,,,
1482566,2025,2025-05-21,"Central Broward Regional Park Stadium Turf Ground, Lauderhill",2,46.3,46.3,United States of America,Oman,Milind Kumar,Jasdeep Singh,Shakeel Ahmed,1,0,,,,,,,,,,,,,
1482566,2025,2025-05-21,"Central Broward Regional Park Stadium Turf Ground, Lauderhill",2,46.4,46.4,United States of America,Oman,Jasdeep Singh,Milind Kumar,Shakeel Ahmed,1,0,,,,,,,,,,,,,
1482566,2025,2025-05-21,"Central Broward Regional Park Stadium Turf Ground, Lauderhill",2,46.5,46.5,United States of America,Oman,Milind Kumar,Jasdeep Singh,Shakeel Ahmed,1,0,,,,,,,,,,,,,
1482566,2025,2025-05-21,"Central Broward Regional Park Stadium Turf Ground, Lauderhill",2,46.6,46.6,United States of America,Oman,Jasdeep Singh,Milind Kumar,Shakeel Ahmed,0,0,,,,,,,,,,,,,
1482566,2025,2025-05-21,"Central Broward Regional Park Stadium Turf Ground, Lauderhill",2,47.1,47.1,United States of America,Oman,Milind Kumar,Jasdeep Singh,S Shrivastava,1,0,,,,,,,,,,,,,
1482566,2025,2025-05-21,"Central Broward Regional Park Stadium Turf Ground, Lauderhill",2,47.2,47.2,United States of America,Oman,Jasdeep Singh,Milind Kumar,S Shrivastava,1,0,,,,,,,,,,,,,
1482566,2025,2025-05-21,"Central Broward Regional Park Stadium Turf Ground, Lauderhill",2,47.3,47.3,United States of America,Oman,Milind Kumar,Jasdeep Singh,S Shrivastava,6,0,,,,,,,,,,,,,
1482566,2025,2025-05-21,"Central Broward Regional Park Stadium Turf Ground, Lauderhill",2,47.4,47.4,United States of America,Oman,Milind Kumar,Jasdeep Singh,S Shrivastava,0,0,,,,,,,stumped,Milind Kumar,,,V Shukla,,
1482566,2025,2025-05-21,"Central Broward Regional Park Stadium Turf Ground, Lauderhill",2,47.5,47.5,United States of America,Oman,NP Kenjige,Jasdeep Singh,S Shrivastava,1,0,,,,,,,,,,,,,
1482566,2025,2025-05-21,"Central Broward Regional Park Stadium Turf Ground, Lauderhill",2,47.6,47.6,United States of America,Oman,Jasdeep Singh,NP Kenjige,S Shrivastava,1,0,,,,,,,,,,,,,
1482566,2025,2025-05-21,"Central Broward Regional Park Stadium Turf Ground, Lauderhill",2,48.1,48.1,United States of America,Oman,Jasdeep Singh,NP Kenjige,Hassnain Shah,2,0,,,,,,,,,,,,,
1482566,2025,2025-05-21,"Central Broward Regional Park Stadium Turf Ground, Lauderhill",2,48.2,48.2,United States of America,Oman,Jasdeep Singh,NP Kenjige,Hassnain Shah,4,0,,,,,,,,,,,,,
1482566,2025,2025-05-21,"Central Broward Regional Park Stadium Turf Ground, Lauderhill",2,48.3,48.3,United States of America,Oman,Jasdeep Singh,NP Kenjige,Hassnain Shah,1,0,,,,,,,,,,,,,
1482566,2025,2025-05-21,"Central Broward Regional Park Stadium Turf Ground, Lauderhill",2,48.4,48.4,United States of America,Oman,NP Kenjige,Jasdeep Singh,Hassnain Shah,1,0,,,,,,,,,,,,,
1482566,2025,2025-05-21,"Central Broward Regional Park Stadium Turf Ground, Lauderhill",2,48.5,48.5,United States of America,Oman,Jasdeep Singh,NP Kenjige,Hassnain Shah,0,1,1,,,,,,,,,,,,
1482566,2025,2025-05-21,"Central Broward Regional Park Stadium Turf Ground, Lauderhill",2,48.6,48.5,United States of America,Oman,Jasdeep Singh,NP Kenjige,Hassnain Shah,1,0,,,,,,,,,,,,,
1482566,2025,2025-05-21,"Central Broward Regional Park Stadium Turf Ground, Lauderhill",2,48.7,48.6,United States of America,Oman,NP Kenjige,Jasdeep Singh,Hassnain Shah,1,0,,,,,,,,,,,,,
1482566,2025,2025-05-21,"Central Broward Regional Park Stadium Turf Ground, Lauderhill",2,49.1,49.1,United States of America,Oman,NP Kenjige,Jasdeep Singh,S Shrivastava,0,1,,,,1,,,,,,,,,
1482566,2025,2025-05-21,"Central Broward Regional Park Stadium Turf Ground, Lauderhill",2,49.2,49.2,United States of America,Oman,Jasdeep Singh,NP Kenjige,S Shrivastava,2,0,,,,,,,,,,,,,
1482566,2025,2025-05-21,"Central Broward Regional Park Stadium Turf Ground, Lauderhill",2,49.3,49.3,United States of America,Oman,Jasdeep Singh,NP Kenjige,S Shrivastava,4,1,,1,,,,,,,,,,,
1482566,2025,2025-05-21,"Central Broward Regional Park Stadium Turf Ground, Lauderhill",2,49.4,49.3,United States of America,Oman,Jasdeep Singh,NP Kenjige,S Shrivastava,0,0,,,,,,,run out,NP Kenjige,,,S Shrivastava,,
1482566,2025,2025-05-21,"Central Broward Regional Park Stadium Turf Ground, Lauderhill",2,49.5,49.4,United States of America,Oman,Jasdeep Singh,SN Netravalkar,S Shrivastava,2,0,,,,,,,,,,,,,
1482566,2025,2025-05-21,"Central Broward Regional Park Stadium Turf Ground, Lauderhill",2,49.6,49.5,United States of America,Oman,Jasdeep Singh,SN Netravalkar,S Shrivastava,6,0,,,,,,,,,,,,,
1482566,2025,2025-05-21,"Central Broward Regional Park Stadium Turf Ground, Lauderhill",2,49.7,49.6,United States of America,Oman,Jasdeep Singh,SN Netravalkar,S Shrivastava,1,0,,,,,,,,,,,,,
1482566,2025,2025-05-21,"Central Broward Regional Park Stadium Turf Ground, Lauderhill",3,0.1,0.1,United States of America,Oman,AGS Gous,Harmeet Singh,Hassnain Shah,2,0,,,,,,,,,,,,,
1482566,2025,2025-05-21,"Central Broward Regional Park Stadium Turf Ground, Lauderhill",3,0.2,0.2,United States of America,Oman,AGS Gous,Harmeet Singh,Hassnain Shah,2,0,,,,,,,,,,,,,
1482566,2025,2025-05-21,"Central Broward Regional Park Stadium Turf Ground, Lauderhill",3,0.3,0.3,United States of America,Oman,AGS Gous,Harmeet Singh,Hassnain Shah,6,0,,,,,,,,,,,,,
1482566,2025,2025-05-21,"Central Broward Regional Park Stadium Turf Ground, Lauderhill",3,0.4,0.4,United States of America,Oman,AGS Gous,Harmeet Singh,Hassnain Shah,1,0,,,,,,,,,,,,,
1482566,2025,2025-05-21,"Central Broward Regional Park Stadium Turf Ground, Lauderhill",3,0.5,0.5,United States of America,Oman,Harmeet Singh,AGS Gous,Hassnain Shah,0,0,,,,,,,,,,,,,
1482566,2025,2025-05-21,"Central Broward Regional Park Stadium Turf Ground, Lauderhill",3,0.6,0.6,United States of America,Oman,Harmeet Singh,AGS Gous,Hassnain Shah,2,0,,,,,,,,,,,,,
1482566,2025,2025-05-21,"Central Broward Regional Park Stadium Turf Ground, Lauderhill",4,0.1,0.1,Oman,United States of America,Jatinder Singh,Hassnain Shah,Harmeet Singh,4,0,,,,,,,,,,,,,
1482566,2025,2025-05-21,"Central Broward Regional Park Stadium Turf Ground, Lauderhill",4,0.2,0.2,Oman,United States of America,Jatinder Singh,Hassnain Shah,Harmeet Singh,2,0,,,,,,,,,,,,,
1482566,2025,2025-05-21,"Central Broward Regional Park Stadium Turf Ground, Lauderhill",4,0.3,0.3,Oman,United States of America,Jatinder Singh,Hassnain Shah,Harmeet Singh,6,0,,,,,,,,,,,,,
1482566,2025,2025-05-21,"Central Broward Regional Park Stadium Turf Ground, Lauderhill",4,0.4,0.4,Oman,United States of America,Jatinder Singh,Hassnain Shah,Harmeet Singh,1,0,,,,,,,,,,,,,
1482566,2025,2025-05-21,"Central Broward Regional Park Stadium Turf Ground, Lauderhill",4,0.5,0.5,Oman,United States of America,Hassnain Shah,Jatinder Singh,Harmeet Singh,1,0,,,,,,,,,,,,,
