match_id,season,start_date,venue,innings,ball,actual_delivery,batting_team,bowling_team,striker,non_striker,bowler,runs_off_bat,extras,wides,noballs,byes,legbyes,penalty,non_boundary,wicket_type,player_dismissed,other_wicket_type,other_player_dismissed,fielder_1,fielder_2,fielder_3
1490422,2025/26,2025-10-09,"Dr. Y.S. Rajasekhara Reddy ACA-VDCA Cricket Stadium, Visakhapatnam",1,0.1,0.1,India,South Africa,Pratika Rawal,S Mandhana,M Kapp,4,0,,,,,,,,,,,,,
1490422,2025/26,2025-10-09,"Dr. Y.S. Rajasekhara Reddy ACA-VDCA Cricket Stadium, Visakhapatnam",1,0.2,0.2,India,South Africa,Pratika Rawal,S Mandhana,M Kapp,0,0,,,,,,,,,,,,,
1490422,2025/26,2025-10-09,"Dr. Y.S. Rajasekhara Reddy ACA-VDCA Cricket Stadium, Visakhapatnam",1,0.3,0.3,India,South Africa,Pratika Rawal,S Mandhana,M Kapp,0,0,,,,,,,,,,,,,
1490422,2025/26,2025-10-09,"Dr. Y.S. Rajasekhara Reddy ACA-VDCA Cricket Stadium, Visakhapatnam",1,0.4,0.4,India,South Africa,Pratika Rawal,S Mandhana,M Kapp,4,0,,,,,,,,,,,,,
1490422,2025/26,2025-10-09,"Dr. Y.S. Rajasekhara Reddy ACA-VDCA Cricket Stadium, Visakhapatnam",1,0.5,0.5,India,South Africa,Pratika Rawal,S Mandhana,M Kapp,0,0,,,,,,,,,,,,,
1490422,2025/26,2025-10-09,"Dr. Y.S. Rajasekhara Reddy ACA-VDCA Cricket Stadium, Visakhapatnam",1,0.6,0.6,India,South Africa,Pratika Rawal,S Mandhana,M Kapp,0,0,,,,,,,,,,,,,
1490422,2025/26,2025-10-09,"Dr. Y.S. Rajasekhara Reddy ACA-VDCA Cricket Stadium, Visakhapatnam",1,1.1,1.1,India,South Africa,S Mandhana,Pratika Rawal,A Khaka,0,0,,,,,,,,,,,,,
1490422,2025/26,2025-10-09,"Dr. Y.S. Rajasekhara Reddy ACA-VDCA Cricket Stadium, Visakhapatnam",1,1.2,1.2,India,South Africa,S Mandhana,Pratika Rawal,A Khaka,1,0,,,,,,,,,,,,,
1490422,2025/26,2025-10-09,"Dr. Y.S. Rajasekhara Reddy ACA-VDCA Cricket Stadium, Visakhapatnam",1,1.3,1.3,India,South Africa,Pratika Rawal,S Mandhana,A Khaka,0,1,1,,,,,,,,,,,,
1490422,2025/26,2025-10-09,"Dr. Y.S. Rajasekhara Reddy ACA-VDCA Cricket Stadium, Visakhapatnam",1,1.4,1.3,India,South Africa,Pratika Rawal,S Mandhana,A Khaka,0,0,,,,,,,,,,,,,
1490422,2025/26,2025-10-09,"Dr. Y.S. Rajasekhara Reddy ACA-VDCA Cricket Stadium, Visakhapatnam",1,1.5,1.4,India,South Africa,Pratika Rawal,S Mandhana,A Khaka,0,0,,,,,,,,,,,,,
1490422,2025/26,2025-10-09,"Dr. Y.S. Rajasekhara Reddy ACA-VDCA Cricket Stadium, Visakhapatnam",1,1.6,1.5,India,South Africa,Pratika Rawal,S Mandhana,A Khaka,2,0,,,,,,,,,,,,,
1490422,2025/26,2025-10-09,"Dr. Y.S. Rajasekhara Reddy ACA-VDCA Cricket Stadium, Visakhapatnam",1,1.7,1.6,India,South Africa,Pratika Rawal,S Mandhana,A Khaka,0,0,,,,,,,,,,,,,
1490422,2025/26,2025-10-09,"Dr. Y.S. Rajasekhara Reddy ACA-VDCA Cricket Stadium, Visakhapatnam",1,2.1,2.1,India,South Africa,S Mandhana,Pratika Rawal,M Kapp,0,0,,,,,,,,,,,,,
1490422,2025/26,2025-10-09,"Dr. Y.S. Rajasekhara Reddy ACA-VDCA Cricket Stadium, Visakhapatnam",1,2.2,2.2,India,South Africa,S Mandhana,Pratika Rawal,M Kapp,0,1,1,,,,,,,,,,,,
1490422,2025/26,2025-10-09,"Dr. Y.S. Rajasekhara Reddy ACA-VDCA Cricket Stadium, Visakhapatnam",1,2.3,2.2,India,South Africa,S Mandhana,Pratika Rawal,M Kapp,0,0,,,,,,,,,,,,,
1490422,2025/26,2025-10-09,"Dr. Y.S. Rajasekhara Reddy ACA-VDCA Cricket Stadium, Visakhapatnam",1,2.4,2.3,India,South Africa,S Mandhana,Pratika Rawal,M Kapp,0,1,1,,,,,,,,,,,,
1490422,2025/26,2025-10-09,"Dr. Y.S. Rajasekhara Reddy ACA-VDCA Cricket Stadium, Visakhapatnam",1,2.5,2.3,India,South Africa,S Mandhana,Pratika Rawal,M Kapp,0,0,,,,,,,,,,,,,
1490422,2025/26,2025-10-09,"Dr. Y.S. Rajasekhara Reddy ACA-VDCA Cricket Stadium, Visakhapatnam",1,2.6,2.4,India,South Africa,S Mandhana,Pratika Rawal,M Kapp,0,0,,,,,,,,,,,,,
1490422,2025/26,2025-10-09,"Dr. Y.S. Rajasekhara Reddy ACA-VDCA Cricket Stadium, Visakhapatnam",1,2.7,2.5,India,South Africa,S Mandhana,Pratika Rawal,M Kapp,0,0,,,,,,,,,,,,,
1490422,2025/26,2025-10-09,"Dr. Y.S. Rajasekhara Reddy ACA-VDCA Cricket Stadium, Visakhapatnam",1,2.8,2.6,India,South Africa,S Mandhana,Pratika Rawal,M Kapp,0,0,,,,,,,,,,,,,
1490422,2025/26,2025-10-09,"Dr. Y.S. Rajasekhara Reddy ACA-VDCA Cricket Stadium, Visakhapatnam",1,3.1,3.1,India,South Africa,Pratika Rawal,S Mandhana,A Khaka,4,0,,,,,,,,,,,,,
1490422,2025/26,2025-10-09,"Dr. Y.S. Rajasekhara Reddy ACA-VDCA Cricket Stadium, Visakhapatnam",1,3.2,3.2,India,South Africa,Pratika Rawal,S Mandhana,A Khaka,0,0,,,,,,,,,,,,,
1490422,2025/26,2025-10-09,"Dr. Y.S. Rajasekhara Reddy ACA-VDCA Cricket Stadium, Visakhapatnam",1,3.3,3.3,India,South Africa,Pratika Rawal,S Mandhana,A Khaka,2,0,,,,,,,,,,,,,
1490422,2025/26,2025-10-09,"Dr. Y.S. Rajasekhara Reddy ACA-VDCA Cricket Stadium, Visakhapatnam",1,3.4,3.4,India,South Africa,Pratika Rawal,S Mandhana,A Khaka,1,0,,,,,,,,,,,,,
1490422,2025/26,2025-10-09,"Dr. Y.S. Rajasekhara Reddy ACA-VDCA Cricket Stadium, Visakhapatnam",1,3.5,3.5,India,South Africa,S Mandhana,Pratika Rawal,A Khaka,0,0,,,,,,,,,,,,,
1490422,2025/26,2025-10-09,"Dr. Y.S. Rajasekhara Reddy ACA-VDCA Cricket Stadium, Visakhapatnam",1,3.6,3.6,India,South Africa,S Mandhana,Pratika Rawal,A Khaka,1,0,,,,,,,,,,,,,
1490422,2025/26,2025-10-09,"Dr. Y.S. Rajasekhara Reddy ACA-VDCA Cricket Stadium, Visakhapatnam",1,4.1,4.1,India,South Africa,S Mandhana,Pratika Rawal,M Kapp,0,0,,,,,,,,,,,,,
1490422,2025/26,2025-10-09,"Dr. Y.S. Rajasekhara Reddy ACA-VDCA Cricket Stadium, Visakhapatnam",1,4.2,4.2,India,South Africa,S Mandhana,Pratika Rawal,M Kapp,0,0,,,,,,,,,,,,,
1490422,2025/26,2025-10-09,"Dr. Y.S. Rajasekhara Reddy ACA-VDCA Cricket Stadium, Visakhapatnam",1,4.3,4.3,India,South Africa,S Mandhana,Pratika Rawal,M Kapp,1,0,,,,,,,,,,,,,
1490422,2025/26,2025-10-09,"Dr. Y.S. Rajasekhara Reddy ACA-VDCA Cricket Stadium, Visakhapatnam",1,4.4,4.4,India,South Africa,Pratika Rawal,S Mandhana,M Kapp,0,0,,,,,,,,,,,,,
1490422,2025/26,2025-10-09,"Dr. Y.S. Rajasekhara Reddy ACA-VDCA Cricket Stadium, Visakhapatnam",1,4.5,4.5,India,South Africa,Pratika Rawal,S Mandhana,M Kapp,0,1,,1,,,,,,,,,,,
1490422,2025/26,2025-10-09,"Dr. Y.S. Rajasekhara Reddy ACA-VDCA Cricket Stadium, Visakhapatnam",1,4.6,4.5,India,South Africa,Pratika Rawal,S Mandhana,M Kapp,4,0,,,,,,,,,,,,,
1490422,2025/26,2025-10-09,"Dr. Y.S. Rajasekhara Reddy ACA-VDCA Cricket Stadium, Visakhapatnam",1,4.7,4.6,India,South Africa,Pratika Rawal,S Mandhana,M Kapp,4,0,,,,,,,,,,,,,
1490422,2025/26,2025-10-09,"Dr. Y.S. Rajasekhara Reddy ACA-VDCA Cricket Stadium, Visakhapatnam",1,5.1,5.1,India,South Africa,S Mandhana,Pratika Rawal,A Khaka,0,0,,,,,,,,,,,,,
1490422,2025/26,2025-10-09,"Dr. Y.S. Rajasekhara Reddy ACA-VDCA Cricket Stadium, Visakhapatnam",1,5.2,5.2,India,South Africa,S Mandhana,Pratika Rawal,A Khaka,0,0,,,,,,,,,,,,,
1490422,2025/26,2025-10-09,"Dr. Y.S. Rajasekhara Reddy ACA-VDCA Cricket Stadium, Visakhapatnam",1,5.3,5.3,India,South Africa,S Mandhana,Pratika Rawal,A Khaka,1,0,,,,,,,,,,,,,
1490422,2025/26,2025-10-09,"Dr. Y.S. Rajasekhara Reddy ACA-VDCA Cricket Stadium, Visakhapatnam",1,5.4,5.4,India,South Africa,Pratika Rawal,S Mandhana,A Khaka,0,0,,,,,,,,,,,,,
1490422,2025/26,2025-10-09,"Dr. Y.S. Rajasekhara Reddy ACA-VDCA Cricket Stadium, Visakhapatnam",1,5.5,5.5,India,South Africa,Pratika Rawal,S Mandhana,A Khaka,0,0,,,,,,,,,,,,,
1490422,2025/26,2025-10-09,"Dr. Y.S. Rajasekhara Reddy ACA-VDCA Cricket Stadium, Visakhapatnam",1,5.6,5.6,India,South Africa,Pratika Rawal,S Mandhana,A Khaka,0,0,,,,,,,,,,,,,
1490422,2025/26,2025-10-09,"Dr. Y.S. Rajasekhara Reddy ACA-VDCA Cricket Stadium, Visakhapatnam",1,6.1,6.1,India,South Africa,S Mandhana,Pratika Rawal,M Kapp,2,0,,,,,,,,,,,,,
1490422,2025/26,2025-10-09,"Dr. Y.S. Rajasekhara Reddy ACA-VDCA Cricket Stadium, Visakhapatnam",1,6.2,6.2,India,South Africa,S Mandhana,Pratika Rawal,M Kapp,0,0,,,,,,,,,,,,,
1490422,2025/26,2025-10-09,"Dr. Y.S. Rajasekhara Reddy ACA-VDCA Cricket Stadium, Visakhapatnam",1,6.3,6.3,India,South Africa,S Mandhana,Pratika Rawal,M Kapp,0,0,,,,,,,,,,,,,
1490422,2025/26,2025-10-09,"Dr. Y.S. Rajasekhara Reddy ACA-VDCA Cricket Stadium, Visakhapatnam",1,6.4,6.4,India,South Africa,S Mandhana,Pratika Rawal,M Kapp,1,0,,,,,,,,,,,,,
1490422,2025/26,2025-10-09,"Dr. Y.S. Rajasekhara Reddy ACA-VDCA Cricket Stadium, Visakhapatnam",1,6.5,6.5,India,South Africa,Pratika Rawal,S Mandhana,M Kapp,0,0,,,,,,,,,,,,,
1490422,2025/26,2025-10-09,"Dr. Y.S. Rajasekhara Reddy ACA-VDCA Cricket Stadium, Visakhapatnam",1,6.6,6.6,India,South Africa,Pratika Rawal,S Mandhana,M Kapp,0,0,,,,,,,,,,,,,
1490422,2025/26,2025-10-09,"Dr. Y.S. Rajasekhara Reddy ACA-VDCA Cricket Stadium, Visakhapatnam",1,7.1,7.1,India,South Africa,S Mandhana,Pratika Rawal,A Khaka,6,0,,,,,,,,,,,,,
1490422,2025/26,2025-10-09,"Dr. Y.S. Rajasekhara Reddy ACA-VDCA Cricket Stadium, Visakhapatnam",1,7.2,7.2,India,South Africa,S Mandhana,Pratika Rawal,A Khaka,0,1,1,,,,,,,,,,,,
1490422,2025/26,2025-10-09,"Dr. Y.S. Rajasekhara Reddy ACA-VDCA Cricket Stadium, Visakhapatnam",1,7.3,7.2,India,South Africa,S Mandhana,Pratika Rawal,A Khaka,1,0,,,,,,,,,,,,,
1490422,2025/26,2025-10-09,"Dr. Y.S. Rajasekhara Reddy ACA-VDCA Cricket Stadium, Visakhapatnam",1,7.4,7.3,India,South Africa,Pratika Rawal,S Mandhana,A Khaka,0,0,,,,,,,,,,,,,
1490422,2025/26,2025-10-09,"Dr. Y.S. Rajasekhara Reddy ACA-VDCA Cricket Stadium, Visakhapatnam",1,7.5,7.4,India,South Africa,Pratika Rawal,S Mandhana,A Khaka,0,0,,,,,,,,,,,,,
1490422,2025/26,2025-10-09,"Dr. Y.S. Rajasekhara Reddy ACA-VDCA Cricket Stadium, Visakhapatnam",1,7.6,7.5,India,South Africa,Pratika Rawal,S Mandhana,A Khaka,0,0,,,,,,,,,,,,,
1490422,2025/26,2025-10-09,"Dr. Y.S. Rajasekhara Reddy ACA-VDCA Cricket Stadium, Visakhapatnam",1,7.7,7.6,India,South Africa,Pratika Rawal,S Mandhana,A Khaka,0,1,1,,,,,,,,,,,,
1490422,2025/26,2025-10-09,"Dr. Y.S. Rajasekhara Reddy ACA-VDCA Cricket Stadium, Visakhapatnam",1,7.8,7.6,India,South Africa,Pratika Rawal,S Mandhana,A Khaka,0,0,,,,,,,,,,,,,
1490422,2025/26,2025-10-09,"Dr. Y.S. Rajasekhara Reddy ACA-VDCA Cricket Stadium, Visakhapatnam",1,8.1,8.1,India,South Africa,S Mandhana,Pratika Rawal,M Kapp,1,0,,,,,,,,,,,,,
1490422,2025/26,2025-10-09,"Dr. Y.S. Rajasekhara Reddy ACA-VDCA Cricket Stadium, Visakhapatnam",1,8.2,8.2,India,South Africa,Pratika Rawal,S Mandhana,M Kapp,1,0,,,,,,,,,,,,,
1490422,2025/26,2025-10-09,"Dr. Y.S. Rajasekhara Reddy ACA-VDCA Cricket Stadium, Visakhapatnam",1,8.3,8.3,India,South Africa,S Mandhana,Pratika Rawal,M Kapp,1,0,,,,,,,,,,,,,
1490422,2025/26,2025-10-09,"Dr. Y.S. Rajasekhara Reddy ACA-VDCA Cricket Stadium, Visakhapatnam",1,8.4,8.4,India,South Africa,Pratika Rawal,S Mandhana,M Kapp,0,0,,,,,,,,,,,,,
1490422,2025/26,2025-10-09,"Dr. Y.S. Rajasekhara Reddy ACA-VDCA Cricket Stadium, Visakhapatnam",1,8.5,8.5,India,South Africa,Pratika Rawal,S Mandhana,M Kapp,0,0,,,,,,,,,,,,,
1490422,2025/26,2025-10-09,"Dr. Y.S. Rajasekhara Reddy ACA-VDCA Cricket Stadium, Visakhapatnam",1,8.6,8.6,India,South Africa,Pratika Rawal,S Mandhana,M Kapp,0,0,,,,,,,,,,,,,
1490422,2025/26,2025-10-09,"Dr. Y.S. Rajasekhara Reddy ACA-VDCA Cricket Stadium, Visakhapatnam",1,9.1,9.1,India,South Africa,S Mandhana,Pratika Rawal,N de Klerk,4,0,,,,,,,,,,,,,
1490422,2025/26,2025-10-09,"Dr. Y.S. Rajasekhara Reddy ACA-VDCA Cricket Stadium, Visakhapatnam",1,9.2,9.2,India,South Africa,S Mandhana,Pratika Rawal,N de Klerk,2,0,,,,,,,,,,,,,
1490422,2025/26,2025-10-09,"Dr. Y.S. Rajasekhara Reddy ACA-VDCA Cricket Stadium, Visakhapatnam",1,9.3,9.3,India,South Africa,S Mandhana,Pratika Rawal,N de Klerk,0,0,,,,,,,,,,,,,
1490422,2025/26,2025-10-09,"Dr. Y.S. Rajasekhara Reddy ACA-VDCA Cricket Stadium, Visakhapatnam",1,9.4,9.4,India,South Africa,S Mandhana,Pratika Rawal,N de Klerk,0,0,,,,,,,,,,,,,
1490422,2025/26,2025-10-09,"Dr. Y.S. Rajasekhara Reddy ACA-VDCA Cricket Stadium, Visakhapatnam",1,9.5,9.5,India,South Africa,S Mandhana,Pratika Rawal,N de Klerk,0,0,,,,,,,,,,,,,
1490422,2025/26,2025-10-09,"Dr. Y.S. Rajasekhara Reddy ACA-VDCA Cricket Stadium, Visakhapatnam",1,9.6,9.6,India,South Africa,S Mandhana,Pratika Rawal,N de Klerk,1,0,,,,,,,,,,,,,
1490422,2025/26,2025-10-09,"Dr. Y.S. Rajasekhara Reddy ACA-VDCA Cricket Stadium, Visakhapatnam",1,10.1,10.1,India,South Africa,S Mandhana,Pratika Rawal,N Mlaba,0,0,,,,,,,,,,,,,
1490422,2025/26,2025-10-09,"Dr. Y.S. Rajasekhara Reddy ACA-VDCA Cricket Stadium, Visakhapatnam",1,10.2,10.2,India,South Africa,S Mandhana,Pratika Rawal,N Mlaba,0,0,,,,,,,caught,S Mandhana,,,S Luus,,
1490422,2025/26,2025-10-09,"Dr. Y.S. Rajasekhara Reddy ACA-VDCA Cricket Stadium, Visakhapatnam",1,10.3,10.3,India,South Africa,H Deol,Pratika Rawal,N Mlaba,0,0,,,,,,,,,,,,,
1490422,2025/26,2025-10-09,"Dr. Y.S. Rajasekhara Reddy ACA-VDCA Cricket Stadium, Visakhapatnam",1,10.4,10.4,India,South Africa,H Deol,Pratika Rawal,N Mlaba,2,0,,,,,,,,,,,,,
1490422,2025/26,2025-10-09,"Dr. Y.S. Rajasekhara Reddy ACA-VDCA Cricket Stadium, Visakhapatnam",1,10.5,10.5,India,South Africa,H Deol,Pratika Rawal,N Mlaba,1,0,,,,,,,,,,,,,
1490422,2025/26,2025-10-09,"Dr. Y.S. Rajasekhara Reddy ACA-VDCA Cricket Stadium, Visakhapatnam",1,10.6,10.6,India,South Africa,Pratika Rawal,H Deol,N Mlaba,1,0,,,,,,,,,,,,,
1490422,2025/26,2025-10-09,"Dr. Y.S. Rajasekhara Reddy ACA-VDCA Cricket Stadium, Visakhapatnam",1,11.1,11.1,India,South Africa,Pratika Rawal,H Deol,N de Klerk,1,0,,,,,,,,,,,,,
1490422,2025/26,2025-10-09,"Dr. Y.S. Rajasekhara Reddy ACA-VDCA Cricket Stadium, Visakhapatnam",1,11.2,11.2,India,South Africa,H Deol,Pratika Rawal,N de Klerk,0,0,,,,,,,,,,,,,
1490422,2025/26,2025-10-09,"Dr. Y.S. Rajasekhara Reddy ACA-VDCA Cricket Stadium, Visakhapatnam",1,11.3,11.3,India,South Africa,H Deol,Pratika Rawal,N de Klerk,1,0,,,,,,,,,,,,,
1490422,2025/26,2025-10-09,"Dr. Y.S. Rajasekhara Reddy ACA-VDCA Cricket Stadium, Visakhapatnam",1,11.4,11.4,India,South Africa,Pratika Rawal,H Deol,N de Klerk,0,0,,,,,,,,,,,,,
1490422,2025/26,2025-10-09,"Dr. Y.S. Rajasekhara Reddy ACA-VDCA Cricket Stadium, Visakhapatnam",1,11.5,11.5,India,South Africa,Pratika Rawal,H Deol,N de Klerk,0,0,,,,,,,,,,,,,
1490422,2025/26,2025-10-09,"Dr. Y.S. Rajasekhara Reddy ACA-VDCA Cricket Stadium, Visakhapatnam",1,11.6,11.6,India,South Africa,Pratika Rawal,H Deol,N de Klerk,0,0,,,,,,,,,,,,,
1490422,2025/26,2025-10-09,"Dr. Y.S. Rajasekhara Reddy ACA-VDCA Cricket Stadium, Visakhapatnam",1,12.1,12.1,India,South Africa,H Deol,Pratika Rawal,N Mlaba,1,0,,,,,,,,,,,,,
1490422,2025/26,2025-10-09,"Dr. Y.S. Rajasekhara Reddy ACA-VDCA Cricket Stadium, Visakhapatnam",1,12.2,12.2,India,South Africa,Pratika Rawal,H Deol,N Mlaba,0,0,,,,,,,,,,,,,
1490422,2025/26,2025-10-09,"Dr. Y.S. Rajasekhara Reddy ACA-VDCA Cricket Stadium, Visakhapatnam",1,12.3,12.3,India,South Africa,Pratika Rawal,H Deol,N Mlaba,0,1,1,,,,,,,,,,,,
1490422,2025/26,2025-10-09,"Dr. Y.S. Rajasekhara Reddy ACA-VDCA Cricket Stadium, Visakhapatnam",1,12.4,12.3,India,South Africa,Pratika Rawal,H Deol,N Mlaba,1,0,,,,,,,,,,,,,
1490422,2025/26,2025-10-09,"Dr. Y.S. Rajasekhara Reddy ACA-VDCA Cricket Stadium, Visakhapatnam",1,12.5,12.4,India,South Africa,H Deol,Pratika Rawal,N Mlaba,0,0,,,,,,,,,,,,,
1490422,2025/26,2025-10-09,"Dr. Y.S. Rajasekhara Reddy ACA-VDCA Cricket Stadium, Visakhapatnam",1,12.6,12.5,India,South Africa,H Deol,Pratika Rawal,N Mlaba,0,0,,,,,,,,,,,,,
1490422,2025/26,2025-10-09,"Dr. Y.S. Rajasekhara Reddy ACA-VDCA Cricket Stadium, Visakhapatnam",1,12.7,12.6,India,South Africa,H Deol,Pratika Rawal,N Mlaba,0,0,,,,,,,,,,,,,
1490422,2025/26,2025-10-09,"Dr. Y.S. Rajasekhara Reddy ACA-VDCA Cricket Stadium, Visakhapatnam",1,13.1,13.1,India,South Africa,Pratika Rawal,H Deol,N de Klerk,1,0,,,,,,,,,,,,,
1490422,2025/26,2025-10-09,"Dr. Y.S. Rajasekhara Reddy ACA-VDCA Cricket Stadium, Visakhapatnam",1,13.2,13.2,India,South Africa,H Deol,Pratika Rawal,N de Klerk,0,0,,,,,,,,,,,,,
1490422,2025/26,2025-10-09,"Dr. Y.S. Rajasekhara Reddy ACA-VDCA Cricket Stadium, Visakhapatnam",1,13.3,13.3,India,South Africa,H Deol,Pratika Rawal,N de Klerk,0,0,,,,,,,,,,,,,
1490422,2025/26,2025-10-09,"Dr. Y.S. Rajasekhara Reddy ACA-VDCA Cricket Stadium, Visakhapatnam",1,13.4,13.4,India,South Africa,H Deol,Pratika Rawal,N de Klerk,0,0,,,,,,,,,,,,,
1490422,2025/26,2025-10-09,"Dr. Y.S. Rajasekhara Reddy ACA-VDCA Cricket Stadium, Visakhapatnam",1,13.5,13.5,India,South Africa,H Deol,Pratika Rawal,N de Klerk,0,0,,,,,,,,,,,,,
1490422,2025/26,2025-10-09,"Dr. Y.S. Rajasekhara Reddy ACA-VDCA Cricket Stadium, Visakhapatnam",1,13.6,13.6,India,South Africa,H Deol,Pratika Rawal,N de Klerk,4,0,,,,,,,,,,,,,
1490422,2025/26,2025-10-09,"Dr. Y.S. Rajasekhara Reddy ACA-VDCA Cricket Stadium, Visakhapatnam",1,14.1,14.1,India,South Africa,Pratika Rawal,H Deol,N Mlaba,1,0,,,,,,,,,,,,,
1490422,2025/26,2025-10-09,"Dr. Y.S. Rajasekhara Reddy ACA-VDCA Cricket Stadium, Visakhapatnam",1,14.2,14.2,India,South Africa,H Deol,Pratika Rawal,N Mlaba,0,0,,,,,,,,,,,,,
1490422,2025/26,2025-10-09,"Dr. Y.S. Rajasekhara Reddy ACA-VDCA Cricket Stadium, Visakhapatnam",1,14.3,14.3,India,South Africa,H Deol,Pratika Rawal,N Mlaba,1,0,,,,,,,,,,,,,
1490422,2025/26,2025-10-09,"Dr. Y.S. Rajasekhara Reddy ACA-VDCA Cricket Stadium, Visakhapatnam",1,14.4,14.4,India,South Africa,Pratika Rawal,H Deol,N Mlaba,0,0,,,,,,,,,,,,,
1490422,2025/26,2025-10-09,"Dr. Y.S. Rajasekhara Reddy ACA-VDCA Cricket Stadium, Visakhapatnam",1,14.5,14.5,India,South Africa,Pratika Rawal,H Deol,N Mlaba,0,0,,,,,,,,,,,,,
1490422,2025/26,2025-10-09,"Dr. Y.S. Rajasekhara Reddy ACA-VDCA Cricket Stadium, Visakhapatnam",1,14.6,14.6,India,South Africa,Pratika Rawal,H Deol,N Mlaba,0,0,,,,,,,,,,,,,
1490422,2025/26,2025-10-09,"Dr. Y.S. Rajasekhara Reddy ACA-VDCA Cricket Stadium, Visakhapatnam",1,15.1,15.1,India,South Africa,H Deol,Pratika Rawal,N de Klerk,0,0,,,,,,,,,,,,,
1490422,2025/26,2025-10-09,"Dr. Y.S. Rajasekhara Reddy ACA-VDCA Cricket Stadium, Visakhapatnam",1,15.2,15.2,India,South Africa,H Deol,Pratika Rawal,N de Klerk,0,0,,,,,,,,,,,,,
1490422,2025/26,2025-10-09,"Dr. Y.S. Rajasekhara Reddy ACA-VDCA Cricket Stadium, Visakhapatnam",1,15.3,15.3,India,South Africa,H Deol,Pratika Rawal,N de Klerk,1,0,,,,,,,,,,,,,
1490422,2025/26,2025-10-09,"Dr. Y.S. Rajasekhara Reddy ACA-VDCA Cricket Stadium, Visakhapatnam",1,15.4,15.4,India,South Africa,Pratika Rawal,H Deol,N de Klerk,1,0,,,,,,,,,,,,,
1490422,2025/26,2025-10-09,"Dr. Y.S. Rajasekhara Reddy ACA-VDCA Cricket Stadium, Visakhapatnam",1,15.5,15.5,India,South Africa,H Deol,Pratika Rawal,N de Klerk,0,0,,,,,,,,,,,,,
1490422,2025/26,2025-10-09,"Dr. Y.S. Rajasekhara Reddy ACA-VDCA Cricket Stadium, Visakhapatnam",1,15.6,15.6,India,South Africa,H Deol,Pratika Rawal,N de Klerk,1,0,,,,,,,,,,,,,
1490422,2025/26,2025-10-09,"Dr. Y.S. Rajasekhara Reddy ACA-VDCA Cricket Stadium, Visakhapatnam",1,16.1,16.1,India,South Africa,H Deol,Pratika Rawal,N Mlaba,1,0,,,,,,,,,,,,,
1490422,2025/26,2025-10-09,"Dr. Y.S. Rajasekhara Reddy ACA-VDCA Cricket Stadium, Visakhapatnam",1,16.2,16.2,India,South Africa,Pratika Rawal,H Deol,N Mlaba,0,5,5,,,,,,,,,,,,
1490422,2025/26,2025-10-09,"Dr. Y.S. Rajasekhara Reddy ACA-VDCA Cricket Stadium, Visakhapatnam",1,16.3,16.2,India,South Africa,Pratika Rawal,H Deol,N Mlaba,2,0,,,,,,,,,,,,,
1490422,2025/26,2025-10-09,"Dr. Y.S. Rajasekhara Reddy ACA-VDCA Cricket Stadium, Visakhapatnam",1,16.4,16.3,India,South Africa,Pratika Rawal,H Deol,N Mlaba,0,0,,,,,,,,,,,,,
1490422,2025/26,2025-10-09,"Dr. Y.S. Rajasekhara Reddy ACA-VDCA Cricket Stadium, Visakhapatnam",1,16.5,16.4,India,South Africa,Pratika Rawal,H Deol,N Mlaba,0,0,,,,,,,,,,,,,
1490422,2025/26,2025-10-09,"Dr. Y.S. Rajasekhara Reddy ACA-VDCA Cricket Stadium, Visakhapatnam",1,16.6,16.5,India,South Africa,Pratika Rawal,H Deol,N Mlaba,1,0,,,,,,,,,,,,,
1490422,2025/26,2025-10-09,"Dr. Y.S. Rajasekhara Reddy ACA-VDCA Cricket Stadium, Visakhapatnam",1,16.7,16.6,India,South Africa,H Deol,Pratika Rawal,N Mlaba,0,0,,,,,,,bowled,H Deol,,,,,
1490422,2025/26,2025-10-09,"Dr. Y.S. Rajasekhara Reddy ACA-VDCA Cricket Stadium, Visakhapatnam",1,17.1,17.1,India,South Africa,Pratika Rawal,H Kaur,TS Sekhukhune,1,0,,,,,,,,,,,,,
1490422,2025/26,2025-10-09,"Dr. Y.S. Rajasekhara Reddy ACA-VDCA Cricket Stadium, Visakhapatnam",1,17.2,17.2,India,South Africa,H Kaur,Pratika Rawal,TS Sekhukhune,0,0,,,,,,,,,,,,,
1490422,2025/26,2025-10-09,"Dr. Y.S. Rajasekhara Reddy ACA-VDCA Cricket Stadium, Visakhapatnam",1,17.3,17.3,India,South Africa,H Kaur,Pratika Rawal,TS Sekhukhune,0,0,,,,,,,,,,,,,
1490422,2025/26,2025-10-09,"Dr. Y.S. Rajasekhara Reddy ACA-VDCA Cricket Stadium, Visakhapatnam",1,17.4,17.4,India,South Africa,H Kaur,Pratika Rawal,TS Sekhukhune,1,0,,,,,,,,,,,,,
1490422,2025/26,2025-10-09,"Dr. Y.S. Rajasekhara Reddy ACA-VDCA Cricket Stadium, Visakhapatnam",1,17.5,17.5,India,South Africa,Pratika Rawal,H Kaur,TS Sekhukhune,0,0,,,,,,,,,,,,,
1490422,2025/26,2025-10-09,"Dr. Y.S. Rajasekhara Reddy ACA-VDCA Cricket Stadium, Visakhapatnam",1,17.6,17.6,India,South Africa,Pratika Rawal,H Kaur,TS Sekhukhune,0,0,,,,,,,,,,,,,
1490422,2025/26,2025-10-09,"Dr. Y.S. Rajasekhara Reddy ACA-VDCA Cricket Stadium, Visakhapatnam",1,18.1,18.1,India,South Africa,H Kaur,Pratika Rawal,N Mlaba,0,0,,,,,,,,,,,,,
1490422,2025/26,2025-10-09,"Dr. Y.S. Rajasekhara Reddy ACA-VDCA Cricket Stadium, Visakhapatnam",1,18.2,18.2,India,South Africa,H Kaur,Pratika Rawal,N Mlaba,0,0,,,,,,,,,,,,,
1490422,2025/26,2025-10-09,"Dr. Y.S. Rajasekhara Reddy ACA-VDCA Cricket Stadium, Visakhapatnam",1,18.3,18.3,India,South Africa,H Kaur,Pratika Rawal,N Mlaba,1,0,,,,,,,,,,,,,
1490422,2025/26,2025-10-09,"Dr. Y.S. Rajasekhara Reddy ACA-VDCA Cricket Stadium, Visakhapatnam",1,18.4,18.4,India,South Africa,Pratika Rawal,H Kaur,N Mlaba,0,0,,,,,,,,,,,,,
1490422,2025/26,2025-10-09,"Dr. Y.S. Rajasekhara Reddy ACA-VDCA Cricket Stadium, Visakhapatnam",1,18.5,18.5,India,South Africa,Pratika Rawal,H Kaur,N Mlaba,0,1,1,,,,,,,,,,,,
1490422,2025/26,2025-10-09,"Dr. Y.S. Rajasekhara Reddy ACA-VDCA Cricket Stadium, Visakhapatnam",1,18.6,18.5,India,South Africa,Pratika Rawal,H Kaur,N Mlaba,0,0,,,,,,,,,,,,,
1490422,2025/26,2025-10-09,"Dr. Y.S. Rajasekhara Reddy ACA-VDCA Cricket Stadium, Visakhapatnam",1,18.7,18.6,India,South Africa,Pratika Rawal,H Kaur,N Mlaba,0,0,,,,,,,,,,,,,
1490422,2025/26,2025-10-09,"Dr. Y.S. Rajasekhara Reddy ACA-VDCA Cricket Stadium, Visakhapatnam",1,19.1,19.1,India,South Africa,H Kaur,Pratika Rawal,TS Sekhukhune,0,2,2,,,,,,,,,,,,
1490422,2025/26,2025-10-09,"Dr. Y.S. Rajasekhara Reddy ACA-VDCA Cricket Stadium, Visakhapatnam",1,19.2,19.1,India,South Africa,Pratika Rawal,H Kaur,TS Sekhukhune,1,0,,,,,,,,,,,,,
1490422,2025/26,2025-10-09,"Dr. Y.S. Rajasekhara Reddy ACA-VDCA Cricket Stadium, Visakhapatnam",1,19.3,19.2,India,South Africa,H Kaur,Pratika Rawal,TS Sekhukhune,0,0,,,,,,,,,,,,,
1490422,2025/26,2025-10-09,"Dr. Y.S. Rajasekhara Reddy ACA-VDCA Cricket Stadium, Visakhapatnam",1,19.4,19.3,India,South Africa,H Kaur,Pratika Rawal,TS Sekhukhune,1,0,,,,,,,,,,,,,
1490422,2025/26,2025-10-09,"Dr. Y.S. Rajasekhara Reddy ACA-VDCA Cricket Stadium, Visakhapatnam",1,19.5,19.4,India,South Africa,Pratika Rawal,H Kaur,TS Sekhukhune,0,0,,,,,,,caught,Pratika Rawal,,,T Brits,,
1490422,2025/26,2025-10-09,"Dr. Y.S. Rajasekhara Reddy ACA-VDCA Cricket Stadium, Visakhapatnam",1,19.6,19.5,India,South Africa,JI Rodrigues,H Kaur,TS Sekhukhune,0,0,,,,,,,,,,,,,
1490422,2025/26,2025-10-09,"Dr. Y.S. Rajasekhara Reddy ACA-VDCA Cricket Stadium, Visakhapatnam",1,19.7,19.6,India,South Africa,JI Rodrigues,H Kaur,TS Sekhukhune,0,0,,,,,,,,,,,,,
1490422,2025/26,2025-10-09,"Dr. Y.S. Rajasekhara Reddy ACA-VDCA Cricket Stadium, Visakhapatnam",1,20.1,20.1,India,South Africa,H Kaur,JI Rodrigues,CL Tryon,0,0,,,,,,,,,,,,,
1490422,2025/26,2025-10-09,"Dr. Y.S. Rajasekhara Reddy ACA-VDCA Cricket Stadium, Visakhapatnam",1,20.2,20.2,India,South Africa,H Kaur,JI Rodrigues,CL Tryon,1,0,,,,,,,,,,,,,
1490422,2025/26,2025-10-09,"Dr. Y.S. Rajasekhara Reddy ACA-VDCA Cricket Stadium, Visakhapatnam",1,20.3,20.3,India,South Africa,JI Rodrigues,H Kaur,CL Tryon,0,0,,,,,,,,,,,,,
1490422,2025/26,2025-10-09,"Dr. Y.S. Rajasekhara Reddy ACA-VDCA Cricket Stadium, Visakhapatnam",1,20.4,20.4,India,South Africa,JI Rodrigues,H Kaur,CL Tryon,0,0,,,,,,,lbw,JI Rodrigues,,,,,
1490422,2025/26,2025-10-09,"Dr. Y.S. Rajasekhara Reddy ACA-VDCA Cricket Stadium, Visakhapatnam",1,20.5,20.5,India,South Africa,DB Sharma,H Kaur,CL Tryon,0,0,,,,,,,,,,,,,
1490422,2025/26,2025-10-09,"Dr. Y.S. Rajasekhara Reddy ACA-VDCA Cricket Stadium, Visakhapatnam",1,20.6,20.6,India,South Africa,DB Sharma,H Kaur,CL Tryon,0,0,,,,,,,,,,,,,
1490422,2025/26,2025-10-09,"Dr. Y.S. Rajasekhara Reddy ACA-VDCA Cricket Stadium, Visakhapatnam",1,21.1,21.1,India,South Africa,H Kaur,DB Sharma,TS Sekhukhune,0,0,,,,,,,,,,,,,
1490422,2025/26,2025-10-09,"Dr. Y.S. Rajasekhara Reddy ACA-VDCA Cricket Stadium, Visakhapatnam",1,21.2,21.2,India,South Africa,H Kaur,DB Sharma,TS Sekhukhune,0,0,,,,,,,,,,,,,
1490422,2025/26,2025-10-09,"Dr. Y.S. Rajasekhara Reddy ACA-VDCA Cricket Stadium, Visakhapatnam",1,21.3,21.3,India,South Africa,H Kaur,DB Sharma,TS Sekhukhune,0,0,,,,,,,,,,,,,
1490422,2025/26,2025-10-09,"Dr. Y.S. Rajasekhara Reddy ACA-VDCA Cricket Stadium, Visakhapatnam",1,21.4,21.4,India,South Africa,H Kaur,DB Sharma,TS Sekhukhune,0,0,,,,,,,,,,,,,
1490422,2025/26,2025-10-09,"Dr. Y.S. Rajasekhara Reddy ACA-VDCA Cricket Stadium, Visakhapatnam",1,21.5,21.5,India,South Africa,H Kaur,DB Sharma,TS Sekhukhune,1,0,,,,,,,,,,,,,
1490422,2025/26,2025-10-09,"Dr. Y.S. Rajasekhara Reddy ACA-VDCA Cricket Stadium, Visakhapatnam",1,21.6,21.6,India,South Africa,DB Sharma,H Kaur,TS Sekhukhune,0,0,,,,,,,,,,,,,
1490422,2025/26,2025-10-09,"Dr. Y.S. Rajasekhara Reddy ACA-VDCA Cricket Stadium, Visakhapatnam",1,22.1,22.1,India,South Africa,H Kaur,DB Sharma,CL Tryon,0,0,,,,,,,,,,,,,
1490422,2025/26,2025-10-09,"Dr. Y.S. Rajasekhara Reddy ACA-VDCA Cricket Stadium, Visakhapatnam",1,22.2,22.2,India,South Africa,H Kaur,DB Sharma,CL Tryon,0,0,,,,,,,,,,,,,
1490422,2025/26,2025-10-09,"Dr. Y.S. Rajasekhara Reddy ACA-VDCA Cricket Stadium, Visakhapatnam",1,22.3,22.3,India,South Africa,H Kaur,DB Sharma,CL Tryon,1,0,,,,,,,,,,,,,
1490422,2025/26,2025-10-09,"Dr. Y.S. Rajasekhara Reddy ACA-VDCA Cricket Stadium, Visakhapatnam",1,22.4,22.4,India,South Africa,DB Sharma,H Kaur,CL Tryon,0,0,,,,,,,,,,,,,
1490422,2025/26,2025-10-09,"Dr. Y.S. Rajasekhara Reddy ACA-VDCA Cricket Stadium, Visakhapatnam",1,22.5,22.5,India,South Africa,DB Sharma,H Kaur,CL Tryon,1,0,,,,,,,,,,,,,
1490422,2025/26,2025-10-09,"Dr. Y.S. Rajasekhara Reddy ACA-VDCA Cricket Stadium, Visakhapatnam",1,22.6,22.6,India,South Africa,H Kaur,DB Sharma,CL Tryon,1,0,,,,,,,,,,,,,
1490422,2025/26,2025-10-09,"Dr. Y.S. Rajasekhara Reddy ACA-VDCA Cricket Stadium, Visakhapatnam",1,23.1,23.1,India,South Africa,H Kaur,DB Sharma,TS Sekhukhune,1,0,,,,,,,,,,,,,
1490422,2025/26,2025-10-09,"Dr. Y.S. Rajasekhara Reddy ACA-VDCA Cricket Stadium, Visakhapatnam",1,23.2,23.2,India,South Africa,DB Sharma,H Kaur,TS Sekhukhune,0,0,,,,,,,,,,,,,
1490422,2025/26,2025-10-09,"Dr. Y.S. Rajasekhara Reddy ACA-VDCA Cricket Stadium, Visakhapatnam",1,23.3,23.3,India,South Africa,DB Sharma,H Kaur,TS Sekhukhune,0,0,,,,,,,,,,,,,
1490422,2025/26,2025-10-09,"Dr. Y.S. Rajasekhara Reddy ACA-VDCA Cricket Stadium, Visakhapatnam",1,23.4,23.4,India,South Africa,DB Sharma,H Kaur,TS Sekhukhune,1,0,,,,,,,,,,,,,
1490422,2025/26,2025-10-09,"Dr. Y.S. Rajasekhara Reddy ACA-VDCA Cricket Stadium, Visakhapatnam",1,23.5,23.5,India,South Africa,H Kaur,DB Sharma,TS Sekhukhune,0,0,,,,,,,,,,,,,
1490422,2025/26,2025-10-09,"Dr. Y.S. Rajasekhara Reddy ACA-VDCA Cricket Stadium, Visakhapatnam",1,23.6,23.6,India,South Africa,H Kaur,DB Sharma,TS Sekhukhune,1,0,,,,,,,,,,,,,
1490422,2025/26,2025-10-09,"Dr. Y.S. Rajasekhara Reddy ACA-VDCA Cricket Stadium, Visakhapatnam",1,24.1,24.1,India,South Africa,H Kaur,DB Sharma,CL Tryon,0,1,1,,,,,,,,,,,,
1490422,2025/26,2025-10-09,"Dr. Y.S. Rajasekhara Reddy ACA-VDCA Cricket Stadium, Visakhapatnam",1,24.2,24.1,India,South Africa,H Kaur,DB Sharma,CL Tryon,0,0,,,,,,,,,,,,,
1490422,2025/26,2025-10-09,"Dr. Y.S. Rajasekhara Reddy ACA-VDCA Cricket Stadium, Visakhapatnam",1,24.3,24.2,India,South Africa,H Kaur,DB Sharma,CL Tryon,0,0,,,,,,,caught,H Kaur,,,M Kapp,,
1490422,2025/26,2025-10-09,"Dr. Y.S. Rajasekhara Reddy ACA-VDCA Cricket Stadium, Visakhapatnam",1,24.4,24.3,India,South Africa,AB Kaur,DB Sharma,CL Tryon,0,0,,,,,,,,,,,,,
1490422,2025/26,2025-10-09,"Dr. Y.S. Rajasekhara Reddy ACA-VDCA Cricket Stadium, Visakhapatnam",1,24.5,24.4,India,South Africa,AB Kaur,DB Sharma,CL Tryon,0,0,,,,,,,,,,,,,
1490422,2025/26,2025-10-09,"Dr. Y.S. Rajasekhara Reddy ACA-VDCA Cricket Stadium, Visakhapatnam",1,24.6,24.5,India,South Africa,AB Kaur,DB Sharma,CL Tryon,0,0,,,,,,,,,,,,,
1490422,2025/26,2025-10-09,"Dr. Y.S. Rajasekhara Reddy ACA-VDCA Cricket Stadium, Visakhapatnam",1,24.7,24.6,India,South Africa,AB Kaur,DB Sharma,CL Tryon,0,0,,,,,,,,,,,,,
1490422,2025/26,2025-10-09,"Dr. Y.S. Rajasekhara Reddy ACA-VDCA Cricket Stadium, Visakhapatnam",1,25.1,25.1,India,South Africa,DB Sharma,AB Kaur,M Kapp,2,0,,,,,,,,,,,,,
1490422,2025/26,2025-10-09,"Dr. Y.S. Rajasekhara Reddy ACA-VDCA Cricket Stadium, Visakhapatnam",1,25.2,25.2,India,South Africa,DB Sharma,AB Kaur,M Kapp,0,0,,,,,,,,,,,,,
1490422,2025/26,2025-10-09,"Dr. Y.S. Rajasekhara Reddy ACA-VDCA Cricket Stadium, Visakhapatnam",1,25.3,25.3,India,South Africa,DB Sharma,AB Kaur,M Kapp,0,0,,,,,,,,,,,,,
1490422,2025/26,2025-10-09,"Dr. Y.S. Rajasekhara Reddy ACA-VDCA Cricket Stadium, Visakhapatnam",1,25.4,25.4,India,South Africa,DB Sharma,AB Kaur,M Kapp,0,0,,,,,,,,,,,,,
1490422,2025/26,2025-10-09,"Dr. Y.S. Rajasekhara Reddy ACA-VDCA Cricket Stadium, Visakhapatnam",1,25.5,25.5,India,South Africa,DB Sharma,AB Kaur,M Kapp,0,0,,,,,,,,,,,,,
1490422,2025/26,2025-10-09,"Dr. Y.S. Rajasekhara Reddy ACA-VDCA Cricket Stadium, Visakhapatnam",1,25.6,25.6,India,South Africa,DB Sharma,AB Kaur,M Kapp,0,0,,,,,,,caught,DB Sharma,,,S Jafta,,
1490422,2025/26,2025-10-09,"Dr. Y.S. Rajasekhara Reddy ACA-VDCA Cricket Stadium, Visakhapatnam",1,26.1,26.1,India,South Africa,AB Kaur,RM Ghosh,CL Tryon,0,0,,,,,,,,,,,,,
1490422,2025/26,2025-10-09,"Dr. Y.S. Rajasekhara Reddy ACA-VDCA Cricket Stadium, Visakhapatnam",1,26.2,26.2,India,South Africa,AB Kaur,RM Ghosh,CL Tryon,0,0,,,,,,,,,,,,,
1490422,2025/26,2025-10-09,"Dr. Y.S. Rajasekhara Reddy ACA-VDCA Cricket Stadium, Visakhapatnam",1,26.3,26.3,India,South Africa,AB Kaur,RM Ghosh,CL Tryon,0,0,,,,,,,,,,,,,
1490422,2025/26,2025-10-09,"Dr. Y.S. Rajasekhara Reddy ACA-VDCA Cricket Stadium, Visakhapatnam",1,26.4,26.4,India,South Africa,AB Kaur,RM Ghosh,CL Tryon,0,0,,,,,,,,,,,,,
1490422,2025/26,2025-10-09,"Dr. Y.S. Rajasekhara Reddy ACA-VDCA Cricket Stadium, Visakhapatnam",1,26.5,26.5,India,South Africa,AB Kaur,RM Ghosh,CL Tryon,1,0,,,,,,,,,,,,,
1490422,2025/26,2025-10-09,"Dr. Y.S. Rajasekhara Reddy ACA-VDCA Cricket Stadium, Visakhapatnam",1,26.6,26.6,India,South Africa,RM Ghosh,AB Kaur,CL Tryon,0,0,,,,,,,,,,,,,
1490422,2025/26,2025-10-09,"Dr. Y.S. Rajasekhara Reddy ACA-VDCA Cricket Stadium, Visakhapatnam",1,27.1,27.1,India,South Africa,AB Kaur,RM Ghosh,M Kapp,1,0,,,,,,,,,,,,,
1490422,2025/26,2025-10-09,"Dr. Y.S. Rajasekhara Reddy ACA-VDCA Cricket Stadium, Visakhapatnam",1,27.2,27.2,India,South Africa,RM Ghosh,AB Kaur,M Kapp,0,0,,,,,,,,,,,,,
1490422,2025/26,2025-10-09,"Dr. Y.S. Rajasekhara Reddy ACA-VDCA Cricket Stadium, Visakhapatnam",1,27.3,27.3,India,South Africa,RM Ghosh,AB Kaur,M Kapp,0,0,,,,,,,,,,,,,
1490422,2025/26,2025-10-09,"Dr. Y.S. Rajasekhara Reddy ACA-VDCA Cricket Stadium, Visakhapatnam",1,27.4,27.4,India,South Africa,RM Ghosh,AB Kaur,M Kapp,0,0,,,,,,,,,,,,,
1490422,2025/26,2025-10-09,"Dr. Y.S. Rajasekhara Reddy ACA-VDCA Cricket Stadium, Visakhapatnam",1,27.5,27.5,India,South Africa,RM Ghosh,AB Kaur,M Kapp,0,0,,,,,,,,,,,,,
1490422,2025/26,2025-10-09,"Dr. Y.S. Rajasekhara Reddy ACA-VDCA Cricket Stadium, Visakhapatnam",1,27.6,27.6,India,South Africa,RM Ghosh,AB Kaur,M Kapp,0,0,,,,,,,,,,,,,
1490422,2025/26,2025-10-09,"Dr. Y.S. Rajasekhara Reddy ACA-VDCA Cricket Stadium, Visakhapatnam",1,28.1,28.1,India,South Africa,AB Kaur,RM Ghosh,CL Tryon,0,0,,,,,,,,,,,,,
1490422,2025/26,2025-10-09,"Dr. Y.S. Rajasekhara Reddy ACA-VDCA Cricket Stadium, Visakhapatnam",1,28.2,28.2,India,South Africa,AB Kaur,RM Ghosh,CL Tryon,1,0,,,,,,,,,,,,,
1490422,2025/26,2025-10-09,"Dr. Y.S. Rajasekhara Reddy ACA-VDCA Cricket Stadium, Visakhapatnam",1,28.3,28.3,India,South Africa,RM Ghosh,AB Kaur,CL Tryon,4,0,,,,,,,,,,,,,
1490422,2025/26,2025-10-09,"Dr. Y.S. Rajasekhara Reddy ACA-VDCA Cricket Stadium, Visakhapatnam",1,28.4,28.4,India,South Africa,RM Ghosh,AB Kaur,CL Tryon,0,0,,,,,,,,,,,,,
1490422,2025/26,2025-10-09,"Dr. Y.S. Rajasekhara Reddy ACA-VDCA Cricket Stadium, Visakhapatnam",1,28.5,28.5,India,South Africa,RM Ghosh,AB Kaur,CL Tryon,0,0,,,,,,,,,,,,,
1490422,2025/26,2025-10-09,"Dr. Y.S. Rajasekhara Reddy ACA-VDCA Cricket Stadium, Visakhapatnam",1,28.6,28.6,India,South Africa,RM Ghosh,AB Kaur,CL Tryon,1,0,,,,,,,,,,,,,
1490422,2025/26,2025-10-09,"Dr. Y.S. Rajasekhara Reddy ACA-VDCA Cricket Stadium, Visakhapatnam",1,29.1,29.1,India,South Africa,RM Ghosh,AB Kaur,A Khaka,4,0,,,,,,,,,,,,,
1490422,2025/26,2025-10-09,"Dr. Y.S. Rajasekhara Reddy ACA-VDCA Cricket Stadium, Visakhapatnam",1,29.2,29.2,India,South Africa,RM Ghosh,AB Kaur,A Khaka,0,0,,,,,,,,,,,,,
1490422,2025/26,2025-10-09,"Dr. Y.S. Rajasekhara Reddy ACA-VDCA Cricket Stadium, Visakhapatnam",1,29.3,29.3,India,South Africa,RM Ghosh,AB Kaur,A Khaka,0,0,,,,,,,,,,,,,
1490422,2025/26,2025-10-09,"Dr. Y.S. Rajasekhara Reddy ACA-VDCA Cricket Stadium, Visakhapatnam",1,29.4,29.4,India,South Africa,RM Ghosh,AB Kaur,A Khaka,0,0,,,,,,,,,,,,,
1490422,2025/26,2025-10-09,"Dr. Y.S. Rajasekhara Reddy ACA-VDCA Cricket Stadium, Visakhapatnam",1,29.5,29.5,India,South Africa,RM Ghosh,AB Kaur,A Khaka,0,0,,,,,,,,,,,,,
1490422,2025/26,2025-10-09,"Dr. Y.S. Rajasekhara Reddy ACA-VDCA Cricket Stadium, Visakhapatnam",1,29.6,29.6,India,South Africa,RM Ghosh,AB Kaur,A Khaka,0,0,,,,,,,,,,,,,
1490422,2025/26,2025-10-09,"Dr. Y.S. Rajasekhara Reddy ACA-VDCA Cricket Stadium, Visakhapatnam",1,30.1,30.1,India,South Africa,AB Kaur,RM Ghosh,CL Tryon,0,0,,,,,,,,,,,,,
1490422,2025/26,2025-10-09,"Dr. Y.S. Rajasekhara Reddy ACA-VDCA Cricket Stadium, Visakhapatnam",1,30.2,30.2,India,South Africa,AB Kaur,RM Ghosh,CL Tryon,0,0,,,,,,,,,,,,,
1490422,2025/26,2025-10-09,"Dr. Y.S. Rajasekhara Reddy ACA-VDCA Cricket Stadium, Visakhapatnam",1,30.3,30.3,India,South Africa,AB Kaur,RM Ghosh,CL Tryon,0,0,,,,,,,,,,,,,
1490422,2025/26,2025-10-09,"Dr. Y.S. Rajasekhara Reddy ACA-VDCA Cricket Stadium, Visakhapatnam",1,30.4,30.4,India,South Africa,AB Kaur,RM Ghosh,CL Tryon,0,0,,,,,,,,,,,,,
1490422,2025/26,2025-10-09,"Dr. Y.S. Rajasekhara Reddy ACA-VDCA Cricket Stadium, Visakhapatnam",1,30.5,30.5,India,South Africa,AB Kaur,RM Ghosh,CL Tryon,1,0,,,,,,,,,,,,,
1490422,2025/26,2025-10-09,"Dr. Y.S. Rajasekhara Reddy ACA-VDCA Cricket Stadium, Visakhapatnam",1,30.6,30.6,India,South Africa,RM Ghosh,AB Kaur,CL Tryon,1,0,,,,,,,,,,,,,
1490422,2025/26,2025-10-09,"Dr. Y.S. Rajasekhara Reddy ACA-VDCA Cricket Stadium, Visakhapatnam",1,31.1,31.1,India,South Africa,RM Ghosh,AB Kaur,A Khaka,0,0,,,,,,,,,,,,,
1490422,2025/26,2025-10-09,"Dr. Y.S. Rajasekhara Reddy ACA-VDCA Cricket Stadium, Visakhapatnam",1,31.2,31.2,India,South Africa,RM Ghosh,AB Kaur,A Khaka,0,0,,,,,,,,,,,,,
1490422,2025/26,2025-10-09,"Dr. Y.S. Rajasekhara Reddy ACA-VDCA Cricket Stadium, Visakhapatnam",1,31.3,31.3,India,South Africa,RM Ghosh,AB Kaur,A Khaka,0,1,1,,,,,,,,,,,,
1490422,2025/26,2025-10-09,"Dr. Y.S. Rajasekhara Reddy ACA-VDCA Cricket Stadium, Visakhapatnam",1,31.4,31.3,India,South Africa,RM Ghosh,AB Kaur,A Khaka,0,0,,,,,,,,,,,,,
1490422,2025/26,2025-10-09,"Dr. Y.S. Rajasekhara Reddy ACA-VDCA Cricket Stadium, Visakhapatnam",1,31.5,31.4,India,South Africa,RM Ghosh,AB Kaur,A Khaka,1,0,,,,,,,,,,,,,
1490422,2025/26,2025-10-09,"Dr. Y.S. Rajasekhara Reddy ACA-VDCA Cricket Stadium, Visakhapatnam",1,31.6,31.5,India,South Africa,AB Kaur,RM Ghosh,A Khaka,0,0,,,,,,,,,,,,,
1490422,2025/26,2025-10-09,"Dr. Y.S. Rajasekhara Reddy ACA-VDCA Cricket Stadium, Visakhapatnam",1,31.7,31.6,India,South Africa,AB Kaur,RM Ghosh,A Khaka,0,0,,,,,,,,,,,,,
1490422,2025/26,2025-10-09,"Dr. Y.S. Rajasekhara Reddy ACA-VDCA Cricket Stadium, Visakhapatnam",1,32.1,32.1,India,South Africa,RM Ghosh,AB Kaur,CL Tryon,4,0,,,,,,,,,,,,,
1490422,2025/26,2025-10-09,"Dr. Y.S. Rajasekhara Reddy ACA-VDCA Cricket Stadium, Visakhapatnam",1,32.2,32.2,India,South Africa,RM Ghosh,AB Kaur,CL Tryon,1,0,,,,,,,,,,,,,
1490422,2025/26,2025-10-09,"Dr. Y.S. Rajasekhara Reddy ACA-VDCA Cricket Stadium, Visakhapatnam",1,32.3,32.3,India,South Africa,AB Kaur,RM Ghosh,CL Tryon,0,0,,,,,,,,,,,,,
1490422,2025/26,2025-10-09,"Dr. Y.S. Rajasekhara Reddy ACA-VDCA Cricket Stadium, Visakhapatnam",1,32.4,32.4,India,South Africa,AB Kaur,RM Ghosh,CL Tryon,0,0,,,,,,,,,,,,,
1490422,2025/26,2025-10-09,"Dr. Y.S. Rajasekhara Reddy ACA-VDCA Cricket Stadium, Visakhapatnam",1,32.5,32.5,India,South Africa,AB Kaur,RM Ghosh,CL Tryon,1,0,,,,,,,,,,,,,
1490422,2025/26,2025-10-09,"Dr. Y.S. Rajasekhara Reddy ACA-VDCA Cricket Stadium, Visakhapatnam",1,32.6,32.6,India,South Africa,RM Ghosh,AB Kaur,CL Tryon,1,0,,,,,,,,,,,,,
1490422,2025/26,2025-10-09,"Dr. Y.S. Rajasekhara Reddy ACA-VDCA Cricket Stadium, Visakhapatnam",1,33.1,33.1,India,South Africa,RM Ghosh,AB Kaur,TS Sekhukhune,1,0,,,,,,,,,,,,,
1490422,2025/26,2025-10-09,"Dr. Y.S. Rajasekhara Reddy ACA-VDCA Cricket Stadium, Visakhapatnam",1,33.2,33.2,India,South Africa,AB Kaur,RM Ghosh,TS Sekhukhune,0,0,,,,,,,,,,,,,
1490422,2025/26,2025-10-09,"Dr. Y.S. Rajasekhara Reddy ACA-VDCA Cricket Stadium, Visakhapatnam",1,33.3,33.3,India,South Africa,AB Kaur,RM Ghosh,TS Sekhukhune,0,0,,,,,,,,,,,,,
1490422,2025/26,2025-10-09,"Dr. Y.S. Rajasekhara Reddy ACA-VDCA Cricket Stadium, Visakhapatnam",1,33.4,33.4,India,South Africa,AB Kaur,RM Ghosh,TS Sekhukhune,0,0,,,,,,,,,,,,,
1490422,2025/26,2025-10-09,"Dr. Y.S. Rajasekhara Reddy ACA-VDCA Cricket Stadium, Visakhapatnam",1,33.5,33.5,India,South Africa,AB Kaur,RM Ghosh,TS Sekhukhune,1,0,,,,,,,,,,,,,
1490422,2025/26,2025-10-09,"Dr. Y.S. Rajasekhara Reddy ACA-VDCA Cricket Stadium, Visakhapatnam",1,33.6,33.6,India,South Africa,RM Ghosh,AB Kaur,TS Sekhukhune,1,0,,,,,,,,,,,,,
1490422,2025/26,2025-10-09,"Dr. Y.S. Rajasekhara Reddy ACA-VDCA Cricket Stadium, Visakhapatnam",1,34.1,34.1,India,South Africa,RM Ghosh,AB Kaur,CL Tryon,0,0,,,,,,,,,,,,,
1490422,2025/26,2025-10-09,"Dr. Y.S. Rajasekhara Reddy ACA-VDCA Cricket Stadium, Visakhapatnam",1,34.2,34.2,India,South Africa,RM Ghosh,AB Kaur,CL Tryon,0,1,1,,,,,,,,,,,,
1490422,2025/26,2025-10-09,"Dr. Y.S. Rajasekhara Reddy ACA-VDCA Cricket Stadium, Visakhapatnam",1,34.3,34.2,India,South Africa,RM Ghosh,AB Kaur,CL Tryon,0,0,,,,,,,,,,,,,
1490422,2025/26,2025-10-09,"Dr. Y.S. Rajasekhara Reddy ACA-VDCA Cricket Stadium, Visakhapatnam",1,34.4,34.3,India,South Africa,RM Ghosh,AB Kaur,CL Tryon,0,0,,,,,,,,,,,,,
1490422,2025/26,2025-10-09,"Dr. Y.S. Rajasekhara Reddy ACA-VDCA Cricket Stadium, Visakhapatnam",1,34.5,34.4,India,South Africa,RM Ghosh,AB Kaur,CL Tryon,1,0,,,,,,,,,,,,,
1490422,2025/26,2025-10-09,"Dr. Y.S. Rajasekhara Reddy ACA-VDCA Cricket Stadium, Visakhapatnam",1,34.6,34.5,India,South Africa,AB Kaur,RM Ghosh,CL Tryon,0,0,,,,,,,,,,,,,
1490422,2025/26,2025-10-09,"Dr. Y.S. Rajasekhara Reddy ACA-VDCA Cricket Stadium, Visakhapatnam",1,34.7,34.6,India,South Africa,AB Kaur,RM Ghosh,CL Tryon,0,0,,,,,,,,,,,,,
1490422,2025/26,2025-10-09,"Dr. Y.S. Rajasekhara Reddy ACA-VDCA Cricket Stadium, Visakhapatnam",1,35.1,35.1,India,South Africa,RM Ghosh,AB Kaur,TS Sekhukhune,6,0,,,,,,,,,,,,,
1490422,2025/26,2025-10-09,"Dr. Y.S. Rajasekhara Reddy ACA-VDCA Cricket Stadium, Visakhapatnam",1,35.2,35.2,India,South Africa,RM Ghosh,AB Kaur,TS Sekhukhune,0,0,,,,,,,,,,,,,
1490422,2025/26,2025-10-09,"Dr. Y.S. Rajasekhara Reddy ACA-VDCA Cricket Stadium, Visakhapatnam",1,35.3,35.3,India,South Africa,RM Ghosh,AB Kaur,TS Sekhukhune,0,0,,,,,,,,,,,,,
1490422,2025/26,2025-10-09,"Dr. Y.S. Rajasekhara Reddy ACA-VDCA Cricket Stadium, Visakhapatnam",1,35.4,35.4,India,South Africa,RM Ghosh,AB Kaur,TS Sekhukhune,1,0,,,,,,,,,,,,,
1490422,2025/26,2025-10-09,"Dr. Y.S. Rajasekhara Reddy ACA-VDCA Cricket Stadium, Visakhapatnam",1,35.5,35.5,India,South Africa,AB Kaur,RM Ghosh,TS Sekhukhune,0,0,,,,,,,,,,,,,
1490422,2025/26,2025-10-09,"Dr. Y.S. Rajasekhara Reddy ACA-VDCA Cricket Stadium, Visakhapatnam",1,35.6,35.6,India,South Africa,AB Kaur,RM Ghosh,TS Sekhukhune,0,0,,,,,,,,,,,,,
1490422,2025/26,2025-10-09,"Dr. Y.S. Rajasekhara Reddy ACA-VDCA Cricket Stadium, Visakhapatnam",1,36.1,36.1,India,South Africa,RM Ghosh,AB Kaur,N Mlaba,0,0,,,,,,,,,,,,,
1490422,2025/26,2025-10-09,"Dr. Y.S. Rajasekhara Reddy ACA-VDCA Cricket Stadium, Visakhapatnam",1,36.2,36.2,India,South Africa,RM Ghosh,AB Kaur,N Mlaba,1,0,,,,,,,,,,,,,
1490422,2025/26,2025-10-09,"Dr. Y.S. Rajasekhara Reddy ACA-VDCA Cricket Stadium, Visakhapatnam",1,36.3,36.3,India,South Africa,AB Kaur,RM Ghosh,N Mlaba,1,0,,,,,,,,,,,,,
1490422,2025/26,2025-10-09,"Dr. Y.S. Rajasekhara Reddy ACA-VDCA Cricket Stadium, Visakhapatnam",1,36.4,36.4,India,South Africa,RM Ghosh,AB Kaur,N Mlaba,0,0,,,,,,,,,,,,,
1490422,2025/26,2025-10-09,"Dr. Y.S. Rajasekhara Reddy ACA-VDCA Cricket Stadium, Visakhapatnam",1,36.5,36.5,India,South Africa,RM Ghosh,AB Kaur,N Mlaba,4,0,,,,,,,,,,,,,
1490422,2025/26,2025-10-09,"Dr. Y.S. Rajasekhara Reddy ACA-VDCA Cricket Stadium, Visakhapatnam",1,36.6,36.6,India,South Africa,RM Ghosh,AB Kaur,N Mlaba,0,0,,,,,,,,,,,,,
1490422,2025/26,2025-10-09,"Dr. Y.S. Rajasekhara Reddy ACA-VDCA Cricket Stadium, Visakhapatnam",1,37.1,37.1,India,South Africa,AB Kaur,RM Ghosh,CL Tryon,0,0,,,,,,,,,,,,,
1490422,2025/26,2025-10-09,"Dr. Y.S. Rajasekhara Reddy ACA-VDCA Cricket Stadium, Visakhapatnam",1,37.2,37.2,India,South Africa,AB Kaur,RM Ghosh,CL Tryon,0,0,,,,,,,,,,,,,
1490422,2025/26,2025-10-09,"Dr. Y.S. Rajasekhara Reddy ACA-VDCA Cricket Stadium, Visakhapatnam",1,37.3,37.3,India,South Africa,AB Kaur,RM Ghosh,CL Tryon,1,0,,,,,,,,,,,,,
1490422,2025/26,2025-10-09,"Dr. Y.S. Rajasekhara Reddy ACA-VDCA Cricket Stadium, Visakhapatnam",1,37.4,37.4,India,South Africa,RM Ghosh,AB Kaur,CL Tryon,0,0,,,,,,,,,,,,,
1490422,2025/26,2025-10-09,"Dr. Y.S. Rajasekhara Reddy ACA-VDCA Cricket Stadium, Visakhapatnam",1,37.5,37.5,India,South Africa,RM Ghosh,AB Kaur,CL Tryon,1,0,,,,,,,,,,,,,
1490422,2025/26,2025-10-09,"Dr. Y.S. Rajasekhara Reddy ACA-VDCA Cricket Stadium, Visakhapatnam",1,37.6,37.6,India,South Africa,AB Kaur,RM Ghosh,CL Tryon,4,0,,,,,,,,,,,,,
1490422,2025/26,2025-10-09,"Dr. Y.S. Rajasekhara Reddy ACA-VDCA Cricket Stadium, Visakhapatnam",1,38.1,38.1,India,South Africa,RM Ghosh,AB Kaur,N Mlaba,1,0,,,,,,,,,,,,,
1490422,2025/26,2025-10-09,"Dr. Y.S. Rajasekhara Reddy ACA-VDCA Cricket Stadium, Visakhapatnam",1,38.2,38.2,India,South Africa,AB Kaur,RM Ghosh,N Mlaba,0,0,,,,,,,,,,,,,
1490422,2025/26,2025-10-09,"Dr. Y.S. Rajasekhara Reddy ACA-VDCA Cricket Stadium, Visakhapatnam",1,38.3,38.3,India,South Africa,AB Kaur,RM Ghosh,N Mlaba,0,0,,,,,,,,,,,,,
1490422,2025/26,2025-10-09,"Dr. Y.S. Rajasekhara Reddy ACA-VDCA Cricket Stadium, Visakhapatnam",1,38.4,38.4,India,South Africa,AB Kaur,RM Ghosh,N Mlaba,0,0,,,,,,,,,,,,,
1490422,2025/26,2025-10-09,"Dr. Y.S. Rajasekhara Reddy ACA-VDCA Cricket Stadium, Visakhapatnam",1,38.5,38.5,India,South Africa,AB Kaur,RM Ghosh,N Mlaba,0,0,,,,,,,,,,,,,
1490422,2025/26,2025-10-09,"Dr. Y.S. Rajasekhara Reddy ACA-VDCA Cricket Stadium, Visakhapatnam",1,38.6,38.6,India,South Africa,AB Kaur,RM Ghosh,N Mlaba,0,0,,,,,,,,,,,,,
1490422,2025/26,2025-10-09,"Dr. Y.S. Rajasekhara Reddy ACA-VDCA Cricket Stadium, Visakhapatnam",1,39.1,39.1,India,South Africa,RM Ghosh,AB Kaur,CL Tryon,1,0,,,,,,,,,,,,,
1490422,2025/26,2025-10-09,"Dr. Y.S. Rajasekhara Reddy ACA-VDCA Cricket Stadium, Visakhapatnam",1,39.2,39.2,India,South Africa,AB Kaur,RM Ghosh,CL Tryon,0,0,,,,,,,,,,,,,
1490422,2025/26,2025-10-09,"Dr. Y.S. Rajasekhara Reddy ACA-VDCA Cricket Stadium, Visakhapatnam",1,39.3,39.3,India,South Africa,AB Kaur,RM Ghosh,CL Tryon,0,0,,,,,,,,,,,,,
1490422,2025/26,2025-10-09,"Dr. Y.S. Rajasekhara Reddy ACA-VDCA Cricket Stadium, Visakhapatnam",1,39.4,39.4,India,South Africa,AB Kaur,RM Ghosh,CL Tryon,1,0,,,,,,,,,,,,,
1490422,2025/26,2025-10-09,"Dr. Y.S. Rajasekhara Reddy ACA-VDCA Cricket Stadium, Visakhapatnam",1,39.5,39.5,India,South Africa,RM Ghosh,AB Kaur,CL Tryon,1,0,,,,,,,,,,,,,
1490422,2025/26,2025-10-09,"Dr. Y.S. Rajasekhara Reddy ACA-VDCA Cricket Stadium, Visakhapatnam",1,39.6,39.6,India,South Africa,AB Kaur,RM Ghosh,CL Tryon,0,0,,,,,,,caught,AB Kaur,,,S Luus,,
1490422,2025/26,2025-10-09,"Dr. Y.S. Rajasekhara Reddy ACA-VDCA Cricket Stadium, Visakhapatnam",1,40.1,40.1,India,South Africa,RM Ghosh,S Rana,N Mlaba,1,0,,,,,,,,,,,,,
1490422,2025/26,2025-10-09,"Dr. Y.S. Rajasekhara Reddy ACA-VDCA Cricket Stadium, Visakhapatnam",1,40.2,40.2,India,South Africa,S Rana,RM Ghosh,N Mlaba,0,0,,,,,,,,,,,,,
1490422,2025/26,2025-10-09,"Dr. Y.S. Rajasekhara Reddy ACA-VDCA Cricket Stadium, Visakhapatnam",1,40.3,40.3,India,South Africa,S Rana,RM Ghosh,N Mlaba,0,0,,,,,,,,,,,,,
1490422,2025/26,2025-10-09,"Dr. Y.S. Rajasekhara Reddy ACA-VDCA Cricket Stadium, Visakhapatnam",1,40.4,40.4,India,South Africa,S Rana,RM Ghosh,N Mlaba,0,0,,,,,,,,,,,,,
1490422,2025/26,2025-10-09,"Dr. Y.S. Rajasekhara Reddy ACA-VDCA Cricket Stadium, Visakhapatnam",1,40.5,40.5,India,South Africa,S Rana,RM Ghosh,N Mlaba,0,0,,,,,,,,,,,,,
1490422,2025/26,2025-10-09,"Dr. Y.S. Rajasekhara Reddy ACA-VDCA Cricket Stadium, Visakhapatnam",1,40.6,40.6,India,South Africa,S Rana,RM Ghosh,N Mlaba,0,0,,,,,,,,,,,,,
1490422,2025/26,2025-10-09,"Dr. Y.S. Rajasekhara Reddy ACA-VDCA Cricket Stadium, Visakhapatnam",1,41.1,41.1,India,South Africa,RM Ghosh,S Rana,N de Klerk,2,0,,,,,,,,,,,,,
1490422,2025/26,2025-10-09,"Dr. Y.S. Rajasekhara Reddy ACA-VDCA Cricket Stadium, Visakhapatnam",1,41.2,41.2,India,South Africa,RM Ghosh,S Rana,N de Klerk,0,0,,,,,,,,,,,,,
1490422,2025/26,2025-10-09,"Dr. Y.S. Rajasekhara Reddy ACA-VDCA Cricket Stadium, Visakhapatnam",1,41.3,41.3,India,South Africa,RM Ghosh,S Rana,N de Klerk,0,0,,,,,,,,,,,,,
1490422,2025/26,2025-10-09,"Dr. Y.S. Rajasekhara Reddy ACA-VDCA Cricket Stadium, Visakhapatnam",1,41.4,41.4,India,South Africa,RM Ghosh,S Rana,N de Klerk,6,0,,,,,,,,,,,,,
1490422,2025/26,2025-10-09,"Dr. Y.S. Rajasekhara Reddy ACA-VDCA Cricket Stadium, Visakhapatnam",1,41.5,41.5,India,South Africa,RM Ghosh,S Rana,N de Klerk,0,0,,,,,,,,,,,,,
1490422,2025/26,2025-10-09,"Dr. Y.S. Rajasekhara Reddy ACA-VDCA Cricket Stadium, Visakhapatnam",1,41.6,41.6,India,South Africa,RM Ghosh,S Rana,N de Klerk,0,1,1,,,,,,,,,,,,
1490422,2025/26,2025-10-09,"Dr. Y.S. Rajasekhara Reddy ACA-VDCA Cricket Stadium, Visakhapatnam",1,41.7,41.6,India,South Africa,RM Ghosh,S Rana,N de Klerk,0,0,,,,,,,,,,,,,
1490422,2025/26,2025-10-09,"Dr. Y.S. Rajasekhara Reddy ACA-VDCA Cricket Stadium, Visakhapatnam",1,42.1,42.1,India,South Africa,S Rana,RM Ghosh,N Mlaba,4,0,,,,,,,,,,,,,
1490422,2025/26,2025-10-09,"Dr. Y.S. Rajasekhara Reddy ACA-VDCA Cricket Stadium, Visakhapatnam",1,42.2,42.2,India,South Africa,S Rana,RM Ghosh,N Mlaba,4,0,,,,,,,,,,,,,
1490422,2025/26,2025-10-09,"Dr. Y.S. Rajasekhara Reddy ACA-VDCA Cricket Stadium, Visakhapatnam",1,42.3,42.3,India,South Africa,S Rana,RM Ghosh,N Mlaba,0,0,,,,,,,,,,,,,
1490422,2025/26,2025-10-09,"Dr. Y.S. Rajasekhara Reddy ACA-VDCA Cricket Stadium, Visakhapatnam",1,42.4,42.4,India,South Africa,S Rana,RM Ghosh,N Mlaba,0,0,,,,,,,,,,,,,
1490422,2025/26,2025-10-09,"Dr. Y.S. Rajasekhara Reddy ACA-VDCA Cricket Stadium, Visakhapatnam",1,42.5,42.5,India,South Africa,S Rana,RM Ghosh,N Mlaba,2,0,,,,,,,,,,,,,
1490422,2025/26,2025-10-09,"Dr. Y.S. Rajasekhara Reddy ACA-VDCA Cricket Stadium, Visakhapatnam",1,42.6,42.6,India,South Africa,S Rana,RM Ghosh,N Mlaba,1,0,,,,,,,,,,,,,
1490422,2025/26,2025-10-09,"Dr. Y.S. Rajasekhara Reddy ACA-VDCA Cricket Stadium, Visakhapatnam",1,43.1,43.1,India,South Africa,S Rana,RM Ghosh,N de Klerk,0,0,,,,,,,,,,,,,
1490422,2025/26,2025-10-09,"Dr. Y.S. Rajasekhara Reddy ACA-VDCA Cricket Stadium, Visakhapatnam",1,43.2,43.2,India,South Africa,S Rana,RM Ghosh,N de Klerk,4,0,,,,,,,,,,,,,
1490422,2025/26,2025-10-09,"Dr. Y.S. Rajasekhara Reddy ACA-VDCA Cricket Stadium, Visakhapatnam",1,43.3,43.3,India,South Africa,S Rana,RM Ghosh,N de Klerk,0,5,5,,,,,,,,,,,,
1490422,2025/26,2025-10-09,"Dr. Y.S. Rajasekhara Reddy ACA-VDCA Cricket Stadium, Visakhapatnam",1,43.4,43.3,India,South Africa,S Rana,RM Ghosh,N de Klerk,1,0,,,,,,,,,,,,,
1490422,2025/26,2025-10-09,"Dr. Y.S. Rajasekhara Reddy ACA-VDCA Cricket Stadium, Visakhapatnam",1,43.5,43.4,India,South Africa,RM Ghosh,S Rana,N de Klerk,4,0,,,,,,,,,,,,,
1490422,2025/26,2025-10-09,"Dr. Y.S. Rajasekhara Reddy ACA-VDCA Cricket Stadium, Visakhapatnam",1,43.6,43.5,India,South Africa,RM Ghosh,S Rana,N de Klerk,0,1,1,,,,,,,,,,,,
1490422,2025/26,2025-10-09,"Dr. Y.S. Rajasekhara Reddy ACA-VDCA Cricket Stadium, Visakhapatnam",1,43.7,43.5,India,South Africa,RM Ghosh,S Rana,N de Klerk,1,0,,,,,,,,,,,,,
1490422,2025/26,2025-10-09,"Dr. Y.S. Rajasekhara Reddy ACA-VDCA Cricket Stadium, Visakhapatnam",1,43.8,43.6,India,South Africa,S Rana,RM Ghosh,N de Klerk,0,0,,,,,,,,,,,,,
1490422,2025/26,2025-10-09,"Dr. Y.S. Rajasekhara Reddy ACA-VDCA Cricket Stadium, Visakhapatnam",1,44.1,44.1,India,South Africa,RM Ghosh,S Rana,N Mlaba,0,0,,,,,,,,,,,,,
1490422,2025/26,2025-10-09,"Dr. Y.S. Rajasekhara Reddy ACA-VDCA Cricket Stadium, Visakhapatnam",1,44.2,44.2,India,South Africa,RM Ghosh,S Rana,N Mlaba,0,0,,,,,,,,,,,,,
1490422,2025/26,2025-10-09,"Dr. Y.S. Rajasekhara Reddy ACA-VDCA Cricket Stadium, Visakhapatnam",1,44.3,44.3,India,South Africa,RM Ghosh,S Rana,N Mlaba,2,0,,,,,,,,,,,,,
1490422,2025/26,2025-10-09,"Dr. Y.S. Rajasekhara Reddy ACA-VDCA Cricket Stadium, Visakhapatnam",1,44.4,44.4,India,South Africa,RM Ghosh,S Rana,N Mlaba,0,0,,,,,,,,,,,,,
1490422,2025/26,2025-10-09,"Dr. Y.S. Rajasekhara Reddy ACA-VDCA Cricket Stadium, Visakhapatnam",1,44.5,44.5,India,South Africa,RM Ghosh,S Rana,N Mlaba,4,0,,,,,,,,,,,,,
1490422,2025/26,2025-10-09,"Dr. Y.S. Rajasekhara Reddy ACA-VDCA Cricket Stadium, Visakhapatnam",1,44.6,44.6,India,South Africa,RM Ghosh,S Rana,N Mlaba,1,0,,,,,,,,,,,,,
1490422,2025/26,2025-10-09,"Dr. Y.S. Rajasekhara Reddy ACA-VDCA Cricket Stadium, Visakhapatnam",1,45.1,45.1,India,South Africa,RM Ghosh,S Rana,M Kapp,0,0,,,,,,,,,,,,,
1490422,2025/26,2025-10-09,"Dr. Y.S. Rajasekhara Reddy ACA-VDCA Cricket Stadium, Visakhapatnam",1,45.2,45.2,India,South Africa,RM Ghosh,S Rana,M Kapp,0,0,,,,,,,,,,,,,
1490422,2025/26,2025-10-09,"Dr. Y.S. Rajasekhara Reddy ACA-VDCA Cricket Stadium, Visakhapatnam",1,45.3,45.3,India,South Africa,RM Ghosh,S Rana,M Kapp,0,0,,,,,,,,,,,,,
1490422,2025/26,2025-10-09,"Dr. Y.S. Rajasekhara Reddy ACA-VDCA Cricket Stadium, Visakhapatnam",1,45.4,45.4,India,South Africa,RM Ghosh,S Rana,M Kapp,4,0,,,,,,,,,,,,,
1490422,2025/26,2025-10-09,"Dr. Y.S. Rajasekhara Reddy ACA-VDCA Cricket Stadium, Visakhapatnam",1,45.5,45.5,India,South Africa,RM Ghosh,S Rana,M Kapp,1,0,,,,,,,,,,,,,
1490422,2025/26,2025-10-09,"Dr. Y.S. Rajasekhara Reddy ACA-VDCA Cricket Stadium, Visakhapatnam",1,45.6,45.6,India,South Africa,S Rana,RM Ghosh,M Kapp,1,0,,,,,,,,,,,,,
1490422,2025/26,2025-10-09,"Dr. Y.S. Rajasekhara Reddy ACA-VDCA Cricket Stadium, Visakhapatnam",1,46.1,46.1,India,South Africa,S Rana,RM Ghosh,A Khaka,4,0,,,,,,,,,,,,,
1490422,2025/26,2025-10-09,"Dr. Y.S. Rajasekhara Reddy ACA-VDCA Cricket Stadium, Visakhapatnam",1,46.2,46.2,India,South Africa,S Rana,RM Ghosh,A Khaka,1,0,,,,,,,,,,,,,
1490422,2025/26,2025-10-09,"Dr. Y.S. Rajasekhara Reddy ACA-VDCA Cricket Stadium, Visakhapatnam",1,46.3,46.3,India,South Africa,RM Ghosh,S Rana,A Khaka,0,0,,,,,,,,,,,,,
1490422,2025/26,2025-10-09,"Dr. Y.S. Rajasekhara Reddy ACA-VDCA Cricket Stadium, Visakhapatnam",1,46.4,46.4,India,South Africa,RM Ghosh,S Rana,A Khaka,4,0,,,,,,,,,,,,,
1490422,2025/26,2025-10-09,"Dr. Y.S. Rajasekhara Reddy ACA-VDCA Cricket Stadium, Visakhapatnam",1,46.5,46.5,India,South Africa,RM Ghosh,S Rana,A Khaka,4,0,,,,,,,,,,,,,
1490422,2025/26,2025-10-09,"Dr. Y.S. Rajasekhara Reddy ACA-VDCA Cricket Stadium, Visakhapatnam",1,46.6,46.6,India,South Africa,RM Ghosh,S Rana,A Khaka,6,0,,,,,,,,,,,,,
1490422,2025/26,2025-10-09,"Dr. Y.S. Rajasekhara Reddy ACA-VDCA Cricket Stadium, Visakhapatnam",1,47.1,47.1,India,South Africa,S Rana,RM Ghosh,TS Sekhukhune,1,0,,,,,,,,,,,,,
1490422,2025/26,2025-10-09,"Dr. Y.S. Rajasekhara Reddy ACA-VDCA Cricket Stadium, Visakhapatnam",1,47.2,47.2,India,South Africa,RM Ghosh,S Rana,TS Sekhukhune,1,0,,,,,,,,,,,,,
1490422,2025/26,2025-10-09,"Dr. Y.S. Rajasekhara Reddy ACA-VDCA Cricket Stadium, Visakhapatnam",1,47.3,47.3,India,South Africa,S Rana,RM Ghosh,TS Sekhukhune,1,0,,,,,,,,,,,,,
1490422,2025/26,2025-10-09,"Dr. Y.S. Rajasekhara Reddy ACA-VDCA Cricket Stadium, Visakhapatnam",1,47.4,47.4,India,South Africa,RM Ghosh,S Rana,TS Sekhukhune,0,0,,,,,,,,,,,,,
1490422,2025/26,2025-10-09,"Dr. Y.S. Rajasekhara Reddy ACA-VDCA Cricket Stadium, Visakhapatnam",1,47.5,47.5,India,South Africa,RM Ghosh,S Rana,TS Sekhukhune,6,0,,,,,,,,,,,,,
1490422,2025/26,2025-10-09,"Dr. Y.S. Rajasekhara Reddy ACA-VDCA Cricket Stadium, Visakhapatnam",1,47.6,47.6,India,South Africa,RM Ghosh,S Rana,TS Sekhukhune,0,0,,,,,,,,,,,,,
1490422,2025/26,2025-10-09,"Dr. Y.S. Rajasekhara Reddy ACA-VDCA Cricket Stadium, Visakhapatnam",1,48.1,48.1,India,South Africa,S Rana,RM Ghosh,M Kapp,4,0,,,,,,,,,,,,,
1490422,2025/26,2025-10-09,"Dr. Y.S. Rajasekhara Reddy ACA-VDCA Cricket Stadium, Visakhapatnam",1,48.2,48.2,India,South Africa,S Rana,RM Ghosh,M Kapp,4,0,,,,,,,,,,,,,
1490422,2025/26,2025-10-09,"Dr. Y.S. Rajasekhara Reddy ACA-VDCA Cricket Stadium, Visakhapatnam",1,48.3,48.3,India,South Africa,S Rana,RM Ghosh,M Kapp,1,0,,,,,,,,,,,,,
1490422,2025/26,2025-10-09,"Dr. Y.S. Rajasekhara Reddy ACA-VDCA Cricket Stadium, Visakhapatnam",1,48.4,48.4,India,South Africa,RM Ghosh,S Rana,M Kapp,1,0,,,,,,,,,,,,,
1490422,2025/26,2025-10-09,"Dr. Y.S. Rajasekhara Reddy ACA-VDCA Cricket Stadium, Visakhapatnam",1,48.5,48.5,India,South Africa,S Rana,RM Ghosh,M Kapp,0,0,,,,,,,caught,S Rana,,,L Wolvaardt,,
1490422,2025/26,2025-10-09,"Dr. Y.S. Rajasekhara Reddy ACA-VDCA Cricket Stadium, Visakhapatnam",1,48.6,48.6,India,South Africa,K Goud,RM Ghosh,M Kapp,0,0,,,,,,,,,,,,,
1490422,2025/26,2025-10-09,"Dr. Y.S. Rajasekhara Reddy ACA-VDCA Cricket Stadium, Visakhapatnam",1,49.1,49.1,India,South Africa,RM Ghosh,K Goud,N de Klerk,2,0,,,,,,,,,,,,,
1490422,2025/26,2025-10-09,"Dr. Y.S. Rajasekhara Reddy ACA-VDCA Cricket Stadium, Visakhapatnam",1,49.2,49.2,India,South Africa,RM Ghosh,K Goud,N de Klerk,4,0,,,,,,,,,,,,,
1490422,2025/26,2025-10-09,"Dr. Y.S. Rajasekhara Reddy ACA-VDCA Cricket Stadium, Visakhapatnam",1,49.3,49.3,India,South Africa,RM Ghosh,K Goud,N de Klerk,4,0,,,,,,,,,,,,,
1490422,2025/26,2025-10-09,"Dr. Y.S. Rajasekhara Reddy ACA-VDCA Cricket Stadium, Visakhapatnam",1,49.4,49.4,India,South Africa,RM Ghosh,K Goud,N de Klerk,0,0,,,,,,,caught,RM Ghosh,,,CL Tryon,,
1490422,2025/26,2025-10-09,"Dr. Y.S. Rajasekhara Reddy ACA-VDCA Cricket Stadium, Visakhapatnam",1,49.5,49.5,India,South Africa,N Shree Charani,K Goud,N de Klerk,0,0,,,,,,,caught,N Shree Charani,,,L Wolvaardt,,
1490422,2025/26,2025-10-09,"Dr. Y.S. Rajasekhara Reddy ACA-VDCA Cricket Stadium, Visakhapatnam",2,0.1,0.1,South Africa,India,L Wolvaardt,T Brits,K Goud,0,0,,,,,,,,,,,,,
1490422,2025/26,2025-10-09,"Dr. Y.S. Rajasekhara Reddy ACA-VDCA Cricket Stadium, Visakhapatnam",2,0.2,0.2,South Africa,India,L Wolvaardt,T Brits,K Goud,0,0,,,,,,,,,,,,,
1490422,2025/26,2025-10-09,"Dr. Y.S. Rajasekhara Reddy ACA-VDCA Cricket Stadium, Visakhapatnam",2,0.3,0.3,South Africa,India,L Wolvaardt,T Brits,K Goud,0,0,,,,,,,,,,,,,
1490422,2025/26,2025-10-09,"Dr. Y.S. Rajasekhara Reddy ACA-VDCA Cricket Stadium, Visakhapatnam",2,0.4,0.4,South Africa,India,L Wolvaardt,T Brits,K Goud,0,0,,,,,,,,,,,,,
1490422,2025/26,2025-10-09,"Dr. Y.S. Rajasekhara Reddy ACA-VDCA Cricket Stadium, Visakhapatnam",2,0.5,0.5,South Africa,India,L Wolvaardt,T Brits,K Goud,1,0,,,,,,,,,,,,,
1490422,2025/26,2025-10-09,"Dr. Y.S. Rajasekhara Reddy ACA-VDCA Cricket Stadium, Visakhapatnam",2,0.6,0.6,South Africa,India,T Brits,L Wolvaardt,K Goud,0,0,,,,,,,,,,,,,
1490422,2025/26,2025-10-09,"Dr. Y.S. Rajasekhara Reddy ACA-VDCA Cricket Stadium, Visakhapatnam",2,1.1,1.1,South Africa,India,L Wolvaardt,T Brits,AB Kaur,0,0,,,,,,,,,,,,,
1490422,2025/26,2025-10-09,"Dr. Y.S. Rajasekhara Reddy ACA-VDCA Cricket Stadium, Visakhapatnam",2,1.2,1.2,South Africa,India,L Wolvaardt,T Brits,AB Kaur,0,0,,,,,,,,,,,,,
1490422,2025/26,2025-10-09,"Dr. Y.S. Rajasekhara Reddy ACA-VDCA Cricket Stadium, Visakhapatnam",2,1.3,1.3,South Africa,India,L Wolvaardt,T Brits,AB Kaur,0,0,,,,,,,,,,,,,
1490422,2025/26,2025-10-09,"Dr. Y.S. Rajasekhara Reddy ACA-VDCA Cricket Stadium, Visakhapatnam",2,1.4,1.4,South Africa,India,L Wolvaardt,T Brits,AB Kaur,0,0,,,,,,,,,,,,,
1490422,2025/26,2025-10-09,"Dr. Y.S. Rajasekhara Reddy ACA-VDCA Cricket Stadium, Visakhapatnam",2,1.5,1.5,South Africa,India,L Wolvaardt,T Brits,AB Kaur,0,1,1,,,,,,,,,,,,
1490422,2025/26,2025-10-09,"Dr. Y.S. Rajasekhara Reddy ACA-VDCA Cricket Stadium, Visakhapatnam",2,1.6,1.5,South Africa,India,L Wolvaardt,T Brits,AB Kaur,4,0,,,,,,,,,,,,,
1490422,2025/26,2025-10-09,"Dr. Y.S. Rajasekhara Reddy ACA-VDCA Cricket Stadium, Visakhapatnam",2,1.7,1.6,South Africa,India,L Wolvaardt,T Brits,AB Kaur,0,0,,,,,,,,,,,,,
1490422,2025/26,2025-10-09,"Dr. Y.S. Rajasekhara Reddy ACA-VDCA Cricket Stadium, Visakhapatnam",2,2.1,2.1,South Africa,India,T Brits,L Wolvaardt,K Goud,0,0,,,,,,,,,,,,,
1490422,2025/26,2025-10-09,"Dr. Y.S. Rajasekhara Reddy ACA-VDCA Cricket Stadium, Visakhapatnam",2,2.2,2.2,South Africa,India,T Brits,L Wolvaardt,K Goud,0,0,,,,,,,caught and bowled,T Brits,,,,,
1490422,2025/26,2025-10-09,"Dr. Y.S. Rajasekhara Reddy ACA-VDCA Cricket Stadium, Visakhapatnam",2,2.3,2.3,South Africa,India,S Luus,L Wolvaardt,K Goud,0,0,,,,,,,,,,,,,
1490422,2025/26,2025-10-09,"Dr. Y.S. Rajasekhara Reddy ACA-VDCA Cricket Stadium, Visakhapatnam",2,2.4,2.4,South Africa,India,S Luus,L Wolvaardt,K Goud,1,0,,,,,,,,,,,,,
1490422,2025/26,2025-10-09,"Dr. Y.S. Rajasekhara Reddy ACA-VDCA Cricket Stadium, Visakhapatnam",2,2.5,2.5,South Africa,India,L Wolvaardt,S Luus,K Goud,0,0,,,,,,,,,,,,,
1490422,2025/26,2025-10-09,"Dr. Y.S. Rajasekhara Reddy ACA-VDCA Cricket Stadium, Visakhapatnam",2,2.6,2.6,South Africa,India,L Wolvaardt,S Luus,K Goud,1,0,,,,,,,,,,,,,
1490422,2025/26,2025-10-09,"Dr. Y.S. Rajasekhara Reddy ACA-VDCA Cricket Stadium, Visakhapatnam",2,3.1,3.1,South Africa,India,L Wolvaardt,S Luus,AB Kaur,1,0,,,,,,,,,,,,,
1490422,2025/26,2025-10-09,"Dr. Y.S. Rajasekhara Reddy ACA-VDCA Cricket Stadium, Visakhapatnam",2,3.2,3.2,South Africa,India,S Luus,L Wolvaardt,AB Kaur,0,0,,,,,,,,,,,,,
1490422,2025/26,2025-10-09,"Dr. Y.S. Rajasekhara Reddy ACA-VDCA Cricket Stadium, Visakhapatnam",2,3.3,3.3,South Africa,India,S Luus,L Wolvaardt,AB Kaur,0,1,1,,,,,,,,,,,,
1490422,2025/26,2025-10-09,"Dr. Y.S. Rajasekhara Reddy ACA-VDCA Cricket Stadium, Visakhapatnam",2,3.4,3.3,South Africa,India,S Luus,L Wolvaardt,AB Kaur,0,0,,,,,,,,,,,,,
1490422,2025/26,2025-10-09,"Dr. Y.S. Rajasekhara Reddy ACA-VDCA Cricket Stadium, Visakhapatnam",2,3.5,3.4,South Africa,India,S Luus,L Wolvaardt,AB Kaur,0,0,,,,,,,,,,,,,
1490422,2025/26,2025-10-09,"Dr. Y.S. Rajasekhara Reddy ACA-VDCA Cricket Stadium, Visakhapatnam",2,3.6,3.5,South Africa,India,S Luus,L Wolvaardt,AB Kaur,0,0,,,,,,,,,,,,,
1490422,2025/26,2025-10-09,"Dr. Y.S. Rajasekhara Reddy ACA-VDCA Cricket Stadium, Visakhapatnam",2,3.7,3.6,South Africa,India,S Luus,L Wolvaardt,AB Kaur,0,0,,,,,,,,,,,,,
1490422,2025/26,2025-10-09,"Dr. Y.S. Rajasekhara Reddy ACA-VDCA Cricket Stadium, Visakhapatnam",2,4.1,4.1,South Africa,India,L Wolvaardt,S Luus,K Goud,0,0,,,,,,,,,,,,,
1490422,2025/26,2025-10-09,"Dr. Y.S. Rajasekhara Reddy ACA-VDCA Cricket Stadium, Visakhapatnam",2,4.2,4.2,South Africa,India,L Wolvaardt,S Luus,K Goud,0,0,,,,,,,,,,,,,
1490422,2025/26,2025-10-09,"Dr. Y.S. Rajasekhara Reddy ACA-VDCA Cricket Stadium, Visakhapatnam",2,4.3,4.3,South Africa,India,L Wolvaardt,S Luus,K Goud,0,0,,,,,,,,,,,,,
1490422,2025/26,2025-10-09,"Dr. Y.S. Rajasekhara Reddy ACA-VDCA Cricket Stadium, Visakhapatnam",2,4.4,4.4,South Africa,India,L Wolvaardt,S Luus,K Goud,0,0,,,,,,,,,,,,,
1490422,2025/26,2025-10-09,"Dr. Y.S. Rajasekhara Reddy ACA-VDCA Cricket Stadium, Visakhapatnam",2,4.5,4.5,South Africa,India,L Wolvaardt,S Luus,K Goud,4,0,,,,,,,,,,,,,
1490422,2025/26,2025-10-09,"Dr. Y.S. Rajasekhara Reddy ACA-VDCA Cricket Stadium, Visakhapatnam",2,4.6,4.6,South Africa,India,L Wolvaardt,S Luus,K Goud,0,0,,,,,,,,,,,,,
1490422,2025/26,2025-10-09,"Dr. Y.S. Rajasekhara Reddy ACA-VDCA Cricket Stadium, Visakhapatnam",2,5.1,5.1,South Africa,India,S Luus,L Wolvaardt,AB Kaur,4,0,,,,,,,,,,,,,
1490422,2025/26,2025-10-09,"Dr. Y.S. Rajasekhara Reddy ACA-VDCA Cricket Stadium, Visakhapatnam",2,5.2,5.2,South Africa,India,S Luus,L Wolvaardt,AB Kaur,0,0,,,,,,,caught,S Luus,,,RM Ghosh,,
1490422,2025/26,2025-10-09,"Dr. Y.S. Rajasekhara Reddy ACA-VDCA Cricket Stadium, Visakhapatnam",2,5.3,5.3,South Africa,India,M Kapp,L Wolvaardt,AB Kaur,0,0,,,,,,,,,,,,,
1490422,2025/26,2025-10-09,"Dr. Y.S. Rajasekhara Reddy ACA-VDCA Cricket Stadium, Visakhapatnam",2,5.4,5.4,South Africa,India,M Kapp,L Wolvaardt,AB Kaur,0,1,1,,,,,,,,,,,,
1490422,2025/26,2025-10-09,"Dr. Y.S. Rajasekhara Reddy ACA-VDCA Cricket Stadium, Visakhapatnam",2,5.5,5.4,South Africa,India,M Kapp,L Wolvaardt,AB Kaur,1,0,,,,,,,,,,,,,
1490422,2025/26,2025-10-09,"Dr. Y.S. Rajasekhara Reddy ACA-VDCA Cricket Stadium, Visakhapatnam",2,5.6,5.5,South Africa,India,L Wolvaardt,M Kapp,AB Kaur,0,0,,,,,,,,,,,,,
1490422,2025/26,2025-10-09,"Dr. Y.S. Rajasekhara Reddy ACA-VDCA Cricket Stadium, Visakhapatnam",2,5.7,5.6,South Africa,India,L Wolvaardt,M Kapp,AB Kaur,0,0,,,,,,,,,,,,,
1490422,2025/26,2025-10-09,"Dr. Y.S. Rajasekhara Reddy ACA-VDCA Cricket Stadium, Visakhapatnam",2,6.1,6.1,South Africa,India,M Kapp,L Wolvaardt,K Goud,0,0,,,,,,,,,,,,,
1490422,2025/26,2025-10-09,"Dr. Y.S. Rajasekhara Reddy ACA-VDCA Cricket Stadium, Visakhapatnam",2,6.2,6.2,South Africa,India,M Kapp,L Wolvaardt,K Goud,0,0,,,,,,,,,,,,,
1490422,2025/26,2025-10-09,"Dr. Y.S. Rajasekhara Reddy ACA-VDCA Cricket Stadium, Visakhapatnam",2,6.3,6.3,South Africa,India,M Kapp,L Wolvaardt,K Goud,0,0,,,,,,,,,,,,,
1490422,2025/26,2025-10-09,"Dr. Y.S. Rajasekhara Reddy ACA-VDCA Cricket Stadium, Visakhapatnam",2,6.4,6.4,South Africa,India,M Kapp,L Wolvaardt,K Goud,1,0,,,,,,,,,,,,,
1490422,2025/26,2025-10-09,"Dr. Y.S. Rajasekhara Reddy ACA-VDCA Cricket Stadium, Visakhapatnam",2,6.5,6.5,South Africa,India,L Wolvaardt,M Kapp,K Goud,0,0,,,,,,,,,,,,,
1490422,2025/26,2025-10-09,"Dr. Y.S. Rajasekhara Reddy ACA-VDCA Cricket Stadium, Visakhapatnam",2,6.6,6.6,South Africa,India,L Wolvaardt,M Kapp,K Goud,1,0,,,,,,,,,,,,,
1490422,2025/26,2025-10-09,"Dr. Y.S. Rajasekhara Reddy ACA-VDCA Cricket Stadium, Visakhapatnam",2,7.1,7.1,South Africa,India,L Wolvaardt,M Kapp,S Rana,0,0,,,,,,,,,,,,,
1490422,2025/26,2025-10-09,"Dr. Y.S. Rajasekhara Reddy ACA-VDCA Cricket Stadium, Visakhapatnam",2,7.2,7.2,South Africa,India,L Wolvaardt,M Kapp,S Rana,0,0,,,,,,,,,,,,,
1490422,2025/26,2025-10-09,"Dr. Y.S. Rajasekhara Reddy ACA-VDCA Cricket Stadium, Visakhapatnam",2,7.3,7.3,South Africa,India,L Wolvaardt,M Kapp,S Rana,0,0,,,,,,,,,,,,,
1490422,2025/26,2025-10-09,"Dr. Y.S. Rajasekhara Reddy ACA-VDCA Cricket Stadium, Visakhapatnam",2,7.4,7.4,South Africa,India,L Wolvaardt,M Kapp,S Rana,0,0,,,,,,,,,,,,,
1490422,2025/26,2025-10-09,"Dr. Y.S. Rajasekhara Reddy ACA-VDCA Cricket Stadium, Visakhapatnam",2,7.5,7.5,South Africa,India,L Wolvaardt,M Kapp,S Rana,0,0,,,,,,,,,,,,,
1490422,2025/26,2025-10-09,"Dr. Y.S. Rajasekhara Reddy ACA-VDCA Cricket Stadium, Visakhapatnam",2,7.6,7.6,South Africa,India,L Wolvaardt,M Kapp,S Rana,1,0,,,,,,,,,,,,,
1490422,2025/26,2025-10-09,"Dr. Y.S. Rajasekhara Reddy ACA-VDCA Cricket Stadium, Visakhapatnam",2,8.1,8.1,South Africa,India,L Wolvaardt,M Kapp,K Goud,0,0,,,,,,,,,,,,,
1490422,2025/26,2025-10-09,"Dr. Y.S. Rajasekhara Reddy ACA-VDCA Cricket Stadium, Visakhapatnam",2,8.2,8.2,South Africa,India,L Wolvaardt,M Kapp,K Goud,4,0,,,,,,,,,,,,,
1490422,2025/26,2025-10-09,"Dr. Y.S. Rajasekhara Reddy ACA-VDCA Cricket Stadium, Visakhapatnam",2,8.3,8.3,South Africa,India,L Wolvaardt,M Kapp,K Goud,4,0,,,,,,,,,,,,,
1490422,2025/26,2025-10-09,"Dr. Y.S. Rajasekhara Reddy ACA-VDCA Cricket Stadium, Visakhapatnam",2,8.4,8.4,South Africa,India,L Wolvaardt,M Kapp,K Goud,0,0,,,,,,,,,,,,,
1490422,2025/26,2025-10-09,"Dr. Y.S. Rajasekhara Reddy ACA-VDCA Cricket Stadium, Visakhapatnam",2,8.5,8.5,South Africa,India,L Wolvaardt,M Kapp,K Goud,2,0,,,,,,,,,,,,,
1490422,2025/26,2025-10-09,"Dr. Y.S. Rajasekhara Reddy ACA-VDCA Cricket Stadium, Visakhapatnam",2,8.6,8.6,South Africa,India,L Wolvaardt,M Kapp,K Goud,0,0,,,,,,,,,,,,,
1490422,2025/26,2025-10-09,"Dr. Y.S. Rajasekhara Reddy ACA-VDCA Cricket Stadium, Visakhapatnam",2,9.1,9.1,South Africa,India,M Kapp,L Wolvaardt,S Rana,0,0,,,,,,,,,,,,,
1490422,2025/26,2025-10-09,"Dr. Y.S. Rajasekhara Reddy ACA-VDCA Cricket Stadium, Visakhapatnam",2,9.2,9.2,South Africa,India,M Kapp,L Wolvaardt,S Rana,0,0,,,,,,,,,,,,,
1490422,2025/26,2025-10-09,"Dr. Y.S. Rajasekhara Reddy ACA-VDCA Cricket Stadium, Visakhapatnam",2,9.3,9.3,South Africa,India,M Kapp,L Wolvaardt,S Rana,0,0,,,,,,,,,,,,,
1490422,2025/26,2025-10-09,"Dr. Y.S. Rajasekhara Reddy ACA-VDCA Cricket Stadium, Visakhapatnam",2,9.4,9.4,South Africa,India,M Kapp,L Wolvaardt,S Rana,0,0,,,,,,,,,,,,,
1490422,2025/26,2025-10-09,"Dr. Y.S. Rajasekhara Reddy ACA-VDCA Cricket Stadium, Visakhapatnam",2,9.5,9.5,South Africa,India,M Kapp,L Wolvaardt,S Rana,1,0,,,,,,,,,,,,,
1490422,2025/26,2025-10-09,"Dr. Y.S. Rajasekhara Reddy ACA-VDCA Cricket Stadium, Visakhapatnam",2,9.6,9.6,South Africa,India,L Wolvaardt,M Kapp,S Rana,0,0,,,,,,,,,,,,,
1490422,2025/26,2025-10-09,"Dr. Y.S. Rajasekhara Reddy ACA-VDCA Cricket Stadium, Visakhapatnam",2,10.1,10.1,South Africa,India,M Kapp,L Wolvaardt,N Shree Charani,0,0,,,,,,,,,,,,,
1490422,2025/26,2025-10-09,"Dr. Y.S. Rajasekhara Reddy ACA-VDCA Cricket Stadium, Visakhapatnam",2,10.2,10.2,South Africa,India,M Kapp,L Wolvaardt,N Shree Charani,0,0,,,,,,,,,,,,,
1490422,2025/26,2025-10-09,"Dr. Y.S. Rajasekhara Reddy ACA-VDCA Cricket Stadium, Visakhapatnam",2,10.3,10.3,South Africa,India,M Kapp,L Wolvaardt,N Shree Charani,6,0,,,,,,,,,,,,,
1490422,2025/26,2025-10-09,"Dr. Y.S. Rajasekhara Reddy ACA-VDCA Cricket Stadium, Visakhapatnam",2,10.4,10.4,South Africa,India,M Kapp,L Wolvaardt,N Shree Charani,0,0,,,,,,,,,,,,,
1490422,2025/26,2025-10-09,"Dr. Y.S. Rajasekhara Reddy ACA-VDCA Cricket Stadium, Visakhapatnam",2,10.5,10.5,South Africa,India,M Kapp,L Wolvaardt,N Shree Charani,4,0,,,,,,,,,,,,,
1490422,2025/26,2025-10-09,"Dr. Y.S. Rajasekhara Reddy ACA-VDCA Cricket Stadium, Visakhapatnam",2,10.6,10.6,South Africa,India,M Kapp,L Wolvaardt,N Shree Charani,0,0,,,,,,,,,,,,,
1490422,2025/26,2025-10-09,"Dr. Y.S. Rajasekhara Reddy ACA-VDCA Cricket Stadium, Visakhapatnam",2,11.1,11.1,South Africa,India,L Wolvaardt,M Kapp,S Rana,0,0,,,,,,,,,,,,,
1490422,2025/26,2025-10-09,"Dr. Y.S. Rajasekhara Reddy ACA-VDCA Cricket Stadium, Visakhapatnam",2,11.2,11.2,South Africa,India,L Wolvaardt,M Kapp,S Rana,1,0,,,,,,,,,,,,,
1490422,2025/26,2025-10-09,"Dr. Y.S. Rajasekhara Reddy ACA-VDCA Cricket Stadium, Visakhapatnam",2,11.3,11.3,South Africa,India,M Kapp,L Wolvaardt,S Rana,1,0,,,,,,,,,,,,,
1490422,2025/26,2025-10-09,"Dr. Y.S. Rajasekhara Reddy ACA-VDCA Cricket Stadium, Visakhapatnam",2,11.4,11.4,South Africa,India,L Wolvaardt,M Kapp,S Rana,4,0,,,,,,,,,,,,,
1490422,2025/26,2025-10-09,"Dr. Y.S. Rajasekhara Reddy ACA-VDCA Cricket Stadium, Visakhapatnam",2,11.5,11.5,South Africa,India,L Wolvaardt,M Kapp,S Rana,0,0,,,,,,,,,,,,,
1490422,2025/26,2025-10-09,"Dr. Y.S. Rajasekhara Reddy ACA-VDCA Cricket Stadium, Visakhapatnam",2,11.6,11.6,South Africa,India,L Wolvaardt,M Kapp,S Rana,0,0,,,,,,,,,,,,,
1490422,2025/26,2025-10-09,"Dr. Y.S. Rajasekhara Reddy ACA-VDCA Cricket Stadium, Visakhapatnam",2,12.1,12.1,South Africa,India,M Kapp,L Wolvaardt,DB Sharma,4,0,,,,,,,,,,,,,
1490422,2025/26,2025-10-09,"Dr. Y.S. Rajasekhara Reddy ACA-VDCA Cricket Stadium, Visakhapatnam",2,12.2,12.2,South Africa,India,M Kapp,L Wolvaardt,DB Sharma,1,0,,,,,,,,,,,,,
1490422,2025/26,2025-10-09,"Dr. Y.S. Rajasekhara Reddy ACA-VDCA Cricket Stadium, Visakhapatnam",2,12.3,12.3,South Africa,India,L Wolvaardt,M Kapp,DB Sharma,1,0,,,,,,,,,,,,,
1490422,2025/26,2025-10-09,"Dr. Y.S. Rajasekhara Reddy ACA-VDCA Cricket Stadium, Visakhapatnam",2,12.4,12.4,South Africa,India,M Kapp,L Wolvaardt,DB Sharma,1,0,,,,,,,,,,,,,
1490422,2025/26,2025-10-09,"Dr. Y.S. Rajasekhara Reddy ACA-VDCA Cricket Stadium, Visakhapatnam",2,12.5,12.5,South Africa,India,L Wolvaardt,M Kapp,DB Sharma,0,0,,,,,,,,,,,,,
1490422,2025/26,2025-10-09,"Dr. Y.S. Rajasekhara Reddy ACA-VDCA Cricket Stadium, Visakhapatnam",2,12.6,12.6,South Africa,India,L Wolvaardt,M Kapp,DB Sharma,0,0,,,,,,,,,,,,,
1490422,2025/26,2025-10-09,"Dr. Y.S. Rajasekhara Reddy ACA-VDCA Cricket Stadium, Visakhapatnam",2,13.1,13.1,South Africa,India,M Kapp,L Wolvaardt,S Rana,0,0,,,,,,,,,,,,,
1490422,2025/26,2025-10-09,"Dr. Y.S. Rajasekhara Reddy ACA-VDCA Cricket Stadium, Visakhapatnam",2,13.2,13.2,South Africa,India,M Kapp,L Wolvaardt,S Rana,0,0,,,,,,,,,,,,,
1490422,2025/26,2025-10-09,"Dr. Y.S. Rajasekhara Reddy ACA-VDCA Cricket Stadium, Visakhapatnam",2,13.3,13.3,South Africa,India,M Kapp,L Wolvaardt,S Rana,0,0,,,,,,,,,,,,,
1490422,2025/26,2025-10-09,"Dr. Y.S. Rajasekhara Reddy ACA-VDCA Cricket Stadium, Visakhapatnam",2,13.4,13.4,South Africa,India,M Kapp,L Wolvaardt,S Rana,0,0,,,,,,,bowled,M Kapp,,,,,
1490422,2025/26,2025-10-09,"Dr. Y.S. Rajasekhara Reddy ACA-VDCA Cricket Stadium, Visakhapatnam",2,13.5,13.5,South Africa,India,A Bosch,L Wolvaardt,S Rana,1,0,,,,,,,,,,,,,
1490422,2025/26,2025-10-09,"Dr. Y.S. Rajasekhara Reddy ACA-VDCA Cricket Stadium, Visakhapatnam",2,13.6,13.6,South Africa,India,L Wolvaardt,A Bosch,S Rana,0,0,,,,,,,,,,,,,
1490422,2025/26,2025-10-09,"Dr. Y.S. Rajasekhara Reddy ACA-VDCA Cricket Stadium, Visakhapatnam",2,14.1,14.1,South Africa,India,A Bosch,L Wolvaardt,DB Sharma,0,0,,,,,,,caught and bowled,A Bosch,,,,,
1490422,2025/26,2025-10-09,"Dr. Y.S. Rajasekhara Reddy ACA-VDCA Cricket Stadium, Visakhapatnam",2,14.2,14.2,South Africa,India,S Jafta,L Wolvaardt,DB Sharma,0,0,,,,,,,,,,,,,
1490422,2025/26,2025-10-09,"Dr. Y.S. Rajasekhara Reddy ACA-VDCA Cricket Stadium, Visakhapatnam",2,14.3,14.3,South Africa,India,S Jafta,L Wolvaardt,DB Sharma,0,0,,,,,,,,,,,,,
1490422,2025/26,2025-10-09,"Dr. Y.S. Rajasekhara Reddy ACA-VDCA Cricket Stadium, Visakhapatnam",2,14.4,14.4,South Africa,India,S Jafta,L Wolvaardt,DB Sharma,0,0,,,,,,,,,,,,,
1490422,2025/26,2025-10-09,"Dr. Y.S. Rajasekhara Reddy ACA-VDCA Cricket Stadium, Visakhapatnam",2,14.5,14.5,South Africa,India,S Jafta,L Wolvaardt,DB Sharma,4,0,,,,,,,,,,,,,
1490422,2025/26,2025-10-09,"Dr. Y.S. Rajasekhara Reddy ACA-VDCA Cricket Stadium, Visakhapatnam",2,14.6,14.6,South Africa,India,S Jafta,L Wolvaardt,DB Sharma,0,0,,,,,,,,,,,,,
1490422,2025/26,2025-10-09,"Dr. Y.S. Rajasekhara Reddy ACA-VDCA Cricket Stadium, Visakhapatnam",2,15.1,15.1,South Africa,India,L Wolvaardt,S Jafta,S Rana,0,0,,,,,,,,,,,,,
1490422,2025/26,2025-10-09,"Dr. Y.S. Rajasekhara Reddy ACA-VDCA Cricket Stadium, Visakhapatnam",2,15.2,15.2,South Africa,India,L Wolvaardt,S Jafta,S Rana,1,0,,,,,,,,,,,,,
1490422,2025/26,2025-10-09,"Dr. Y.S. Rajasekhara Reddy ACA-VDCA Cricket Stadium, Visakhapatnam",2,15.3,15.3,South Africa,India,S Jafta,L Wolvaardt,S Rana,1,0,,,,,,,,,,,,,
1490422,2025/26,2025-10-09,"Dr. Y.S. Rajasekhara Reddy ACA-VDCA Cricket Stadium, Visakhapatnam",2,15.4,15.4,South Africa,India,L Wolvaardt,S Jafta,S Rana,4,0,,,,,,,,,,,,,
1490422,2025/26,2025-10-09,"Dr. Y.S. Rajasekhara Reddy ACA-VDCA Cricket Stadium, Visakhapatnam",2,15.5,15.5,South Africa,India,L Wolvaardt,S Jafta,S Rana,0,0,,,,,,,,,,,,,
1490422,2025/26,2025-10-09,"Dr. Y.S. Rajasekhara Reddy ACA-VDCA Cricket Stadium, Visakhapatnam",2,15.6,15.6,South Africa,India,L Wolvaardt,S Jafta,S Rana,0,0,,,,,,,,,,,,,
1490422,2025/26,2025-10-09,"Dr. Y.S. Rajasekhara Reddy ACA-VDCA Cricket Stadium, Visakhapatnam",2,16.1,16.1,South Africa,India,S Jafta,L Wolvaardt,DB Sharma,1,0,,,,,,,,,,,,,
1490422,2025/26,2025-10-09,"Dr. Y.S. Rajasekhara Reddy ACA-VDCA Cricket Stadium, Visakhapatnam",2,16.2,16.2,South Africa,India,L Wolvaardt,S Jafta,DB Sharma,0,0,,,,,,,,,,,,,
1490422,2025/26,2025-10-09,"Dr. Y.S. Rajasekhara Reddy ACA-VDCA Cricket Stadium, Visakhapatnam",2,16.3,16.3,South Africa,India,L Wolvaardt,S Jafta,DB Sharma,0,0,,,,,,,,,,,,,
1490422,2025/26,2025-10-09,"Dr. Y.S. Rajasekhara Reddy ACA-VDCA Cricket Stadium, Visakhapatnam",2,16.4,16.4,South Africa,India,L Wolvaardt,S Jafta,DB Sharma,1,0,,,,,,,,,,,,,
1490422,2025/26,2025-10-09,"Dr. Y.S. Rajasekhara Reddy ACA-VDCA Cricket Stadium, Visakhapatnam",2,16.5,16.5,South Africa,India,S Jafta,L Wolvaardt,DB Sharma,0,0,,,,,,,,,,,,,
1490422,2025/26,2025-10-09,"Dr. Y.S. Rajasekhara Reddy ACA-VDCA Cricket Stadium, Visakhapatnam",2,16.6,16.6,South Africa,India,S Jafta,L Wolvaardt,DB Sharma,0,0,,,,,,,,,,,,,
1490422,2025/26,2025-10-09,"Dr. Y.S. Rajasekhara Reddy ACA-VDCA Cricket Stadium, Visakhapatnam",2,17.1,17.1,South Africa,India,L Wolvaardt,S Jafta,N Shree Charani,0,0,,,,,,,,,,,,,
1490422,2025/26,2025-10-09,"Dr. Y.S. Rajasekhara Reddy ACA-VDCA Cricket Stadium, Visakhapatnam",2,17.2,17.2,South Africa,India,L Wolvaardt,S Jafta,N Shree Charani,1,0,,,,,,,,,,,,,
1490422,2025/26,2025-10-09,"Dr. Y.S. Rajasekhara Reddy ACA-VDCA Cricket Stadium, Visakhapatnam",2,17.3,17.3,South Africa,India,S Jafta,L Wolvaardt,N Shree Charani,4,0,,,,,,,,,,,,,
1490422,2025/26,2025-10-09,"Dr. Y.S. Rajasekhara Reddy ACA-VDCA Cricket Stadium, Visakhapatnam",2,17.4,17.4,South Africa,India,S Jafta,L Wolvaardt,N Shree Charani,0,0,,,,,,,,,,,,,
1490422,2025/26,2025-10-09,"Dr. Y.S. Rajasekhara Reddy ACA-VDCA Cricket Stadium, Visakhapatnam",2,17.5,17.5,South Africa,India,S Jafta,L Wolvaardt,N Shree Charani,0,0,,,,,,,,,,,,,
1490422,2025/26,2025-10-09,"Dr. Y.S. Rajasekhara Reddy ACA-VDCA Cricket Stadium, Visakhapatnam",2,17.6,17.6,South Africa,India,S Jafta,L Wolvaardt,N Shree Charani,0,0,,,,,,,,,,,,,
1490422,2025/26,2025-10-09,"Dr. Y.S. Rajasekhara Reddy ACA-VDCA Cricket Stadium, Visakhapatnam",2,18.1,18.1,South Africa,India,L Wolvaardt,S Jafta,DB Sharma,1,0,,,,,,,,,,,,,
1490422,2025/26,2025-10-09,"Dr. Y.S. Rajasekhara Reddy ACA-VDCA Cricket Stadium, Visakhapatnam",2,18.2,18.2,South Africa,India,S Jafta,L Wolvaardt,DB Sharma,0,0,,,,,,,,,,,,,
1490422,2025/26,2025-10-09,"Dr. Y.S. Rajasekhara Reddy ACA-VDCA Cricket Stadium, Visakhapatnam",2,18.3,18.3,South Africa,India,S Jafta,L Wolvaardt,DB Sharma,1,0,,,,,,,,,,,,,
1490422,2025/26,2025-10-09,"Dr. Y.S. Rajasekhara Reddy ACA-VDCA Cricket Stadium, Visakhapatnam",2,18.4,18.4,South Africa,India,L Wolvaardt,S Jafta,DB Sharma,0,0,,,,,,,,,,,,,
1490422,2025/26,2025-10-09,"Dr. Y.S. Rajasekhara Reddy ACA-VDCA Cricket Stadium, Visakhapatnam",2,18.5,18.5,South Africa,India,L Wolvaardt,S Jafta,DB Sharma,1,0,,,,,,,,,,,,,
1490422,2025/26,2025-10-09,"Dr. Y.S. Rajasekhara Reddy ACA-VDCA Cricket Stadium, Visakhapatnam",2,18.6,18.6,South Africa,India,S Jafta,L Wolvaardt,DB Sharma,1,0,,,,,,,,,,,,,
1490422,2025/26,2025-10-09,"Dr. Y.S. Rajasekhara Reddy ACA-VDCA Cricket Stadium, Visakhapatnam",2,19.1,19.1,South Africa,India,S Jafta,L Wolvaardt,N Shree Charani,2,0,,,,,,,,,,,,,
1490422,2025/26,2025-10-09,"Dr. Y.S. Rajasekhara Reddy ACA-VDCA Cricket Stadium, Visakhapatnam",2,19.2,19.2,South Africa,India,S Jafta,L Wolvaardt,N Shree Charani,0,0,,,,,,,,,,,,,
1490422,2025/26,2025-10-09,"Dr. Y.S. Rajasekhara Reddy ACA-VDCA Cricket Stadium, Visakhapatnam",2,19.3,19.3,South Africa,India,S Jafta,L Wolvaardt,N Shree Charani,0,0,,,,,,,,,,,,,
1490422,2025/26,2025-10-09,"Dr. Y.S. Rajasekhara Reddy ACA-VDCA Cricket Stadium, Visakhapatnam",2,19.4,19.4,South Africa,India,S Jafta,L Wolvaardt,N Shree Charani,0,0,,,,,,,lbw,S Jafta,,,,,
1490422,2025/26,2025-10-09,"Dr. Y.S. Rajasekhara Reddy ACA-VDCA Cricket Stadium, Visakhapatnam",2,19.5,19.5,South Africa,India,CL Tryon,L Wolvaardt,N Shree Charani,0,0,,,,,,,,,,,,,
1490422,2025/26,2025-10-09,"Dr. Y.S. Rajasekhara Reddy ACA-VDCA Cricket Stadium, Visakhapatnam",2,19.6,19.6,South Africa,India,CL Tryon,L Wolvaardt,N Shree Charani,0,0,,,,,,,,,,,,,
1490422,2025/26,2025-10-09,"Dr. Y.S. Rajasekhara Reddy ACA-VDCA Cricket Stadium, Visakhapatnam",2,20.1,20.1,South Africa,India,L Wolvaardt,CL Tryon,DB Sharma,0,0,,,,,,,,,,,,,
1490422,2025/26,2025-10-09,"Dr. Y.S. Rajasekhara Reddy ACA-VDCA Cricket Stadium, Visakhapatnam",2,20.2,20.2,South Africa,India,L Wolvaardt,CL Tryon,DB Sharma,0,0,,,,,,,,,,,,,
1490422,2025/26,2025-10-09,"Dr. Y.S. Rajasekhara Reddy ACA-VDCA Cricket Stadium, Visakhapatnam",2,20.3,20.3,South Africa,India,L Wolvaardt,CL Tryon,DB Sharma,0,0,,,,,,,,,,,,,
1490422,2025/26,2025-10-09,"Dr. Y.S. Rajasekhara Reddy ACA-VDCA Cricket Stadium, Visakhapatnam",2,20.4,20.4,South Africa,India,L Wolvaardt,CL Tryon,DB Sharma,0,0,,,,,,,,,,,,,
1490422,2025/26,2025-10-09,"Dr. Y.S. Rajasekhara Reddy ACA-VDCA Cricket Stadium, Visakhapatnam",2,20.5,20.5,South Africa,India,L Wolvaardt,CL Tryon,DB Sharma,0,0,,,,,,,,,,,,,
1490422,2025/26,2025-10-09,"Dr. Y.S. Rajasekhara Reddy ACA-VDCA Cricket Stadium, Visakhapatnam",2,20.6,20.6,South Africa,India,L Wolvaardt,CL Tryon,DB Sharma,4,0,,,,,,,,,,,,,
1490422,2025/26,2025-10-09,"Dr. Y.S. Rajasekhara Reddy ACA-VDCA Cricket Stadium, Visakhapatnam",2,21.1,21.1,South Africa,India,CL Tryon,L Wolvaardt,N Shree Charani,0,0,,,,,,,,,,,,,
1490422,2025/26,2025-10-09,"Dr. Y.S. Rajasekhara Reddy ACA-VDCA Cricket Stadium, Visakhapatnam",2,21.2,21.2,South Africa,India,CL Tryon,L Wolvaardt,N Shree Charani,0,0,,,,,,,,,,,,,
1490422,2025/26,2025-10-09,"Dr. Y.S. Rajasekhara Reddy ACA-VDCA Cricket Stadium, Visakhapatnam",2,21.3,21.3,South Africa,India,CL Tryon,L Wolvaardt,N Shree Charani,0,0,,,,,,,,,,,,,
1490422,2025/26,2025-10-09,"Dr. Y.S. Rajasekhara Reddy ACA-VDCA Cricket Stadium, Visakhapatnam",2,21.4,21.4,South Africa,India,CL Tryon,L Wolvaardt,N Shree Charani,0,0,,,,,,,,,,,,,
1490422,2025/26,2025-10-09,"Dr. Y.S. Rajasekhara Reddy ACA-VDCA Cricket Stadium, Visakhapatnam",2,21.5,21.5,South Africa,India,CL Tryon,L Wolvaardt,N Shree Charani,0,0,,,,,,,,,,,,,
1490422,2025/26,2025-10-09,"Dr. Y.S. Rajasekhara Reddy ACA-VDCA Cricket Stadium, Visakhapatnam",2,21.6,21.6,South Africa,India,CL Tryon,L Wolvaardt,N Shree Charani,0,0,,,,,,,,,,,,,
1490422,2025/26,2025-10-09,"Dr. Y.S. Rajasekhara Reddy ACA-VDCA Cricket Stadium, Visakhapatnam",2,22.1,22.1,South Africa,India,L Wolvaardt,CL Tryon,H Kaur,1,0,,,,,,,,,,,,,
1490422,2025/26,2025-10-09,"Dr. Y.S. Rajasekhara Reddy ACA-VDCA Cricket Stadium, Visakhapatnam",2,22.2,22.2,South Africa,India,CL Tryon,L Wolvaardt,H Kaur,0,0,,,,,,,,,,,,,
1490422,2025/26,2025-10-09,"Dr. Y.S. Rajasekhara Reddy ACA-VDCA Cricket Stadium, Visakhapatnam",2,22.3,22.3,South Africa,India,CL Tryon,L Wolvaardt,H Kaur,0,0,,,,,,,,,,,,,
1490422,2025/26,2025-10-09,"Dr. Y.S. Rajasekhara Reddy ACA-VDCA Cricket Stadium, Visakhapatnam",2,22.4,22.4,South Africa,India,CL Tryon,L Wolvaardt,H Kaur,0,0,,,,,,,,,,,,,
1490422,2025/26,2025-10-09,"Dr. Y.S. Rajasekhara Reddy ACA-VDCA Cricket Stadium, Visakhapatnam",2,22.5,22.5,South Africa,India,CL Tryon,L Wolvaardt,H Kaur,0,0,,,,,,,,,,,,,
1490422,2025/26,2025-10-09,"Dr. Y.S. Rajasekhara Reddy ACA-VDCA Cricket Stadium, Visakhapatnam",2,22.6,22.6,South Africa,India,CL Tryon,L Wolvaardt,H Kaur,0,0,,,,,,,,,,,,,
1490422,2025/26,2025-10-09,"Dr. Y.S. Rajasekhara Reddy ACA-VDCA Cricket Stadium, Visakhapatnam",2,23.1,23.1,South Africa,India,L Wolvaardt,CL Tryon,N Shree Charani,0,0,,,,,,,,,,,,,
1490422,2025/26,2025-10-09,"Dr. Y.S. Rajasekhara Reddy ACA-VDCA Cricket Stadium, Visakhapatnam",2,23.2,23.2,South Africa,India,L Wolvaardt,CL Tryon,N Shree Charani,0,0,,,,,,,,,,,,,
1490422,2025/26,2025-10-09,"Dr. Y.S. Rajasekhara Reddy ACA-VDCA Cricket Stadium, Visakhapatnam",2,23.3,23.3,South Africa,India,L Wolvaardt,CL Tryon,N Shree Charani,0,0,,,,,,,,,,,,,
1490422,2025/26,2025-10-09,"Dr. Y.S. Rajasekhara Reddy ACA-VDCA Cricket Stadium, Visakhapatnam",2,23.4,23.4,South Africa,India,L Wolvaardt,CL Tryon,N Shree Charani,1,0,,,,,,,,,,,,,
1490422,2025/26,2025-10-09,"Dr. Y.S. Rajasekhara Reddy ACA-VDCA Cricket Stadium, Visakhapatnam",2,23.5,23.5,South Africa,India,CL Tryon,L Wolvaardt,N Shree Charani,1,0,,,,,,,,,,,,,
1490422,2025/26,2025-10-09,"Dr. Y.S. Rajasekhara Reddy ACA-VDCA Cricket Stadium, Visakhapatnam",2,23.6,23.6,South Africa,India,L Wolvaardt,CL Tryon,N Shree Charani,1,0,,,,,,,,,,,,,
1490422,2025/26,2025-10-09,"Dr. Y.S. Rajasekhara Reddy ACA-VDCA Cricket Stadium, Visakhapatnam",2,24.1,24.1,South Africa,India,L Wolvaardt,CL Tryon,S Rana,0,0,,,,,,,,,,,,,
1490422,2025/26,2025-10-09,"Dr. Y.S. Rajasekhara Reddy ACA-VDCA Cricket Stadium, Visakhapatnam",2,24.2,24.2,South Africa,India,L Wolvaardt,CL Tryon,S Rana,0,0,,,,,,,,,,,,,
1490422,2025/26,2025-10-09,"Dr. Y.S. Rajasekhara Reddy ACA-VDCA Cricket Stadium, Visakhapatnam",2,24.3,24.3,South Africa,India,L Wolvaardt,CL Tryon,S Rana,0,0,,,,,,,,,,,,,
1490422,2025/26,2025-10-09,"Dr. Y.S. Rajasekhara Reddy ACA-VDCA Cricket Stadium, Visakhapatnam",2,24.4,24.4,South Africa,India,L Wolvaardt,CL Tryon,S Rana,1,0,,,,,,,,,,,,,
1490422,2025/26,2025-10-09,"Dr. Y.S. Rajasekhara Reddy ACA-VDCA Cricket Stadium, Visakhapatnam",2,24.5,24.5,South Africa,India,CL Tryon,L Wolvaardt,S Rana,0,1,1,,,,,,,,,,,,
1490422,2025/26,2025-10-09,"Dr. Y.S. Rajasekhara Reddy ACA-VDCA Cricket Stadium, Visakhapatnam",2,24.6,24.5,South Africa,India,CL Tryon,L Wolvaardt,S Rana,0,0,,,,,,,,,,,,,
1490422,2025/26,2025-10-09,"Dr. Y.S. Rajasekhara Reddy ACA-VDCA Cricket Stadium, Visakhapatnam",2,24.7,24.6,South Africa,India,CL Tryon,L Wolvaardt,S Rana,0,0,,,,,,,,,,,,,
1490422,2025/26,2025-10-09,"Dr. Y.S. Rajasekhara Reddy ACA-VDCA Cricket Stadium, Visakhapatnam",2,25.1,25.1,South Africa,India,L Wolvaardt,CL Tryon,AB Kaur,2,0,,,,,,,,,,,,,
1490422,2025/26,2025-10-09,"Dr. Y.S. Rajasekhara Reddy ACA-VDCA Cricket Stadium, Visakhapatnam",2,25.2,25.2,South Africa,India,L Wolvaardt,CL Tryon,AB Kaur,1,0,,,,,,,,,,,,,
1490422,2025/26,2025-10-09,"Dr. Y.S. Rajasekhara Reddy ACA-VDCA Cricket Stadium, Visakhapatnam",2,25.3,25.3,South Africa,India,CL Tryon,L Wolvaardt,AB Kaur,0,0,,,,,,,,,,,,,
1490422,2025/26,2025-10-09,"Dr. Y.S. Rajasekhara Reddy ACA-VDCA Cricket Stadium, Visakhapatnam",2,25.4,25.4,South Africa,India,CL Tryon,L Wolvaardt,AB Kaur,4,0,,,,,,,,,,,,,
1490422,2025/26,2025-10-09,"Dr. Y.S. Rajasekhara Reddy ACA-VDCA Cricket Stadium, Visakhapatnam",2,25.5,25.5,South Africa,India,CL Tryon,L Wolvaardt,AB Kaur,0,0,,,,,,,,,,,,,
1490422,2025/26,2025-10-09,"Dr. Y.S. Rajasekhara Reddy ACA-VDCA Cricket Stadium, Visakhapatnam",2,25.6,25.6,South Africa,India,CL Tryon,L Wolvaardt,AB Kaur,0,0,,,,,,,,,,,,,
1490422,2025/26,2025-10-09,"Dr. Y.S. Rajasekhara Reddy ACA-VDCA Cricket Stadium, Visakhapatnam",2,26.1,26.1,South Africa,India,L Wolvaardt,CL Tryon,H Kaur,0,0,,,,,,,,,,,,,
1490422,2025/26,2025-10-09,"Dr. Y.S. Rajasekhara Reddy ACA-VDCA Cricket Stadium, Visakhapatnam",2,26.2,26.2,South Africa,India,L Wolvaardt,CL Tryon,H Kaur,0,0,,,,,,,,,,,,,
1490422,2025/26,2025-10-09,"Dr. Y.S. Rajasekhara Reddy ACA-VDCA Cricket Stadium, Visakhapatnam",2,26.3,26.3,South Africa,India,L Wolvaardt,CL Tryon,H Kaur,0,0,,,,,,,,,,,,,
1490422,2025/26,2025-10-09,"Dr. Y.S. Rajasekhara Reddy ACA-VDCA Cricket Stadium, Visakhapatnam",2,26.4,26.4,South Africa,India,L Wolvaardt,CL Tryon,H Kaur,1,0,,,,,,,,,,,,,
1490422,2025/26,2025-10-09,"Dr. Y.S. Rajasekhara Reddy ACA-VDCA Cricket Stadium, Visakhapatnam",2,26.5,26.5,South Africa,India,CL Tryon,L Wolvaardt,H Kaur,0,0,,,,,,,,,,,,,
1490422,2025/26,2025-10-09,"Dr. Y.S. Rajasekhara Reddy ACA-VDCA Cricket Stadium, Visakhapatnam",2,26.6,26.6,South Africa,India,CL Tryon,L Wolvaardt,H Kaur,0,0,,,,,,,,,,,,,
1490422,2025/26,2025-10-09,"Dr. Y.S. Rajasekhara Reddy ACA-VDCA Cricket Stadium, Visakhapatnam",2,27.1,27.1,South Africa,India,L Wolvaardt,CL Tryon,N Shree Charani,0,0,,,,,,,,,,,,,
1490422,2025/26,2025-10-09,"Dr. Y.S. Rajasekhara Reddy ACA-VDCA Cricket Stadium, Visakhapatnam",2,27.2,27.2,South Africa,India,L Wolvaardt,CL Tryon,N Shree Charani,0,0,,,,,,,,,,,,,
1490422,2025/26,2025-10-09,"Dr. Y.S. Rajasekhara Reddy ACA-VDCA Cricket Stadium, Visakhapatnam",2,27.3,27.3,South Africa,India,L Wolvaardt,CL Tryon,N Shree Charani,0,0,,,,,,,,,,,,,
1490422,2025/26,2025-10-09,"Dr. Y.S. Rajasekhara Reddy ACA-VDCA Cricket Stadium, Visakhapatnam",2,27.4,27.4,South Africa,India,L Wolvaardt,CL Tryon,N Shree Charani,1,0,,,,,,,,,,,,,
1490422,2025/26,2025-10-09,"Dr. Y.S. Rajasekhara Reddy ACA-VDCA Cricket Stadium, Visakhapatnam",2,27.5,27.5,South Africa,India,CL Tryon,L Wolvaardt,N Shree Charani,0,0,,,,,,,,,,,,,
1490422,2025/26,2025-10-09,"Dr. Y.S. Rajasekhara Reddy ACA-VDCA Cricket Stadium, Visakhapatnam",2,27.6,27.6,South Africa,India,CL Tryon,L Wolvaardt,N Shree Charani,0,0,,,,,,,,,,,,,
1490422,2025/26,2025-10-09,"Dr. Y.S. Rajasekhara Reddy ACA-VDCA Cricket Stadium, Visakhapatnam",2,28.1,28.1,South Africa,India,L Wolvaardt,CL Tryon,H Kaur,1,0,,,,,,,,,,,,,
1490422,2025/26,2025-10-09,"Dr. Y.S. Rajasekhara Reddy ACA-VDCA Cricket Stadium, Visakhapatnam",2,28.2,28.2,South Africa,India,CL Tryon,L Wolvaardt,H Kaur,1,0,,,,,,,,,,,,,
1490422,2025/26,2025-10-09,"Dr. Y.S. Rajasekhara Reddy ACA-VDCA Cricket Stadium, Visakhapatnam",2,28.3,28.3,South Africa,India,L Wolvaardt,CL Tryon,H Kaur,1,0,,,,,,,,,,,,,
1490422,2025/26,2025-10-09,"Dr. Y.S. Rajasekhara Reddy ACA-VDCA Cricket Stadium, Visakhapatnam",2,28.4,28.4,South Africa,India,CL Tryon,L Wolvaardt,H Kaur,4,0,,,,,,,,,,,,,
1490422,2025/26,2025-10-09,"Dr. Y.S. Rajasekhara Reddy ACA-VDCA Cricket Stadium, Visakhapatnam",2,28.5,28.5,South Africa,India,CL Tryon,L Wolvaardt,H Kaur,1,0,,,,,,,,,,,,,
1490422,2025/26,2025-10-09,"Dr. Y.S. Rajasekhara Reddy ACA-VDCA Cricket Stadium, Visakhapatnam",2,28.6,28.6,South Africa,India,L Wolvaardt,CL Tryon,H Kaur,1,0,,,,,,,,,,,,,
1490422,2025/26,2025-10-09,"Dr. Y.S. Rajasekhara Reddy ACA-VDCA Cricket Stadium, Visakhapatnam",2,29.1,29.1,South Africa,India,L Wolvaardt,CL Tryon,N Shree Charani,0,0,,,,,,,,,,,,,
1490422,2025/26,2025-10-09,"Dr. Y.S. Rajasekhara Reddy ACA-VDCA Cricket Stadium, Visakhapatnam",2,29.2,29.2,South Africa,India,L Wolvaardt,CL Tryon,N Shree Charani,0,0,,,,,,,,,,,,,
1490422,2025/26,2025-10-09,"Dr. Y.S. Rajasekhara Reddy ACA-VDCA Cricket Stadium, Visakhapatnam",2,29.3,29.3,South Africa,India,L Wolvaardt,CL Tryon,N Shree Charani,1,0,,,,,,,,,,,,,
1490422,2025/26,2025-10-09,"Dr. Y.S. Rajasekhara Reddy ACA-VDCA Cricket Stadium, Visakhapatnam",2,29.4,29.4,South Africa,India,CL Tryon,L Wolvaardt,N Shree Charani,1,0,,,,,,,,,,,,,
1490422,2025/26,2025-10-09,"Dr. Y.S. Rajasekhara Reddy ACA-VDCA Cricket Stadium, Visakhapatnam",2,29.5,29.5,South Africa,India,L Wolvaardt,CL Tryon,N Shree Charani,1,0,,,,,,,,,,,,,
1490422,2025/26,2025-10-09,"Dr. Y.S. Rajasekhara Reddy ACA-VDCA Cricket Stadium, Visakhapatnam",2,29.6,29.6,South Africa,India,CL Tryon,L Wolvaardt,N Shree Charani,1,0,,,,,,,,,,,,,
1490422,2025/26,2025-10-09,"Dr. Y.S. Rajasekhara Reddy ACA-VDCA Cricket Stadium, Visakhapatnam",2,30.1,30.1,South Africa,India,CL Tryon,L Wolvaardt,H Kaur,1,0,,,,,,,,,,,,,
1490422,2025/26,2025-10-09,"Dr. Y.S. Rajasekhara Reddy ACA-VDCA Cricket Stadium, Visakhapatnam",2,30.2,30.2,South Africa,India,L Wolvaardt,CL Tryon,H Kaur,0,0,,,,,,,,,,,,,
1490422,2025/26,2025-10-09,"Dr. Y.S. Rajasekhara Reddy ACA-VDCA Cricket Stadium, Visakhapatnam",2,30.3,30.3,South Africa,India,L Wolvaardt,CL Tryon,H Kaur,1,0,,,,,,,,,,,,,
1490422,2025/26,2025-10-09,"Dr. Y.S. Rajasekhara Reddy ACA-VDCA Cricket Stadium, Visakhapatnam",2,30.4,30.4,South Africa,India,CL Tryon,L Wolvaardt,H Kaur,1,0,,,,,,,,,,,,,
1490422,2025/26,2025-10-09,"Dr. Y.S. Rajasekhara Reddy ACA-VDCA Cricket Stadium, Visakhapatnam",2,30.5,30.5,South Africa,India,L Wolvaardt,CL Tryon,H Kaur,0,0,,,,,,,,,,,,,
1490422,2025/26,2025-10-09,"Dr. Y.S. Rajasekhara Reddy ACA-VDCA Cricket Stadium, Visakhapatnam",2,30.6,30.6,South Africa,India,L Wolvaardt,CL Tryon,H Kaur,1,0,,,,,,,,,,,,,
1490422,2025/26,2025-10-09,"Dr. Y.S. Rajasekhara Reddy ACA-VDCA Cricket Stadium, Visakhapatnam",2,31.1,31.1,South Africa,India,L Wolvaardt,CL Tryon,DB Sharma,1,0,,,,,,,,,,,,,
1490422,2025/26,2025-10-09,"Dr. Y.S. Rajasekhara Reddy ACA-VDCA Cricket Stadium, Visakhapatnam",2,31.2,31.2,South Africa,India,CL Tryon,L Wolvaardt,DB Sharma,1,0,,,,,,,,,,,,,
1490422,2025/26,2025-10-09,"Dr. Y.S. Rajasekhara Reddy ACA-VDCA Cricket Stadium, Visakhapatnam",2,31.3,31.3,South Africa,India,L Wolvaardt,CL Tryon,DB Sharma,1,0,,,,,,,,,,,,,
1490422,2025/26,2025-10-09,"Dr. Y.S. Rajasekhara Reddy ACA-VDCA Cricket Stadium, Visakhapatnam",2,31.4,31.4,South Africa,India,CL Tryon,L Wolvaardt,DB Sharma,0,0,,,,,,,,,,,,,
1490422,2025/26,2025-10-09,"Dr. Y.S. Rajasekhara Reddy ACA-VDCA Cricket Stadium, Visakhapatnam",2,31.5,31.5,South Africa,India,CL Tryon,L Wolvaardt,DB Sharma,1,0,,,,,,,,,,,,,
1490422,2025/26,2025-10-09,"Dr. Y.S. Rajasekhara Reddy ACA-VDCA Cricket Stadium, Visakhapatnam",2,31.6,31.6,South Africa,India,L Wolvaardt,CL Tryon,DB Sharma,0,0,,,,,,,,,,,,,
1490422,2025/26,2025-10-09,"Dr. Y.S. Rajasekhara Reddy ACA-VDCA Cricket Stadium, Visakhapatnam",2,32.1,32.1,South Africa,India,CL Tryon,L Wolvaardt,S Rana,1,0,,,,,,,,,,,,,
1490422,2025/26,2025-10-09,"Dr. Y.S. Rajasekhara Reddy ACA-VDCA Cricket Stadium, Visakhapatnam",2,32.2,32.2,South Africa,India,L Wolvaardt,CL Tryon,S Rana,0,0,,,,,,,,,,,,,
1490422,2025/26,2025-10-09,"Dr. Y.S. Rajasekhara Reddy ACA-VDCA Cricket Stadium, Visakhapatnam",2,32.3,32.3,South Africa,India,L Wolvaardt,CL Tryon,S Rana,1,0,,,,,,,,,,,,,
1490422,2025/26,2025-10-09,"Dr. Y.S. Rajasekhara Reddy ACA-VDCA Cricket Stadium, Visakhapatnam",2,32.4,32.4,South Africa,India,CL Tryon,L Wolvaardt,S Rana,4,0,,,,,,,,,,,,,
1490422,2025/26,2025-10-09,"Dr. Y.S. Rajasekhara Reddy ACA-VDCA Cricket Stadium, Visakhapatnam",2,32.5,32.5,South Africa,India,CL Tryon,L Wolvaardt,S Rana,0,0,,,,,,,,,,,,,
1490422,2025/26,2025-10-09,"Dr. Y.S. Rajasekhara Reddy ACA-VDCA Cricket Stadium, Visakhapatnam",2,32.6,32.6,South Africa,India,CL Tryon,L Wolvaardt,S Rana,0,1,1,,,,,,,,,,,,
1490422,2025/26,2025-10-09,"Dr. Y.S. Rajasekhara Reddy ACA-VDCA Cricket Stadium, Visakhapatnam",2,32.7,32.6,South Africa,India,CL Tryon,L Wolvaardt,S Rana,0,0,,,,,,,,,,,,,
1490422,2025/26,2025-10-09,"Dr. Y.S. Rajasekhara Reddy ACA-VDCA Cricket Stadium, Visakhapatnam",2,33.1,33.1,South Africa,India,L Wolvaardt,CL Tryon,DB Sharma,0,0,,,,,,,,,,,,,
1490422,2025/26,2025-10-09,"Dr. Y.S. Rajasekhara Reddy ACA-VDCA Cricket Stadium, Visakhapatnam",2,33.2,33.2,South Africa,India,L Wolvaardt,CL Tryon,DB Sharma,1,0,,,,,,,,,,,,,
1490422,2025/26,2025-10-09,"Dr. Y.S. Rajasekhara Reddy ACA-VDCA Cricket Stadium, Visakhapatnam",2,33.3,33.3,South Africa,India,CL Tryon,L Wolvaardt,DB Sharma,1,0,,,,,,,,,,,,,
1490422,2025/26,2025-10-09,"Dr. Y.S. Rajasekhara Reddy ACA-VDCA Cricket Stadium, Visakhapatnam",2,33.4,33.4,South Africa,India,L Wolvaardt,CL Tryon,DB Sharma,1,0,,,,,,,,,,,,,
1490422,2025/26,2025-10-09,"Dr. Y.S. Rajasekhara Reddy ACA-VDCA Cricket Stadium, Visakhapatnam",2,33.5,33.5,South Africa,India,CL Tryon,L Wolvaardt,DB Sharma,1,0,,,,,,,,,,,,,
1490422,2025/26,2025-10-09,"Dr. Y.S. Rajasekhara Reddy ACA-VDCA Cricket Stadium, Visakhapatnam",2,33.6,33.6,South Africa,India,L Wolvaardt,CL Tryon,DB Sharma,0,0,,,,,,,,,,,,,
1490422,2025/26,2025-10-09,"Dr. Y.S. Rajasekhara Reddy ACA-VDCA Cricket Stadium, Visakhapatnam",2,34.1,34.1,South Africa,India,CL Tryon,L Wolvaardt,S Rana,1,0,,,,,,,,,,,,,
1490422,2025/26,2025-10-09,"Dr. Y.S. Rajasekhara Reddy ACA-VDCA Cricket Stadium, Visakhapatnam",2,34.2,34.2,South Africa,India,L Wolvaardt,CL Tryon,S Rana,1,0,,,,,,,,,,,,,
1490422,2025/26,2025-10-09,"Dr. Y.S. Rajasekhara Reddy ACA-VDCA Cricket Stadium, Visakhapatnam",2,34.3,34.3,South Africa,India,CL Tryon,L Wolvaardt,S Rana,1,0,,,,,,,,,,,,,
1490422,2025/26,2025-10-09,"Dr. Y.S. Rajasekhara Reddy ACA-VDCA Cricket Stadium, Visakhapatnam",2,34.4,34.4,South Africa,India,L Wolvaardt,CL Tryon,S Rana,4,0,,,,,,,,,,,,,
1490422,2025/26,2025-10-09,"Dr. Y.S. Rajasekhara Reddy ACA-VDCA Cricket Stadium, Visakhapatnam",2,34.5,34.5,South Africa,India,L Wolvaardt,CL Tryon,S Rana,1,0,,,,,,,,,,,,,
1490422,2025/26,2025-10-09,"Dr. Y.S. Rajasekhara Reddy ACA-VDCA Cricket Stadium, Visakhapatnam",2,34.6,34.6,South Africa,India,CL Tryon,L Wolvaardt,S Rana,0,0,,,,,,,,,,,,,
1490422,2025/26,2025-10-09,"Dr. Y.S. Rajasekhara Reddy ACA-VDCA Cricket Stadium, Visakhapatnam",2,35.1,35.1,South Africa,India,L Wolvaardt,CL Tryon,K Goud,1,0,,,,,,,,,,,,,
1490422,2025/26,2025-10-09,"Dr. Y.S. Rajasekhara Reddy ACA-VDCA Cricket Stadium, Visakhapatnam",2,35.2,35.2,South Africa,India,CL Tryon,L Wolvaardt,K Goud,0,0,,,,,,,,,,,,,
1490422,2025/26,2025-10-09,"Dr. Y.S. Rajasekhara Reddy ACA-VDCA Cricket Stadium, Visakhapatnam",2,35.3,35.3,South Africa,India,CL Tryon,L Wolvaardt,K Goud,1,0,,,,,,,,,,,,,
1490422,2025/26,2025-10-09,"Dr. Y.S. Rajasekhara Reddy ACA-VDCA Cricket Stadium, Visakhapatnam",2,35.4,35.4,South Africa,India,L Wolvaardt,CL Tryon,K Goud,0,0,,,,,,,,,,,,,
1490422,2025/26,2025-10-09,"Dr. Y.S. Rajasekhara Reddy ACA-VDCA Cricket Stadium, Visakhapatnam",2,35.5,35.5,South Africa,India,L Wolvaardt,CL Tryon,K Goud,0,0,,,,,,,bowled,L Wolvaardt,,,,,
1490422,2025/26,2025-10-09,"Dr. Y.S. Rajasekhara Reddy ACA-VDCA Cricket Stadium, Visakhapatnam",2,35.6,35.6,South Africa,India,N de Klerk,CL Tryon,K Goud,2,0,,,,,,,,,,,,,
1490422,2025/26,2025-10-09,"Dr. Y.S. Rajasekhara Reddy ACA-VDCA Cricket Stadium, Visakhapatnam",2,36.1,36.1,South Africa,India,CL Tryon,N de Klerk,N Shree Charani,1,0,,,,,,,,,,,,,
1490422,2025/26,2025-10-09,"Dr. Y.S. Rajasekhara Reddy ACA-VDCA Cricket Stadium, Visakhapatnam",2,36.2,36.2,South Africa,India,N de Klerk,CL Tryon,N Shree Charani,0,0,,,,,,,,,,,,,
1490422,2025/26,2025-10-09,"Dr. Y.S. Rajasekhara Reddy ACA-VDCA Cricket Stadium, Visakhapatnam",2,36.3,36.3,South Africa,India,N de Klerk,CL Tryon,N Shree Charani,0,0,,,,,,,,,,,,,
1490422,2025/26,2025-10-09,"Dr. Y.S. Rajasekhara Reddy ACA-VDCA Cricket Stadium, Visakhapatnam",2,36.4,36.4,South Africa,India,N de Klerk,CL Tryon,N Shree Charani,4,0,,,,,,,,,,,,,
1490422,2025/26,2025-10-09,"Dr. Y.S. Rajasekhara Reddy ACA-VDCA Cricket Stadium, Visakhapatnam",2,36.5,36.5,South Africa,India,N de Klerk,CL Tryon,N Shree Charani,0,0,,,,,,,,,,,,,
1490422,2025/26,2025-10-09,"Dr. Y.S. Rajasekhara Reddy ACA-VDCA Cricket Stadium, Visakhapatnam",2,36.6,36.6,South Africa,India,N de Klerk,CL Tryon,N Shree Charani,0,1,1,,,,,,,,,,,,
1490422,2025/26,2025-10-09,"Dr. Y.S. Rajasekhara Reddy ACA-VDCA Cricket Stadium, Visakhapatnam",2,36.7,36.6,South Africa,India,N de Klerk,CL Tryon,N Shree Charani,0,0,,,,,,,,,,,,,
1490422,2025/26,2025-10-09,"Dr. Y.S. Rajasekhara Reddy ACA-VDCA Cricket Stadium, Visakhapatnam",2,37.1,37.1,South Africa,India,CL Tryon,N de Klerk,K Goud,1,0,,,,,,,,,,,,,
1490422,2025/26,2025-10-09,"Dr. Y.S. Rajasekhara Reddy ACA-VDCA Cricket Stadium, Visakhapatnam",2,37.2,37.2,South Africa,India,N de Klerk,CL Tryon,K Goud,3,0,,,,,,,,,,,,,
1490422,2025/26,2025-10-09,"Dr. Y.S. Rajasekhara Reddy ACA-VDCA Cricket Stadium, Visakhapatnam",2,37.3,37.3,South Africa,India,CL Tryon,N de Klerk,K Goud,0,1,1,,,,,,,,,,,,
1490422,2025/26,2025-10-09,"Dr. Y.S. Rajasekhara Reddy ACA-VDCA Cricket Stadium, Visakhapatnam",2,37.4,37.3,South Africa,India,CL Tryon,N de Klerk,K Goud,4,0,,,,,,,,,,,,,
1490422,2025/26,2025-10-09,"Dr. Y.S. Rajasekhara Reddy ACA-VDCA Cricket Stadium, Visakhapatnam",2,37.5,37.4,South Africa,India,CL Tryon,N de Klerk,K Goud,1,0,,,,,,,,,,,,,
1490422,2025/26,2025-10-09,"Dr. Y.S. Rajasekhara Reddy ACA-VDCA Cricket Stadium, Visakhapatnam",2,37.6,37.5,South Africa,India,N de Klerk,CL Tryon,K Goud,1,0,,,,,,,,,,,,,
1490422,2025/26,2025-10-09,"Dr. Y.S. Rajasekhara Reddy ACA-VDCA Cricket Stadium, Visakhapatnam",2,37.7,37.6,South Africa,India,CL Tryon,N de Klerk,K Goud,0,0,,,,,,,,,,,,,
1490422,2025/26,2025-10-09,"Dr. Y.S. Rajasekhara Reddy ACA-VDCA Cricket Stadium, Visakhapatnam",2,38.1,38.1,South Africa,India,N de Klerk,CL Tryon,N Shree Charani,1,0,,,,,,,,,,,,,
1490422,2025/26,2025-10-09,"Dr. Y.S. Rajasekhara Reddy ACA-VDCA Cricket Stadium, Visakhapatnam",2,38.2,38.2,South Africa,India,CL Tryon,N de Klerk,N Shree Charani,1,0,,,,,,,,,,,,,
1490422,2025/26,2025-10-09,"Dr. Y.S. Rajasekhara Reddy ACA-VDCA Cricket Stadium, Visakhapatnam",2,38.3,38.3,South Africa,India,N de Klerk,CL Tryon,N Shree Charani,0,0,,,,,,,,,,,,,
1490422,2025/26,2025-10-09,"Dr. Y.S. Rajasekhara Reddy ACA-VDCA Cricket Stadium, Visakhapatnam",2,38.4,38.4,South Africa,India,N de Klerk,CL Tryon,N Shree Charani,0,0,,,,,,,,,,,,,
1490422,2025/26,2025-10-09,"Dr. Y.S. Rajasekhara Reddy ACA-VDCA Cricket Stadium, Visakhapatnam",2,38.5,38.5,South Africa,India,N de Klerk,CL Tryon,N Shree Charani,0,0,,,,,,,,,,,,,
1490422,2025/26,2025-10-09,"Dr. Y.S. Rajasekhara Reddy ACA-VDCA Cricket Stadium, Visakhapatnam",2,38.6,38.6,South Africa,India,N de Klerk,CL Tryon,N Shree Charani,0,0,,,,,,,,,,,,,
1490422,2025/26,2025-10-09,"Dr. Y.S. Rajasekhara Reddy ACA-VDCA Cricket Stadium, Visakhapatnam",2,39.1,39.1,South Africa,India,CL Tryon,N de Klerk,DB Sharma,0,0,,,,,,,,,,,,,
1490422,2025/26,2025-10-09,"Dr. Y.S. Rajasekhara Reddy ACA-VDCA Cricket Stadium, Visakhapatnam",2,39.2,39.2,South Africa,India,CL Tryon,N de Klerk,DB Sharma,4,0,,,,,,,,,,,,,
1490422,2025/26,2025-10-09,"Dr. Y.S. Rajasekhara Reddy ACA-VDCA Cricket Stadium, Visakhapatnam",2,39.3,39.3,South Africa,India,CL Tryon,N de Klerk,DB Sharma,1,0,,,,,,,,,,,,,
1490422,2025/26,2025-10-09,"Dr. Y.S. Rajasekhara Reddy ACA-VDCA Cricket Stadium, Visakhapatnam",2,39.4,39.4,South Africa,India,N de Klerk,CL Tryon,DB Sharma,1,0,,,,,,,,,,,,,
1490422,2025/26,2025-10-09,"Dr. Y.S. Rajasekhara Reddy ACA-VDCA Cricket Stadium, Visakhapatnam",2,39.5,39.5,South Africa,India,CL Tryon,N de Klerk,DB Sharma,1,0,,,,,,,,,,,,,
1490422,2025/26,2025-10-09,"Dr. Y.S. Rajasekhara Reddy ACA-VDCA Cricket Stadium, Visakhapatnam",2,39.6,39.6,South Africa,India,N de Klerk,CL Tryon,DB Sharma,1,0,,,,,,,,,,,,,
1490422,2025/26,2025-10-09,"Dr. Y.S. Rajasekhara Reddy ACA-VDCA Cricket Stadium, Visakhapatnam",2,40.1,40.1,South Africa,India,N de Klerk,CL Tryon,N Shree Charani,0,0,,,,,,,,,,,,,
1490422,2025/26,2025-10-09,"Dr. Y.S. Rajasekhara Reddy ACA-VDCA Cricket Stadium, Visakhapatnam",2,40.2,40.2,South Africa,India,N de Klerk,CL Tryon,N Shree Charani,0,0,,,,,,,,,,,,,
1490422,2025/26,2025-10-09,"Dr. Y.S. Rajasekhara Reddy ACA-VDCA Cricket Stadium, Visakhapatnam",2,40.3,40.3,South Africa,India,N de Klerk,CL Tryon,N Shree Charani,0,0,,,,,,,,,,,,,
1490422,2025/26,2025-10-09,"Dr. Y.S. Rajasekhara Reddy ACA-VDCA Cricket Stadium, Visakhapatnam",2,40.4,40.4,South Africa,India,N de Klerk,CL Tryon,N Shree Charani,0,0,,,,,,,,,,,,,
1490422,2025/26,2025-10-09,"Dr. Y.S. Rajasekhara Reddy ACA-VDCA Cricket Stadium, Visakhapatnam",2,40.5,40.5,South Africa,India,N de Klerk,CL Tryon,N Shree Charani,4,0,,,,,,,,,,,,,
1490422,2025/26,2025-10-09,"Dr. Y.S. Rajasekhara Reddy ACA-VDCA Cricket Stadium, Visakhapatnam",2,40.6,40.6,South Africa,India,N de Klerk,CL Tryon,N Shree Charani,0,0,,,,,,,,,,,,,
1490422,2025/26,2025-10-09,"Dr. Y.S. Rajasekhara Reddy ACA-VDCA Cricket Stadium, Visakhapatnam",2,41.1,41.1,South Africa,India,CL Tryon,N de Klerk,DB Sharma,1,0,,,,,,,,,,,,,
1490422,2025/26,2025-10-09,"Dr. Y.S. Rajasekhara Reddy ACA-VDCA Cricket Stadium, Visakhapatnam",2,41.2,41.2,South Africa,India,N de Klerk,CL Tryon,DB Sharma,1,0,,,,,,,,,,,,,
1490422,2025/26,2025-10-09,"Dr. Y.S. Rajasekhara Reddy ACA-VDCA Cricket Stadium, Visakhapatnam",2,41.3,41.3,South Africa,India,CL Tryon,N de Klerk,DB Sharma,1,0,,,,,,,,,,,,,
1490422,2025/26,2025-10-09,"Dr. Y.S. Rajasekhara Reddy ACA-VDCA Cricket Stadium, Visakhapatnam",2,41.4,41.4,South Africa,India,N de Klerk,CL Tryon,DB Sharma,1,0,,,,,,,,,,,,,
1490422,2025/26,2025-10-09,"Dr. Y.S. Rajasekhara Reddy ACA-VDCA Cricket Stadium, Visakhapatnam",2,41.5,41.5,South Africa,India,CL Tryon,N de Klerk,DB Sharma,1,0,,,,,,,,,,,,,
1490422,2025/26,2025-10-09,"Dr. Y.S. Rajasekhara Reddy ACA-VDCA Cricket Stadium, Visakhapatnam",2,41.6,41.6,South Africa,India,N de Klerk,CL Tryon,DB Sharma,1,0,,,,,,,,,,,,,
1490422,2025/26,2025-10-09,"Dr. Y.S. Rajasekhara Reddy ACA-VDCA Cricket Stadium, Visakhapatnam",2,42.1,42.1,South Africa,India,N de Klerk,CL Tryon,K Goud,0,0,,,,,,,,,,,,,
1490422,2025/26,2025-10-09,"Dr. Y.S. Rajasekhara Reddy ACA-VDCA Cricket Stadium, Visakhapatnam",2,42.2,42.2,South Africa,India,N de Klerk,CL Tryon,K Goud,1,0,,,,,,,,,,,,,
1490422,2025/26,2025-10-09,"Dr. Y.S. Rajasekhara Reddy ACA-VDCA Cricket Stadium, Visakhapatnam",2,42.3,42.3,South Africa,India,CL Tryon,N de Klerk,K Goud,1,0,,,,,,,,,,,,,
1490422,2025/26,2025-10-09,"Dr. Y.S. Rajasekhara Reddy ACA-VDCA Cricket Stadium, Visakhapatnam",2,42.4,42.4,South Africa,India,N de Klerk,CL Tryon,K Goud,4,0,,,,,,,,,,,,,
1490422,2025/26,2025-10-09,"Dr. Y.S. Rajasekhara Reddy ACA-VDCA Cricket Stadium, Visakhapatnam",2,42.5,42.5,South Africa,India,N de Klerk,CL Tryon,K Goud,0,0,,,,,,,,,,,,,
1490422,2025/26,2025-10-09,"Dr. Y.S. Rajasekhara Reddy ACA-VDCA Cricket Stadium, Visakhapatnam",2,42.6,42.6,South Africa,India,N de Klerk,CL Tryon,K Goud,1,0,,,,,,,,,,,,,
1490422,2025/26,2025-10-09,"Dr. Y.S. Rajasekhara Reddy ACA-VDCA Cricket Stadium, Visakhapatnam",2,43.1,43.1,South Africa,India,N de Klerk,CL Tryon,S Rana,0,0,,,,,,,,,,,,,
1490422,2025/26,2025-10-09,"Dr. Y.S. Rajasekhara Reddy ACA-VDCA Cricket Stadium, Visakhapatnam",2,43.2,43.2,South Africa,India,N de Klerk,CL Tryon,S Rana,0,0,,,,,,,,,,,,,
1490422,2025/26,2025-10-09,"Dr. Y.S. Rajasekhara Reddy ACA-VDCA Cricket Stadium, Visakhapatnam",2,43.3,43.3,South Africa,India,N de Klerk,CL Tryon,S Rana,1,0,,,,,,,,,,,,,
1490422,2025/26,2025-10-09,"Dr. Y.S. Rajasekhara Reddy ACA-VDCA Cricket Stadium, Visakhapatnam",2,43.4,43.4,South Africa,India,CL Tryon,N de Klerk,S Rana,1,0,,,,,,,,,,,,,
1490422,2025/26,2025-10-09,"Dr. Y.S. Rajasekhara Reddy ACA-VDCA Cricket Stadium, Visakhapatnam",2,43.5,43.5,South Africa,India,N de Klerk,CL Tryon,S Rana,1,0,,,,,,,,,,,,,
1490422,2025/26,2025-10-09,"Dr. Y.S. Rajasekhara Reddy ACA-VDCA Cricket Stadium, Visakhapatnam",2,43.6,43.6,South Africa,India,CL Tryon,N de Klerk,S Rana,1,0,,,,,,,,,,,,,
1490422,2025/26,2025-10-09,"Dr. Y.S. Rajasekhara Reddy ACA-VDCA Cricket Stadium, Visakhapatnam",2,44.1,44.1,South Africa,India,CL Tryon,N de Klerk,AB Kaur,1,0,,,,,,,,,,,,,
1490422,2025/26,2025-10-09,"Dr. Y.S. Rajasekhara Reddy ACA-VDCA Cricket Stadium, Visakhapatnam",2,44.2,44.2,South Africa,India,N de Klerk,CL Tryon,AB Kaur,1,0,,,,,,,,,,,,,
1490422,2025/26,2025-10-09,"Dr. Y.S. Rajasekhara Reddy ACA-VDCA Cricket Stadium, Visakhapatnam",2,44.3,44.3,South Africa,India,CL Tryon,N de Klerk,AB Kaur,0,0,,,,,,,,,,,,,
1490422,2025/26,2025-10-09,"Dr. Y.S. Rajasekhara Reddy ACA-VDCA Cricket Stadium, Visakhapatnam",2,44.4,44.4,South Africa,India,CL Tryon,N de Klerk,AB Kaur,1,0,,,,,,,,,,,,,
1490422,2025/26,2025-10-09,"Dr. Y.S. Rajasekhara Reddy ACA-VDCA Cricket Stadium, Visakhapatnam",2,44.5,44.5,South Africa,India,N de Klerk,CL Tryon,AB Kaur,4,0,,,,,,,,,,,,,
1490422,2025/26,2025-10-09,"Dr. Y.S. Rajasekhara Reddy ACA-VDCA Cricket Stadium, Visakhapatnam",2,44.6,44.6,South Africa,India,N de Klerk,CL Tryon,AB Kaur,1,0,,,,,,,,,,,,,
1490422,2025/26,2025-10-09,"Dr. Y.S. Rajasekhara Reddy ACA-VDCA Cricket Stadium, Visakhapatnam",2,45.1,45.1,South Africa,India,N de Klerk,CL Tryon,S Rana,6,0,,,,,,,,,,,,,
1490422,2025/26,2025-10-09,"Dr. Y.S. Rajasekhara Reddy ACA-VDCA Cricket Stadium, Visakhapatnam",2,45.2,45.2,South Africa,India,N de Klerk,CL Tryon,S Rana,4,0,,,,,,,,,,,,,
1490422,2025/26,2025-10-09,"Dr. Y.S. Rajasekhara Reddy ACA-VDCA Cricket Stadium, Visakhapatnam",2,45.3,45.3,South Africa,India,N de Klerk,CL Tryon,S Rana,1,0,,,,,,,,,,,,,
1490422,2025/26,2025-10-09,"Dr. Y.S. Rajasekhara Reddy ACA-VDCA Cricket Stadium, Visakhapatnam",2,45.4,45.4,South Africa,India,CL Tryon,N de Klerk,S Rana,0,0,,,,,,,,,,,,,
1490422,2025/26,2025-10-09,"Dr. Y.S. Rajasekhara Reddy ACA-VDCA Cricket Stadium, Visakhapatnam",2,45.5,45.5,South Africa,India,CL Tryon,N de Klerk,S Rana,0,0,,,,,,,lbw,CL Tryon,,,,,
1490422,2025/26,2025-10-09,"Dr. Y.S. Rajasekhara Reddy ACA-VDCA Cricket Stadium, Visakhapatnam",2,45.6,45.6,South Africa,India,A Khaka,N de Klerk,S Rana,0,0,,,,,,,,,,,,,
1490422,2025/26,2025-10-09,"Dr. Y.S. Rajasekhara Reddy ACA-VDCA Cricket Stadium, Visakhapatnam",2,46.1,46.1,South Africa,India,N de Klerk,A Khaka,K Goud,0,1,1,,,,,,,,,,,,
1490422,2025/26,2025-10-09,"Dr. Y.S. Rajasekhara Reddy ACA-VDCA Cricket Stadium, Visakhapatnam",2,46.2,46.1,South Africa,India,N de Klerk,A Khaka,K Goud,6,0,,,,,,,,,,,,,
1490422,2025/26,2025-10-09,"Dr. Y.S. Rajasekhara Reddy ACA-VDCA Cricket Stadium, Visakhapatnam",2,46.3,46.2,South Africa,India,N de Klerk,A Khaka,K Goud,6,0,,,,,,,,,,,,,
1490422,2025/26,2025-10-09,"Dr. Y.S. Rajasekhara Reddy ACA-VDCA Cricket Stadium, Visakhapatnam",2,46.4,46.3,South Africa,India,N de Klerk,A Khaka,K Goud,4,0,,,,,,,,,,,,,
1490422,2025/26,2025-10-09,"Dr. Y.S. Rajasekhara Reddy ACA-VDCA Cricket Stadium, Visakhapatnam",2,46.5,46.4,South Africa,India,N de Klerk,A Khaka,K Goud,0,0,,,,,,,,,,,,,
1490422,2025/26,2025-10-09,"Dr. Y.S. Rajasekhara Reddy ACA-VDCA Cricket Stadium, Visakhapatnam",2,46.6,46.5,South Africa,India,N de Klerk,A Khaka,K Goud,1,0,,,,,,,,,,,,,
1490422,2025/26,2025-10-09,"Dr. Y.S. Rajasekhara Reddy ACA-VDCA Cricket Stadium, Visakhapatnam",2,46.7,46.6,South Africa,India,A Khaka,N de Klerk,K Goud,0,0,,,,,,,,,,,,,
1490422,2025/26,2025-10-09,"Dr. Y.S. Rajasekhara Reddy ACA-VDCA Cricket Stadium, Visakhapatnam",2,47.1,47.1,South Africa,India,N de Klerk,A Khaka,DB Sharma,0,0,,,,,,,,,,,,,
1490422,2025/26,2025-10-09,"Dr. Y.S. Rajasekhara Reddy ACA-VDCA Cricket Stadium, Visakhapatnam",2,47.2,47.2,South Africa,India,N de Klerk,A Khaka,DB Sharma,4,0,,,,,,,,,,,,,
1490422,2025/26,2025-10-09,"Dr. Y.S. Rajasekhara Reddy ACA-VDCA Cricket Stadium, Visakhapatnam",2,47.3,47.3,South Africa,India,N de Klerk,A Khaka,DB Sharma,1,0,,,,,,,,,,,,,
1490422,2025/26,2025-10-09,"Dr. Y.S. Rajasekhara Reddy ACA-VDCA Cricket Stadium, Visakhapatnam",2,47.4,47.4,South Africa,India,A Khaka,N de Klerk,DB Sharma,1,0,,,,,,,,,,,,,
1490422,2025/26,2025-10-09,"Dr. Y.S. Rajasekhara Reddy ACA-VDCA Cricket Stadium, Visakhapatnam",2,47.5,47.5,South Africa,India,N de Klerk,A Khaka,DB Sharma,4,0,,,,,,,,,,,,,
1490422,2025/26,2025-10-09,"Dr. Y.S. Rajasekhara Reddy ACA-VDCA Cricket Stadium, Visakhapatnam",2,47.6,47.6,South Africa,India,N de Klerk,A Khaka,DB Sharma,1,0,,,,,,,,,,,,,
1490422,2025/26,2025-10-09,"Dr. Y.S. Rajasekhara Reddy ACA-VDCA Cricket Stadium, Visakhapatnam",2,48.1,48.1,South Africa,India,N de Klerk,A Khaka,AB Kaur,0,0,,,,,,,,,,,,,
1490422,2025/26,2025-10-09,"Dr. Y.S. Rajasekhara Reddy ACA-VDCA Cricket Stadium, Visakhapatnam",2,48.2,48.2,South Africa,India,N de Klerk,A Khaka,AB Kaur,0,0,,,,,,,,,,,,,
1490422,2025/26,2025-10-09,"Dr. Y.S. Rajasekhara Reddy ACA-VDCA Cricket Stadium, Visakhapatnam",2,48.3,48.3,South Africa,India,N de Klerk,A Khaka,AB Kaur,6,0,,,,,,,,,,,,,
1490422,2025/26,2025-10-09,"Dr. Y.S. Rajasekhara Reddy ACA-VDCA Cricket Stadium, Visakhapatnam",2,48.4,48.4,South Africa,India,N de Klerk,A Khaka,AB Kaur,0,0,,,,,,,,,,,,,
1490422,2025/26,2025-10-09,"Dr. Y.S. Rajasekhara Reddy ACA-VDCA Cricket Stadium, Visakhapatnam",2,48.5,48.5,South Africa,India,N de Klerk,A Khaka,AB Kaur,6,0,,,,,,,,,,,,,
