match_id,season,start_date,venue,innings,ball,actual_delivery,batting_team,bowling_team,striker,non_striker,bowler,runs_off_bat,extras,wides,noballs,byes,legbyes,penalty,non_boundary,wicket_type,player_dismissed,other_wicket_type,other_player_dismissed,fielder_1,fielder_2,fielder_3
1531697,2026,2026-04-27,"Tribhuvan University International Cricket Ground, Kirtipur",1,0.1,0.1,United Arab Emirates,Oman,A Sharma,Adeeb Usmani,Shah Faisal,0,0,,,,,,,,,,,,,
1531697,2026,2026-04-27,"Tribhuvan University International Cricket Ground, Kirtipur",1,0.2,0.2,United Arab Emirates,Oman,A Sharma,Adeeb Usmani,Shah Faisal,4,0,,,,,,,,,,,,,
1531697,2026,2026-04-27,"Tribhuvan University International Cricket Ground, Kirtipur",1,0.3,0.3,United Arab Emirates,Oman,A Sharma,Adeeb Usmani,Shah Faisal,1,0,,,,,,,,,,,,,
1531697,2026,2026-04-27,"Tribhuvan University International Cricket Ground, Kirtipur",1,0.4,0.4,United Arab Emirates,Oman,Adeeb Usmani,A Sharma,Shah Faisal,0,1,1,,,,,,,,,,,,
1531697,2026,2026-04-27,"Tribhuvan University International Cricket Ground, Kirtipur",1,0.5,0.4,United Arab Emirates,Oman,Adeeb Usmani,A Sharma,Shah Faisal,0,0,,,,,,,,,,,,,
1531697,2026,2026-04-27,"Tribhuvan University International Cricket Ground, Kirtipur",1,0.6,0.5,United Arab Emirates,Oman,Adeeb Usmani,A Sharma,Shah Faisal,0,0,,,,,,,,,,,,,
1531697,2026,2026-04-27,"Tribhuvan University International Cricket Ground, Kirtipur",1,0.7,0.6,United Arab Emirates,Oman,Adeeb Usmani,A Sharma,Shah Faisal,4,0,,,,,,,,,,,,,
1531697,2026,2026-04-27,"Tribhuvan University International Cricket Ground, Kirtipur",1,1.1,1.1,United Arab Emirates,Oman,A Sharma,Adeeb Usmani,J Ramanandi,0,0,,,,,,,,,,,,,
1531697,2026,2026-04-27,"Tribhuvan University International Cricket Ground, Kirtipur",1,1.2,1.2,United Arab Emirates,Oman,A Sharma,Adeeb Usmani,J Ramanandi,0,0,,,,,,,,,,,,,
1531697,2026,2026-04-27,"Tribhuvan University International Cricket Ground, Kirtipur",1,1.3,1.3,United Arab Emirates,Oman,A Sharma,Adeeb Usmani,J Ramanandi,0,1,1,,,,,,,,,,,,
1531697,2026,2026-04-27,"Tribhuvan University International Cricket Ground, Kirtipur",1,1.4,1.3,United Arab Emirates,Oman,A Sharma,Adeeb Usmani,J Ramanandi,1,0,,,,,,,,,,,,,
1531697,2026,2026-04-27,"Tribhuvan University International Cricket Ground, Kirtipur",1,1.5,1.4,United Arab Emirates,Oman,Adeeb Usmani,A Sharma,J Ramanandi,0,0,,,,,,,,,,,,,
1531697,2026,2026-04-27,"Tribhuvan University International Cricket Ground, Kirtipur",1,1.6,1.5,United Arab Emirates,Oman,Adeeb Usmani,A Sharma,J Ramanandi,6,0,,,,,,,,,,,,,
1531697,2026,2026-04-27,"Tribhuvan University International Cricket Ground, Kirtipur",1,1.7,1.6,United Arab Emirates,Oman,Adeeb Usmani,A Sharma,J Ramanandi,1,0,,,,,,,,,,,,,
1531697,2026,2026-04-27,"Tribhuvan University International Cricket Ground, Kirtipur",1,2.1,2.1,United Arab Emirates,Oman,Adeeb Usmani,A Sharma,Shah Faisal,0,0,,,,,,,,,,,,,
1531697,2026,2026-04-27,"Tribhuvan University International Cricket Ground, Kirtipur",1,2.2,2.2,United Arab Emirates,Oman,Adeeb Usmani,A Sharma,Shah Faisal,0,0,,,,,,,,,,,,,
1531697,2026,2026-04-27,"Tribhuvan University International Cricket Ground, Kirtipur",1,2.3,2.3,United Arab Emirates,Oman,Adeeb Usmani,A Sharma,Shah Faisal,0,0,,,,,,,,,,,,,
1531697,2026,2026-04-27,"Tribhuvan University International Cricket Ground, Kirtipur",1,2.4,2.4,United Arab Emirates,Oman,Adeeb Usmani,A Sharma,Shah Faisal,0,0,,,,,,,,,,,,,
1531697,2026,2026-04-27,"Tribhuvan University International Cricket Ground, Kirtipur",1,2.5,2.5,United Arab Emirates,Oman,Adeeb Usmani,A Sharma,Shah Faisal,0,0,,,,,,,,,,,,,
1531697,2026,2026-04-27,"Tribhuvan University International Cricket Ground, Kirtipur",1,2.6,2.6,United Arab Emirates,Oman,Adeeb Usmani,A Sharma,Shah Faisal,0,0,,,,,,,,,,,,,
1531697,2026,2026-04-27,"Tribhuvan University International Cricket Ground, Kirtipur",1,3.1,3.1,United Arab Emirates,Oman,A Sharma,Adeeb Usmani,Shakeel Ahmed,0,0,,,,,,,,,,,,,
1531697,2026,2026-04-27,"Tribhuvan University International Cricket Ground, Kirtipur",1,3.2,3.2,United Arab Emirates,Oman,A Sharma,Adeeb Usmani,Shakeel Ahmed,0,0,,,,,,,,,,,,,
1531697,2026,2026-04-27,"Tribhuvan University International Cricket Ground, Kirtipur",1,3.3,3.3,United Arab Emirates,Oman,A Sharma,Adeeb Usmani,Shakeel Ahmed,0,1,,1,,,,,,,,,,,
1531697,2026,2026-04-27,"Tribhuvan University International Cricket Ground, Kirtipur",1,3.4,3.3,United Arab Emirates,Oman,A Sharma,Adeeb Usmani,Shakeel Ahmed,0,0,,,,,,,,,,,,,
1531697,2026,2026-04-27,"Tribhuvan University International Cricket Ground, Kirtipur",1,3.5,3.4,United Arab Emirates,Oman,A Sharma,Adeeb Usmani,Shakeel Ahmed,0,0,,,,,,,,,,,,,
1531697,2026,2026-04-27,"Tribhuvan University International Cricket Ground, Kirtipur",1,3.6,3.5,United Arab Emirates,Oman,A Sharma,Adeeb Usmani,Shakeel Ahmed,0,0,,,,,,,,,,,,,
1531697,2026,2026-04-27,"Tribhuvan University International Cricket Ground, Kirtipur",1,3.7,3.6,United Arab Emirates,Oman,A Sharma,Adeeb Usmani,Shakeel Ahmed,1,0,,,,,,,,,,,,,
1531697,2026,2026-04-27,"Tribhuvan University International Cricket Ground, Kirtipur",1,4.1,4.1,United Arab Emirates,Oman,A Sharma,Adeeb Usmani,Shah Faisal,0,0,,,,,,,,,,,,,
1531697,2026,2026-04-27,"Tribhuvan University International Cricket Ground, Kirtipur",1,4.2,4.2,United Arab Emirates,Oman,A Sharma,Adeeb Usmani,Shah Faisal,0,0,,,,,,,,,,,,,
1531697,2026,2026-04-27,"Tribhuvan University International Cricket Ground, Kirtipur",1,4.3,4.3,United Arab Emirates,Oman,A Sharma,Adeeb Usmani,Shah Faisal,0,0,,,,,,,,,,,,,
1531697,2026,2026-04-27,"Tribhuvan University International Cricket Ground, Kirtipur",1,4.4,4.4,United Arab Emirates,Oman,A Sharma,Adeeb Usmani,Shah Faisal,0,0,,,,,,,,,,,,,
1531697,2026,2026-04-27,"Tribhuvan University International Cricket Ground, Kirtipur",1,4.5,4.5,United Arab Emirates,Oman,A Sharma,Adeeb Usmani,Shah Faisal,0,0,,,,,,,,,,,,,
1531697,2026,2026-04-27,"Tribhuvan University International Cricket Ground, Kirtipur",1,4.6,4.6,United Arab Emirates,Oman,A Sharma,Adeeb Usmani,Shah Faisal,4,0,,,,,,,,,,,,,
1531697,2026,2026-04-27,"Tribhuvan University International Cricket Ground, Kirtipur",1,5.1,5.1,United Arab Emirates,Oman,Adeeb Usmani,A Sharma,Shakeel Ahmed,1,0,,,,,,,,,,,,,
1531697,2026,2026-04-27,"Tribhuvan University International Cricket Ground, Kirtipur",1,5.2,5.2,United Arab Emirates,Oman,A Sharma,Adeeb Usmani,Shakeel Ahmed,0,0,,,,,,,,,,,,,
1531697,2026,2026-04-27,"Tribhuvan University International Cricket Ground, Kirtipur",1,5.3,5.3,United Arab Emirates,Oman,A Sharma,Adeeb Usmani,Shakeel Ahmed,0,0,,,,,,,,,,,,,
1531697,2026,2026-04-27,"Tribhuvan University International Cricket Ground, Kirtipur",1,5.4,5.4,United Arab Emirates,Oman,A Sharma,Adeeb Usmani,Shakeel Ahmed,4,0,,,,,,,,,,,,,
1531697,2026,2026-04-27,"Tribhuvan University International Cricket Ground, Kirtipur",1,5.5,5.5,United Arab Emirates,Oman,A Sharma,Adeeb Usmani,Shakeel Ahmed,0,0,,,,,,,,,,,,,
1531697,2026,2026-04-27,"Tribhuvan University International Cricket Ground, Kirtipur",1,5.6,5.6,United Arab Emirates,Oman,A Sharma,Adeeb Usmani,Shakeel Ahmed,2,0,,,,,,,,,,,,,
1531697,2026,2026-04-27,"Tribhuvan University International Cricket Ground, Kirtipur",1,6.1,6.1,United Arab Emirates,Oman,Adeeb Usmani,A Sharma,Shah Faisal,4,0,,,,,,,,,,,,,
1531697,2026,2026-04-27,"Tribhuvan University International Cricket Ground, Kirtipur",1,6.2,6.2,United Arab Emirates,Oman,Adeeb Usmani,A Sharma,Shah Faisal,0,0,,,,,,,,,,,,,
1531697,2026,2026-04-27,"Tribhuvan University International Cricket Ground, Kirtipur",1,6.3,6.3,United Arab Emirates,Oman,Adeeb Usmani,A Sharma,Shah Faisal,0,0,,,,,,,,,,,,,
1531697,2026,2026-04-27,"Tribhuvan University International Cricket Ground, Kirtipur",1,6.4,6.4,United Arab Emirates,Oman,Adeeb Usmani,A Sharma,Shah Faisal,1,0,,,,,,,,,,,,,
1531697,2026,2026-04-27,"Tribhuvan University International Cricket Ground, Kirtipur",1,6.5,6.5,United Arab Emirates,Oman,A Sharma,Adeeb Usmani,Shah Faisal,0,0,,,,,,,,,,,,,
1531697,2026,2026-04-27,"Tribhuvan University International Cricket Ground, Kirtipur",1,6.6,6.6,United Arab Emirates,Oman,A Sharma,Adeeb Usmani,Shah Faisal,0,0,,,,,,,,,,,,,
1531697,2026,2026-04-27,"Tribhuvan University International Cricket Ground, Kirtipur",1,7.1,7.1,United Arab Emirates,Oman,Adeeb Usmani,A Sharma,Shakeel Ahmed,0,1,,,,1,,,,,,,,,
1531697,2026,2026-04-27,"Tribhuvan University International Cricket Ground, Kirtipur",1,7.2,7.2,United Arab Emirates,Oman,A Sharma,Adeeb Usmani,Shakeel Ahmed,0,0,,,,,,,,,,,,,
1531697,2026,2026-04-27,"Tribhuvan University International Cricket Ground, Kirtipur",1,7.3,7.3,United Arab Emirates,Oman,A Sharma,Adeeb Usmani,Shakeel Ahmed,0,0,,,,,,,,,,,,,
1531697,2026,2026-04-27,"Tribhuvan University International Cricket Ground, Kirtipur",1,7.4,7.4,United Arab Emirates,Oman,A Sharma,Adeeb Usmani,Shakeel Ahmed,0,0,,,,,,,,,,,,,
1531697,2026,2026-04-27,"Tribhuvan University International Cricket Ground, Kirtipur",1,7.5,7.5,United Arab Emirates,Oman,A Sharma,Adeeb Usmani,Shakeel Ahmed,6,0,,,,,,,,,,,,,
1531697,2026,2026-04-27,"Tribhuvan University International Cricket Ground, Kirtipur",1,7.6,7.6,United Arab Emirates,Oman,A Sharma,Adeeb Usmani,Shakeel Ahmed,1,0,,,,,,,,,,,,,
1531697,2026,2026-04-27,"Tribhuvan University International Cricket Ground, Kirtipur",1,8.1,8.1,United Arab Emirates,Oman,A Sharma,Adeeb Usmani,Hassnain Shah,0,1,1,,,,,,,,,,,,
1531697,2026,2026-04-27,"Tribhuvan University International Cricket Ground, Kirtipur",1,8.2,8.1,United Arab Emirates,Oman,A Sharma,Adeeb Usmani,Hassnain Shah,0,0,,,,,,,,,,,,,
1531697,2026,2026-04-27,"Tribhuvan University International Cricket Ground, Kirtipur",1,8.3,8.2,United Arab Emirates,Oman,A Sharma,Adeeb Usmani,Hassnain Shah,0,0,,,,,,,,,,,,,
1531697,2026,2026-04-27,"Tribhuvan University International Cricket Ground, Kirtipur",1,8.4,8.3,United Arab Emirates,Oman,A Sharma,Adeeb Usmani,Hassnain Shah,0,0,,,,,,,,,,,,,
1531697,2026,2026-04-27,"Tribhuvan University International Cricket Ground, Kirtipur",1,8.5,8.4,United Arab Emirates,Oman,A Sharma,Adeeb Usmani,Hassnain Shah,0,0,,,,,,,,,,,,,
1531697,2026,2026-04-27,"Tribhuvan University International Cricket Ground, Kirtipur",1,8.6,8.5,United Arab Emirates,Oman,A Sharma,Adeeb Usmani,Hassnain Shah,1,0,,,,,,,,,,,,,
1531697,2026,2026-04-27,"Tribhuvan University International Cricket Ground, Kirtipur",1,8.7,8.6,United Arab Emirates,Oman,Adeeb Usmani,A Sharma,Hassnain Shah,0,0,,,,,,,,,,,,,
1531697,2026,2026-04-27,"Tribhuvan University International Cricket Ground, Kirtipur",1,9.1,9.1,United Arab Emirates,Oman,A Sharma,Adeeb Usmani,Mujibur Ali,0,0,,,,,,,,,,,,,
1531697,2026,2026-04-27,"Tribhuvan University International Cricket Ground, Kirtipur",1,9.2,9.2,United Arab Emirates,Oman,A Sharma,Adeeb Usmani,Mujibur Ali,0,0,,,,,,,,,,,,,
1531697,2026,2026-04-27,"Tribhuvan University International Cricket Ground, Kirtipur",1,9.3,9.3,United Arab Emirates,Oman,A Sharma,Adeeb Usmani,Mujibur Ali,0,0,,,,,,,,,,,,,
1531697,2026,2026-04-27,"Tribhuvan University International Cricket Ground, Kirtipur",1,9.4,9.4,United Arab Emirates,Oman,A Sharma,Adeeb Usmani,Mujibur Ali,0,0,,,,,,,,,,,,,
1531697,2026,2026-04-27,"Tribhuvan University International Cricket Ground, Kirtipur",1,9.5,9.5,United Arab Emirates,Oman,A Sharma,Adeeb Usmani,Mujibur Ali,4,0,,,,,,,,,,,,,
1531697,2026,2026-04-27,"Tribhuvan University International Cricket Ground, Kirtipur",1,9.6,9.6,United Arab Emirates,Oman,A Sharma,Adeeb Usmani,Mujibur Ali,0,0,,,,,,,,,,,,,
1531697,2026,2026-04-27,"Tribhuvan University International Cricket Ground, Kirtipur",1,10.1,10.1,United Arab Emirates,Oman,Adeeb Usmani,A Sharma,Shakeel Ahmed,1,0,,,,,,,,,,,,,
1531697,2026,2026-04-27,"Tribhuvan University International Cricket Ground, Kirtipur",1,10.2,10.2,United Arab Emirates,Oman,A Sharma,Adeeb Usmani,Shakeel Ahmed,1,0,,,,,,,,,,,,,
1531697,2026,2026-04-27,"Tribhuvan University International Cricket Ground, Kirtipur",1,10.3,10.3,United Arab Emirates,Oman,Adeeb Usmani,A Sharma,Shakeel Ahmed,0,0,,,,,,,,,,,,,
1531697,2026,2026-04-27,"Tribhuvan University International Cricket Ground, Kirtipur",1,10.4,10.4,United Arab Emirates,Oman,Adeeb Usmani,A Sharma,Shakeel Ahmed,4,0,,,,,,,,,,,,,
1531697,2026,2026-04-27,"Tribhuvan University International Cricket Ground, Kirtipur",1,10.5,10.5,United Arab Emirates,Oman,Adeeb Usmani,A Sharma,Shakeel Ahmed,0,0,,,,,,,,,,,,,
1531697,2026,2026-04-27,"Tribhuvan University International Cricket Ground, Kirtipur",1,10.6,10.6,United Arab Emirates,Oman,Adeeb Usmani,A Sharma,Shakeel Ahmed,0,0,,,,,,,,,,,,,
1531697,2026,2026-04-27,"Tribhuvan University International Cricket Ground, Kirtipur",1,11.1,11.1,United Arab Emirates,Oman,A Sharma,Adeeb Usmani,Mujibur Ali,0,0,,,,,,,,,,,,,
1531697,2026,2026-04-27,"Tribhuvan University International Cricket Ground, Kirtipur",1,11.2,11.2,United Arab Emirates,Oman,A Sharma,Adeeb Usmani,Mujibur Ali,4,0,,,,,,,,,,,,,
1531697,2026,2026-04-27,"Tribhuvan University International Cricket Ground, Kirtipur",1,11.3,11.3,United Arab Emirates,Oman,A Sharma,Adeeb Usmani,Mujibur Ali,1,0,,,,,,,,,,,,,
1531697,2026,2026-04-27,"Tribhuvan University International Cricket Ground, Kirtipur",1,11.4,11.4,United Arab Emirates,Oman,Adeeb Usmani,A Sharma,Mujibur Ali,1,0,,,,,,,,,,,,,
1531697,2026,2026-04-27,"Tribhuvan University International Cricket Ground, Kirtipur",1,11.5,11.5,United Arab Emirates,Oman,A Sharma,Adeeb Usmani,Mujibur Ali,0,0,,,,,,,,,,,,,
1531697,2026,2026-04-27,"Tribhuvan University International Cricket Ground, Kirtipur",1,11.6,11.6,United Arab Emirates,Oman,A Sharma,Adeeb Usmani,Mujibur Ali,0,0,,,,,,,,,,,,,
1531697,2026,2026-04-27,"Tribhuvan University International Cricket Ground, Kirtipur",1,12.1,12.1,United Arab Emirates,Oman,Adeeb Usmani,A Sharma,Shakeel Ahmed,0,0,,,,,,,,,,,,,
1531697,2026,2026-04-27,"Tribhuvan University International Cricket Ground, Kirtipur",1,12.2,12.2,United Arab Emirates,Oman,Adeeb Usmani,A Sharma,Shakeel Ahmed,1,0,,,,,,,,,,,,,
1531697,2026,2026-04-27,"Tribhuvan University International Cricket Ground, Kirtipur",1,12.3,12.3,United Arab Emirates,Oman,A Sharma,Adeeb Usmani,Shakeel Ahmed,0,0,,,,,,,,,,,,,
1531697,2026,2026-04-27,"Tribhuvan University International Cricket Ground, Kirtipur",1,12.4,12.4,United Arab Emirates,Oman,A Sharma,Adeeb Usmani,Shakeel Ahmed,0,0,,,,,,,,,,,,,
1531697,2026,2026-04-27,"Tribhuvan University International Cricket Ground, Kirtipur",1,12.5,12.5,United Arab Emirates,Oman,A Sharma,Adeeb Usmani,Shakeel Ahmed,1,0,,,,,,,,,,,,,
1531697,2026,2026-04-27,"Tribhuvan University International Cricket Ground, Kirtipur",1,12.6,12.6,United Arab Emirates,Oman,Adeeb Usmani,A Sharma,Shakeel Ahmed,0,0,,,,,,,,,,,,,
1531697,2026,2026-04-27,"Tribhuvan University International Cricket Ground, Kirtipur",1,13.1,13.1,United Arab Emirates,Oman,A Sharma,Adeeb Usmani,B Siddharth,0,0,,,,,,,,,,,,,
1531697,2026,2026-04-27,"Tribhuvan University International Cricket Ground, Kirtipur",1,13.2,13.2,United Arab Emirates,Oman,A Sharma,Adeeb Usmani,B Siddharth,1,0,,,,,,,,,,,,,
1531697,2026,2026-04-27,"Tribhuvan University International Cricket Ground, Kirtipur",1,13.3,13.3,United Arab Emirates,Oman,Adeeb Usmani,A Sharma,B Siddharth,0,0,,,,,,,,,,,,,
1531697,2026,2026-04-27,"Tribhuvan University International Cricket Ground, Kirtipur",1,13.4,13.4,United Arab Emirates,Oman,Adeeb Usmani,A Sharma,B Siddharth,1,0,,,,,,,,,,,,,
1531697,2026,2026-04-27,"Tribhuvan University International Cricket Ground, Kirtipur",1,13.5,13.5,United Arab Emirates,Oman,A Sharma,Adeeb Usmani,B Siddharth,0,0,,,,,,,,,,,,,
1531697,2026,2026-04-27,"Tribhuvan University International Cricket Ground, Kirtipur",1,13.6,13.6,United Arab Emirates,Oman,A Sharma,Adeeb Usmani,B Siddharth,1,0,,,,,,,,,,,,,
1531697,2026,2026-04-27,"Tribhuvan University International Cricket Ground, Kirtipur",1,14.1,14.1,United Arab Emirates,Oman,A Sharma,Adeeb Usmani,Shakeel Ahmed,0,0,,,,,,,,,,,,,
1531697,2026,2026-04-27,"Tribhuvan University International Cricket Ground, Kirtipur",1,14.2,14.2,United Arab Emirates,Oman,A Sharma,Adeeb Usmani,Shakeel Ahmed,1,0,,,,,,,,,,,,,
1531697,2026,2026-04-27,"Tribhuvan University International Cricket Ground, Kirtipur",1,14.3,14.3,United Arab Emirates,Oman,Adeeb Usmani,A Sharma,Shakeel Ahmed,0,0,,,,,,,,,,,,,
1531697,2026,2026-04-27,"Tribhuvan University International Cricket Ground, Kirtipur",1,14.4,14.4,United Arab Emirates,Oman,Adeeb Usmani,A Sharma,Shakeel Ahmed,2,0,,,,,,,,,,,,,
1531697,2026,2026-04-27,"Tribhuvan University International Cricket Ground, Kirtipur",1,14.5,14.5,United Arab Emirates,Oman,Adeeb Usmani,A Sharma,Shakeel Ahmed,0,0,,,,,,,,,,,,,
1531697,2026,2026-04-27,"Tribhuvan University International Cricket Ground, Kirtipur",1,14.6,14.6,United Arab Emirates,Oman,Adeeb Usmani,A Sharma,Shakeel Ahmed,0,0,,,,,,,,,,,,,
1531697,2026,2026-04-27,"Tribhuvan University International Cricket Ground, Kirtipur",1,15.1,15.1,United Arab Emirates,Oman,A Sharma,Adeeb Usmani,B Siddharth,1,0,,,,,,,,,,,,,
1531697,2026,2026-04-27,"Tribhuvan University International Cricket Ground, Kirtipur",1,15.2,15.2,United Arab Emirates,Oman,Adeeb Usmani,A Sharma,B Siddharth,0,0,,,,,,,,,,,,,
1531697,2026,2026-04-27,"Tribhuvan University International Cricket Ground, Kirtipur",1,15.3,15.3,United Arab Emirates,Oman,Adeeb Usmani,A Sharma,B Siddharth,2,0,,,,,,,,,,,,,
1531697,2026,2026-04-27,"Tribhuvan University International Cricket Ground, Kirtipur",1,15.4,15.4,United Arab Emirates,Oman,Adeeb Usmani,A Sharma,B Siddharth,1,0,,,,,,,,,,,,,
1531697,2026,2026-04-27,"Tribhuvan University International Cricket Ground, Kirtipur",1,15.5,15.5,United Arab Emirates,Oman,A Sharma,Adeeb Usmani,B Siddharth,0,1,1,,,,,,,,,,,,
1531697,2026,2026-04-27,"Tribhuvan University International Cricket Ground, Kirtipur",1,15.6,15.5,United Arab Emirates,Oman,A Sharma,Adeeb Usmani,B Siddharth,0,0,,,,,,,,,,,,,
1531697,2026,2026-04-27,"Tribhuvan University International Cricket Ground, Kirtipur",1,15.7,15.6,United Arab Emirates,Oman,A Sharma,Adeeb Usmani,B Siddharth,1,0,,,,,,,,,,,,,
1531697,2026,2026-04-27,"Tribhuvan University International Cricket Ground, Kirtipur",1,16.1,16.1,United Arab Emirates,Oman,A Sharma,Adeeb Usmani,Hassnain Shah,1,0,,,,,,,,,,,,,
1531697,2026,2026-04-27,"Tribhuvan University International Cricket Ground, Kirtipur",1,16.2,16.2,United Arab Emirates,Oman,Adeeb Usmani,A Sharma,Hassnain Shah,0,0,,,,,,,,,,,,,
1531697,2026,2026-04-27,"Tribhuvan University International Cricket Ground, Kirtipur",1,16.3,16.3,United Arab Emirates,Oman,Adeeb Usmani,A Sharma,Hassnain Shah,0,1,1,,,,,,,,,,,,
1531697,2026,2026-04-27,"Tribhuvan University International Cricket Ground, Kirtipur",1,16.4,16.3,United Arab Emirates,Oman,Adeeb Usmani,A Sharma,Hassnain Shah,0,0,,,,,,,,,,,,,
1531697,2026,2026-04-27,"Tribhuvan University International Cricket Ground, Kirtipur",1,16.5,16.4,United Arab Emirates,Oman,Adeeb Usmani,A Sharma,Hassnain Shah,1,0,,,,,,,,,,,,,
1531697,2026,2026-04-27,"Tribhuvan University International Cricket Ground, Kirtipur",1,16.6,16.5,United Arab Emirates,Oman,A Sharma,Adeeb Usmani,Hassnain Shah,0,0,,,,,,,,,,,,,
1531697,2026,2026-04-27,"Tribhuvan University International Cricket Ground, Kirtipur",1,16.7,16.6,United Arab Emirates,Oman,A Sharma,Adeeb Usmani,Hassnain Shah,1,0,,,,,,,,,,,,,
1531697,2026,2026-04-27,"Tribhuvan University International Cricket Ground, Kirtipur",1,17.1,17.1,United Arab Emirates,Oman,A Sharma,Adeeb Usmani,B Siddharth,0,0,,,,,,,,,,,,,
1531697,2026,2026-04-27,"Tribhuvan University International Cricket Ground, Kirtipur",1,17.2,17.2,United Arab Emirates,Oman,A Sharma,Adeeb Usmani,B Siddharth,0,0,,,,,,,,,,,,,
1531697,2026,2026-04-27,"Tribhuvan University International Cricket Ground, Kirtipur",1,17.3,17.3,United Arab Emirates,Oman,A Sharma,Adeeb Usmani,B Siddharth,6,0,,,,,,,,,,,,,
1531697,2026,2026-04-27,"Tribhuvan University International Cricket Ground, Kirtipur",1,17.4,17.4,United Arab Emirates,Oman,A Sharma,Adeeb Usmani,B Siddharth,1,0,,,,,,,,,,,,,
1531697,2026,2026-04-27,"Tribhuvan University International Cricket Ground, Kirtipur",1,17.5,17.5,United Arab Emirates,Oman,Adeeb Usmani,A Sharma,B Siddharth,0,0,,,,,,,,,,,,,
1531697,2026,2026-04-27,"Tribhuvan University International Cricket Ground, Kirtipur",1,17.6,17.6,United Arab Emirates,Oman,Adeeb Usmani,A Sharma,B Siddharth,1,0,,,,,,,,,,,,,
1531697,2026,2026-04-27,"Tribhuvan University International Cricket Ground, Kirtipur",1,18.1,18.1,United Arab Emirates,Oman,Adeeb Usmani,A Sharma,Hassnain Shah,1,0,,,,,,,,,,,,,
1531697,2026,2026-04-27,"Tribhuvan University International Cricket Ground, Kirtipur",1,18.2,18.2,United Arab Emirates,Oman,A Sharma,Adeeb Usmani,Hassnain Shah,1,0,,,,,,,,,,,,,
1531697,2026,2026-04-27,"Tribhuvan University International Cricket Ground, Kirtipur",1,18.3,18.3,United Arab Emirates,Oman,Adeeb Usmani,A Sharma,Hassnain Shah,2,0,,,,,,,,,,,,,
1531697,2026,2026-04-27,"Tribhuvan University International Cricket Ground, Kirtipur",1,18.4,18.4,United Arab Emirates,Oman,Adeeb Usmani,A Sharma,Hassnain Shah,0,0,,,,,,,,,,,,,
1531697,2026,2026-04-27,"Tribhuvan University International Cricket Ground, Kirtipur",1,18.5,18.5,United Arab Emirates,Oman,Adeeb Usmani,A Sharma,Hassnain Shah,4,0,,,,,,,,,,,,,
1531697,2026,2026-04-27,"Tribhuvan University International Cricket Ground, Kirtipur",1,18.6,18.6,United Arab Emirates,Oman,Adeeb Usmani,A Sharma,Hassnain Shah,0,0,,,,,,,,,,,,,
1531697,2026,2026-04-27,"Tribhuvan University International Cricket Ground, Kirtipur",1,19.1,19.1,United Arab Emirates,Oman,A Sharma,Adeeb Usmani,J Ramanandi,0,0,,,,,,,,,,,,,
1531697,2026,2026-04-27,"Tribhuvan University International Cricket Ground, Kirtipur",1,19.2,19.2,United Arab Emirates,Oman,A Sharma,Adeeb Usmani,J Ramanandi,0,0,,,,,,,,,,,,,
1531697,2026,2026-04-27,"Tribhuvan University International Cricket Ground, Kirtipur",1,19.3,19.3,United Arab Emirates,Oman,A Sharma,Adeeb Usmani,J Ramanandi,1,0,,,,,,,,,,,,,
1531697,2026,2026-04-27,"Tribhuvan University International Cricket Ground, Kirtipur",1,19.4,19.4,United Arab Emirates,Oman,Adeeb Usmani,A Sharma,J Ramanandi,1,0,,,,,,,,,,,,,
1531697,2026,2026-04-27,"Tribhuvan University International Cricket Ground, Kirtipur",1,19.5,19.5,United Arab Emirates,Oman,A Sharma,Adeeb Usmani,J Ramanandi,1,0,,,,,,,,,,,,,
1531697,2026,2026-04-27,"Tribhuvan University International Cricket Ground, Kirtipur",1,19.6,19.6,United Arab Emirates,Oman,Adeeb Usmani,A Sharma,J Ramanandi,1,0,,,,,,,,,,,,,
1531697,2026,2026-04-27,"Tribhuvan University International Cricket Ground, Kirtipur",1,20.1,20.1,United Arab Emirates,Oman,Adeeb Usmani,A Sharma,Hassnain Shah,0,0,,,,,,,,,,,,,
1531697,2026,2026-04-27,"Tribhuvan University International Cricket Ground, Kirtipur",1,20.2,20.2,United Arab Emirates,Oman,Adeeb Usmani,A Sharma,Hassnain Shah,1,0,,,,,,,,,,,,,
1531697,2026,2026-04-27,"Tribhuvan University International Cricket Ground, Kirtipur",1,20.3,20.3,United Arab Emirates,Oman,A Sharma,Adeeb Usmani,Hassnain Shah,1,0,,,,,,,,,,,,,
1531697,2026,2026-04-27,"Tribhuvan University International Cricket Ground, Kirtipur",1,20.4,20.4,United Arab Emirates,Oman,Adeeb Usmani,A Sharma,Hassnain Shah,0,0,,,,,,,,,,,,,
1531697,2026,2026-04-27,"Tribhuvan University International Cricket Ground, Kirtipur",1,20.5,20.5,United Arab Emirates,Oman,Adeeb Usmani,A Sharma,Hassnain Shah,1,0,,,,,,,,,,,,,
1531697,2026,2026-04-27,"Tribhuvan University International Cricket Ground, Kirtipur",1,20.6,20.6,United Arab Emirates,Oman,A Sharma,Adeeb Usmani,Hassnain Shah,4,0,,,,,,,,,,,,,
1531697,2026,2026-04-27,"Tribhuvan University International Cricket Ground, Kirtipur",1,21.1,21.1,United Arab Emirates,Oman,Adeeb Usmani,A Sharma,J Ramanandi,0,0,,,,,,,,,,,,,
1531697,2026,2026-04-27,"Tribhuvan University International Cricket Ground, Kirtipur",1,21.2,21.2,United Arab Emirates,Oman,Adeeb Usmani,A Sharma,J Ramanandi,0,0,,,,,,,,,,,,,
1531697,2026,2026-04-27,"Tribhuvan University International Cricket Ground, Kirtipur",1,21.3,21.3,United Arab Emirates,Oman,Adeeb Usmani,A Sharma,J Ramanandi,1,0,,,,,,,,,,,,,
1531697,2026,2026-04-27,"Tribhuvan University International Cricket Ground, Kirtipur",1,21.4,21.4,United Arab Emirates,Oman,A Sharma,Adeeb Usmani,J Ramanandi,1,0,,,,,,,,,,,,,
1531697,2026,2026-04-27,"Tribhuvan University International Cricket Ground, Kirtipur",1,21.5,21.5,United Arab Emirates,Oman,Adeeb Usmani,A Sharma,J Ramanandi,1,0,,,,,,,,,,,,,
1531697,2026,2026-04-27,"Tribhuvan University International Cricket Ground, Kirtipur",1,21.6,21.6,United Arab Emirates,Oman,A Sharma,Adeeb Usmani,J Ramanandi,1,0,,,,,,,,,,,,,
1531697,2026,2026-04-27,"Tribhuvan University International Cricket Ground, Kirtipur",1,22.1,22.1,United Arab Emirates,Oman,A Sharma,Adeeb Usmani,Mujibur Ali,4,0,,,,,,,,,,,,,
1531697,2026,2026-04-27,"Tribhuvan University International Cricket Ground, Kirtipur",1,22.2,22.2,United Arab Emirates,Oman,A Sharma,Adeeb Usmani,Mujibur Ali,1,0,,,,,,,,,,,,,
1531697,2026,2026-04-27,"Tribhuvan University International Cricket Ground, Kirtipur",1,22.3,22.3,United Arab Emirates,Oman,Adeeb Usmani,A Sharma,Mujibur Ali,1,0,,,,,,,,,,,,,
1531697,2026,2026-04-27,"Tribhuvan University International Cricket Ground, Kirtipur",1,22.4,22.4,United Arab Emirates,Oman,A Sharma,Adeeb Usmani,Mujibur Ali,0,0,,,,,,,,,,,,,
1531697,2026,2026-04-27,"Tribhuvan University International Cricket Ground, Kirtipur",1,22.5,22.5,United Arab Emirates,Oman,A Sharma,Adeeb Usmani,Mujibur Ali,1,0,,,,,,,,,,,,,
1531697,2026,2026-04-27,"Tribhuvan University International Cricket Ground, Kirtipur",1,22.6,22.6,United Arab Emirates,Oman,Adeeb Usmani,A Sharma,Mujibur Ali,0,0,,,,,,,,,,,,,
1531697,2026,2026-04-27,"Tribhuvan University International Cricket Ground, Kirtipur",1,23.1,23.1,United Arab Emirates,Oman,A Sharma,Adeeb Usmani,J Ramanandi,0,0,,,,,,,,,,,,,
1531697,2026,2026-04-27,"Tribhuvan University International Cricket Ground, Kirtipur",1,23.2,23.2,United Arab Emirates,Oman,A Sharma,Adeeb Usmani,J Ramanandi,0,0,,,,,,,,,,,,,
1531697,2026,2026-04-27,"Tribhuvan University International Cricket Ground, Kirtipur",1,23.3,23.3,United Arab Emirates,Oman,A Sharma,Adeeb Usmani,J Ramanandi,1,0,,,,,,,,,,,,,
1531697,2026,2026-04-27,"Tribhuvan University International Cricket Ground, Kirtipur",1,23.4,23.4,United Arab Emirates,Oman,Adeeb Usmani,A Sharma,J Ramanandi,1,0,,,,,,,,,,,,,
1531697,2026,2026-04-27,"Tribhuvan University International Cricket Ground, Kirtipur",1,23.5,23.5,United Arab Emirates,Oman,A Sharma,Adeeb Usmani,J Ramanandi,0,0,,,,,,,,,,,,,
1531697,2026,2026-04-27,"Tribhuvan University International Cricket Ground, Kirtipur",1,23.6,23.6,United Arab Emirates,Oman,A Sharma,Adeeb Usmani,J Ramanandi,1,0,,,,,,,,,,,,,
1531697,2026,2026-04-27,"Tribhuvan University International Cricket Ground, Kirtipur",1,24.1,24.1,United Arab Emirates,Oman,A Sharma,Adeeb Usmani,Mujibur Ali,2,0,,,,,,,,,,,,,
1531697,2026,2026-04-27,"Tribhuvan University International Cricket Ground, Kirtipur",1,24.2,24.2,United Arab Emirates,Oman,A Sharma,Adeeb Usmani,Mujibur Ali,1,0,,,,,,,,,,,,,
1531697,2026,2026-04-27,"Tribhuvan University International Cricket Ground, Kirtipur",1,24.3,24.3,United Arab Emirates,Oman,Adeeb Usmani,A Sharma,Mujibur Ali,0,0,,,,,,,,,,,,,
1531697,2026,2026-04-27,"Tribhuvan University International Cricket Ground, Kirtipur",1,24.4,24.4,United Arab Emirates,Oman,Adeeb Usmani,A Sharma,Mujibur Ali,1,0,,,,,,,,,,,,,
1531697,2026,2026-04-27,"Tribhuvan University International Cricket Ground, Kirtipur",1,24.5,24.5,United Arab Emirates,Oman,A Sharma,Adeeb Usmani,Mujibur Ali,2,0,,,,,,,,,,,,,
1531697,2026,2026-04-27,"Tribhuvan University International Cricket Ground, Kirtipur",1,24.6,24.6,United Arab Emirates,Oman,A Sharma,Adeeb Usmani,Mujibur Ali,1,0,,,,,,,,,,,,,
1531697,2026,2026-04-27,"Tribhuvan University International Cricket Ground, Kirtipur",1,25.1,25.1,United Arab Emirates,Oman,A Sharma,Adeeb Usmani,J Ramanandi,0,0,,,,,,,,,,,,,
1531697,2026,2026-04-27,"Tribhuvan University International Cricket Ground, Kirtipur",1,25.2,25.2,United Arab Emirates,Oman,A Sharma,Adeeb Usmani,J Ramanandi,0,0,,,,,,,,,,,,,
1531697,2026,2026-04-27,"Tribhuvan University International Cricket Ground, Kirtipur",1,25.3,25.3,United Arab Emirates,Oman,A Sharma,Adeeb Usmani,J Ramanandi,1,0,,,,,,,,,,,,,
1531697,2026,2026-04-27,"Tribhuvan University International Cricket Ground, Kirtipur",1,25.4,25.4,United Arab Emirates,Oman,Adeeb Usmani,A Sharma,J Ramanandi,1,0,,,,,,,,,,,,,
1531697,2026,2026-04-27,"Tribhuvan University International Cricket Ground, Kirtipur",1,25.5,25.5,United Arab Emirates,Oman,A Sharma,Adeeb Usmani,J Ramanandi,4,0,,,,,,,,,,,,,
1531697,2026,2026-04-27,"Tribhuvan University International Cricket Ground, Kirtipur",1,25.6,25.6,United Arab Emirates,Oman,A Sharma,Adeeb Usmani,J Ramanandi,1,0,,,,,,,,,,,,,
1531697,2026,2026-04-27,"Tribhuvan University International Cricket Ground, Kirtipur",1,26.1,26.1,United Arab Emirates,Oman,A Sharma,Adeeb Usmani,Shakeel Ahmed,1,0,,,,,,,,,,,,,
1531697,2026,2026-04-27,"Tribhuvan University International Cricket Ground, Kirtipur",1,26.2,26.2,United Arab Emirates,Oman,Adeeb Usmani,A Sharma,Shakeel Ahmed,1,0,,,,,,,,,,,,,
1531697,2026,2026-04-27,"Tribhuvan University International Cricket Ground, Kirtipur",1,26.3,26.3,United Arab Emirates,Oman,A Sharma,Adeeb Usmani,Shakeel Ahmed,4,0,,,,,,,,,,,,,
1531697,2026,2026-04-27,"Tribhuvan University International Cricket Ground, Kirtipur",1,26.4,26.4,United Arab Emirates,Oman,A Sharma,Adeeb Usmani,Shakeel Ahmed,1,0,,,,,,,,,,,,,
1531697,2026,2026-04-27,"Tribhuvan University International Cricket Ground, Kirtipur",1,26.5,26.5,United Arab Emirates,Oman,Adeeb Usmani,A Sharma,Shakeel Ahmed,1,0,,,,,,,,,,,,,
1531697,2026,2026-04-27,"Tribhuvan University International Cricket Ground, Kirtipur",1,26.6,26.6,United Arab Emirates,Oman,A Sharma,Adeeb Usmani,Shakeel Ahmed,0,0,,,,,,,,,,,,,
1531697,2026,2026-04-27,"Tribhuvan University International Cricket Ground, Kirtipur",1,27.1,27.1,United Arab Emirates,Oman,Adeeb Usmani,A Sharma,J Ramanandi,1,0,,,,,,,,,,,,,
1531697,2026,2026-04-27,"Tribhuvan University International Cricket Ground, Kirtipur",1,27.2,27.2,United Arab Emirates,Oman,A Sharma,Adeeb Usmani,J Ramanandi,2,0,,,,,,,,,,,,,
1531697,2026,2026-04-27,"Tribhuvan University International Cricket Ground, Kirtipur",1,27.3,27.3,United Arab Emirates,Oman,A Sharma,Adeeb Usmani,J Ramanandi,0,0,,,,,,,,,,,,,
1531697,2026,2026-04-27,"Tribhuvan University International Cricket Ground, Kirtipur",1,27.4,27.4,United Arab Emirates,Oman,A Sharma,Adeeb Usmani,J Ramanandi,0,0,,,,,,,,,,,,,
1531697,2026,2026-04-27,"Tribhuvan University International Cricket Ground, Kirtipur",1,27.5,27.5,United Arab Emirates,Oman,A Sharma,Adeeb Usmani,J Ramanandi,1,0,,,,,,,,,,,,,
1531697,2026,2026-04-27,"Tribhuvan University International Cricket Ground, Kirtipur",1,27.6,27.6,United Arab Emirates,Oman,Adeeb Usmani,A Sharma,J Ramanandi,1,0,,,,,,,,,,,,,
1531697,2026,2026-04-27,"Tribhuvan University International Cricket Ground, Kirtipur",1,28.1,28.1,United Arab Emirates,Oman,Adeeb Usmani,A Sharma,Shah Faisal,6,0,,,,,,,,,,,,,
1531697,2026,2026-04-27,"Tribhuvan University International Cricket Ground, Kirtipur",1,28.2,28.2,United Arab Emirates,Oman,Adeeb Usmani,A Sharma,Shah Faisal,0,0,,,,,,,,,,,,,
1531697,2026,2026-04-27,"Tribhuvan University International Cricket Ground, Kirtipur",1,28.3,28.3,United Arab Emirates,Oman,Adeeb Usmani,A Sharma,Shah Faisal,1,0,,,,,,,,,,,,,
1531697,2026,2026-04-27,"Tribhuvan University International Cricket Ground, Kirtipur",1,28.4,28.4,United Arab Emirates,Oman,A Sharma,Adeeb Usmani,Shah Faisal,0,0,,,,,,,,,,,,,
1531697,2026,2026-04-27,"Tribhuvan University International Cricket Ground, Kirtipur",1,28.5,28.5,United Arab Emirates,Oman,A Sharma,Adeeb Usmani,Shah Faisal,0,0,,,,,,,,,,,,,
1531697,2026,2026-04-27,"Tribhuvan University International Cricket Ground, Kirtipur",1,28.6,28.6,United Arab Emirates,Oman,A Sharma,Adeeb Usmani,Shah Faisal,0,0,,,,,,,,,,,,,
1531697,2026,2026-04-27,"Tribhuvan University International Cricket Ground, Kirtipur",1,29.1,29.1,United Arab Emirates,Oman,Adeeb Usmani,A Sharma,Wasim Ali,0,0,,,,,,,,,,,,,
1531697,2026,2026-04-27,"Tribhuvan University International Cricket Ground, Kirtipur",1,29.2,29.2,United Arab Emirates,Oman,Adeeb Usmani,A Sharma,Wasim Ali,2,0,,,,,,,,,,,,,
1531697,2026,2026-04-27,"Tribhuvan University International Cricket Ground, Kirtipur",1,29.3,29.3,United Arab Emirates,Oman,Adeeb Usmani,A Sharma,Wasim Ali,1,0,,,,,,,,,,,,,
1531697,2026,2026-04-27,"Tribhuvan University International Cricket Ground, Kirtipur",1,29.4,29.4,United Arab Emirates,Oman,A Sharma,Adeeb Usmani,Wasim Ali,2,0,,,,,,,,,,,,,
1531697,2026,2026-04-27,"Tribhuvan University International Cricket Ground, Kirtipur",1,29.5,29.5,United Arab Emirates,Oman,A Sharma,Adeeb Usmani,Wasim Ali,1,0,,,,,,,,,,,,,
1531697,2026,2026-04-27,"Tribhuvan University International Cricket Ground, Kirtipur",1,29.6,29.6,United Arab Emirates,Oman,Adeeb Usmani,A Sharma,Wasim Ali,1,0,,,,,,,,,,,,,
1531697,2026,2026-04-27,"Tribhuvan University International Cricket Ground, Kirtipur",1,30.1,30.1,United Arab Emirates,Oman,Adeeb Usmani,A Sharma,Shah Faisal,0,0,,,,,,,,,,,,,
1531697,2026,2026-04-27,"Tribhuvan University International Cricket Ground, Kirtipur",1,30.2,30.2,United Arab Emirates,Oman,Adeeb Usmani,A Sharma,Shah Faisal,0,0,,,,,,,caught,Adeeb Usmani,,,V Shukla,,
1531697,2026,2026-04-27,"Tribhuvan University International Cricket Ground, Kirtipur",1,30.3,30.3,United Arab Emirates,Oman,Harpreet Singh,A Sharma,Shah Faisal,0,0,,,,,,,,,,,,,
1531697,2026,2026-04-27,"Tribhuvan University International Cricket Ground, Kirtipur",1,30.4,30.4,United Arab Emirates,Oman,Harpreet Singh,A Sharma,Shah Faisal,1,0,,,,,,,,,,,,,
1531697,2026,2026-04-27,"Tribhuvan University International Cricket Ground, Kirtipur",1,30.5,30.5,United Arab Emirates,Oman,A Sharma,Harpreet Singh,Shah Faisal,0,0,,,,,,,,,,,,,
1531697,2026,2026-04-27,"Tribhuvan University International Cricket Ground, Kirtipur",1,30.6,30.6,United Arab Emirates,Oman,A Sharma,Harpreet Singh,Shah Faisal,1,0,,,,,,,,,,,,,
1531697,2026,2026-04-27,"Tribhuvan University International Cricket Ground, Kirtipur",1,31.1,31.1,United Arab Emirates,Oman,A Sharma,Harpreet Singh,B Siddharth,1,0,,,,,,,,,,,,,
1531697,2026,2026-04-27,"Tribhuvan University International Cricket Ground, Kirtipur",1,31.2,31.2,United Arab Emirates,Oman,Harpreet Singh,A Sharma,B Siddharth,0,0,,,,,,,,,,,,,
1531697,2026,2026-04-27,"Tribhuvan University International Cricket Ground, Kirtipur",1,31.3,31.3,United Arab Emirates,Oman,Harpreet Singh,A Sharma,B Siddharth,0,0,,,,,,,,,,,,,
1531697,2026,2026-04-27,"Tribhuvan University International Cricket Ground, Kirtipur",1,31.4,31.4,United Arab Emirates,Oman,Harpreet Singh,A Sharma,B Siddharth,1,0,,,,,,,,,,,,,
1531697,2026,2026-04-27,"Tribhuvan University International Cricket Ground, Kirtipur",1,31.5,31.5,United Arab Emirates,Oman,A Sharma,Harpreet Singh,B Siddharth,1,0,,,,,,,,,,,,,
1531697,2026,2026-04-27,"Tribhuvan University International Cricket Ground, Kirtipur",1,31.6,31.6,United Arab Emirates,Oman,Harpreet Singh,A Sharma,B Siddharth,1,0,,,,,,,,,,,,,
1531697,2026,2026-04-27,"Tribhuvan University International Cricket Ground, Kirtipur",1,32.1,32.1,United Arab Emirates,Oman,Harpreet Singh,A Sharma,Shah Faisal,0,0,,,,,,,,,,,,,
1531697,2026,2026-04-27,"Tribhuvan University International Cricket Ground, Kirtipur",1,32.2,32.2,United Arab Emirates,Oman,Harpreet Singh,A Sharma,Shah Faisal,0,0,,,,,,,,,,,,,
1531697,2026,2026-04-27,"Tribhuvan University International Cricket Ground, Kirtipur",1,32.3,32.3,United Arab Emirates,Oman,Harpreet Singh,A Sharma,Shah Faisal,1,0,,,,,,,,,,,,,
1531697,2026,2026-04-27,"Tribhuvan University International Cricket Ground, Kirtipur",1,32.4,32.4,United Arab Emirates,Oman,A Sharma,Harpreet Singh,Shah Faisal,1,0,,,,,,,,,,,,,
1531697,2026,2026-04-27,"Tribhuvan University International Cricket Ground, Kirtipur",1,32.5,32.5,United Arab Emirates,Oman,Harpreet Singh,A Sharma,Shah Faisal,0,0,,,,,,,,,,,,,
1531697,2026,2026-04-27,"Tribhuvan University International Cricket Ground, Kirtipur",1,32.6,32.6,United Arab Emirates,Oman,Harpreet Singh,A Sharma,Shah Faisal,1,0,,,,,,,,,,,,,
1531697,2026,2026-04-27,"Tribhuvan University International Cricket Ground, Kirtipur",1,33.1,33.1,United Arab Emirates,Oman,Harpreet Singh,A Sharma,B Siddharth,0,0,,,,,,,,,,,,,
1531697,2026,2026-04-27,"Tribhuvan University International Cricket Ground, Kirtipur",1,33.2,33.2,United Arab Emirates,Oman,Harpreet Singh,A Sharma,B Siddharth,1,0,,,,,,,,,,,,,
1531697,2026,2026-04-27,"Tribhuvan University International Cricket Ground, Kirtipur",1,33.3,33.3,United Arab Emirates,Oman,A Sharma,Harpreet Singh,B Siddharth,0,0,,,,,,,,,,,,,
1531697,2026,2026-04-27,"Tribhuvan University International Cricket Ground, Kirtipur",1,33.4,33.4,United Arab Emirates,Oman,A Sharma,Harpreet Singh,B Siddharth,0,0,,,,,,,,,,,,,
1531697,2026,2026-04-27,"Tribhuvan University International Cricket Ground, Kirtipur",1,33.5,33.5,United Arab Emirates,Oman,A Sharma,Harpreet Singh,B Siddharth,0,0,,,,,,,,,,,,,
1531697,2026,2026-04-27,"Tribhuvan University International Cricket Ground, Kirtipur",1,33.6,33.6,United Arab Emirates,Oman,A Sharma,Harpreet Singh,B Siddharth,1,0,,,,,,,,,,,,,
1531697,2026,2026-04-27,"Tribhuvan University International Cricket Ground, Kirtipur",1,34.1,34.1,United Arab Emirates,Oman,A Sharma,Harpreet Singh,Shah Faisal,0,0,,,,,,,,,,,,,
1531697,2026,2026-04-27,"Tribhuvan University International Cricket Ground, Kirtipur",1,34.2,34.2,United Arab Emirates,Oman,A Sharma,Harpreet Singh,Shah Faisal,2,0,,,,,,,,,,,,,
1531697,2026,2026-04-27,"Tribhuvan University International Cricket Ground, Kirtipur",1,34.3,34.3,United Arab Emirates,Oman,A Sharma,Harpreet Singh,Shah Faisal,1,0,,,,,,,,,,,,,
1531697,2026,2026-04-27,"Tribhuvan University International Cricket Ground, Kirtipur",1,34.4,34.4,United Arab Emirates,Oman,Harpreet Singh,A Sharma,Shah Faisal,4,0,,,,,,,,,,,,,
1531697,2026,2026-04-27,"Tribhuvan University International Cricket Ground, Kirtipur",1,34.5,34.5,United Arab Emirates,Oman,Harpreet Singh,A Sharma,Shah Faisal,1,0,,,,,,,,,,,,,
1531697,2026,2026-04-27,"Tribhuvan University International Cricket Ground, Kirtipur",1,34.6,34.6,United Arab Emirates,Oman,A Sharma,Harpreet Singh,Shah Faisal,1,0,,,,,,,,,,,,,
1531697,2026,2026-04-27,"Tribhuvan University International Cricket Ground, Kirtipur",1,35.1,35.1,United Arab Emirates,Oman,A Sharma,Harpreet Singh,B Siddharth,4,0,,,,,,,,,,,,,
1531697,2026,2026-04-27,"Tribhuvan University International Cricket Ground, Kirtipur",1,35.2,35.2,United Arab Emirates,Oman,A Sharma,Harpreet Singh,B Siddharth,0,0,,,,,,,,,,,,,
1531697,2026,2026-04-27,"Tribhuvan University International Cricket Ground, Kirtipur",1,35.3,35.3,United Arab Emirates,Oman,A Sharma,Harpreet Singh,B Siddharth,0,0,,,,,,,,,,,,,
1531697,2026,2026-04-27,"Tribhuvan University International Cricket Ground, Kirtipur",1,35.4,35.4,United Arab Emirates,Oman,A Sharma,Harpreet Singh,B Siddharth,0,0,,,,,,,,,,,,,
1531697,2026,2026-04-27,"Tribhuvan University International Cricket Ground, Kirtipur",1,35.5,35.5,United Arab Emirates,Oman,A Sharma,Harpreet Singh,B Siddharth,0,0,,,,,,,caught,A Sharma,,,Jatinder Singh,,
1531697,2026,2026-04-27,"Tribhuvan University International Cricket Ground, Kirtipur",1,35.6,35.6,United Arab Emirates,Oman,AD Nath,Harpreet Singh,B Siddharth,0,0,,,,,,,,,,,,,
1531697,2026,2026-04-27,"Tribhuvan University International Cricket Ground, Kirtipur",1,36.1,36.1,United Arab Emirates,Oman,Harpreet Singh,AD Nath,Shakeel Ahmed,0,0,,,,,,,,,,,,,
1531697,2026,2026-04-27,"Tribhuvan University International Cricket Ground, Kirtipur",1,36.2,36.2,United Arab Emirates,Oman,Harpreet Singh,AD Nath,Shakeel Ahmed,0,0,,,,,,,,,,,,,
1531697,2026,2026-04-27,"Tribhuvan University International Cricket Ground, Kirtipur",1,36.3,36.3,United Arab Emirates,Oman,Harpreet Singh,AD Nath,Shakeel Ahmed,1,0,,,,,,,,,,,,,
1531697,2026,2026-04-27,"Tribhuvan University International Cricket Ground, Kirtipur",1,36.4,36.4,United Arab Emirates,Oman,AD Nath,Harpreet Singh,Shakeel Ahmed,1,0,,,,,,,,,,,,,
1531697,2026,2026-04-27,"Tribhuvan University International Cricket Ground, Kirtipur",1,36.5,36.5,United Arab Emirates,Oman,Harpreet Singh,AD Nath,Shakeel Ahmed,1,0,,,,,,,,,,,,,
1531697,2026,2026-04-27,"Tribhuvan University International Cricket Ground, Kirtipur",1,36.6,36.6,United Arab Emirates,Oman,AD Nath,Harpreet Singh,Shakeel Ahmed,0,0,,,,,,,,,,,,,
1531697,2026,2026-04-27,"Tribhuvan University International Cricket Ground, Kirtipur",1,37.1,37.1,United Arab Emirates,Oman,Harpreet Singh,AD Nath,B Siddharth,1,0,,,,,,,,,,,,,
1531697,2026,2026-04-27,"Tribhuvan University International Cricket Ground, Kirtipur",1,37.2,37.2,United Arab Emirates,Oman,AD Nath,Harpreet Singh,B Siddharth,0,0,,,,,,,,,,,,,
1531697,2026,2026-04-27,"Tribhuvan University International Cricket Ground, Kirtipur",1,37.3,37.3,United Arab Emirates,Oman,AD Nath,Harpreet Singh,B Siddharth,4,0,,,,,,,,,,,,,
1531697,2026,2026-04-27,"Tribhuvan University International Cricket Ground, Kirtipur",1,37.4,37.4,United Arab Emirates,Oman,AD Nath,Harpreet Singh,B Siddharth,0,0,,,,,,,,,,,,,
1531697,2026,2026-04-27,"Tribhuvan University International Cricket Ground, Kirtipur",1,37.5,37.5,United Arab Emirates,Oman,AD Nath,Harpreet Singh,B Siddharth,0,0,,,,,,,caught,AD Nath,,,Mujibur Ali,,
1531697,2026,2026-04-27,"Tribhuvan University International Cricket Ground, Kirtipur",1,37.6,37.6,United Arab Emirates,Oman,Waseem Muhammad,Harpreet Singh,B Siddharth,0,0,,,,,,,,,,,,,
1531697,2026,2026-04-27,"Tribhuvan University International Cricket Ground, Kirtipur",1,38.1,38.1,United Arab Emirates,Oman,Harpreet Singh,Waseem Muhammad,Shakeel Ahmed,0,0,,,,,,,,,,,,,
1531697,2026,2026-04-27,"Tribhuvan University International Cricket Ground, Kirtipur",1,38.2,38.2,United Arab Emirates,Oman,Harpreet Singh,Waseem Muhammad,Shakeel Ahmed,1,0,,,,,,,,,,,,,
1531697,2026,2026-04-27,"Tribhuvan University International Cricket Ground, Kirtipur",1,38.3,38.3,United Arab Emirates,Oman,Waseem Muhammad,Harpreet Singh,Shakeel Ahmed,0,0,,,,,,,,,,,,,
1531697,2026,2026-04-27,"Tribhuvan University International Cricket Ground, Kirtipur",1,38.4,38.4,United Arab Emirates,Oman,Waseem Muhammad,Harpreet Singh,Shakeel Ahmed,0,0,,,,,,,,,,,,,
1531697,2026,2026-04-27,"Tribhuvan University International Cricket Ground, Kirtipur",1,38.5,38.5,United Arab Emirates,Oman,Waseem Muhammad,Harpreet Singh,Shakeel Ahmed,0,0,,,,,,,,,,,,,
1531697,2026,2026-04-27,"Tribhuvan University International Cricket Ground, Kirtipur",1,38.6,38.6,United Arab Emirates,Oman,Waseem Muhammad,Harpreet Singh,Shakeel Ahmed,0,0,,,,,,,,,,,,,
1531697,2026,2026-04-27,"Tribhuvan University International Cricket Ground, Kirtipur",1,39.1,39.1,United Arab Emirates,Oman,Harpreet Singh,Waseem Muhammad,B Siddharth,0,0,,,,,,,,,,,,,
1531697,2026,2026-04-27,"Tribhuvan University International Cricket Ground, Kirtipur",1,39.2,39.2,United Arab Emirates,Oman,Harpreet Singh,Waseem Muhammad,B Siddharth,1,0,,,,,,,,,,,,,
1531697,2026,2026-04-27,"Tribhuvan University International Cricket Ground, Kirtipur",1,39.3,39.3,United Arab Emirates,Oman,Waseem Muhammad,Harpreet Singh,B Siddharth,1,0,,,,,,,,,,,,,
1531697,2026,2026-04-27,"Tribhuvan University International Cricket Ground, Kirtipur",1,39.4,39.4,United Arab Emirates,Oman,Harpreet Singh,Waseem Muhammad,B Siddharth,1,0,,,,,,,,,,,,,
1531697,2026,2026-04-27,"Tribhuvan University International Cricket Ground, Kirtipur",1,39.5,39.5,United Arab Emirates,Oman,Waseem Muhammad,Harpreet Singh,B Siddharth,2,0,,,,,,,,,,,,,
1531697,2026,2026-04-27,"Tribhuvan University International Cricket Ground, Kirtipur",1,39.6,39.6,United Arab Emirates,Oman,Waseem Muhammad,Harpreet Singh,B Siddharth,0,0,,,,,,,,,,,,,
1531697,2026,2026-04-27,"Tribhuvan University International Cricket Ground, Kirtipur",1,40.1,40.1,United Arab Emirates,Oman,Harpreet Singh,Waseem Muhammad,Shakeel Ahmed,0,0,,,,,,,,,,,,,
1531697,2026,2026-04-27,"Tribhuvan University International Cricket Ground, Kirtipur",1,40.2,40.2,United Arab Emirates,Oman,Harpreet Singh,Waseem Muhammad,Shakeel Ahmed,0,0,,,,,,,,,,,,,
1531697,2026,2026-04-27,"Tribhuvan University International Cricket Ground, Kirtipur",1,40.3,40.3,United Arab Emirates,Oman,Harpreet Singh,Waseem Muhammad,Shakeel Ahmed,0,0,,,,,,,,,,,,,
1531697,2026,2026-04-27,"Tribhuvan University International Cricket Ground, Kirtipur",1,40.4,40.4,United Arab Emirates,Oman,Harpreet Singh,Waseem Muhammad,Shakeel Ahmed,1,0,,,,,,,,,,,,,
1531697,2026,2026-04-27,"Tribhuvan University International Cricket Ground, Kirtipur",1,40.5,40.5,United Arab Emirates,Oman,Waseem Muhammad,Harpreet Singh,Shakeel Ahmed,0,0,,,,,,,caught,Waseem Muhammad,,,B Siddharth,,
1531697,2026,2026-04-27,"Tribhuvan University International Cricket Ground, Kirtipur",1,40.6,40.6,United Arab Emirates,Oman,Nilansh Keswani,Harpreet Singh,Shakeel Ahmed,0,0,,,,,,,,,,,,,
1531697,2026,2026-04-27,"Tribhuvan University International Cricket Ground, Kirtipur",1,41.1,41.1,United Arab Emirates,Oman,Harpreet Singh,Nilansh Keswani,B Siddharth,0,0,,,,,,,,,,,,,
1531697,2026,2026-04-27,"Tribhuvan University International Cricket Ground, Kirtipur",1,41.2,41.2,United Arab Emirates,Oman,Harpreet Singh,Nilansh Keswani,B Siddharth,4,0,,,,,,,,,,,,,
1531697,2026,2026-04-27,"Tribhuvan University International Cricket Ground, Kirtipur",1,41.3,41.3,United Arab Emirates,Oman,Harpreet Singh,Nilansh Keswani,B Siddharth,0,0,,,,,,,run out,Nilansh Keswani,,,J Ramanandi,,
1531697,2026,2026-04-27,"Tribhuvan University International Cricket Ground, Kirtipur",1,41.4,41.4,United Arab Emirates,Oman,Harpreet Singh,Muhammad Shahdad,B Siddharth,0,0,,,,,,,,,,,,,
1531697,2026,2026-04-27,"Tribhuvan University International Cricket Ground, Kirtipur",1,41.5,41.5,United Arab Emirates,Oman,Harpreet Singh,Muhammad Shahdad,B Siddharth,0,0,,,,,,,,,,,,,
1531697,2026,2026-04-27,"Tribhuvan University International Cricket Ground, Kirtipur",1,41.6,41.6,United Arab Emirates,Oman,Harpreet Singh,Muhammad Shahdad,B Siddharth,0,0,,,,,,,,,,,,,
1531697,2026,2026-04-27,"Tribhuvan University International Cricket Ground, Kirtipur",1,42.1,42.1,United Arab Emirates,Oman,Muhammad Shahdad,Harpreet Singh,J Ramanandi,1,0,,,,,,,,,,,,,
1531697,2026,2026-04-27,"Tribhuvan University International Cricket Ground, Kirtipur",1,42.2,42.2,United Arab Emirates,Oman,Harpreet Singh,Muhammad Shahdad,J Ramanandi,0,0,,,,,,,,,,,,,
1531697,2026,2026-04-27,"Tribhuvan University International Cricket Ground, Kirtipur",1,42.3,42.3,United Arab Emirates,Oman,Harpreet Singh,Muhammad Shahdad,J Ramanandi,1,0,,,,,,,,,,,,,
1531697,2026,2026-04-27,"Tribhuvan University International Cricket Ground, Kirtipur",1,42.4,42.4,United Arab Emirates,Oman,Muhammad Shahdad,Harpreet Singh,J Ramanandi,0,0,,,,,,,,,,,,,
1531697,2026,2026-04-27,"Tribhuvan University International Cricket Ground, Kirtipur",1,42.5,42.5,United Arab Emirates,Oman,Muhammad Shahdad,Harpreet Singh,J Ramanandi,1,0,,,,,,,,,,,,,
1531697,2026,2026-04-27,"Tribhuvan University International Cricket Ground, Kirtipur",1,42.6,42.6,United Arab Emirates,Oman,Harpreet Singh,Muhammad Shahdad,J Ramanandi,2,0,,,,,,,,,,,,,
1531697,2026,2026-04-27,"Tribhuvan University International Cricket Ground, Kirtipur",1,43.1,43.1,United Arab Emirates,Oman,Muhammad Shahdad,Harpreet Singh,B Siddharth,1,0,,,,,,,,,,,,,
1531697,2026,2026-04-27,"Tribhuvan University International Cricket Ground, Kirtipur",1,43.2,43.2,United Arab Emirates,Oman,Harpreet Singh,Muhammad Shahdad,B Siddharth,0,0,,,,,,,,,,,,,
1531697,2026,2026-04-27,"Tribhuvan University International Cricket Ground, Kirtipur",1,43.3,43.3,United Arab Emirates,Oman,Harpreet Singh,Muhammad Shahdad,B Siddharth,0,0,,,,,,,,,,,,,
1531697,2026,2026-04-27,"Tribhuvan University International Cricket Ground, Kirtipur",1,43.4,43.4,United Arab Emirates,Oman,Harpreet Singh,Muhammad Shahdad,B Siddharth,0,0,,,,,,,,,,,,,
1531697,2026,2026-04-27,"Tribhuvan University International Cricket Ground, Kirtipur",1,43.5,43.5,United Arab Emirates,Oman,Harpreet Singh,Muhammad Shahdad,B Siddharth,1,0,,,,,,,,,,,,,
1531697,2026,2026-04-27,"Tribhuvan University International Cricket Ground, Kirtipur",1,43.6,43.6,United Arab Emirates,Oman,Muhammad Shahdad,Harpreet Singh,B Siddharth,1,0,,,,,,,,,,,,,
1531697,2026,2026-04-27,"Tribhuvan University International Cricket Ground, Kirtipur",1,44.1,44.1,United Arab Emirates,Oman,Muhammad Shahdad,Harpreet Singh,J Ramanandi,1,0,,,,,,,,,,,,,
1531697,2026,2026-04-27,"Tribhuvan University International Cricket Ground, Kirtipur",1,44.2,44.2,United Arab Emirates,Oman,Harpreet Singh,Muhammad Shahdad,J Ramanandi,1,0,,,,,,,,,,,,,
1531697,2026,2026-04-27,"Tribhuvan University International Cricket Ground, Kirtipur",1,44.3,44.3,United Arab Emirates,Oman,Muhammad Shahdad,Harpreet Singh,J Ramanandi,0,0,,,,,,,,,,,,,
1531697,2026,2026-04-27,"Tribhuvan University International Cricket Ground, Kirtipur",1,44.4,44.4,United Arab Emirates,Oman,Muhammad Shahdad,Harpreet Singh,J Ramanandi,1,0,,,,,,,,,,,,,
1531697,2026,2026-04-27,"Tribhuvan University International Cricket Ground, Kirtipur",1,44.5,44.5,United Arab Emirates,Oman,Harpreet Singh,Muhammad Shahdad,J Ramanandi,1,0,,,,,,,,,,,,,
1531697,2026,2026-04-27,"Tribhuvan University International Cricket Ground, Kirtipur",1,44.6,44.6,United Arab Emirates,Oman,Muhammad Shahdad,Harpreet Singh,J Ramanandi,0,0,,,,,,,,,,,,,
1531697,2026,2026-04-27,"Tribhuvan University International Cricket Ground, Kirtipur",1,45.1,45.1,United Arab Emirates,Oman,Harpreet Singh,Muhammad Shahdad,Hassnain Shah,1,0,,,,,,,,,,,,,
1531697,2026,2026-04-27,"Tribhuvan University International Cricket Ground, Kirtipur",1,45.2,45.2,United Arab Emirates,Oman,Muhammad Shahdad,Harpreet Singh,Hassnain Shah,1,0,,,,,,,,,,,,,
1531697,2026,2026-04-27,"Tribhuvan University International Cricket Ground, Kirtipur",1,45.3,45.3,United Arab Emirates,Oman,Harpreet Singh,Muhammad Shahdad,Hassnain Shah,1,0,,,,,,,,,,,,,
1531697,2026,2026-04-27,"Tribhuvan University International Cricket Ground, Kirtipur",1,45.4,45.4,United Arab Emirates,Oman,Muhammad Shahdad,Harpreet Singh,Hassnain Shah,0,1,1,,,,,,,,,,,,
1531697,2026,2026-04-27,"Tribhuvan University International Cricket Ground, Kirtipur",1,45.5,45.4,United Arab Emirates,Oman,Muhammad Shahdad,Harpreet Singh,Hassnain Shah,1,0,,,,,,,,,,,,,
1531697,2026,2026-04-27,"Tribhuvan University International Cricket Ground, Kirtipur",1,45.6,45.5,United Arab Emirates,Oman,Harpreet Singh,Muhammad Shahdad,Hassnain Shah,4,0,,,,,,,,,,,,,
1531697,2026,2026-04-27,"Tribhuvan University International Cricket Ground, Kirtipur",1,45.7,45.6,United Arab Emirates,Oman,Harpreet Singh,Muhammad Shahdad,Hassnain Shah,4,0,,,,,,,,,,,,,
1531697,2026,2026-04-27,"Tribhuvan University International Cricket Ground, Kirtipur",1,46.1,46.1,United Arab Emirates,Oman,Muhammad Shahdad,Harpreet Singh,J Ramanandi,1,0,,,,,,,,,,,,,
1531697,2026,2026-04-27,"Tribhuvan University International Cricket Ground, Kirtipur",1,46.2,46.2,United Arab Emirates,Oman,Harpreet Singh,Muhammad Shahdad,J Ramanandi,1,0,,,,,,,,,,,,,
1531697,2026,2026-04-27,"Tribhuvan University International Cricket Ground, Kirtipur",1,46.3,46.3,United Arab Emirates,Oman,Muhammad Shahdad,Harpreet Singh,J Ramanandi,1,0,,,,,,,,,,,,,
1531697,2026,2026-04-27,"Tribhuvan University International Cricket Ground, Kirtipur",1,46.4,46.4,United Arab Emirates,Oman,Harpreet Singh,Muhammad Shahdad,J Ramanandi,1,0,,,,,,,,,,,,,
1531697,2026,2026-04-27,"Tribhuvan University International Cricket Ground, Kirtipur",1,46.5,46.5,United Arab Emirates,Oman,Muhammad Shahdad,Harpreet Singh,J Ramanandi,1,0,,,,,,,,,,,,,
1531697,2026,2026-04-27,"Tribhuvan University International Cricket Ground, Kirtipur",1,46.6,46.6,United Arab Emirates,Oman,Harpreet Singh,Muhammad Shahdad,J Ramanandi,0,0,,,,,,,,,,,,,
1531697,2026,2026-04-27,"Tribhuvan University International Cricket Ground, Kirtipur",1,47.1,47.1,United Arab Emirates,Oman,Muhammad Shahdad,Harpreet Singh,Shah Faisal,1,0,,,,,,,,,,,,,
1531697,2026,2026-04-27,"Tribhuvan University International Cricket Ground, Kirtipur",1,47.2,47.2,United Arab Emirates,Oman,Harpreet Singh,Muhammad Shahdad,Shah Faisal,1,0,,,,,,,,,,,,,
1531697,2026,2026-04-27,"Tribhuvan University International Cricket Ground, Kirtipur",1,47.3,47.3,United Arab Emirates,Oman,Muhammad Shahdad,Harpreet Singh,Shah Faisal,1,0,,,,,,,,,,,,,
1531697,2026,2026-04-27,"Tribhuvan University International Cricket Ground, Kirtipur",1,47.4,47.4,United Arab Emirates,Oman,Harpreet Singh,Muhammad Shahdad,Shah Faisal,1,0,,,,,,,,,,,,,
1531697,2026,2026-04-27,"Tribhuvan University International Cricket Ground, Kirtipur",1,47.5,47.5,United Arab Emirates,Oman,Muhammad Shahdad,Harpreet Singh,Shah Faisal,4,0,,,,,,,,,,,,,
1531697,2026,2026-04-27,"Tribhuvan University International Cricket Ground, Kirtipur",1,47.6,47.6,United Arab Emirates,Oman,Muhammad Shahdad,Harpreet Singh,Shah Faisal,1,0,,,,,,,,,,,,,
1531697,2026,2026-04-27,"Tribhuvan University International Cricket Ground, Kirtipur",1,48.1,48.1,United Arab Emirates,Oman,Muhammad Shahdad,Harpreet Singh,J Ramanandi,0,0,,,,,,,,,,,,,
1531697,2026,2026-04-27,"Tribhuvan University International Cricket Ground, Kirtipur",1,48.2,48.2,United Arab Emirates,Oman,Muhammad Shahdad,Harpreet Singh,J Ramanandi,6,0,,,,,,,,,,,,,
1531697,2026,2026-04-27,"Tribhuvan University International Cricket Ground, Kirtipur",1,48.3,48.3,United Arab Emirates,Oman,Muhammad Shahdad,Harpreet Singh,J Ramanandi,1,0,,,,,,,,,,,,,
1531697,2026,2026-04-27,"Tribhuvan University International Cricket Ground, Kirtipur",1,48.4,48.4,United Arab Emirates,Oman,Harpreet Singh,Muhammad Shahdad,J Ramanandi,1,0,,,,,,,,,,,,,
1531697,2026,2026-04-27,"Tribhuvan University International Cricket Ground, Kirtipur",1,48.5,48.5,United Arab Emirates,Oman,Muhammad Shahdad,Harpreet Singh,J Ramanandi,0,1,,,,1,,,,,,,,,
1531697,2026,2026-04-27,"Tribhuvan University International Cricket Ground, Kirtipur",1,48.6,48.6,United Arab Emirates,Oman,Harpreet Singh,Muhammad Shahdad,J Ramanandi,1,0,,,,,,,,,,,,,
1531697,2026,2026-04-27,"Tribhuvan University International Cricket Ground, Kirtipur",1,49.1,49.1,United Arab Emirates,Oman,Harpreet Singh,Muhammad Shahdad,Shah Faisal,6,0,,,,,,,,,,,,,
1531697,2026,2026-04-27,"Tribhuvan University International Cricket Ground, Kirtipur",1,49.2,49.2,United Arab Emirates,Oman,Harpreet Singh,Muhammad Shahdad,Shah Faisal,4,0,,,,,,,,,,,,,
1531697,2026,2026-04-27,"Tribhuvan University International Cricket Ground, Kirtipur",1,49.3,49.3,United Arab Emirates,Oman,Harpreet Singh,Muhammad Shahdad,Shah Faisal,0,0,,,,,,,caught,Harpreet Singh,,,Hammad Mirza,,
1531697,2026,2026-04-27,"Tribhuvan University International Cricket Ground, Kirtipur",1,49.4,49.4,United Arab Emirates,Oman,Khuzaima Tanveer,Muhammad Shahdad,Shah Faisal,1,0,,,,,,,,,,,,,
1531697,2026,2026-04-27,"Tribhuvan University International Cricket Ground, Kirtipur",1,49.5,49.5,United Arab Emirates,Oman,Muhammad Shahdad,Khuzaima Tanveer,Shah Faisal,0,0,,,,,,,caught,Muhammad Shahdad,,,Hammad Mirza,,
1531697,2026,2026-04-27,"Tribhuvan University International Cricket Ground, Kirtipur",1,49.6,49.6,United Arab Emirates,Oman,Junaid Siddique,Khuzaima Tanveer,Shah Faisal,2,0,,,,,,,,,,,,,
1531697,2026,2026-04-27,"Tribhuvan University International Cricket Ground, Kirtipur",2,0.1,0.1,Oman,United Arab Emirates,Jatinder Singh,AR Odedara,Junaid Siddique,1,0,,,,,,,,,,,,,
1531697,2026,2026-04-27,"Tribhuvan University International Cricket Ground, Kirtipur",2,0.2,0.2,Oman,United Arab Emirates,AR Odedara,Jatinder Singh,Junaid Siddique,0,0,,,,,,,,,,,,,
1531697,2026,2026-04-27,"Tribhuvan University International Cricket Ground, Kirtipur",2,0.3,0.3,Oman,United Arab Emirates,AR Odedara,Jatinder Singh,Junaid Siddique,4,0,,,,,,,,,,,,,
1531697,2026,2026-04-27,"Tribhuvan University International Cricket Ground, Kirtipur",2,0.4,0.4,Oman,United Arab Emirates,AR Odedara,Jatinder Singh,Junaid Siddique,0,0,,,,,,,,,,,,,
1531697,2026,2026-04-27,"Tribhuvan University International Cricket Ground, Kirtipur",2,0.5,0.5,Oman,United Arab Emirates,AR Odedara,Jatinder Singh,Junaid Siddique,0,1,1,,,,,,,,,,,,
1531697,2026,2026-04-27,"Tribhuvan University International Cricket Ground, Kirtipur",2,0.6,0.5,Oman,United Arab Emirates,AR Odedara,Jatinder Singh,Junaid Siddique,4,0,,,,,,,,,,,,,
1531697,2026,2026-04-27,"Tribhuvan University International Cricket Ground, Kirtipur",2,0.7,0.6,Oman,United Arab Emirates,AR Odedara,Jatinder Singh,Junaid Siddique,0,0,,,,,,,,,,,,,
1531697,2026,2026-04-27,"Tribhuvan University International Cricket Ground, Kirtipur",2,1.1,1.1,Oman,United Arab Emirates,Jatinder Singh,AR Odedara,Khuzaima Tanveer,0,0,,,,,,,,,,,,,
1531697,2026,2026-04-27,"Tribhuvan University International Cricket Ground, Kirtipur",2,1.2,1.2,Oman,United Arab Emirates,Jatinder Singh,AR Odedara,Khuzaima Tanveer,1,0,,,,,,,,,,,,,
1531697,2026,2026-04-27,"Tribhuvan University International Cricket Ground, Kirtipur",2,1.3,1.3,Oman,United Arab Emirates,AR Odedara,Jatinder Singh,Khuzaima Tanveer,0,0,,,,,,,,,,,,,
1531697,2026,2026-04-27,"Tribhuvan University International Cricket Ground, Kirtipur",2,1.4,1.4,Oman,United Arab Emirates,AR Odedara,Jatinder Singh,Khuzaima Tanveer,4,0,,,,,,,,,,,,,
1531697,2026,2026-04-27,"Tribhuvan University International Cricket Ground, Kirtipur",2,1.5,1.5,Oman,United Arab Emirates,AR Odedara,Jatinder Singh,Khuzaima Tanveer,0,0,,,,,,,,,,,,,
1531697,2026,2026-04-27,"Tribhuvan University International Cricket Ground, Kirtipur",2,1.6,1.6,Oman,United Arab Emirates,AR Odedara,Jatinder Singh,Khuzaima Tanveer,0,1,1,,,,,,,,,,,,
1531697,2026,2026-04-27,"Tribhuvan University International Cricket Ground, Kirtipur",2,1.7,1.6,Oman,United Arab Emirates,AR Odedara,Jatinder Singh,Khuzaima Tanveer,0,0,,,,,,,,,,,,,
1531697,2026,2026-04-27,"Tribhuvan University International Cricket Ground, Kirtipur",2,2.1,2.1,Oman,United Arab Emirates,Jatinder Singh,AR Odedara,Junaid Siddique,0,0,,,,,,,,,,,,,
1531697,2026,2026-04-27,"Tribhuvan University International Cricket Ground, Kirtipur",2,2.2,2.2,Oman,United Arab Emirates,Jatinder Singh,AR Odedara,Junaid Siddique,0,1,1,,,,,,,,,,,,
1531697,2026,2026-04-27,"Tribhuvan University International Cricket Ground, Kirtipur",2,2.3,2.2,Oman,United Arab Emirates,Jatinder Singh,AR Odedara,Junaid Siddique,0,0,,,,,,,,,,,,,
1531697,2026,2026-04-27,"Tribhuvan University International Cricket Ground, Kirtipur",2,2.4,2.3,Oman,United Arab Emirates,Jatinder Singh,AR Odedara,Junaid Siddique,0,0,,,,,,,,,,,,,
1531697,2026,2026-04-27,"Tribhuvan University International Cricket Ground, Kirtipur",2,2.5,2.4,Oman,United Arab Emirates,Jatinder Singh,AR Odedara,Junaid Siddique,0,0,,,,,,,,,,,,,
1531697,2026,2026-04-27,"Tribhuvan University International Cricket Ground, Kirtipur",2,2.6,2.5,Oman,United Arab Emirates,Jatinder Singh,AR Odedara,Junaid Siddique,4,0,,,,,,,,,,,,,
1531697,2026,2026-04-27,"Tribhuvan University International Cricket Ground, Kirtipur",2,2.7,2.6,Oman,United Arab Emirates,Jatinder Singh,AR Odedara,Junaid Siddique,0,0,,,,,,,,,,,,,
1531697,2026,2026-04-27,"Tribhuvan University International Cricket Ground, Kirtipur",2,3.1,3.1,Oman,United Arab Emirates,AR Odedara,Jatinder Singh,Khuzaima Tanveer,1,0,,,,,,,,,,,,,
1531697,2026,2026-04-27,"Tribhuvan University International Cricket Ground, Kirtipur",2,3.2,3.2,Oman,United Arab Emirates,Jatinder Singh,AR Odedara,Khuzaima Tanveer,1,0,,,,,,,,,,,,,
1531697,2026,2026-04-27,"Tribhuvan University International Cricket Ground, Kirtipur",2,3.3,3.3,Oman,United Arab Emirates,AR Odedara,Jatinder Singh,Khuzaima Tanveer,0,0,,,,,,,,,,,,,
1531697,2026,2026-04-27,"Tribhuvan University International Cricket Ground, Kirtipur",2,3.4,3.4,Oman,United Arab Emirates,AR Odedara,Jatinder Singh,Khuzaima Tanveer,0,0,,,,,,,,,,,,,
1531697,2026,2026-04-27,"Tribhuvan University International Cricket Ground, Kirtipur",2,3.5,3.5,Oman,United Arab Emirates,AR Odedara,Jatinder Singh,Khuzaima Tanveer,0,1,,,,1,,,,,,,,,
1531697,2026,2026-04-27,"Tribhuvan University International Cricket Ground, Kirtipur",2,3.6,3.6,Oman,United Arab Emirates,Jatinder Singh,AR Odedara,Khuzaima Tanveer,4,0,,,,,,,,,,,,,
1531697,2026,2026-04-27,"Tribhuvan University International Cricket Ground, Kirtipur",2,4.1,4.1,Oman,United Arab Emirates,AR Odedara,Jatinder Singh,Ajay Kumar,0,0,,,,,,,,,,,,,
1531697,2026,2026-04-27,"Tribhuvan University International Cricket Ground, Kirtipur",2,4.2,4.2,Oman,United Arab Emirates,AR Odedara,Jatinder Singh,Ajay Kumar,0,0,,,,,,,,,,,,,
1531697,2026,2026-04-27,"Tribhuvan University International Cricket Ground, Kirtipur",2,4.3,4.3,Oman,United Arab Emirates,AR Odedara,Jatinder Singh,Ajay Kumar,0,0,,,,,,,,,,,,,
1531697,2026,2026-04-27,"Tribhuvan University International Cricket Ground, Kirtipur",2,4.4,4.4,Oman,United Arab Emirates,AR Odedara,Jatinder Singh,Ajay Kumar,0,0,,,,,,,,,,,,,
1531697,2026,2026-04-27,"Tribhuvan University International Cricket Ground, Kirtipur",2,4.5,4.5,Oman,United Arab Emirates,AR Odedara,Jatinder Singh,Ajay Kumar,1,0,,,,,,,,,,,,,
1531697,2026,2026-04-27,"Tribhuvan University International Cricket Ground, Kirtipur",2,4.6,4.6,Oman,United Arab Emirates,Jatinder Singh,AR Odedara,Ajay Kumar,0,0,,,,,,,,,,,,,
1531697,2026,2026-04-27,"Tribhuvan University International Cricket Ground, Kirtipur",2,5.1,5.1,Oman,United Arab Emirates,AR Odedara,Jatinder Singh,Khuzaima Tanveer,1,0,,,,,,,,,,,,,
1531697,2026,2026-04-27,"Tribhuvan University International Cricket Ground, Kirtipur",2,5.2,5.2,Oman,United Arab Emirates,Jatinder Singh,AR Odedara,Khuzaima Tanveer,0,0,,,,,,,,,,,,,
1531697,2026,2026-04-27,"Tribhuvan University International Cricket Ground, Kirtipur",2,5.3,5.3,Oman,United Arab Emirates,Jatinder Singh,AR Odedara,Khuzaima Tanveer,0,0,,,,,,,,,,,,,
1531697,2026,2026-04-27,"Tribhuvan University International Cricket Ground, Kirtipur",2,5.4,5.4,Oman,United Arab Emirates,Jatinder Singh,AR Odedara,Khuzaima Tanveer,6,0,,,,,,,,,,,,,
1531697,2026,2026-04-27,"Tribhuvan University International Cricket Ground, Kirtipur",2,5.5,5.5,Oman,United Arab Emirates,Jatinder Singh,AR Odedara,Khuzaima Tanveer,0,0,,,,,,,,,,,,,
1531697,2026,2026-04-27,"Tribhuvan University International Cricket Ground, Kirtipur",2,5.6,5.6,Oman,United Arab Emirates,Jatinder Singh,AR Odedara,Khuzaima Tanveer,4,0,,,,,,,,,,,,,
1531697,2026,2026-04-27,"Tribhuvan University International Cricket Ground, Kirtipur",2,6.1,6.1,Oman,United Arab Emirates,AR Odedara,Jatinder Singh,Ajay Kumar,0,0,,,,,,,,,,,,,
1531697,2026,2026-04-27,"Tribhuvan University International Cricket Ground, Kirtipur",2,6.2,6.2,Oman,United Arab Emirates,AR Odedara,Jatinder Singh,Ajay Kumar,2,0,,,,,,,,,,,,,
1531697,2026,2026-04-27,"Tribhuvan University International Cricket Ground, Kirtipur",2,6.3,6.3,Oman,United Arab Emirates,AR Odedara,Jatinder Singh,Ajay Kumar,0,0,,,,,,,,,,,,,
1531697,2026,2026-04-27,"Tribhuvan University International Cricket Ground, Kirtipur",2,6.4,6.4,Oman,United Arab Emirates,AR Odedara,Jatinder Singh,Ajay Kumar,1,0,,,,,,,,,,,,,
1531697,2026,2026-04-27,"Tribhuvan University International Cricket Ground, Kirtipur",2,6.5,6.5,Oman,United Arab Emirates,Jatinder Singh,AR Odedara,Ajay Kumar,0,0,,,,,,,,,,,,,
1531697,2026,2026-04-27,"Tribhuvan University International Cricket Ground, Kirtipur",2,6.6,6.6,Oman,United Arab Emirates,Jatinder Singh,AR Odedara,Ajay Kumar,0,0,,,,,,,,,,,,,
1531697,2026,2026-04-27,"Tribhuvan University International Cricket Ground, Kirtipur",2,7.1,7.1,Oman,United Arab Emirates,AR Odedara,Jatinder Singh,Haider Ali,0,0,,,,,,,,,,,,,
1531697,2026,2026-04-27,"Tribhuvan University International Cricket Ground, Kirtipur",2,7.2,7.2,Oman,United Arab Emirates,AR Odedara,Jatinder Singh,Haider Ali,0,0,,,,,,,,,,,,,
1531697,2026,2026-04-27,"Tribhuvan University International Cricket Ground, Kirtipur",2,7.3,7.3,Oman,United Arab Emirates,AR Odedara,Jatinder Singh,Haider Ali,0,0,,,,,,,,,,,,,
1531697,2026,2026-04-27,"Tribhuvan University International Cricket Ground, Kirtipur",2,7.4,7.4,Oman,United Arab Emirates,AR Odedara,Jatinder Singh,Haider Ali,0,0,,,,,,,,,,,,,
1531697,2026,2026-04-27,"Tribhuvan University International Cricket Ground, Kirtipur",2,7.5,7.5,Oman,United Arab Emirates,AR Odedara,Jatinder Singh,Haider Ali,0,0,,,,,,,,,,,,,
1531697,2026,2026-04-27,"Tribhuvan University International Cricket Ground, Kirtipur",2,7.6,7.6,Oman,United Arab Emirates,AR Odedara,Jatinder Singh,Haider Ali,0,0,,,,,,,,,,,,,
1531697,2026,2026-04-27,"Tribhuvan University International Cricket Ground, Kirtipur",2,8.1,8.1,Oman,United Arab Emirates,Jatinder Singh,AR Odedara,Ajay Kumar,4,0,,,,,,,,,,,,,
1531697,2026,2026-04-27,"Tribhuvan University International Cricket Ground, Kirtipur",2,8.2,8.2,Oman,United Arab Emirates,Jatinder Singh,AR Odedara,Ajay Kumar,4,0,,,,,,,,,,,,,
1531697,2026,2026-04-27,"Tribhuvan University International Cricket Ground, Kirtipur",2,8.3,8.3,Oman,United Arab Emirates,Jatinder Singh,AR Odedara,Ajay Kumar,4,0,,,,,,,,,,,,,
1531697,2026,2026-04-27,"Tribhuvan University International Cricket Ground, Kirtipur",2,8.4,8.4,Oman,United Arab Emirates,Jatinder Singh,AR Odedara,Ajay Kumar,0,0,,,,,,,,,,,,,
1531697,2026,2026-04-27,"Tribhuvan University International Cricket Ground, Kirtipur",2,8.5,8.5,Oman,United Arab Emirates,Jatinder Singh,AR Odedara,Ajay Kumar,4,0,,,,,,,,,,,,,
1531697,2026,2026-04-27,"Tribhuvan University International Cricket Ground, Kirtipur",2,8.6,8.6,Oman,United Arab Emirates,Jatinder Singh,AR Odedara,Ajay Kumar,0,0,,,,,,,,,,,,,
1531697,2026,2026-04-27,"Tribhuvan University International Cricket Ground, Kirtipur",2,9.1,9.1,Oman,United Arab Emirates,AR Odedara,Jatinder Singh,Haider Ali,0,0,,,,,,,,,,,,,
1531697,2026,2026-04-27,"Tribhuvan University International Cricket Ground, Kirtipur",2,9.2,9.2,Oman,United Arab Emirates,AR Odedara,Jatinder Singh,Haider Ali,0,0,,,,,,,,,,,,,
1531697,2026,2026-04-27,"Tribhuvan University International Cricket Ground, Kirtipur",2,9.3,9.3,Oman,United Arab Emirates,AR Odedara,Jatinder Singh,Haider Ali,0,0,,,,,,,,,,,,,
1531697,2026,2026-04-27,"Tribhuvan University International Cricket Ground, Kirtipur",2,9.4,9.4,Oman,United Arab Emirates,AR Odedara,Jatinder Singh,Haider Ali,0,0,,,,,,,,,,,,,
1531697,2026,2026-04-27,"Tribhuvan University International Cricket Ground, Kirtipur",2,9.5,9.5,Oman,United Arab Emirates,AR Odedara,Jatinder Singh,Haider Ali,4,0,,,,,,,,,,,,,
1531697,2026,2026-04-27,"Tribhuvan University International Cricket Ground, Kirtipur",2,9.6,9.6,Oman,United Arab Emirates,AR Odedara,Jatinder Singh,Haider Ali,0,0,,,,,,,,,,,,,
1531697,2026,2026-04-27,"Tribhuvan University International Cricket Ground, Kirtipur",2,10.1,10.1,Oman,United Arab Emirates,Jatinder Singh,AR Odedara,Junaid Siddique,0,0,,,,,,,,,,,,,
1531697,2026,2026-04-27,"Tribhuvan University International Cricket Ground, Kirtipur",2,10.2,10.2,Oman,United Arab Emirates,Jatinder Singh,AR Odedara,Junaid Siddique,1,0,,,,,,,,,,,,,
1531697,2026,2026-04-27,"Tribhuvan University International Cricket Ground, Kirtipur",2,10.3,10.3,Oman,United Arab Emirates,AR Odedara,Jatinder Singh,Junaid Siddique,1,0,,,,,,,,,,,,,
1531697,2026,2026-04-27,"Tribhuvan University International Cricket Ground, Kirtipur",2,10.4,10.4,Oman,United Arab Emirates,Jatinder Singh,AR Odedara,Junaid Siddique,4,0,,,,,,,,,,,,,
1531697,2026,2026-04-27,"Tribhuvan University International Cricket Ground, Kirtipur",2,10.5,10.5,Oman,United Arab Emirates,Jatinder Singh,AR Odedara,Junaid Siddique,1,0,,,,,,,,,,,,,
1531697,2026,2026-04-27,"Tribhuvan University International Cricket Ground, Kirtipur",2,10.6,10.6,Oman,United Arab Emirates,AR Odedara,Jatinder Singh,Junaid Siddique,1,0,,,,,,,,,,,,,
1531697,2026,2026-04-27,"Tribhuvan University International Cricket Ground, Kirtipur",2,11.1,11.1,Oman,United Arab Emirates,AR Odedara,Jatinder Singh,Haider Ali,0,0,,,,,,,,,,,,,
1531697,2026,2026-04-27,"Tribhuvan University International Cricket Ground, Kirtipur",2,11.2,11.2,Oman,United Arab Emirates,AR Odedara,Jatinder Singh,Haider Ali,0,0,,,,,,,,,,,,,
1531697,2026,2026-04-27,"Tribhuvan University International Cricket Ground, Kirtipur",2,11.3,11.3,Oman,United Arab Emirates,AR Odedara,Jatinder Singh,Haider Ali,0,0,,,,,,,,,,,,,
1531697,2026,2026-04-27,"Tribhuvan University International Cricket Ground, Kirtipur",2,11.4,11.4,Oman,United Arab Emirates,AR Odedara,Jatinder Singh,Haider Ali,1,0,,,,,,,,,,,,,
1531697,2026,2026-04-27,"Tribhuvan University International Cricket Ground, Kirtipur",2,11.5,11.5,Oman,United Arab Emirates,Jatinder Singh,AR Odedara,Haider Ali,1,0,,,,,,,,,,,,,
1531697,2026,2026-04-27,"Tribhuvan University International Cricket Ground, Kirtipur",2,11.6,11.6,Oman,United Arab Emirates,AR Odedara,Jatinder Singh,Haider Ali,0,0,,,,,,,,,,,,,
1531697,2026,2026-04-27,"Tribhuvan University International Cricket Ground, Kirtipur",2,12.1,12.1,Oman,United Arab Emirates,Jatinder Singh,AR Odedara,Nilansh Keswani,0,0,,,,,,,,,,,,,
1531697,2026,2026-04-27,"Tribhuvan University International Cricket Ground, Kirtipur",2,12.2,12.2,Oman,United Arab Emirates,Jatinder Singh,AR Odedara,Nilansh Keswani,1,0,,,,,,,,,,,,,
1531697,2026,2026-04-27,"Tribhuvan University International Cricket Ground, Kirtipur",2,12.3,12.3,Oman,United Arab Emirates,AR Odedara,Jatinder Singh,Nilansh Keswani,0,0,,,,,,,,,,,,,
1531697,2026,2026-04-27,"Tribhuvan University International Cricket Ground, Kirtipur",2,12.4,12.4,Oman,United Arab Emirates,AR Odedara,Jatinder Singh,Nilansh Keswani,4,0,,,,,,,,,,,,,
1531697,2026,2026-04-27,"Tribhuvan University International Cricket Ground, Kirtipur",2,12.5,12.5,Oman,United Arab Emirates,AR Odedara,Jatinder Singh,Nilansh Keswani,6,0,,,,,,,,,,,,,
1531697,2026,2026-04-27,"Tribhuvan University International Cricket Ground, Kirtipur",2,12.6,12.6,Oman,United Arab Emirates,AR Odedara,Jatinder Singh,Nilansh Keswani,0,0,,,,,,,,,,,,,
1531697,2026,2026-04-27,"Tribhuvan University International Cricket Ground, Kirtipur",2,13.1,13.1,Oman,United Arab Emirates,Jatinder Singh,AR Odedara,Haider Ali,0,0,,,,,,,,,,,,,
1531697,2026,2026-04-27,"Tribhuvan University International Cricket Ground, Kirtipur",2,13.2,13.2,Oman,United Arab Emirates,Jatinder Singh,AR Odedara,Haider Ali,1,0,,,,,,,,,,,,,
1531697,2026,2026-04-27,"Tribhuvan University International Cricket Ground, Kirtipur",2,13.3,13.3,Oman,United Arab Emirates,AR Odedara,Jatinder Singh,Haider Ali,0,0,,,,,,,,,,,,,
1531697,2026,2026-04-27,"Tribhuvan University International Cricket Ground, Kirtipur",2,13.4,13.4,Oman,United Arab Emirates,AR Odedara,Jatinder Singh,Haider Ali,0,0,,,,,,,,,,,,,
1531697,2026,2026-04-27,"Tribhuvan University International Cricket Ground, Kirtipur",2,13.5,13.5,Oman,United Arab Emirates,AR Odedara,Jatinder Singh,Haider Ali,0,0,,,,,,,caught,AR Odedara,,,Nilansh Keswani,,
1531697,2026,2026-04-27,"Tribhuvan University International Cricket Ground, Kirtipur",2,13.6,13.6,Oman,United Arab Emirates,Mujibur Ali,Jatinder Singh,Haider Ali,0,0,,,,,,,,,,,,,
1531697,2026,2026-04-27,"Tribhuvan University International Cricket Ground, Kirtipur",2,14.1,14.1,Oman,United Arab Emirates,Jatinder Singh,Mujibur Ali,Nilansh Keswani,0,0,,,,,,,bowled,Jatinder Singh,,,,,
1531697,2026,2026-04-27,"Tribhuvan University International Cricket Ground, Kirtipur",2,14.2,14.2,Oman,United Arab Emirates,Hammad Mirza,Mujibur Ali,Nilansh Keswani,1,0,,,,,,,,,,,,,
1531697,2026,2026-04-27,"Tribhuvan University International Cricket Ground, Kirtipur",2,14.3,14.3,Oman,United Arab Emirates,Mujibur Ali,Hammad Mirza,Nilansh Keswani,0,0,,,,,,,,,,,,,
1531697,2026,2026-04-27,"Tribhuvan University International Cricket Ground, Kirtipur",2,14.4,14.4,Oman,United Arab Emirates,Mujibur Ali,Hammad Mirza,Nilansh Keswani,0,0,,,,,,,,,,,,,
1531697,2026,2026-04-27,"Tribhuvan University International Cricket Ground, Kirtipur",2,14.5,14.5,Oman,United Arab Emirates,Mujibur Ali,Hammad Mirza,Nilansh Keswani,4,0,,,,,,,,,,,,,
1531697,2026,2026-04-27,"Tribhuvan University International Cricket Ground, Kirtipur",2,14.6,14.6,Oman,United Arab Emirates,Mujibur Ali,Hammad Mirza,Nilansh Keswani,1,0,,,,,,,,,,,,,
1531697,2026,2026-04-27,"Tribhuvan University International Cricket Ground, Kirtipur",2,15.1,15.1,Oman,United Arab Emirates,Mujibur Ali,Hammad Mirza,Haider Ali,0,0,,,,,,,,,,,,,
1531697,2026,2026-04-27,"Tribhuvan University International Cricket Ground, Kirtipur",2,15.2,15.2,Oman,United Arab Emirates,Mujibur Ali,Hammad Mirza,Haider Ali,0,0,,,,,,,,,,,,,
1531697,2026,2026-04-27,"Tribhuvan University International Cricket Ground, Kirtipur",2,15.3,15.3,Oman,United Arab Emirates,Mujibur Ali,Hammad Mirza,Haider Ali,0,0,,,,,,,,,,,,,
1531697,2026,2026-04-27,"Tribhuvan University International Cricket Ground, Kirtipur",2,15.4,15.4,Oman,United Arab Emirates,Mujibur Ali,Hammad Mirza,Haider Ali,0,0,,,,,,,,,,,,,
1531697,2026,2026-04-27,"Tribhuvan University International Cricket Ground, Kirtipur",2,15.5,15.5,Oman,United Arab Emirates,Mujibur Ali,Hammad Mirza,Haider Ali,0,0,,,,,,,,,,,,,
1531697,2026,2026-04-27,"Tribhuvan University International Cricket Ground, Kirtipur",2,15.6,15.6,Oman,United Arab Emirates,Mujibur Ali,Hammad Mirza,Haider Ali,0,0,,,,,,,,,,,,,
1531697,2026,2026-04-27,"Tribhuvan University International Cricket Ground, Kirtipur",2,16.1,16.1,Oman,United Arab Emirates,Hammad Mirza,Mujibur Ali,Khuzaima Tanveer,0,0,,,,,,,,,,,,,
1531697,2026,2026-04-27,"Tribhuvan University International Cricket Ground, Kirtipur",2,16.2,16.2,Oman,United Arab Emirates,Hammad Mirza,Mujibur Ali,Khuzaima Tanveer,0,0,,,,,,,,,,,,,
1531697,2026,2026-04-27,"Tribhuvan University International Cricket Ground, Kirtipur",2,16.3,16.3,Oman,United Arab Emirates,Hammad Mirza,Mujibur Ali,Khuzaima Tanveer,0,0,,,,,,,,,,,,,
1531697,2026,2026-04-27,"Tribhuvan University International Cricket Ground, Kirtipur",2,16.4,16.4,Oman,United Arab Emirates,Hammad Mirza,Mujibur Ali,Khuzaima Tanveer,1,0,,,,,,,,,,,,,
1531697,2026,2026-04-27,"Tribhuvan University International Cricket Ground, Kirtipur",2,16.5,16.5,Oman,United Arab Emirates,Mujibur Ali,Hammad Mirza,Khuzaima Tanveer,0,1,1,,,,,,,,,,,,
1531697,2026,2026-04-27,"Tribhuvan University International Cricket Ground, Kirtipur",2,16.6,16.5,Oman,United Arab Emirates,Mujibur Ali,Hammad Mirza,Khuzaima Tanveer,0,0,,,,,,,,,,,,,
1531697,2026,2026-04-27,"Tribhuvan University International Cricket Ground, Kirtipur",2,16.7,16.6,Oman,United Arab Emirates,Mujibur Ali,Hammad Mirza,Khuzaima Tanveer,1,0,,,,,,,,,,,,,
1531697,2026,2026-04-27,"Tribhuvan University International Cricket Ground, Kirtipur",2,17.1,17.1,Oman,United Arab Emirates,Mujibur Ali,Hammad Mirza,Haider Ali,1,0,,,,,,,,,,,,,
1531697,2026,2026-04-27,"Tribhuvan University International Cricket Ground, Kirtipur",2,17.2,17.2,Oman,United Arab Emirates,Hammad Mirza,Mujibur Ali,Haider Ali,4,0,,,,,,,,,,,,,
1531697,2026,2026-04-27,"Tribhuvan University International Cricket Ground, Kirtipur",2,17.3,17.3,Oman,United Arab Emirates,Hammad Mirza,Mujibur Ali,Haider Ali,2,0,,,,,,,,,,,,,
1531697,2026,2026-04-27,"Tribhuvan University International Cricket Ground, Kirtipur",2,17.4,17.4,Oman,United Arab Emirates,Hammad Mirza,Mujibur Ali,Haider Ali,0,0,,,,,,,,,,,,,
1531697,2026,2026-04-27,"Tribhuvan University International Cricket Ground, Kirtipur",2,17.5,17.5,Oman,United Arab Emirates,Hammad Mirza,Mujibur Ali,Haider Ali,0,0,,,,,,,,,,,,,
1531697,2026,2026-04-27,"Tribhuvan University International Cricket Ground, Kirtipur",2,17.6,17.6,Oman,United Arab Emirates,Hammad Mirza,Mujibur Ali,Haider Ali,1,0,,,,,,,,,,,,,
1531697,2026,2026-04-27,"Tribhuvan University International Cricket Ground, Kirtipur",2,18.1,18.1,Oman,United Arab Emirates,Hammad Mirza,Mujibur Ali,Khuzaima Tanveer,0,0,,,,,,,,,,,,,
1531697,2026,2026-04-27,"Tribhuvan University International Cricket Ground, Kirtipur",2,18.2,18.2,Oman,United Arab Emirates,Hammad Mirza,Mujibur Ali,Khuzaima Tanveer,0,0,,,,,,,,,,,,,
1531697,2026,2026-04-27,"Tribhuvan University International Cricket Ground, Kirtipur",2,18.3,18.3,Oman,United Arab Emirates,Hammad Mirza,Mujibur Ali,Khuzaima Tanveer,0,0,,,,,,,,,,,,,
1531697,2026,2026-04-27,"Tribhuvan University International Cricket Ground, Kirtipur",2,18.4,18.4,Oman,United Arab Emirates,Hammad Mirza,Mujibur Ali,Khuzaima Tanveer,0,0,,,,,,,,,,,,,
1531697,2026,2026-04-27,"Tribhuvan University International Cricket Ground, Kirtipur",2,18.5,18.5,Oman,United Arab Emirates,Hammad Mirza,Mujibur Ali,Khuzaima Tanveer,4,0,,,,,,,,,,,,,
1531697,2026,2026-04-27,"Tribhuvan University International Cricket Ground, Kirtipur",2,18.6,18.6,Oman,United Arab Emirates,Hammad Mirza,Mujibur Ali,Khuzaima Tanveer,0,0,,,,,,,,,,,,,
1531697,2026,2026-04-27,"Tribhuvan University International Cricket Ground, Kirtipur",2,19.1,19.1,Oman,United Arab Emirates,Mujibur Ali,Hammad Mirza,Ajay Kumar,2,0,,,,,,,,,,,,,
1531697,2026,2026-04-27,"Tribhuvan University International Cricket Ground, Kirtipur",2,19.2,19.2,Oman,United Arab Emirates,Mujibur Ali,Hammad Mirza,Ajay Kumar,0,0,,,,,,,,,,,,,
1531697,2026,2026-04-27,"Tribhuvan University International Cricket Ground, Kirtipur",2,19.3,19.3,Oman,United Arab Emirates,Mujibur Ali,Hammad Mirza,Ajay Kumar,1,0,,,,,,,,,,,,,
1531697,2026,2026-04-27,"Tribhuvan University International Cricket Ground, Kirtipur",2,19.4,19.4,Oman,United Arab Emirates,Hammad Mirza,Mujibur Ali,Ajay Kumar,0,1,,,,1,,,,,,,,,
1531697,2026,2026-04-27,"Tribhuvan University International Cricket Ground, Kirtipur",2,19.5,19.5,Oman,United Arab Emirates,Mujibur Ali,Hammad Mirza,Ajay Kumar,0,0,,,,,,,,,,,,,
1531697,2026,2026-04-27,"Tribhuvan University International Cricket Ground, Kirtipur",2,19.6,19.6,Oman,United Arab Emirates,Mujibur Ali,Hammad Mirza,Ajay Kumar,0,0,,,,,,,,,,,,,
1531697,2026,2026-04-27,"Tribhuvan University International Cricket Ground, Kirtipur",2,20.1,20.1,Oman,United Arab Emirates,Hammad Mirza,Mujibur Ali,Muhammad Shahdad,4,0,,,,,,,,,,,,,
1531697,2026,2026-04-27,"Tribhuvan University International Cricket Ground, Kirtipur",2,20.2,20.2,Oman,United Arab Emirates,Hammad Mirza,Mujibur Ali,Muhammad Shahdad,0,0,,,,,,,,,,,,,
1531697,2026,2026-04-27,"Tribhuvan University International Cricket Ground, Kirtipur",2,20.3,20.3,Oman,United Arab Emirates,Hammad Mirza,Mujibur Ali,Muhammad Shahdad,1,0,,,,,,,,,,,,,
1531697,2026,2026-04-27,"Tribhuvan University International Cricket Ground, Kirtipur",2,20.4,20.4,Oman,United Arab Emirates,Mujibur Ali,Hammad Mirza,Muhammad Shahdad,1,0,,,,,,,,,,,,,
1531697,2026,2026-04-27,"Tribhuvan University International Cricket Ground, Kirtipur",2,20.5,20.5,Oman,United Arab Emirates,Hammad Mirza,Mujibur Ali,Muhammad Shahdad,1,0,,,,,,,,,,,,,
1531697,2026,2026-04-27,"Tribhuvan University International Cricket Ground, Kirtipur",2,20.6,20.6,Oman,United Arab Emirates,Mujibur Ali,Hammad Mirza,Muhammad Shahdad,1,0,,,,,,,,,,,,,
1531697,2026,2026-04-27,"Tribhuvan University International Cricket Ground, Kirtipur",2,21.1,21.1,Oman,United Arab Emirates,Mujibur Ali,Hammad Mirza,Junaid Siddique,0,0,,,,,,,,,,,,,
1531697,2026,2026-04-27,"Tribhuvan University International Cricket Ground, Kirtipur",2,21.2,21.2,Oman,United Arab Emirates,Mujibur Ali,Hammad Mirza,Junaid Siddique,0,0,,,,,,,,,,,,,
1531697,2026,2026-04-27,"Tribhuvan University International Cricket Ground, Kirtipur",2,21.3,21.3,Oman,United Arab Emirates,Mujibur Ali,Hammad Mirza,Junaid Siddique,0,0,,,,,,,,,,,,,
1531697,2026,2026-04-27,"Tribhuvan University International Cricket Ground, Kirtipur",2,21.4,21.4,Oman,United Arab Emirates,Mujibur Ali,Hammad Mirza,Junaid Siddique,0,0,,,,,,,,,,,,,
1531697,2026,2026-04-27,"Tribhuvan University International Cricket Ground, Kirtipur",2,21.5,21.5,Oman,United Arab Emirates,Mujibur Ali,Hammad Mirza,Junaid Siddique,1,0,,,,,,,,,,,,,
1531697,2026,2026-04-27,"Tribhuvan University International Cricket Ground, Kirtipur",2,21.6,21.6,Oman,United Arab Emirates,Hammad Mirza,Mujibur Ali,Junaid Siddique,0,0,,,,,,,,,,,,,
1531697,2026,2026-04-27,"Tribhuvan University International Cricket Ground, Kirtipur",2,22.1,22.1,Oman,United Arab Emirates,Mujibur Ali,Hammad Mirza,Muhammad Shahdad,1,0,,,,,,,,,,,,,
1531697,2026,2026-04-27,"Tribhuvan University International Cricket Ground, Kirtipur",2,22.2,22.2,Oman,United Arab Emirates,Hammad Mirza,Mujibur Ali,Muhammad Shahdad,0,0,,,,,,,,,,,,,
1531697,2026,2026-04-27,"Tribhuvan University International Cricket Ground, Kirtipur",2,22.3,22.3,Oman,United Arab Emirates,Hammad Mirza,Mujibur Ali,Muhammad Shahdad,0,0,,,,,,,,,,,,,
1531697,2026,2026-04-27,"Tribhuvan University International Cricket Ground, Kirtipur",2,22.4,22.4,Oman,United Arab Emirates,Hammad Mirza,Mujibur Ali,Muhammad Shahdad,0,0,,,,,,,,,,,,,
1531697,2026,2026-04-27,"Tribhuvan University International Cricket Ground, Kirtipur",2,22.5,22.5,Oman,United Arab Emirates,Hammad Mirza,Mujibur Ali,Muhammad Shahdad,1,0,,,,,,,,,,,,,
1531697,2026,2026-04-27,"Tribhuvan University International Cricket Ground, Kirtipur",2,22.6,22.6,Oman,United Arab Emirates,Mujibur Ali,Hammad Mirza,Muhammad Shahdad,1,0,,,,,,,,,,,,,
1531697,2026,2026-04-27,"Tribhuvan University International Cricket Ground, Kirtipur",2,23.1,23.1,Oman,United Arab Emirates,Mujibur Ali,Hammad Mirza,Junaid Siddique,4,0,,,,,,,,,,,,,
1531697,2026,2026-04-27,"Tribhuvan University International Cricket Ground, Kirtipur",2,23.2,23.2,Oman,United Arab Emirates,Mujibur Ali,Hammad Mirza,Junaid Siddique,4,0,,,,,,,,,,,,,
1531697,2026,2026-04-27,"Tribhuvan University International Cricket Ground, Kirtipur",2,23.3,23.3,Oman,United Arab Emirates,Mujibur Ali,Hammad Mirza,Junaid Siddique,0,1,,,,1,,,,,,,,,
1531697,2026,2026-04-27,"Tribhuvan University International Cricket Ground, Kirtipur",2,23.4,23.4,Oman,United Arab Emirates,Hammad Mirza,Mujibur Ali,Junaid Siddique,1,0,,,,,,,,,,,,,
1531697,2026,2026-04-27,"Tribhuvan University International Cricket Ground, Kirtipur",2,23.5,23.5,Oman,United Arab Emirates,Mujibur Ali,Hammad Mirza,Junaid Siddique,1,0,,,,,,,,,,,,,
1531697,2026,2026-04-27,"Tribhuvan University International Cricket Ground, Kirtipur",2,23.6,23.6,Oman,United Arab Emirates,Hammad Mirza,Mujibur Ali,Junaid Siddique,0,0,,,,,,,,,,,,,
1531697,2026,2026-04-27,"Tribhuvan University International Cricket Ground, Kirtipur",2,24.1,24.1,Oman,United Arab Emirates,Mujibur Ali,Hammad Mirza,Ajay Kumar,0,0,,,,,,,,,,,,,
1531697,2026,2026-04-27,"Tribhuvan University International Cricket Ground, Kirtipur",2,24.2,24.2,Oman,United Arab Emirates,Mujibur Ali,Hammad Mirza,Ajay Kumar,0,0,,,,,,,caught,Mujibur Ali,,,A Sharma,,
1531697,2026,2026-04-27,"Tribhuvan University International Cricket Ground, Kirtipur",2,24.3,24.3,Oman,United Arab Emirates,Shakeel Ahmed,Hammad Mirza,Ajay Kumar,0,0,,,,,,,,,,,,,
1531697,2026,2026-04-27,"Tribhuvan University International Cricket Ground, Kirtipur",2,24.4,24.4,Oman,United Arab Emirates,Shakeel Ahmed,Hammad Mirza,Ajay Kumar,0,0,,,,,,,,,,,,,
1531697,2026,2026-04-27,"Tribhuvan University International Cricket Ground, Kirtipur",2,24.5,24.5,Oman,United Arab Emirates,Shakeel Ahmed,Hammad Mirza,Ajay Kumar,0,0,,,,,,,,,,,,,
1531697,2026,2026-04-27,"Tribhuvan University International Cricket Ground, Kirtipur",2,24.6,24.6,Oman,United Arab Emirates,Shakeel Ahmed,Hammad Mirza,Ajay Kumar,0,0,,,,,,,,,,,,,
1531697,2026,2026-04-27,"Tribhuvan University International Cricket Ground, Kirtipur",2,25.1,25.1,Oman,United Arab Emirates,Hammad Mirza,Shakeel Ahmed,Khuzaima Tanveer,0,0,,,,,,,,,,,,,
1531697,2026,2026-04-27,"Tribhuvan University International Cricket Ground, Kirtipur",2,25.2,25.2,Oman,United Arab Emirates,Hammad Mirza,Shakeel Ahmed,Khuzaima Tanveer,4,0,,,,,,,,,,,,,
1531697,2026,2026-04-27,"Tribhuvan University International Cricket Ground, Kirtipur",2,25.3,25.3,Oman,United Arab Emirates,Hammad Mirza,Shakeel Ahmed,Khuzaima Tanveer,0,0,,,,,,,,,,,,,
1531697,2026,2026-04-27,"Tribhuvan University International Cricket Ground, Kirtipur",2,25.4,25.4,Oman,United Arab Emirates,Hammad Mirza,Shakeel Ahmed,Khuzaima Tanveer,1,0,,,,,,,,,,,,,
1531697,2026,2026-04-27,"Tribhuvan University International Cricket Ground, Kirtipur",2,25.5,25.5,Oman,United Arab Emirates,Shakeel Ahmed,Hammad Mirza,Khuzaima Tanveer,0,0,,,,,,,,,,,,,
1531697,2026,2026-04-27,"Tribhuvan University International Cricket Ground, Kirtipur",2,25.6,25.6,Oman,United Arab Emirates,Shakeel Ahmed,Hammad Mirza,Khuzaima Tanveer,0,0,,,,,,,,,,,,,
1531697,2026,2026-04-27,"Tribhuvan University International Cricket Ground, Kirtipur",2,26.1,26.1,Oman,United Arab Emirates,Hammad Mirza,Shakeel Ahmed,Ajay Kumar,1,0,,,,,,,,,,,,,
1531697,2026,2026-04-27,"Tribhuvan University International Cricket Ground, Kirtipur",2,26.2,26.2,Oman,United Arab Emirates,Shakeel Ahmed,Hammad Mirza,Ajay Kumar,1,0,,,,,,,,,,,,,
1531697,2026,2026-04-27,"Tribhuvan University International Cricket Ground, Kirtipur",2,26.3,26.3,Oman,United Arab Emirates,Hammad Mirza,Shakeel Ahmed,Ajay Kumar,0,0,,,,,,,,,,,,,
1531697,2026,2026-04-27,"Tribhuvan University International Cricket Ground, Kirtipur",2,26.4,26.4,Oman,United Arab Emirates,Hammad Mirza,Shakeel Ahmed,Ajay Kumar,0,0,,,,,,,bowled,Hammad Mirza,,,,,
1531697,2026,2026-04-27,"Tribhuvan University International Cricket Ground, Kirtipur",2,26.5,26.5,Oman,United Arab Emirates,Wasim Ali,Shakeel Ahmed,Ajay Kumar,0,0,,,,,,,bowled,Wasim Ali,,,,,
1531697,2026,2026-04-27,"Tribhuvan University International Cricket Ground, Kirtipur",2,26.6,26.6,Oman,United Arab Emirates,V Shukla,Shakeel Ahmed,Ajay Kumar,1,0,,,,,,,,,,,,,
1531697,2026,2026-04-27,"Tribhuvan University International Cricket Ground, Kirtipur",2,27.1,27.1,Oman,United Arab Emirates,V Shukla,Shakeel Ahmed,Khuzaima Tanveer,0,0,,,,,,,,,,,,,
1531697,2026,2026-04-27,"Tribhuvan University International Cricket Ground, Kirtipur",2,27.2,27.2,Oman,United Arab Emirates,V Shukla,Shakeel Ahmed,Khuzaima Tanveer,4,0,,,,,,,,,,,,,
1531697,2026,2026-04-27,"Tribhuvan University International Cricket Ground, Kirtipur",2,27.3,27.3,Oman,United Arab Emirates,V Shukla,Shakeel Ahmed,Khuzaima Tanveer,0,0,,,,,,,,,,,,,
1531697,2026,2026-04-27,"Tribhuvan University International Cricket Ground, Kirtipur",2,27.4,27.4,Oman,United Arab Emirates,V Shukla,Shakeel Ahmed,Khuzaima Tanveer,1,0,,,,,,,,,,,,,
1531697,2026,2026-04-27,"Tribhuvan University International Cricket Ground, Kirtipur",2,27.5,27.5,Oman,United Arab Emirates,Shakeel Ahmed,V Shukla,Khuzaima Tanveer,0,0,,,,,,,,,,,,,
1531697,2026,2026-04-27,"Tribhuvan University International Cricket Ground, Kirtipur",2,27.6,27.6,Oman,United Arab Emirates,Shakeel Ahmed,V Shukla,Khuzaima Tanveer,0,0,,,,,,,,,,,,,
1531697,2026,2026-04-27,"Tribhuvan University International Cricket Ground, Kirtipur",2,28.1,28.1,Oman,United Arab Emirates,V Shukla,Shakeel Ahmed,Ajay Kumar,0,0,,,,,,,,,,,,,
1531697,2026,2026-04-27,"Tribhuvan University International Cricket Ground, Kirtipur",2,28.2,28.2,Oman,United Arab Emirates,V Shukla,Shakeel Ahmed,Ajay Kumar,0,0,,,,,,,,,,,,,
1531697,2026,2026-04-27,"Tribhuvan University International Cricket Ground, Kirtipur",2,28.3,28.3,Oman,United Arab Emirates,V Shukla,Shakeel Ahmed,Ajay Kumar,1,0,,,,,,,,,,,,,
1531697,2026,2026-04-27,"Tribhuvan University International Cricket Ground, Kirtipur",2,28.4,28.4,Oman,United Arab Emirates,Shakeel Ahmed,V Shukla,Ajay Kumar,0,0,,,,,,,,,,,,,
1531697,2026,2026-04-27,"Tribhuvan University International Cricket Ground, Kirtipur",2,28.5,28.5,Oman,United Arab Emirates,Shakeel Ahmed,V Shukla,Ajay Kumar,1,0,,,,,,,,,,,,,
1531697,2026,2026-04-27,"Tribhuvan University International Cricket Ground, Kirtipur",2,28.6,28.6,Oman,United Arab Emirates,V Shukla,Shakeel Ahmed,Ajay Kumar,0,0,,,,,,,,,,,,,
1531697,2026,2026-04-27,"Tribhuvan University International Cricket Ground, Kirtipur",2,29.1,29.1,Oman,United Arab Emirates,Shakeel Ahmed,V Shukla,Junaid Siddique,0,0,,,,,,,,,,,,,
1531697,2026,2026-04-27,"Tribhuvan University International Cricket Ground, Kirtipur",2,29.2,29.2,Oman,United Arab Emirates,Shakeel Ahmed,V Shukla,Junaid Siddique,0,0,,,,,,,,,,,,,
1531697,2026,2026-04-27,"Tribhuvan University International Cricket Ground, Kirtipur",2,29.3,29.3,Oman,United Arab Emirates,Shakeel Ahmed,V Shukla,Junaid Siddique,0,0,,,,,,,,,,,,,
1531697,2026,2026-04-27,"Tribhuvan University International Cricket Ground, Kirtipur",2,29.4,29.4,Oman,United Arab Emirates,Shakeel Ahmed,V Shukla,Junaid Siddique,4,0,,,,,,,,,,,,,
1531697,2026,2026-04-27,"Tribhuvan University International Cricket Ground, Kirtipur",2,29.5,29.5,Oman,United Arab Emirates,Shakeel Ahmed,V Shukla,Junaid Siddique,0,0,,,,,,,,,,,,,
1531697,2026,2026-04-27,"Tribhuvan University International Cricket Ground, Kirtipur",2,29.6,29.6,Oman,United Arab Emirates,Shakeel Ahmed,V Shukla,Junaid Siddique,0,0,,,,,,,,,,,,,
1531697,2026,2026-04-27,"Tribhuvan University International Cricket Ground, Kirtipur",2,30.1,30.1,Oman,United Arab Emirates,V Shukla,Shakeel Ahmed,Haider Ali,1,0,,,,,,,,,,,,,
1531697,2026,2026-04-27,"Tribhuvan University International Cricket Ground, Kirtipur",2,30.2,30.2,Oman,United Arab Emirates,Shakeel Ahmed,V Shukla,Haider Ali,0,0,,,,,,,,,,,,,
1531697,2026,2026-04-27,"Tribhuvan University International Cricket Ground, Kirtipur",2,30.3,30.3,Oman,United Arab Emirates,Shakeel Ahmed,V Shukla,Haider Ali,6,0,,,,,,,,,,,,,
1531697,2026,2026-04-27,"Tribhuvan University International Cricket Ground, Kirtipur",2,30.4,30.4,Oman,United Arab Emirates,Shakeel Ahmed,V Shukla,Haider Ali,1,0,,,,,,,,,,,,,
1531697,2026,2026-04-27,"Tribhuvan University International Cricket Ground, Kirtipur",2,30.5,30.5,Oman,United Arab Emirates,V Shukla,Shakeel Ahmed,Haider Ali,0,0,,,,,,,,,,,,,
1531697,2026,2026-04-27,"Tribhuvan University International Cricket Ground, Kirtipur",2,30.6,30.6,Oman,United Arab Emirates,V Shukla,Shakeel Ahmed,Haider Ali,0,0,,,,,,,,,,,,,
1531697,2026,2026-04-27,"Tribhuvan University International Cricket Ground, Kirtipur",2,31.1,31.1,Oman,United Arab Emirates,Shakeel Ahmed,V Shukla,Junaid Siddique,0,0,,,,,,,,,,,,,
1531697,2026,2026-04-27,"Tribhuvan University International Cricket Ground, Kirtipur",2,31.2,31.2,Oman,United Arab Emirates,Shakeel Ahmed,V Shukla,Junaid Siddique,0,0,,,,,,,,,,,,,
1531697,2026,2026-04-27,"Tribhuvan University International Cricket Ground, Kirtipur",2,31.3,31.3,Oman,United Arab Emirates,Shakeel Ahmed,V Shukla,Junaid Siddique,1,0,,,,,,,,,,,,,
1531697,2026,2026-04-27,"Tribhuvan University International Cricket Ground, Kirtipur",2,31.4,31.4,Oman,United Arab Emirates,V Shukla,Shakeel Ahmed,Junaid Siddique,0,0,,,,,,,,,,,,,
1531697,2026,2026-04-27,"Tribhuvan University International Cricket Ground, Kirtipur",2,31.5,31.5,Oman,United Arab Emirates,V Shukla,Shakeel Ahmed,Junaid Siddique,1,0,,,,,,,,,,,,,
1531697,2026,2026-04-27,"Tribhuvan University International Cricket Ground, Kirtipur",2,31.6,31.6,Oman,United Arab Emirates,Shakeel Ahmed,V Shukla,Junaid Siddique,0,0,,,,,,,,,,,,,
1531697,2026,2026-04-27,"Tribhuvan University International Cricket Ground, Kirtipur",2,32.1,32.1,Oman,United Arab Emirates,V Shukla,Shakeel Ahmed,Muhammad Shahdad,3,0,,,,,,,,,,,,,
1531697,2026,2026-04-27,"Tribhuvan University International Cricket Ground, Kirtipur",2,32.2,32.2,Oman,United Arab Emirates,Shakeel Ahmed,V Shukla,Muhammad Shahdad,0,0,,,,,,,,,,,,,
1531697,2026,2026-04-27,"Tribhuvan University International Cricket Ground, Kirtipur",2,32.3,32.3,Oman,United Arab Emirates,Shakeel Ahmed,V Shukla,Muhammad Shahdad,0,0,,,,,,,,,,,,,
1531697,2026,2026-04-27,"Tribhuvan University International Cricket Ground, Kirtipur",2,32.4,32.4,Oman,United Arab Emirates,Shakeel Ahmed,V Shukla,Muhammad Shahdad,1,0,,,,,,,,,,,,,
1531697,2026,2026-04-27,"Tribhuvan University International Cricket Ground, Kirtipur",2,32.5,32.5,Oman,United Arab Emirates,V Shukla,Shakeel Ahmed,Muhammad Shahdad,1,0,,,,,,,,,,,,,
1531697,2026,2026-04-27,"Tribhuvan University International Cricket Ground, Kirtipur",2,32.6,32.6,Oman,United Arab Emirates,Shakeel Ahmed,V Shukla,Muhammad Shahdad,1,0,,,,,,,,,,,,,
1531697,2026,2026-04-27,"Tribhuvan University International Cricket Ground, Kirtipur",2,33.1,33.1,Oman,United Arab Emirates,Shakeel Ahmed,V Shukla,Haider Ali,1,0,,,,,,,,,,,,,
1531697,2026,2026-04-27,"Tribhuvan University International Cricket Ground, Kirtipur",2,33.2,33.2,Oman,United Arab Emirates,V Shukla,Shakeel Ahmed,Haider Ali,0,0,,,,,,,,,,,,,
1531697,2026,2026-04-27,"Tribhuvan University International Cricket Ground, Kirtipur",2,33.3,33.3,Oman,United Arab Emirates,V Shukla,Shakeel Ahmed,Haider Ali,0,0,,,,,,,,,,,,,
1531697,2026,2026-04-27,"Tribhuvan University International Cricket Ground, Kirtipur",2,33.4,33.4,Oman,United Arab Emirates,V Shukla,Shakeel Ahmed,Haider Ali,1,0,,,,,,,,,,,,,
1531697,2026,2026-04-27,"Tribhuvan University International Cricket Ground, Kirtipur",2,33.5,33.5,Oman,United Arab Emirates,Shakeel Ahmed,V Shukla,Haider Ali,1,0,,,,,,,,,,,,,
1531697,2026,2026-04-27,"Tribhuvan University International Cricket Ground, Kirtipur",2,33.6,33.6,Oman,United Arab Emirates,V Shukla,Shakeel Ahmed,Haider Ali,0,0,,,,,,,,,,,,,
1531697,2026,2026-04-27,"Tribhuvan University International Cricket Ground, Kirtipur",2,34.1,34.1,Oman,United Arab Emirates,Shakeel Ahmed,V Shukla,Muhammad Shahdad,0,0,,,,,,,,,,,,,
1531697,2026,2026-04-27,"Tribhuvan University International Cricket Ground, Kirtipur",2,34.2,34.2,Oman,United Arab Emirates,Shakeel Ahmed,V Shukla,Muhammad Shahdad,0,0,,,,,,,caught,Shakeel Ahmed,,,Waseem Muhammad,,
1531697,2026,2026-04-27,"Tribhuvan University International Cricket Ground, Kirtipur",2,34.3,34.3,Oman,United Arab Emirates,J Ramanandi,V Shukla,Muhammad Shahdad,1,0,,,,,,,,,,,,,
1531697,2026,2026-04-27,"Tribhuvan University International Cricket Ground, Kirtipur",2,34.4,34.4,Oman,United Arab Emirates,V Shukla,J Ramanandi,Muhammad Shahdad,2,0,,,,,,,,,,,,,
1531697,2026,2026-04-27,"Tribhuvan University International Cricket Ground, Kirtipur",2,34.5,34.5,Oman,United Arab Emirates,V Shukla,J Ramanandi,Muhammad Shahdad,1,0,,,,,,,,,,,,,
1531697,2026,2026-04-27,"Tribhuvan University International Cricket Ground, Kirtipur",2,34.6,34.6,Oman,United Arab Emirates,J Ramanandi,V Shukla,Muhammad Shahdad,1,0,,,,,,,,,,,,,
1531697,2026,2026-04-27,"Tribhuvan University International Cricket Ground, Kirtipur",2,35.1,35.1,Oman,United Arab Emirates,J Ramanandi,V Shukla,Khuzaima Tanveer,0,1,,,,1,,,,,,,,,
1531697,2026,2026-04-27,"Tribhuvan University International Cricket Ground, Kirtipur",2,35.2,35.2,Oman,United Arab Emirates,V Shukla,J Ramanandi,Khuzaima Tanveer,4,0,,,,,,,,,,,,,
1531697,2026,2026-04-27,"Tribhuvan University International Cricket Ground, Kirtipur",2,35.3,35.3,Oman,United Arab Emirates,V Shukla,J Ramanandi,Khuzaima Tanveer,1,0,,,,,,,,,,,,,
1531697,2026,2026-04-27,"Tribhuvan University International Cricket Ground, Kirtipur",2,35.4,35.4,Oman,United Arab Emirates,J Ramanandi,V Shukla,Khuzaima Tanveer,1,0,,,,,,,,,,,,,
1531697,2026,2026-04-27,"Tribhuvan University International Cricket Ground, Kirtipur",2,35.5,35.5,Oman,United Arab Emirates,V Shukla,J Ramanandi,Khuzaima Tanveer,0,0,,,,,,,,,,,,,
1531697,2026,2026-04-27,"Tribhuvan University International Cricket Ground, Kirtipur",2,35.6,35.6,Oman,United Arab Emirates,V Shukla,J Ramanandi,Khuzaima Tanveer,0,0,,,,,,,,,,,,,
1531697,2026,2026-04-27,"Tribhuvan University International Cricket Ground, Kirtipur",2,36.1,36.1,Oman,United Arab Emirates,J Ramanandi,V Shukla,Muhammad Shahdad,1,0,,,,,,,,,,,,,
1531697,2026,2026-04-27,"Tribhuvan University International Cricket Ground, Kirtipur",2,36.2,36.2,Oman,United Arab Emirates,V Shukla,J Ramanandi,Muhammad Shahdad,1,0,,,,,,,,,,,,,
1531697,2026,2026-04-27,"Tribhuvan University International Cricket Ground, Kirtipur",2,36.3,36.3,Oman,United Arab Emirates,J Ramanandi,V Shukla,Muhammad Shahdad,1,0,,,,,,,,,,,,,
1531697,2026,2026-04-27,"Tribhuvan University International Cricket Ground, Kirtipur",2,36.4,36.4,Oman,United Arab Emirates,V Shukla,J Ramanandi,Muhammad Shahdad,6,0,,,,,,,,,,,,,
1531697,2026,2026-04-27,"Tribhuvan University International Cricket Ground, Kirtipur",2,36.5,36.5,Oman,United Arab Emirates,V Shukla,J Ramanandi,Muhammad Shahdad,1,0,,,,,,,,,,,,,
1531697,2026,2026-04-27,"Tribhuvan University International Cricket Ground, Kirtipur",2,36.6,36.6,Oman,United Arab Emirates,J Ramanandi,V Shukla,Muhammad Shahdad,1,0,,,,,,,,,,,,,
1531697,2026,2026-04-27,"Tribhuvan University International Cricket Ground, Kirtipur",2,37.1,37.1,Oman,United Arab Emirates,J Ramanandi,V Shukla,Ajay Kumar,1,0,,,,,,,,,,,,,
1531697,2026,2026-04-27,"Tribhuvan University International Cricket Ground, Kirtipur",2,37.2,37.2,Oman,United Arab Emirates,V Shukla,J Ramanandi,Ajay Kumar,1,0,,,,,,,,,,,,,
1531697,2026,2026-04-27,"Tribhuvan University International Cricket Ground, Kirtipur",2,37.3,37.3,Oman,United Arab Emirates,J Ramanandi,V Shukla,Ajay Kumar,0,0,,,,,,,,,,,,,
1531697,2026,2026-04-27,"Tribhuvan University International Cricket Ground, Kirtipur",2,37.4,37.4,Oman,United Arab Emirates,J Ramanandi,V Shukla,Ajay Kumar,0,0,,,,,,,,,,,,,
1531697,2026,2026-04-27,"Tribhuvan University International Cricket Ground, Kirtipur",2,37.5,37.5,Oman,United Arab Emirates,J Ramanandi,V Shukla,Ajay Kumar,0,0,,,,,,,,,,,,,
1531697,2026,2026-04-27,"Tribhuvan University International Cricket Ground, Kirtipur",2,37.6,37.6,Oman,United Arab Emirates,J Ramanandi,V Shukla,Ajay Kumar,1,0,,,,,,,,,,,,,
1531697,2026,2026-04-27,"Tribhuvan University International Cricket Ground, Kirtipur",2,38.1,38.1,Oman,United Arab Emirates,J Ramanandi,V Shukla,Nilansh Keswani,1,0,,,,,,,,,,,,,
1531697,2026,2026-04-27,"Tribhuvan University International Cricket Ground, Kirtipur",2,38.2,38.2,Oman,United Arab Emirates,V Shukla,J Ramanandi,Nilansh Keswani,0,0,,,,,,,,,,,,,
1531697,2026,2026-04-27,"Tribhuvan University International Cricket Ground, Kirtipur",2,38.3,38.3,Oman,United Arab Emirates,V Shukla,J Ramanandi,Nilansh Keswani,1,0,,,,,,,,,,,,,
1531697,2026,2026-04-27,"Tribhuvan University International Cricket Ground, Kirtipur",2,38.4,38.4,Oman,United Arab Emirates,J Ramanandi,V Shukla,Nilansh Keswani,1,0,,,,,,,,,,,,,
1531697,2026,2026-04-27,"Tribhuvan University International Cricket Ground, Kirtipur",2,38.5,38.5,Oman,United Arab Emirates,V Shukla,J Ramanandi,Nilansh Keswani,1,0,,,,,,,,,,,,,
1531697,2026,2026-04-27,"Tribhuvan University International Cricket Ground, Kirtipur",2,38.6,38.6,Oman,United Arab Emirates,J Ramanandi,V Shukla,Nilansh Keswani,0,0,,,,,,,,,,,,,
1531697,2026,2026-04-27,"Tribhuvan University International Cricket Ground, Kirtipur",2,39.1,39.1,Oman,United Arab Emirates,V Shukla,J Ramanandi,Haider Ali,1,0,,,,,,,,,,,,,
1531697,2026,2026-04-27,"Tribhuvan University International Cricket Ground, Kirtipur",2,39.2,39.2,Oman,United Arab Emirates,J Ramanandi,V Shukla,Haider Ali,0,0,,,,,,,,,,,,,
1531697,2026,2026-04-27,"Tribhuvan University International Cricket Ground, Kirtipur",2,39.3,39.3,Oman,United Arab Emirates,J Ramanandi,V Shukla,Haider Ali,1,0,,,,,,,,,,,,,
1531697,2026,2026-04-27,"Tribhuvan University International Cricket Ground, Kirtipur",2,39.4,39.4,Oman,United Arab Emirates,V Shukla,J Ramanandi,Haider Ali,1,0,,,,,,,,,,,,,
1531697,2026,2026-04-27,"Tribhuvan University International Cricket Ground, Kirtipur",2,39.5,39.5,Oman,United Arab Emirates,J Ramanandi,V Shukla,Haider Ali,1,0,,,,,,,,,,,,,
1531697,2026,2026-04-27,"Tribhuvan University International Cricket Ground, Kirtipur",2,39.6,39.6,Oman,United Arab Emirates,V Shukla,J Ramanandi,Haider Ali,1,0,,,,,,,,,,,,,
1531697,2026,2026-04-27,"Tribhuvan University International Cricket Ground, Kirtipur",2,40.1,40.1,Oman,United Arab Emirates,V Shukla,J Ramanandi,Nilansh Keswani,1,0,,,,,,,,,,,,,
1531697,2026,2026-04-27,"Tribhuvan University International Cricket Ground, Kirtipur",2,40.2,40.2,Oman,United Arab Emirates,J Ramanandi,V Shukla,Nilansh Keswani,0,0,,,,,,,,,,,,,
1531697,2026,2026-04-27,"Tribhuvan University International Cricket Ground, Kirtipur",2,40.3,40.3,Oman,United Arab Emirates,J Ramanandi,V Shukla,Nilansh Keswani,1,0,,,,,,,,,,,,,
1531697,2026,2026-04-27,"Tribhuvan University International Cricket Ground, Kirtipur",2,40.4,40.4,Oman,United Arab Emirates,V Shukla,J Ramanandi,Nilansh Keswani,2,0,,,,,,,,,,,,,
1531697,2026,2026-04-27,"Tribhuvan University International Cricket Ground, Kirtipur",2,40.5,40.5,Oman,United Arab Emirates,V Shukla,J Ramanandi,Nilansh Keswani,1,0,,,,,,,,,,,,,
1531697,2026,2026-04-27,"Tribhuvan University International Cricket Ground, Kirtipur",2,40.6,40.6,Oman,United Arab Emirates,J Ramanandi,V Shukla,Nilansh Keswani,0,0,,,,,,,,,,,,,
1531697,2026,2026-04-27,"Tribhuvan University International Cricket Ground, Kirtipur",2,41.1,41.1,Oman,United Arab Emirates,V Shukla,J Ramanandi,Haider Ali,0,0,,,,,,,,,,,,,
1531697,2026,2026-04-27,"Tribhuvan University International Cricket Ground, Kirtipur",2,41.2,41.2,Oman,United Arab Emirates,V Shukla,J Ramanandi,Haider Ali,1,0,,,,,,,,,,,,,
1531697,2026,2026-04-27,"Tribhuvan University International Cricket Ground, Kirtipur",2,41.3,41.3,Oman,United Arab Emirates,J Ramanandi,V Shukla,Haider Ali,1,0,,,,,,,,,,,,,
1531697,2026,2026-04-27,"Tribhuvan University International Cricket Ground, Kirtipur",2,41.4,41.4,Oman,United Arab Emirates,V Shukla,J Ramanandi,Haider Ali,0,0,,,,,,,,,,,,,
1531697,2026,2026-04-27,"Tribhuvan University International Cricket Ground, Kirtipur",2,41.5,41.5,Oman,United Arab Emirates,V Shukla,J Ramanandi,Haider Ali,1,0,,,,,,,,,,,,,
1531697,2026,2026-04-27,"Tribhuvan University International Cricket Ground, Kirtipur",2,41.6,41.6,Oman,United Arab Emirates,J Ramanandi,V Shukla,Haider Ali,4,0,,,,,,,,,,,,,
1531697,2026,2026-04-27,"Tribhuvan University International Cricket Ground, Kirtipur",2,42.1,42.1,Oman,United Arab Emirates,V Shukla,J Ramanandi,Nilansh Keswani,2,0,,,,,,,,,,,,,
1531697,2026,2026-04-27,"Tribhuvan University International Cricket Ground, Kirtipur",2,42.2,42.2,Oman,United Arab Emirates,V Shukla,J Ramanandi,Nilansh Keswani,1,0,,,,,,,,,,,,,
1531697,2026,2026-04-27,"Tribhuvan University International Cricket Ground, Kirtipur",2,42.3,42.3,Oman,United Arab Emirates,J Ramanandi,V Shukla,Nilansh Keswani,1,0,,,,,,,,,,,,,
1531697,2026,2026-04-27,"Tribhuvan University International Cricket Ground, Kirtipur",2,42.4,42.4,Oman,United Arab Emirates,V Shukla,J Ramanandi,Nilansh Keswani,6,0,,,,,,,,,,,,,
1531697,2026,2026-04-27,"Tribhuvan University International Cricket Ground, Kirtipur",2,42.5,42.5,Oman,United Arab Emirates,V Shukla,J Ramanandi,Nilansh Keswani,1,0,,,,,,,,,,,,,
1531697,2026,2026-04-27,"Tribhuvan University International Cricket Ground, Kirtipur",2,42.6,42.6,Oman,United Arab Emirates,J Ramanandi,V Shukla,Nilansh Keswani,0,0,,,,,,,,,,,,,
1531697,2026,2026-04-27,"Tribhuvan University International Cricket Ground, Kirtipur",2,43.1,43.1,Oman,United Arab Emirates,V Shukla,J Ramanandi,Junaid Siddique,0,0,,,,,,,,,,,,,
1531697,2026,2026-04-27,"Tribhuvan University International Cricket Ground, Kirtipur",2,43.2,43.2,Oman,United Arab Emirates,V Shukla,J Ramanandi,Junaid Siddique,1,0,,,,,,,,,,,,,
1531697,2026,2026-04-27,"Tribhuvan University International Cricket Ground, Kirtipur",2,43.3,43.3,Oman,United Arab Emirates,J Ramanandi,V Shukla,Junaid Siddique,0,0,,,,,,,bowled,J Ramanandi,,,,,
1531697,2026,2026-04-27,"Tribhuvan University International Cricket Ground, Kirtipur",2,43.4,43.4,Oman,United Arab Emirates,Shah Faisal,V Shukla,Junaid Siddique,0,0,,,,,,,,,,,,,
1531697,2026,2026-04-27,"Tribhuvan University International Cricket Ground, Kirtipur",2,43.5,43.5,Oman,United Arab Emirates,Shah Faisal,V Shukla,Junaid Siddique,0,0,,,,,,,,,,,,,
1531697,2026,2026-04-27,"Tribhuvan University International Cricket Ground, Kirtipur",2,43.6,43.6,Oman,United Arab Emirates,Shah Faisal,V Shukla,Junaid Siddique,0,1,1,,,,,,,,,,,,
1531697,2026,2026-04-27,"Tribhuvan University International Cricket Ground, Kirtipur",2,43.7,43.6,Oman,United Arab Emirates,Shah Faisal,V Shukla,Junaid Siddique,1,0,,,,,,,,,,,,,
1531697,2026,2026-04-27,"Tribhuvan University International Cricket Ground, Kirtipur",2,44.1,44.1,Oman,United Arab Emirates,Shah Faisal,V Shukla,Ajay Kumar,1,0,,,,,,,,,,,,,
1531697,2026,2026-04-27,"Tribhuvan University International Cricket Ground, Kirtipur",2,44.2,44.2,Oman,United Arab Emirates,V Shukla,Shah Faisal,Ajay Kumar,0,0,,,,,,,,,,,,,
1531697,2026,2026-04-27,"Tribhuvan University International Cricket Ground, Kirtipur",2,44.3,44.3,Oman,United Arab Emirates,V Shukla,Shah Faisal,Ajay Kumar,0,0,,,,,,,,,,,,,
1531697,2026,2026-04-27,"Tribhuvan University International Cricket Ground, Kirtipur",2,44.4,44.4,Oman,United Arab Emirates,V Shukla,Shah Faisal,Ajay Kumar,1,0,,,,,,,,,,,,,
1531697,2026,2026-04-27,"Tribhuvan University International Cricket Ground, Kirtipur",2,44.5,44.5,Oman,United Arab Emirates,Shah Faisal,V Shukla,Ajay Kumar,1,0,,,,,,,,,,,,,
1531697,2026,2026-04-27,"Tribhuvan University International Cricket Ground, Kirtipur",2,44.6,44.6,Oman,United Arab Emirates,V Shukla,Shah Faisal,Ajay Kumar,1,0,,,,,,,,,,,,,
1531697,2026,2026-04-27,"Tribhuvan University International Cricket Ground, Kirtipur",2,45.1,45.1,Oman,United Arab Emirates,V Shukla,Shah Faisal,Junaid Siddique,0,0,,,,,,,,,,,,,
1531697,2026,2026-04-27,"Tribhuvan University International Cricket Ground, Kirtipur",2,45.2,45.2,Oman,United Arab Emirates,V Shukla,Shah Faisal,Junaid Siddique,1,0,,,,,,,,,,,,,
1531697,2026,2026-04-27,"Tribhuvan University International Cricket Ground, Kirtipur",2,45.3,45.3,Oman,United Arab Emirates,Shah Faisal,V Shukla,Junaid Siddique,1,0,,,,,,,,,,,,,
1531697,2026,2026-04-27,"Tribhuvan University International Cricket Ground, Kirtipur",2,45.4,45.4,Oman,United Arab Emirates,V Shukla,Shah Faisal,Junaid Siddique,1,0,,,,,,,,,,,,,
1531697,2026,2026-04-27,"Tribhuvan University International Cricket Ground, Kirtipur",2,45.5,45.5,Oman,United Arab Emirates,Shah Faisal,V Shukla,Junaid Siddique,1,0,,,,,,,,,,,,,
1531697,2026,2026-04-27,"Tribhuvan University International Cricket Ground, Kirtipur",2,45.6,45.6,Oman,United Arab Emirates,V Shukla,Shah Faisal,Junaid Siddique,0,0,,,,,,,,,,,,,
1531697,2026,2026-04-27,"Tribhuvan University International Cricket Ground, Kirtipur",2,46.1,46.1,Oman,United Arab Emirates,Shah Faisal,V Shukla,Khuzaima Tanveer,0,0,,,,,,,,,,,,,
1531697,2026,2026-04-27,"Tribhuvan University International Cricket Ground, Kirtipur",2,46.2,46.2,Oman,United Arab Emirates,Shah Faisal,V Shukla,Khuzaima Tanveer,0,0,,,,,,,,,,,,,
1531697,2026,2026-04-27,"Tribhuvan University International Cricket Ground, Kirtipur",2,46.3,46.3,Oman,United Arab Emirates,Shah Faisal,V Shukla,Khuzaima Tanveer,1,0,,,,,,,,,,,,,
1531697,2026,2026-04-27,"Tribhuvan University International Cricket Ground, Kirtipur",2,46.4,46.4,Oman,United Arab Emirates,V Shukla,Shah Faisal,Khuzaima Tanveer,1,0,,,,,,,,,,,,,
1531697,2026,2026-04-27,"Tribhuvan University International Cricket Ground, Kirtipur",2,46.5,46.5,Oman,United Arab Emirates,Shah Faisal,V Shukla,Khuzaima Tanveer,0,0,,,,,,,,,,,,,
1531697,2026,2026-04-27,"Tribhuvan University International Cricket Ground, Kirtipur",2,46.6,46.6,Oman,United Arab Emirates,Shah Faisal,V Shukla,Khuzaima Tanveer,1,0,,,,,,,,,,,,,
1531697,2026,2026-04-27,"Tribhuvan University International Cricket Ground, Kirtipur",2,47.1,47.1,Oman,United Arab Emirates,Shah Faisal,V Shukla,Ajay Kumar,0,0,,,,,,,bowled,Shah Faisal,,,,,
1531697,2026,2026-04-27,"Tribhuvan University International Cricket Ground, Kirtipur",2,47.2,47.2,Oman,United Arab Emirates,B Siddharth,V Shukla,Ajay Kumar,0,0,,,,,,,,,,,,,
1531697,2026,2026-04-27,"Tribhuvan University International Cricket Ground, Kirtipur",2,47.3,47.3,Oman,United Arab Emirates,B Siddharth,V Shukla,Ajay Kumar,0,0,,,,,,,caught,B Siddharth,,,Waseem Muhammad,,
1531697,2026,2026-04-27,"Tribhuvan University International Cricket Ground, Kirtipur",2,47.4,47.4,Oman,United Arab Emirates,Hassnain Shah,V Shukla,Ajay Kumar,0,0,,,,,,,,,,,,,
1531697,2026,2026-04-27,"Tribhuvan University International Cricket Ground, Kirtipur",2,47.5,47.5,Oman,United Arab Emirates,Hassnain Shah,V Shukla,Ajay Kumar,0,0,,,,,,,bowled,Hassnain Shah,,,,,
