match_id,season,start_date,venue,innings,ball,actual_delivery,batting_team,bowling_team,striker,non_striker,bowler,runs_off_bat,extras,wides,noballs,byes,legbyes,penalty,non_boundary,wicket_type,player_dismissed,other_wicket_type,other_player_dismissed,fielder_1,fielder_2,fielder_3
1531707,2026,2026-05-22,"Tribhuvan University International Cricket Ground, Kirtipur",1,0.1,0.1,Nepal,United States of America,K Bhurtel,Aasif Sheikh,SN Netravalkar,0,0,,,,,,,,,,,,,
1531707,2026,2026-05-22,"Tribhuvan University International Cricket Ground, Kirtipur",1,0.2,0.2,Nepal,United States of America,K Bhurtel,Aasif Sheikh,SN Netravalkar,0,0,,,,,,,,,,,,,
1531707,2026,2026-05-22,"Tribhuvan University International Cricket Ground, Kirtipur",1,0.3,0.3,Nepal,United States of America,K Bhurtel,Aasif Sheikh,SN Netravalkar,0,0,,,,,,,,,,,,,
1531707,2026,2026-05-22,"Tribhuvan University International Cricket Ground, Kirtipur",1,0.4,0.4,Nepal,United States of America,K Bhurtel,Aasif Sheikh,SN Netravalkar,0,0,,,,,,,,,,,,,
1531707,2026,2026-05-22,"Tribhuvan University International Cricket Ground, Kirtipur",1,0.5,0.5,Nepal,United States of America,K Bhurtel,Aasif Sheikh,SN Netravalkar,0,0,,,,,,,,,,,,,
1531707,2026,2026-05-22,"Tribhuvan University International Cricket Ground, Kirtipur",1,0.6,0.6,Nepal,United States of America,K Bhurtel,Aasif Sheikh,SN Netravalkar,0,0,,,,,,,,,,,,,
1531707,2026,2026-05-22,"Tribhuvan University International Cricket Ground, Kirtipur",1,1.1,1.1,Nepal,United States of America,Aasif Sheikh,K Bhurtel,R Ugarkar,4,0,,,,,,,,,,,,,
1531707,2026,2026-05-22,"Tribhuvan University International Cricket Ground, Kirtipur",1,1.2,1.2,Nepal,United States of America,Aasif Sheikh,K Bhurtel,R Ugarkar,0,0,,,,,,,,,,,,,
1531707,2026,2026-05-22,"Tribhuvan University International Cricket Ground, Kirtipur",1,1.3,1.3,Nepal,United States of America,Aasif Sheikh,K Bhurtel,R Ugarkar,4,0,,,,,,,,,,,,,
1531707,2026,2026-05-22,"Tribhuvan University International Cricket Ground, Kirtipur",1,1.4,1.4,Nepal,United States of America,Aasif Sheikh,K Bhurtel,R Ugarkar,0,0,,,,,,,,,,,,,
1531707,2026,2026-05-22,"Tribhuvan University International Cricket Ground, Kirtipur",1,1.5,1.5,Nepal,United States of America,Aasif Sheikh,K Bhurtel,R Ugarkar,4,0,,,,,,,,,,,,,
1531707,2026,2026-05-22,"Tribhuvan University International Cricket Ground, Kirtipur",1,1.6,1.6,Nepal,United States of America,Aasif Sheikh,K Bhurtel,R Ugarkar,0,0,,,,,,,,,,,,,
1531707,2026,2026-05-22,"Tribhuvan University International Cricket Ground, Kirtipur",1,2.1,2.1,Nepal,United States of America,K Bhurtel,Aasif Sheikh,SN Netravalkar,2,0,,,,,,,,,,,,,
1531707,2026,2026-05-22,"Tribhuvan University International Cricket Ground, Kirtipur",1,2.2,2.2,Nepal,United States of America,K Bhurtel,Aasif Sheikh,SN Netravalkar,0,0,,,,,,,,,,,,,
1531707,2026,2026-05-22,"Tribhuvan University International Cricket Ground, Kirtipur",1,2.3,2.3,Nepal,United States of America,K Bhurtel,Aasif Sheikh,SN Netravalkar,0,0,,,,,,,,,,,,,
1531707,2026,2026-05-22,"Tribhuvan University International Cricket Ground, Kirtipur",1,2.4,2.4,Nepal,United States of America,K Bhurtel,Aasif Sheikh,SN Netravalkar,4,0,,,,,,,,,,,,,
1531707,2026,2026-05-22,"Tribhuvan University International Cricket Ground, Kirtipur",1,2.5,2.5,Nepal,United States of America,K Bhurtel,Aasif Sheikh,SN Netravalkar,1,0,,,,,,,,,,,,,
1531707,2026,2026-05-22,"Tribhuvan University International Cricket Ground, Kirtipur",1,2.6,2.6,Nepal,United States of America,Aasif Sheikh,K Bhurtel,SN Netravalkar,0,0,,,,,,,,,,,,,
1531707,2026,2026-05-22,"Tribhuvan University International Cricket Ground, Kirtipur",1,3.1,3.1,Nepal,United States of America,K Bhurtel,Aasif Sheikh,R Ugarkar,0,0,,,,,,,,,,,,,
1531707,2026,2026-05-22,"Tribhuvan University International Cricket Ground, Kirtipur",1,3.2,3.2,Nepal,United States of America,K Bhurtel,Aasif Sheikh,R Ugarkar,4,0,,,,,,,,,,,,,
1531707,2026,2026-05-22,"Tribhuvan University International Cricket Ground, Kirtipur",1,3.3,3.3,Nepal,United States of America,K Bhurtel,Aasif Sheikh,R Ugarkar,0,5,5,,,,,,,,,,,,
1531707,2026,2026-05-22,"Tribhuvan University International Cricket Ground, Kirtipur",1,3.4,3.3,Nepal,United States of America,K Bhurtel,Aasif Sheikh,R Ugarkar,0,0,,,,,,,,,,,,,
1531707,2026,2026-05-22,"Tribhuvan University International Cricket Ground, Kirtipur",1,3.5,3.4,Nepal,United States of America,K Bhurtel,Aasif Sheikh,R Ugarkar,4,0,,,,,,,,,,,,,
1531707,2026,2026-05-22,"Tribhuvan University International Cricket Ground, Kirtipur",1,3.6,3.5,Nepal,United States of America,K Bhurtel,Aasif Sheikh,R Ugarkar,4,0,,,,,,,,,,,,,
1531707,2026,2026-05-22,"Tribhuvan University International Cricket Ground, Kirtipur",1,3.7,3.6,Nepal,United States of America,K Bhurtel,Aasif Sheikh,R Ugarkar,0,0,,,,,,,,,,,,,
1531707,2026,2026-05-22,"Tribhuvan University International Cricket Ground, Kirtipur",1,4.1,4.1,Nepal,United States of America,Aasif Sheikh,K Bhurtel,SN Netravalkar,0,0,,,,,,,,,,,,,
1531707,2026,2026-05-22,"Tribhuvan University International Cricket Ground, Kirtipur",1,4.2,4.2,Nepal,United States of America,Aasif Sheikh,K Bhurtel,SN Netravalkar,1,0,,,,,,,,,,,,,
1531707,2026,2026-05-22,"Tribhuvan University International Cricket Ground, Kirtipur",1,4.3,4.3,Nepal,United States of America,K Bhurtel,Aasif Sheikh,SN Netravalkar,0,0,,,,,,,,,,,,,
1531707,2026,2026-05-22,"Tribhuvan University International Cricket Ground, Kirtipur",1,4.4,4.4,Nepal,United States of America,K Bhurtel,Aasif Sheikh,SN Netravalkar,0,0,,,,,,,,,,,,,
1531707,2026,2026-05-22,"Tribhuvan University International Cricket Ground, Kirtipur",1,4.5,4.5,Nepal,United States of America,K Bhurtel,Aasif Sheikh,SN Netravalkar,0,0,,,,,,,,,,,,,
1531707,2026,2026-05-22,"Tribhuvan University International Cricket Ground, Kirtipur",1,4.6,4.6,Nepal,United States of America,K Bhurtel,Aasif Sheikh,SN Netravalkar,0,0,,,,,,,,,,,,,
1531707,2026,2026-05-22,"Tribhuvan University International Cricket Ground, Kirtipur",1,5.1,5.1,Nepal,United States of America,Aasif Sheikh,K Bhurtel,NP Kenjige,0,0,,,,,,,,,,,,,
1531707,2026,2026-05-22,"Tribhuvan University International Cricket Ground, Kirtipur",1,5.2,5.2,Nepal,United States of America,Aasif Sheikh,K Bhurtel,NP Kenjige,0,0,,,,,,,,,,,,,
1531707,2026,2026-05-22,"Tribhuvan University International Cricket Ground, Kirtipur",1,5.3,5.3,Nepal,United States of America,Aasif Sheikh,K Bhurtel,NP Kenjige,0,0,,,,,,,,,,,,,
1531707,2026,2026-05-22,"Tribhuvan University International Cricket Ground, Kirtipur",1,5.4,5.4,Nepal,United States of America,Aasif Sheikh,K Bhurtel,NP Kenjige,1,0,,,,,,,,,,,,,
1531707,2026,2026-05-22,"Tribhuvan University International Cricket Ground, Kirtipur",1,5.5,5.5,Nepal,United States of America,K Bhurtel,Aasif Sheikh,NP Kenjige,0,0,,,,,,,,,,,,,
1531707,2026,2026-05-22,"Tribhuvan University International Cricket Ground, Kirtipur",1,5.6,5.6,Nepal,United States of America,K Bhurtel,Aasif Sheikh,NP Kenjige,0,0,,,,,,,,,,,,,
1531707,2026,2026-05-22,"Tribhuvan University International Cricket Ground, Kirtipur",1,6.1,6.1,Nepal,United States of America,Aasif Sheikh,K Bhurtel,SN Netravalkar,1,0,,,,,,,,,,,,,
1531707,2026,2026-05-22,"Tribhuvan University International Cricket Ground, Kirtipur",1,6.2,6.2,Nepal,United States of America,K Bhurtel,Aasif Sheikh,SN Netravalkar,4,0,,,,,,,,,,,,,
1531707,2026,2026-05-22,"Tribhuvan University International Cricket Ground, Kirtipur",1,6.3,6.3,Nepal,United States of America,K Bhurtel,Aasif Sheikh,SN Netravalkar,1,0,,,,,,,,,,,,,
1531707,2026,2026-05-22,"Tribhuvan University International Cricket Ground, Kirtipur",1,6.4,6.4,Nepal,United States of America,Aasif Sheikh,K Bhurtel,SN Netravalkar,1,0,,,,,,,,,,,,,
1531707,2026,2026-05-22,"Tribhuvan University International Cricket Ground, Kirtipur",1,6.5,6.5,Nepal,United States of America,K Bhurtel,Aasif Sheikh,SN Netravalkar,1,0,,,,,,,,,,,,,
1531707,2026,2026-05-22,"Tribhuvan University International Cricket Ground, Kirtipur",1,6.6,6.6,Nepal,United States of America,Aasif Sheikh,K Bhurtel,SN Netravalkar,0,0,,,,,,,,,,,,,
1531707,2026,2026-05-22,"Tribhuvan University International Cricket Ground, Kirtipur",1,7.1,7.1,Nepal,United States of America,K Bhurtel,Aasif Sheikh,NP Kenjige,0,0,,,,,,,,,,,,,
1531707,2026,2026-05-22,"Tribhuvan University International Cricket Ground, Kirtipur",1,7.2,7.2,Nepal,United States of America,K Bhurtel,Aasif Sheikh,NP Kenjige,1,0,,,,,,,,,,,,,
1531707,2026,2026-05-22,"Tribhuvan University International Cricket Ground, Kirtipur",1,7.3,7.3,Nepal,United States of America,Aasif Sheikh,K Bhurtel,NP Kenjige,0,0,,,,,,,,,,,,,
1531707,2026,2026-05-22,"Tribhuvan University International Cricket Ground, Kirtipur",1,7.4,7.4,Nepal,United States of America,Aasif Sheikh,K Bhurtel,NP Kenjige,0,0,,,,,,,,,,,,,
1531707,2026,2026-05-22,"Tribhuvan University International Cricket Ground, Kirtipur",1,7.5,7.5,Nepal,United States of America,Aasif Sheikh,K Bhurtel,NP Kenjige,0,0,,,,,,,,,,,,,
1531707,2026,2026-05-22,"Tribhuvan University International Cricket Ground, Kirtipur",1,7.6,7.6,Nepal,United States of America,Aasif Sheikh,K Bhurtel,NP Kenjige,1,0,,,,,,,,,,,,,
1531707,2026,2026-05-22,"Tribhuvan University International Cricket Ground, Kirtipur",1,8.1,8.1,Nepal,United States of America,Aasif Sheikh,K Bhurtel,Shubham Ranjane,4,0,,,,,,,,,,,,,
1531707,2026,2026-05-22,"Tribhuvan University International Cricket Ground, Kirtipur",1,8.2,8.2,Nepal,United States of America,Aasif Sheikh,K Bhurtel,Shubham Ranjane,4,0,,,,,,,,,,,,,
1531707,2026,2026-05-22,"Tribhuvan University International Cricket Ground, Kirtipur",1,8.3,8.3,Nepal,United States of America,Aasif Sheikh,K Bhurtel,Shubham Ranjane,0,0,,,,,,,,,,,,,
1531707,2026,2026-05-22,"Tribhuvan University International Cricket Ground, Kirtipur",1,8.4,8.4,Nepal,United States of America,Aasif Sheikh,K Bhurtel,Shubham Ranjane,0,0,,,,,,,,,,,,,
1531707,2026,2026-05-22,"Tribhuvan University International Cricket Ground, Kirtipur",1,8.5,8.5,Nepal,United States of America,Aasif Sheikh,K Bhurtel,Shubham Ranjane,4,0,,,,,,,,,,,,,
1531707,2026,2026-05-22,"Tribhuvan University International Cricket Ground, Kirtipur",1,8.6,8.6,Nepal,United States of America,Aasif Sheikh,K Bhurtel,Shubham Ranjane,1,0,,,,,,,,,,,,,
1531707,2026,2026-05-22,"Tribhuvan University International Cricket Ground, Kirtipur",1,9.1,9.1,Nepal,United States of America,Aasif Sheikh,K Bhurtel,NP Kenjige,0,0,,,,,,,,,,,,,
1531707,2026,2026-05-22,"Tribhuvan University International Cricket Ground, Kirtipur",1,9.2,9.2,Nepal,United States of America,Aasif Sheikh,K Bhurtel,NP Kenjige,1,0,,,,,,,,,,,,,
1531707,2026,2026-05-22,"Tribhuvan University International Cricket Ground, Kirtipur",1,9.3,9.3,Nepal,United States of America,K Bhurtel,Aasif Sheikh,NP Kenjige,0,0,,,,,,,,,,,,,
1531707,2026,2026-05-22,"Tribhuvan University International Cricket Ground, Kirtipur",1,9.4,9.4,Nepal,United States of America,K Bhurtel,Aasif Sheikh,NP Kenjige,0,0,,,,,,,,,,,,,
1531707,2026,2026-05-22,"Tribhuvan University International Cricket Ground, Kirtipur",1,9.5,9.5,Nepal,United States of America,K Bhurtel,Aasif Sheikh,NP Kenjige,0,0,,,,,,,,,,,,,
1531707,2026,2026-05-22,"Tribhuvan University International Cricket Ground, Kirtipur",1,9.6,9.6,Nepal,United States of America,K Bhurtel,Aasif Sheikh,NP Kenjige,0,0,,,,,,,,,,,,,
1531707,2026,2026-05-22,"Tribhuvan University International Cricket Ground, Kirtipur",1,10.1,10.1,Nepal,United States of America,Aasif Sheikh,K Bhurtel,Shubham Ranjane,1,0,,,,,,,,,,,,,
1531707,2026,2026-05-22,"Tribhuvan University International Cricket Ground, Kirtipur",1,10.2,10.2,Nepal,United States of America,K Bhurtel,Aasif Sheikh,Shubham Ranjane,1,0,,,,,,,,,,,,,
1531707,2026,2026-05-22,"Tribhuvan University International Cricket Ground, Kirtipur",1,10.3,10.3,Nepal,United States of America,Aasif Sheikh,K Bhurtel,Shubham Ranjane,0,0,,,,,,,,,,,,,
1531707,2026,2026-05-22,"Tribhuvan University International Cricket Ground, Kirtipur",1,10.4,10.4,Nepal,United States of America,Aasif Sheikh,K Bhurtel,Shubham Ranjane,0,0,,,,,,,,,,,,,
1531707,2026,2026-05-22,"Tribhuvan University International Cricket Ground, Kirtipur",1,10.5,10.5,Nepal,United States of America,Aasif Sheikh,K Bhurtel,Shubham Ranjane,0,0,,,,,,,,,,,,,
1531707,2026,2026-05-22,"Tribhuvan University International Cricket Ground, Kirtipur",1,10.6,10.6,Nepal,United States of America,Aasif Sheikh,K Bhurtel,Shubham Ranjane,1,0,,,,,,,,,,,,,
1531707,2026,2026-05-22,"Tribhuvan University International Cricket Ground, Kirtipur",1,11.1,11.1,Nepal,United States of America,Aasif Sheikh,K Bhurtel,NP Kenjige,1,0,,,,,,,,,,,,,
1531707,2026,2026-05-22,"Tribhuvan University International Cricket Ground, Kirtipur",1,11.2,11.2,Nepal,United States of America,K Bhurtel,Aasif Sheikh,NP Kenjige,0,0,,,,,,,,,,,,,
1531707,2026,2026-05-22,"Tribhuvan University International Cricket Ground, Kirtipur",1,11.3,11.3,Nepal,United States of America,K Bhurtel,Aasif Sheikh,NP Kenjige,1,0,,,,,,,,,,,,,
1531707,2026,2026-05-22,"Tribhuvan University International Cricket Ground, Kirtipur",1,11.4,11.4,Nepal,United States of America,Aasif Sheikh,K Bhurtel,NP Kenjige,0,0,,,,,,,,,,,,,
1531707,2026,2026-05-22,"Tribhuvan University International Cricket Ground, Kirtipur",1,11.5,11.5,Nepal,United States of America,Aasif Sheikh,K Bhurtel,NP Kenjige,0,0,,,,,,,,,,,,,
1531707,2026,2026-05-22,"Tribhuvan University International Cricket Ground, Kirtipur",1,11.6,11.6,Nepal,United States of America,Aasif Sheikh,K Bhurtel,NP Kenjige,0,0,,,,,,,,,,,,,
1531707,2026,2026-05-22,"Tribhuvan University International Cricket Ground, Kirtipur",1,12.1,12.1,Nepal,United States of America,K Bhurtel,Aasif Sheikh,Shubham Ranjane,0,0,,,,,,,,,,,,,
1531707,2026,2026-05-22,"Tribhuvan University International Cricket Ground, Kirtipur",1,12.2,12.2,Nepal,United States of America,K Bhurtel,Aasif Sheikh,Shubham Ranjane,1,0,,,,,,,,,,,,,
1531707,2026,2026-05-22,"Tribhuvan University International Cricket Ground, Kirtipur",1,12.3,12.3,Nepal,United States of America,Aasif Sheikh,K Bhurtel,Shubham Ranjane,1,0,,,,,,,,,,,,,
1531707,2026,2026-05-22,"Tribhuvan University International Cricket Ground, Kirtipur",1,12.4,12.4,Nepal,United States of America,K Bhurtel,Aasif Sheikh,Shubham Ranjane,0,0,,,,,,,,,,,,,
1531707,2026,2026-05-22,"Tribhuvan University International Cricket Ground, Kirtipur",1,12.5,12.5,Nepal,United States of America,K Bhurtel,Aasif Sheikh,Shubham Ranjane,0,0,,,,,,,caught,K Bhurtel,,,SR Mukkamalla,,
1531707,2026,2026-05-22,"Tribhuvan University International Cricket Ground, Kirtipur",1,12.6,12.6,Nepal,United States of America,I Pandey,Aasif Sheikh,Shubham Ranjane,0,0,,,,,,,,,,,,,
1531707,2026,2026-05-22,"Tribhuvan University International Cricket Ground, Kirtipur",1,13.1,13.1,Nepal,United States of America,Aasif Sheikh,I Pandey,NP Kenjige,1,0,,,,,,,,,,,,,
1531707,2026,2026-05-22,"Tribhuvan University International Cricket Ground, Kirtipur",1,13.2,13.2,Nepal,United States of America,I Pandey,Aasif Sheikh,NP Kenjige,0,0,,,,,,,,,,,,,
1531707,2026,2026-05-22,"Tribhuvan University International Cricket Ground, Kirtipur",1,13.3,13.3,Nepal,United States of America,I Pandey,Aasif Sheikh,NP Kenjige,0,0,,,,,,,,,,,,,
1531707,2026,2026-05-22,"Tribhuvan University International Cricket Ground, Kirtipur",1,13.4,13.4,Nepal,United States of America,I Pandey,Aasif Sheikh,NP Kenjige,0,0,,,,,,,,,,,,,
1531707,2026,2026-05-22,"Tribhuvan University International Cricket Ground, Kirtipur",1,13.5,13.5,Nepal,United States of America,I Pandey,Aasif Sheikh,NP Kenjige,0,0,,,,,,,,,,,,,
1531707,2026,2026-05-22,"Tribhuvan University International Cricket Ground, Kirtipur",1,13.6,13.6,Nepal,United States of America,I Pandey,Aasif Sheikh,NP Kenjige,0,0,,,,,,,,,,,,,
1531707,2026,2026-05-22,"Tribhuvan University International Cricket Ground, Kirtipur",1,14.1,14.1,Nepal,United States of America,Aasif Sheikh,I Pandey,Shubham Ranjane,1,0,,,,,,,,,,,,,
1531707,2026,2026-05-22,"Tribhuvan University International Cricket Ground, Kirtipur",1,14.2,14.2,Nepal,United States of America,I Pandey,Aasif Sheikh,Shubham Ranjane,0,0,,,,,,,,,,,,,
1531707,2026,2026-05-22,"Tribhuvan University International Cricket Ground, Kirtipur",1,14.3,14.3,Nepal,United States of America,I Pandey,Aasif Sheikh,Shubham Ranjane,1,0,,,,,,,,,,,,,
1531707,2026,2026-05-22,"Tribhuvan University International Cricket Ground, Kirtipur",1,14.4,14.4,Nepal,United States of America,Aasif Sheikh,I Pandey,Shubham Ranjane,0,0,,,,,,,,,,,,,
1531707,2026,2026-05-22,"Tribhuvan University International Cricket Ground, Kirtipur",1,14.5,14.5,Nepal,United States of America,Aasif Sheikh,I Pandey,Shubham Ranjane,0,0,,,,,,,,,,,,,
1531707,2026,2026-05-22,"Tribhuvan University International Cricket Ground, Kirtipur",1,14.6,14.6,Nepal,United States of America,Aasif Sheikh,I Pandey,Shubham Ranjane,0,0,,,,,,,,,,,,,
1531707,2026,2026-05-22,"Tribhuvan University International Cricket Ground, Kirtipur",1,15.1,15.1,Nepal,United States of America,I Pandey,Aasif Sheikh,Milind Kumar,1,0,,,,,,,,,,,,,
1531707,2026,2026-05-22,"Tribhuvan University International Cricket Ground, Kirtipur",1,15.2,15.2,Nepal,United States of America,Aasif Sheikh,I Pandey,Milind Kumar,1,0,,,,,,,,,,,,,
1531707,2026,2026-05-22,"Tribhuvan University International Cricket Ground, Kirtipur",1,15.3,15.3,Nepal,United States of America,I Pandey,Aasif Sheikh,Milind Kumar,1,0,,,,,,,,,,,,,
1531707,2026,2026-05-22,"Tribhuvan University International Cricket Ground, Kirtipur",1,15.4,15.4,Nepal,United States of America,Aasif Sheikh,I Pandey,Milind Kumar,0,0,,,,,,,,,,,,,
1531707,2026,2026-05-22,"Tribhuvan University International Cricket Ground, Kirtipur",1,15.5,15.5,Nepal,United States of America,Aasif Sheikh,I Pandey,Milind Kumar,0,0,,,,,,,,,,,,,
1531707,2026,2026-05-22,"Tribhuvan University International Cricket Ground, Kirtipur",1,15.6,15.6,Nepal,United States of America,Aasif Sheikh,I Pandey,Milind Kumar,1,0,,,,,,,,,,,,,
1531707,2026,2026-05-22,"Tribhuvan University International Cricket Ground, Kirtipur",1,16.1,16.1,Nepal,United States of America,Aasif Sheikh,I Pandey,Shubham Ranjane,0,0,,,,,,,,,,,,,
1531707,2026,2026-05-22,"Tribhuvan University International Cricket Ground, Kirtipur",1,16.2,16.2,Nepal,United States of America,Aasif Sheikh,I Pandey,Shubham Ranjane,1,0,,,,,,,,,,,,,
1531707,2026,2026-05-22,"Tribhuvan University International Cricket Ground, Kirtipur",1,16.3,16.3,Nepal,United States of America,I Pandey,Aasif Sheikh,Shubham Ranjane,1,0,,,,,,,,,,,,,
1531707,2026,2026-05-22,"Tribhuvan University International Cricket Ground, Kirtipur",1,16.4,16.4,Nepal,United States of America,Aasif Sheikh,I Pandey,Shubham Ranjane,0,0,,,,,,,,,,,,,
1531707,2026,2026-05-22,"Tribhuvan University International Cricket Ground, Kirtipur",1,16.5,16.5,Nepal,United States of America,Aasif Sheikh,I Pandey,Shubham Ranjane,0,0,,,,,,,,,,,,,
1531707,2026,2026-05-22,"Tribhuvan University International Cricket Ground, Kirtipur",1,16.6,16.6,Nepal,United States of America,Aasif Sheikh,I Pandey,Shubham Ranjane,1,0,,,,,,,,,,,,,
1531707,2026,2026-05-22,"Tribhuvan University International Cricket Ground, Kirtipur",1,17.1,17.1,Nepal,United States of America,Aasif Sheikh,I Pandey,Milind Kumar,1,0,,,,,,,,,,,,,
1531707,2026,2026-05-22,"Tribhuvan University International Cricket Ground, Kirtipur",1,17.2,17.2,Nepal,United States of America,I Pandey,Aasif Sheikh,Milind Kumar,0,0,,,,,,,,,,,,,
1531707,2026,2026-05-22,"Tribhuvan University International Cricket Ground, Kirtipur",1,17.3,17.3,Nepal,United States of America,I Pandey,Aasif Sheikh,Milind Kumar,1,0,,,,,,,,,,,,,
1531707,2026,2026-05-22,"Tribhuvan University International Cricket Ground, Kirtipur",1,17.4,17.4,Nepal,United States of America,Aasif Sheikh,I Pandey,Milind Kumar,0,0,,,,,,,,,,,,,
1531707,2026,2026-05-22,"Tribhuvan University International Cricket Ground, Kirtipur",1,17.5,17.5,Nepal,United States of America,Aasif Sheikh,I Pandey,Milind Kumar,1,0,,,,,,,,,,,,,
1531707,2026,2026-05-22,"Tribhuvan University International Cricket Ground, Kirtipur",1,17.6,17.6,Nepal,United States of America,I Pandey,Aasif Sheikh,Milind Kumar,1,0,,,,,,,,,,,,,
1531707,2026,2026-05-22,"Tribhuvan University International Cricket Ground, Kirtipur",1,18.1,18.1,Nepal,United States of America,I Pandey,Aasif Sheikh,R Ugarkar,1,0,,,,,,,,,,,,,
1531707,2026,2026-05-22,"Tribhuvan University International Cricket Ground, Kirtipur",1,18.2,18.2,Nepal,United States of America,Aasif Sheikh,I Pandey,R Ugarkar,0,0,,,,,,,,,,,,,
1531707,2026,2026-05-22,"Tribhuvan University International Cricket Ground, Kirtipur",1,18.3,18.3,Nepal,United States of America,Aasif Sheikh,I Pandey,R Ugarkar,0,0,,,,,,,caught,Aasif Sheikh,,,SK Patel,,
1531707,2026,2026-05-22,"Tribhuvan University International Cricket Ground, Kirtipur",1,18.4,18.4,Nepal,United States of America,RK Paudel,I Pandey,R Ugarkar,0,0,,,,,,,,,,,,,
1531707,2026,2026-05-22,"Tribhuvan University International Cricket Ground, Kirtipur",1,18.5,18.5,Nepal,United States of America,RK Paudel,I Pandey,R Ugarkar,0,0,,,,,,,,,,,,,
1531707,2026,2026-05-22,"Tribhuvan University International Cricket Ground, Kirtipur",1,18.6,18.6,Nepal,United States of America,RK Paudel,I Pandey,R Ugarkar,0,0,,,,,,,,,,,,,
1531707,2026,2026-05-22,"Tribhuvan University International Cricket Ground, Kirtipur",1,19.1,19.1,Nepal,United States of America,I Pandey,RK Paudel,Milind Kumar,1,0,,,,,,,,,,,,,
1531707,2026,2026-05-22,"Tribhuvan University International Cricket Ground, Kirtipur",1,19.2,19.2,Nepal,United States of America,RK Paudel,I Pandey,Milind Kumar,0,0,,,,,,,,,,,,,
1531707,2026,2026-05-22,"Tribhuvan University International Cricket Ground, Kirtipur",1,19.3,19.3,Nepal,United States of America,RK Paudel,I Pandey,Milind Kumar,1,0,,,,,,,,,,,,,
1531707,2026,2026-05-22,"Tribhuvan University International Cricket Ground, Kirtipur",1,19.4,19.4,Nepal,United States of America,I Pandey,RK Paudel,Milind Kumar,0,0,,,,,,,,,,,,,
1531707,2026,2026-05-22,"Tribhuvan University International Cricket Ground, Kirtipur",1,19.5,19.5,Nepal,United States of America,I Pandey,RK Paudel,Milind Kumar,0,0,,,,,,,,,,,,,
1531707,2026,2026-05-22,"Tribhuvan University International Cricket Ground, Kirtipur",1,19.6,19.6,Nepal,United States of America,I Pandey,RK Paudel,Milind Kumar,1,0,,,,,,,,,,,,,
1531707,2026,2026-05-22,"Tribhuvan University International Cricket Ground, Kirtipur",1,20.1,20.1,Nepal,United States of America,I Pandey,RK Paudel,R Ugarkar,1,0,,,,,,,,,,,,,
1531707,2026,2026-05-22,"Tribhuvan University International Cricket Ground, Kirtipur",1,20.2,20.2,Nepal,United States of America,RK Paudel,I Pandey,R Ugarkar,0,0,,,,,,,,,,,,,
1531707,2026,2026-05-22,"Tribhuvan University International Cricket Ground, Kirtipur",1,20.3,20.3,Nepal,United States of America,RK Paudel,I Pandey,R Ugarkar,0,0,,,,,,,,,,,,,
1531707,2026,2026-05-22,"Tribhuvan University International Cricket Ground, Kirtipur",1,20.4,20.4,Nepal,United States of America,RK Paudel,I Pandey,R Ugarkar,1,0,,,,,,,,,,,,,
1531707,2026,2026-05-22,"Tribhuvan University International Cricket Ground, Kirtipur",1,20.5,20.5,Nepal,United States of America,I Pandey,RK Paudel,R Ugarkar,0,0,,,,,,,,,,,,,
1531707,2026,2026-05-22,"Tribhuvan University International Cricket Ground, Kirtipur",1,20.6,20.6,Nepal,United States of America,I Pandey,RK Paudel,R Ugarkar,0,0,,,,,,,,,,,,,
1531707,2026,2026-05-22,"Tribhuvan University International Cricket Ground, Kirtipur",1,21.1,21.1,Nepal,United States of America,RK Paudel,I Pandey,Milind Kumar,1,0,,,,,,,,,,,,,
1531707,2026,2026-05-22,"Tribhuvan University International Cricket Ground, Kirtipur",1,21.2,21.2,Nepal,United States of America,I Pandey,RK Paudel,Milind Kumar,0,0,,,,,,,,,,,,,
1531707,2026,2026-05-22,"Tribhuvan University International Cricket Ground, Kirtipur",1,21.3,21.3,Nepal,United States of America,I Pandey,RK Paudel,Milind Kumar,0,0,,,,,,,,,,,,,
1531707,2026,2026-05-22,"Tribhuvan University International Cricket Ground, Kirtipur",1,21.4,21.4,Nepal,United States of America,I Pandey,RK Paudel,Milind Kumar,0,1,,,,1,,,,,,,,,
1531707,2026,2026-05-22,"Tribhuvan University International Cricket Ground, Kirtipur",1,21.5,21.5,Nepal,United States of America,RK Paudel,I Pandey,Milind Kumar,0,0,,,,,,,,,,,,,
1531707,2026,2026-05-22,"Tribhuvan University International Cricket Ground, Kirtipur",1,21.6,21.6,Nepal,United States of America,RK Paudel,I Pandey,Milind Kumar,0,0,,,,,,,,,,,,,
1531707,2026,2026-05-22,"Tribhuvan University International Cricket Ground, Kirtipur",1,22.1,22.1,Nepal,United States of America,I Pandey,RK Paudel,R Ugarkar,1,0,,,,,,,,,,,,,
1531707,2026,2026-05-22,"Tribhuvan University International Cricket Ground, Kirtipur",1,22.2,22.2,Nepal,United States of America,RK Paudel,I Pandey,R Ugarkar,2,0,,,,,,,,,,,,,
1531707,2026,2026-05-22,"Tribhuvan University International Cricket Ground, Kirtipur",1,22.3,22.3,Nepal,United States of America,RK Paudel,I Pandey,R Ugarkar,1,0,,,,,,,,,,,,,
1531707,2026,2026-05-22,"Tribhuvan University International Cricket Ground, Kirtipur",1,22.4,22.4,Nepal,United States of America,I Pandey,RK Paudel,R Ugarkar,0,0,,,,,,,,,,,,,
1531707,2026,2026-05-22,"Tribhuvan University International Cricket Ground, Kirtipur",1,22.5,22.5,Nepal,United States of America,I Pandey,RK Paudel,R Ugarkar,1,0,,,,,,,,,,,,,
1531707,2026,2026-05-22,"Tribhuvan University International Cricket Ground, Kirtipur",1,22.6,22.6,Nepal,United States of America,RK Paudel,I Pandey,R Ugarkar,0,0,,,,,,,,,,,,,
1531707,2026,2026-05-22,"Tribhuvan University International Cricket Ground, Kirtipur",1,23.1,23.1,Nepal,United States of America,I Pandey,RK Paudel,Harmeet Singh,4,0,,,,,,,,,,,,,
1531707,2026,2026-05-22,"Tribhuvan University International Cricket Ground, Kirtipur",1,23.2,23.2,Nepal,United States of America,I Pandey,RK Paudel,Harmeet Singh,1,0,,,,,,,,,,,,,
1531707,2026,2026-05-22,"Tribhuvan University International Cricket Ground, Kirtipur",1,23.3,23.3,Nepal,United States of America,RK Paudel,I Pandey,Harmeet Singh,0,0,,,,,,,,,,,,,
1531707,2026,2026-05-22,"Tribhuvan University International Cricket Ground, Kirtipur",1,23.4,23.4,Nepal,United States of America,RK Paudel,I Pandey,Harmeet Singh,0,0,,,,,,,,,,,,,
1531707,2026,2026-05-22,"Tribhuvan University International Cricket Ground, Kirtipur",1,23.5,23.5,Nepal,United States of America,RK Paudel,I Pandey,Harmeet Singh,1,0,,,,,,,,,,,,,
1531707,2026,2026-05-22,"Tribhuvan University International Cricket Ground, Kirtipur",1,23.6,23.6,Nepal,United States of America,I Pandey,RK Paudel,Harmeet Singh,1,0,,,,,,,,,,,,,
1531707,2026,2026-05-22,"Tribhuvan University International Cricket Ground, Kirtipur",1,24.1,24.1,Nepal,United States of America,I Pandey,RK Paudel,SN Netravalkar,0,0,,,,,,,,,,,,,
1531707,2026,2026-05-22,"Tribhuvan University International Cricket Ground, Kirtipur",1,24.2,24.2,Nepal,United States of America,I Pandey,RK Paudel,SN Netravalkar,1,0,,,,,,,,,,,,,
1531707,2026,2026-05-22,"Tribhuvan University International Cricket Ground, Kirtipur",1,24.3,24.3,Nepal,United States of America,RK Paudel,I Pandey,SN Netravalkar,0,0,,,,,,,,,,,,,
1531707,2026,2026-05-22,"Tribhuvan University International Cricket Ground, Kirtipur",1,24.4,24.4,Nepal,United States of America,RK Paudel,I Pandey,SN Netravalkar,2,0,,,,,,,,,,,,,
1531707,2026,2026-05-22,"Tribhuvan University International Cricket Ground, Kirtipur",1,24.5,24.5,Nepal,United States of America,RK Paudel,I Pandey,SN Netravalkar,1,0,,,,,,,,,,,,,
1531707,2026,2026-05-22,"Tribhuvan University International Cricket Ground, Kirtipur",1,24.6,24.6,Nepal,United States of America,I Pandey,RK Paudel,SN Netravalkar,1,0,,,,,,,,,,,,,
1531707,2026,2026-05-22,"Tribhuvan University International Cricket Ground, Kirtipur",1,25.1,25.1,Nepal,United States of America,I Pandey,RK Paudel,Harmeet Singh,0,0,,,,,,,,,,,,,
1531707,2026,2026-05-22,"Tribhuvan University International Cricket Ground, Kirtipur",1,25.2,25.2,Nepal,United States of America,I Pandey,RK Paudel,Harmeet Singh,1,0,,,,,,,,,,,,,
1531707,2026,2026-05-22,"Tribhuvan University International Cricket Ground, Kirtipur",1,25.3,25.3,Nepal,United States of America,RK Paudel,I Pandey,Harmeet Singh,0,0,,,,,,,,,,,,,
1531707,2026,2026-05-22,"Tribhuvan University International Cricket Ground, Kirtipur",1,25.4,25.4,Nepal,United States of America,RK Paudel,I Pandey,Harmeet Singh,1,0,,,,,,,,,,,,,
1531707,2026,2026-05-22,"Tribhuvan University International Cricket Ground, Kirtipur",1,25.5,25.5,Nepal,United States of America,I Pandey,RK Paudel,Harmeet Singh,1,0,,,,,,,,,,,,,
1531707,2026,2026-05-22,"Tribhuvan University International Cricket Ground, Kirtipur",1,25.6,25.6,Nepal,United States of America,RK Paudel,I Pandey,Harmeet Singh,1,0,,,,,,,,,,,,,
1531707,2026,2026-05-22,"Tribhuvan University International Cricket Ground, Kirtipur",1,26.1,26.1,Nepal,United States of America,RK Paudel,I Pandey,SN Netravalkar,1,0,,,,,,,,,,,,,
1531707,2026,2026-05-22,"Tribhuvan University International Cricket Ground, Kirtipur",1,26.2,26.2,Nepal,United States of America,I Pandey,RK Paudel,SN Netravalkar,6,0,,,,,,,,,,,,,
1531707,2026,2026-05-22,"Tribhuvan University International Cricket Ground, Kirtipur",1,26.3,26.3,Nepal,United States of America,I Pandey,RK Paudel,SN Netravalkar,1,0,,,,,,,,,,,,,
1531707,2026,2026-05-22,"Tribhuvan University International Cricket Ground, Kirtipur",1,26.4,26.4,Nepal,United States of America,RK Paudel,I Pandey,SN Netravalkar,2,0,,,,,,,,,,,,,
1531707,2026,2026-05-22,"Tribhuvan University International Cricket Ground, Kirtipur",1,26.5,26.5,Nepal,United States of America,RK Paudel,I Pandey,SN Netravalkar,0,0,,,,,,,,,,,,,
1531707,2026,2026-05-22,"Tribhuvan University International Cricket Ground, Kirtipur",1,26.6,26.6,Nepal,United States of America,RK Paudel,I Pandey,SN Netravalkar,0,0,,,,,,,,,,,,,
1531707,2026,2026-05-22,"Tribhuvan University International Cricket Ground, Kirtipur",1,27.1,27.1,Nepal,United States of America,I Pandey,RK Paudel,Harmeet Singh,1,0,,,,,,,,,,,,,
1531707,2026,2026-05-22,"Tribhuvan University International Cricket Ground, Kirtipur",1,27.2,27.2,Nepal,United States of America,RK Paudel,I Pandey,Harmeet Singh,0,0,,,,,,,,,,,,,
1531707,2026,2026-05-22,"Tribhuvan University International Cricket Ground, Kirtipur",1,27.3,27.3,Nepal,United States of America,RK Paudel,I Pandey,Harmeet Singh,0,0,,,,,,,,,,,,,
1531707,2026,2026-05-22,"Tribhuvan University International Cricket Ground, Kirtipur",1,27.4,27.4,Nepal,United States of America,RK Paudel,I Pandey,Harmeet Singh,0,0,,,,,,,,,,,,,
1531707,2026,2026-05-22,"Tribhuvan University International Cricket Ground, Kirtipur",1,27.5,27.5,Nepal,United States of America,RK Paudel,I Pandey,Harmeet Singh,0,0,,,,,,,,,,,,,
1531707,2026,2026-05-22,"Tribhuvan University International Cricket Ground, Kirtipur",1,27.6,27.6,Nepal,United States of America,RK Paudel,I Pandey,Harmeet Singh,1,0,,,,,,,,,,,,,
1531707,2026,2026-05-22,"Tribhuvan University International Cricket Ground, Kirtipur",1,28.1,28.1,Nepal,United States of America,RK Paudel,I Pandey,NP Kenjige,0,0,,,,,,,,,,,,,
1531707,2026,2026-05-22,"Tribhuvan University International Cricket Ground, Kirtipur",1,28.2,28.2,Nepal,United States of America,RK Paudel,I Pandey,NP Kenjige,1,0,,,,,,,,,,,,,
1531707,2026,2026-05-22,"Tribhuvan University International Cricket Ground, Kirtipur",1,28.3,28.3,Nepal,United States of America,I Pandey,RK Paudel,NP Kenjige,0,0,,,,,,,,,,,,,
1531707,2026,2026-05-22,"Tribhuvan University International Cricket Ground, Kirtipur",1,28.4,28.4,Nepal,United States of America,I Pandey,RK Paudel,NP Kenjige,1,0,,,,,,,,,,,,,
1531707,2026,2026-05-22,"Tribhuvan University International Cricket Ground, Kirtipur",1,28.5,28.5,Nepal,United States of America,RK Paudel,I Pandey,NP Kenjige,1,0,,,,,,,,,,,,,
1531707,2026,2026-05-22,"Tribhuvan University International Cricket Ground, Kirtipur",1,28.6,28.6,Nepal,United States of America,I Pandey,RK Paudel,NP Kenjige,1,0,,,,,,,,,,,,,
1531707,2026,2026-05-22,"Tribhuvan University International Cricket Ground, Kirtipur",1,29.1,29.1,Nepal,United States of America,I Pandey,RK Paudel,Harmeet Singh,0,0,,,,,,,,,,,,,
1531707,2026,2026-05-22,"Tribhuvan University International Cricket Ground, Kirtipur",1,29.2,29.2,Nepal,United States of America,I Pandey,RK Paudel,Harmeet Singh,0,0,,,,,,,,,,,,,
1531707,2026,2026-05-22,"Tribhuvan University International Cricket Ground, Kirtipur",1,29.3,29.3,Nepal,United States of America,I Pandey,RK Paudel,Harmeet Singh,0,0,,,,,,,,,,,,,
1531707,2026,2026-05-22,"Tribhuvan University International Cricket Ground, Kirtipur",1,29.4,29.4,Nepal,United States of America,I Pandey,RK Paudel,Harmeet Singh,1,0,,,,,,,,,,,,,
1531707,2026,2026-05-22,"Tribhuvan University International Cricket Ground, Kirtipur",1,29.5,29.5,Nepal,United States of America,RK Paudel,I Pandey,Harmeet Singh,1,0,,,,,,,,,,,,,
1531707,2026,2026-05-22,"Tribhuvan University International Cricket Ground, Kirtipur",1,29.6,29.6,Nepal,United States of America,I Pandey,RK Paudel,Harmeet Singh,0,0,,,,,,,,,,,,,
1531707,2026,2026-05-22,"Tribhuvan University International Cricket Ground, Kirtipur",1,30.1,30.1,Nepal,United States of America,RK Paudel,I Pandey,NP Kenjige,6,0,,,,,,,,,,,,,
1531707,2026,2026-05-22,"Tribhuvan University International Cricket Ground, Kirtipur",1,30.2,30.2,Nepal,United States of America,RK Paudel,I Pandey,NP Kenjige,0,0,,,,,,,,,,,,,
1531707,2026,2026-05-22,"Tribhuvan University International Cricket Ground, Kirtipur",1,30.3,30.3,Nepal,United States of America,RK Paudel,I Pandey,NP Kenjige,0,0,,,,,,,,,,,,,
1531707,2026,2026-05-22,"Tribhuvan University International Cricket Ground, Kirtipur",1,30.4,30.4,Nepal,United States of America,RK Paudel,I Pandey,NP Kenjige,1,0,,,,,,,,,,,,,
1531707,2026,2026-05-22,"Tribhuvan University International Cricket Ground, Kirtipur",1,30.5,30.5,Nepal,United States of America,I Pandey,RK Paudel,NP Kenjige,1,0,,,,,,,,,,,,,
1531707,2026,2026-05-22,"Tribhuvan University International Cricket Ground, Kirtipur",1,30.6,30.6,Nepal,United States of America,RK Paudel,I Pandey,NP Kenjige,0,0,,,,,,,,,,,,,
1531707,2026,2026-05-22,"Tribhuvan University International Cricket Ground, Kirtipur",1,31.1,31.1,Nepal,United States of America,I Pandey,RK Paudel,Harmeet Singh,1,0,,,,,,,,,,,,,
1531707,2026,2026-05-22,"Tribhuvan University International Cricket Ground, Kirtipur",1,31.2,31.2,Nepal,United States of America,RK Paudel,I Pandey,Harmeet Singh,1,0,,,,,,,,,,,,,
1531707,2026,2026-05-22,"Tribhuvan University International Cricket Ground, Kirtipur",1,31.3,31.3,Nepal,United States of America,I Pandey,RK Paudel,Harmeet Singh,4,0,,,,,,,,,,,,,
1531707,2026,2026-05-22,"Tribhuvan University International Cricket Ground, Kirtipur",1,31.4,31.4,Nepal,United States of America,I Pandey,RK Paudel,Harmeet Singh,1,0,,,,,,,,,,,,,
1531707,2026,2026-05-22,"Tribhuvan University International Cricket Ground, Kirtipur",1,31.5,31.5,Nepal,United States of America,RK Paudel,I Pandey,Harmeet Singh,4,0,,,,,,,,,,,,,
1531707,2026,2026-05-22,"Tribhuvan University International Cricket Ground, Kirtipur",1,31.6,31.6,Nepal,United States of America,RK Paudel,I Pandey,Harmeet Singh,0,0,,,,,,,,,,,,,
1531707,2026,2026-05-22,"Tribhuvan University International Cricket Ground, Kirtipur",1,32.1,32.1,Nepal,United States of America,I Pandey,RK Paudel,R Ugarkar,1,0,,,,,,,,,,,,,
1531707,2026,2026-05-22,"Tribhuvan University International Cricket Ground, Kirtipur",1,32.2,32.2,Nepal,United States of America,RK Paudel,I Pandey,R Ugarkar,1,0,,,,,,,,,,,,,
1531707,2026,2026-05-22,"Tribhuvan University International Cricket Ground, Kirtipur",1,32.3,32.3,Nepal,United States of America,I Pandey,RK Paudel,R Ugarkar,2,0,,,,,,,,,,,,,
1531707,2026,2026-05-22,"Tribhuvan University International Cricket Ground, Kirtipur",1,32.4,32.4,Nepal,United States of America,I Pandey,RK Paudel,R Ugarkar,4,0,,,,,,,,,,,,,
1531707,2026,2026-05-22,"Tribhuvan University International Cricket Ground, Kirtipur",1,32.5,32.5,Nepal,United States of America,I Pandey,RK Paudel,R Ugarkar,1,0,,,,,,,,,,,,,
1531707,2026,2026-05-22,"Tribhuvan University International Cricket Ground, Kirtipur",1,32.6,32.6,Nepal,United States of America,RK Paudel,I Pandey,R Ugarkar,0,0,,,,,,,,,,,,,
1531707,2026,2026-05-22,"Tribhuvan University International Cricket Ground, Kirtipur",1,33.1,33.1,Nepal,United States of America,I Pandey,RK Paudel,Milind Kumar,0,0,,,,,,,,,,,,,
1531707,2026,2026-05-22,"Tribhuvan University International Cricket Ground, Kirtipur",1,33.2,33.2,Nepal,United States of America,I Pandey,RK Paudel,Milind Kumar,1,0,,,,,,,,,,,,,
1531707,2026,2026-05-22,"Tribhuvan University International Cricket Ground, Kirtipur",1,33.3,33.3,Nepal,United States of America,RK Paudel,I Pandey,Milind Kumar,4,0,,,,,,,,,,,,,
1531707,2026,2026-05-22,"Tribhuvan University International Cricket Ground, Kirtipur",1,33.4,33.4,Nepal,United States of America,RK Paudel,I Pandey,Milind Kumar,1,0,,,,,,,,,,,,,
1531707,2026,2026-05-22,"Tribhuvan University International Cricket Ground, Kirtipur",1,33.5,33.5,Nepal,United States of America,I Pandey,RK Paudel,Milind Kumar,0,0,,,,,,,,,,,,,
1531707,2026,2026-05-22,"Tribhuvan University International Cricket Ground, Kirtipur",1,33.6,33.6,Nepal,United States of America,I Pandey,RK Paudel,Milind Kumar,0,0,,,,,,,,,,,,,
1531707,2026,2026-05-22,"Tribhuvan University International Cricket Ground, Kirtipur",1,34.1,34.1,Nepal,United States of America,RK Paudel,I Pandey,R Ugarkar,0,0,,,,,,,,,,,,,
1531707,2026,2026-05-22,"Tribhuvan University International Cricket Ground, Kirtipur",1,34.2,34.2,Nepal,United States of America,RK Paudel,I Pandey,R Ugarkar,2,0,,,,,,,,,,,,,
1531707,2026,2026-05-22,"Tribhuvan University International Cricket Ground, Kirtipur",1,34.3,34.3,Nepal,United States of America,RK Paudel,I Pandey,R Ugarkar,1,0,,,,,,,,,,,,,
1531707,2026,2026-05-22,"Tribhuvan University International Cricket Ground, Kirtipur",1,34.4,34.4,Nepal,United States of America,I Pandey,RK Paudel,R Ugarkar,1,0,,,,,,,,,,,,,
1531707,2026,2026-05-22,"Tribhuvan University International Cricket Ground, Kirtipur",1,34.5,34.5,Nepal,United States of America,RK Paudel,I Pandey,R Ugarkar,1,0,,,,,,,,,,,,,
1531707,2026,2026-05-22,"Tribhuvan University International Cricket Ground, Kirtipur",1,34.6,34.6,Nepal,United States of America,I Pandey,RK Paudel,R Ugarkar,0,1,,,,1,,,,,,,,,
1531707,2026,2026-05-22,"Tribhuvan University International Cricket Ground, Kirtipur",1,35.1,35.1,Nepal,United States of America,I Pandey,RK Paudel,Milind Kumar,1,0,,,,,,,,,,,,,
1531707,2026,2026-05-22,"Tribhuvan University International Cricket Ground, Kirtipur",1,35.2,35.2,Nepal,United States of America,RK Paudel,I Pandey,Milind Kumar,1,0,,,,,,,,,,,,,
1531707,2026,2026-05-22,"Tribhuvan University International Cricket Ground, Kirtipur",1,35.3,35.3,Nepal,United States of America,I Pandey,RK Paudel,Milind Kumar,1,0,,,,,,,,,,,,,
1531707,2026,2026-05-22,"Tribhuvan University International Cricket Ground, Kirtipur",1,35.4,35.4,Nepal,United States of America,RK Paudel,I Pandey,Milind Kumar,0,0,,,,,,,,,,,,,
1531707,2026,2026-05-22,"Tribhuvan University International Cricket Ground, Kirtipur",1,35.5,35.5,Nepal,United States of America,RK Paudel,I Pandey,Milind Kumar,1,0,,,,,,,,,,,,,
1531707,2026,2026-05-22,"Tribhuvan University International Cricket Ground, Kirtipur",1,35.6,35.6,Nepal,United States of America,I Pandey,RK Paudel,Milind Kumar,1,0,,,,,,,,,,,,,
1531707,2026,2026-05-22,"Tribhuvan University International Cricket Ground, Kirtipur",1,36.1,36.1,Nepal,United States of America,I Pandey,RK Paudel,R Ugarkar,0,1,1,,,,,,,,,,,,
1531707,2026,2026-05-22,"Tribhuvan University International Cricket Ground, Kirtipur",1,36.2,36.1,Nepal,United States of America,I Pandey,RK Paudel,R Ugarkar,4,0,,,,,,,,,,,,,
1531707,2026,2026-05-22,"Tribhuvan University International Cricket Ground, Kirtipur",1,36.3,36.2,Nepal,United States of America,I Pandey,RK Paudel,R Ugarkar,4,0,,,,,,,,,,,,,
1531707,2026,2026-05-22,"Tribhuvan University International Cricket Ground, Kirtipur",1,36.4,36.3,Nepal,United States of America,I Pandey,RK Paudel,R Ugarkar,4,0,,,,,,,,,,,,,
1531707,2026,2026-05-22,"Tribhuvan University International Cricket Ground, Kirtipur",1,36.5,36.4,Nepal,United States of America,I Pandey,RK Paudel,R Ugarkar,0,0,,,,,,,,,,,,,
1531707,2026,2026-05-22,"Tribhuvan University International Cricket Ground, Kirtipur",1,36.6,36.5,Nepal,United States of America,I Pandey,RK Paudel,R Ugarkar,1,0,,,,,,,,,,,,,
1531707,2026,2026-05-22,"Tribhuvan University International Cricket Ground, Kirtipur",1,36.7,36.6,Nepal,United States of America,RK Paudel,I Pandey,R Ugarkar,1,0,,,,,,,,,,,,,
1531707,2026,2026-05-22,"Tribhuvan University International Cricket Ground, Kirtipur",1,37.1,37.1,Nepal,United States of America,RK Paudel,I Pandey,Milind Kumar,1,0,,,,,,,,,,,,,
1531707,2026,2026-05-22,"Tribhuvan University International Cricket Ground, Kirtipur",1,37.2,37.2,Nepal,United States of America,I Pandey,RK Paudel,Milind Kumar,1,0,,,,,,,,,,,,,
1531707,2026,2026-05-22,"Tribhuvan University International Cricket Ground, Kirtipur",1,37.3,37.3,Nepal,United States of America,RK Paudel,I Pandey,Milind Kumar,1,0,,,,,,,,,,,,,
1531707,2026,2026-05-22,"Tribhuvan University International Cricket Ground, Kirtipur",1,37.4,37.4,Nepal,United States of America,I Pandey,RK Paudel,Milind Kumar,0,0,,,,,,,,,,,,,
1531707,2026,2026-05-22,"Tribhuvan University International Cricket Ground, Kirtipur",1,37.5,37.5,Nepal,United States of America,I Pandey,RK Paudel,Milind Kumar,1,0,,,,,,,,,,,,,
1531707,2026,2026-05-22,"Tribhuvan University International Cricket Ground, Kirtipur",1,37.6,37.6,Nepal,United States of America,RK Paudel,I Pandey,Milind Kumar,0,0,,,,,,,lbw,RK Paudel,,,,,
1531707,2026,2026-05-22,"Tribhuvan University International Cricket Ground, Kirtipur",1,38.1,38.1,Nepal,United States of America,I Pandey,DS Airee,Shubham Ranjane,0,1,1,,,,,,,,,,,,
1531707,2026,2026-05-22,"Tribhuvan University International Cricket Ground, Kirtipur",1,38.2,38.1,Nepal,United States of America,I Pandey,DS Airee,Shubham Ranjane,0,0,,,,,,,,,,,,,
1531707,2026,2026-05-22,"Tribhuvan University International Cricket Ground, Kirtipur",1,38.3,38.2,Nepal,United States of America,I Pandey,DS Airee,Shubham Ranjane,1,0,,,,,,,,,,,,,
1531707,2026,2026-05-22,"Tribhuvan University International Cricket Ground, Kirtipur",1,38.4,38.3,Nepal,United States of America,DS Airee,I Pandey,Shubham Ranjane,0,0,,,,,,,,,,,,,
1531707,2026,2026-05-22,"Tribhuvan University International Cricket Ground, Kirtipur",1,38.5,38.4,Nepal,United States of America,DS Airee,I Pandey,Shubham Ranjane,1,0,,,,,,,,,,,,,
1531707,2026,2026-05-22,"Tribhuvan University International Cricket Ground, Kirtipur",1,38.6,38.5,Nepal,United States of America,I Pandey,DS Airee,Shubham Ranjane,2,0,,,,,,,,,,,,,
1531707,2026,2026-05-22,"Tribhuvan University International Cricket Ground, Kirtipur",1,38.7,38.6,Nepal,United States of America,I Pandey,DS Airee,Shubham Ranjane,1,0,,,,,,,,,,,,,
1531707,2026,2026-05-22,"Tribhuvan University International Cricket Ground, Kirtipur",1,39.1,39.1,Nepal,United States of America,I Pandey,DS Airee,Milind Kumar,1,0,,,,,,,,,,,,,
1531707,2026,2026-05-22,"Tribhuvan University International Cricket Ground, Kirtipur",1,39.2,39.2,Nepal,United States of America,DS Airee,I Pandey,Milind Kumar,1,0,,,,,,,,,,,,,
1531707,2026,2026-05-22,"Tribhuvan University International Cricket Ground, Kirtipur",1,39.3,39.3,Nepal,United States of America,I Pandey,DS Airee,Milind Kumar,4,0,,,,,,,,,,,,,
1531707,2026,2026-05-22,"Tribhuvan University International Cricket Ground, Kirtipur",1,39.4,39.4,Nepal,United States of America,I Pandey,DS Airee,Milind Kumar,4,0,,,,,,,,,,,,,
1531707,2026,2026-05-22,"Tribhuvan University International Cricket Ground, Kirtipur",1,39.5,39.5,Nepal,United States of America,I Pandey,DS Airee,Milind Kumar,1,0,,,,,,,,,,,,,
1531707,2026,2026-05-22,"Tribhuvan University International Cricket Ground, Kirtipur",1,39.6,39.6,Nepal,United States of America,DS Airee,I Pandey,Milind Kumar,1,0,,,,,,,,,,,,,
1531707,2026,2026-05-22,"Tribhuvan University International Cricket Ground, Kirtipur",1,40.1,40.1,Nepal,United States of America,DS Airee,I Pandey,Shubham Ranjane,0,0,,,,,,,,,,,,,
1531707,2026,2026-05-22,"Tribhuvan University International Cricket Ground, Kirtipur",1,40.2,40.2,Nepal,United States of America,DS Airee,I Pandey,Shubham Ranjane,1,0,,,,,,,,,,,,,
1531707,2026,2026-05-22,"Tribhuvan University International Cricket Ground, Kirtipur",1,40.3,40.3,Nepal,United States of America,I Pandey,DS Airee,Shubham Ranjane,2,0,,,,,,,,,,,,,
1531707,2026,2026-05-22,"Tribhuvan University International Cricket Ground, Kirtipur",1,40.4,40.4,Nepal,United States of America,I Pandey,DS Airee,Shubham Ranjane,0,0,,,,,,,caught,I Pandey,,,GSNFG Jayasuriya,,
1531707,2026,2026-05-22,"Tribhuvan University International Cricket Ground, Kirtipur",1,40.5,40.5,Nepal,United States of America,Gulsan Jha,DS Airee,Shubham Ranjane,1,0,,,,,,,,,,,,,
1531707,2026,2026-05-22,"Tribhuvan University International Cricket Ground, Kirtipur",1,40.6,40.6,Nepal,United States of America,DS Airee,Gulsan Jha,Shubham Ranjane,1,0,,,,,,,,,,,,,
1531707,2026,2026-05-22,"Tribhuvan University International Cricket Ground, Kirtipur",1,41.1,41.1,Nepal,United States of America,DS Airee,Gulsan Jha,Harmeet Singh,0,0,,,,,,,,,,,,,
1531707,2026,2026-05-22,"Tribhuvan University International Cricket Ground, Kirtipur",1,41.2,41.2,Nepal,United States of America,DS Airee,Gulsan Jha,Harmeet Singh,0,0,,,,,,,,,,,,,
1531707,2026,2026-05-22,"Tribhuvan University International Cricket Ground, Kirtipur",1,41.3,41.3,Nepal,United States of America,DS Airee,Gulsan Jha,Harmeet Singh,6,0,,,,,,,,,,,,,
1531707,2026,2026-05-22,"Tribhuvan University International Cricket Ground, Kirtipur",1,41.4,41.4,Nepal,United States of America,DS Airee,Gulsan Jha,Harmeet Singh,1,0,,,,,,,,,,,,,
1531707,2026,2026-05-22,"Tribhuvan University International Cricket Ground, Kirtipur",1,41.5,41.5,Nepal,United States of America,Gulsan Jha,DS Airee,Harmeet Singh,1,0,,,,,,,,,,,,,
1531707,2026,2026-05-22,"Tribhuvan University International Cricket Ground, Kirtipur",1,41.6,41.6,Nepal,United States of America,DS Airee,Gulsan Jha,Harmeet Singh,0,0,,,,,,,,,,,,,
1531707,2026,2026-05-22,"Tribhuvan University International Cricket Ground, Kirtipur",1,42.1,42.1,Nepal,United States of America,Gulsan Jha,DS Airee,SN Netravalkar,1,0,,,,,,,,,,,,,
1531707,2026,2026-05-22,"Tribhuvan University International Cricket Ground, Kirtipur",1,42.2,42.2,Nepal,United States of America,DS Airee,Gulsan Jha,SN Netravalkar,1,0,,,,,,,,,,,,,
1531707,2026,2026-05-22,"Tribhuvan University International Cricket Ground, Kirtipur",1,42.3,42.3,Nepal,United States of America,Gulsan Jha,DS Airee,SN Netravalkar,1,0,,,,,,,,,,,,,
1531707,2026,2026-05-22,"Tribhuvan University International Cricket Ground, Kirtipur",1,42.4,42.4,Nepal,United States of America,DS Airee,Gulsan Jha,SN Netravalkar,1,0,,,,,,,,,,,,,
1531707,2026,2026-05-22,"Tribhuvan University International Cricket Ground, Kirtipur",1,42.5,42.5,Nepal,United States of America,Gulsan Jha,DS Airee,SN Netravalkar,0,0,,,,,,,,,,,,,
1531707,2026,2026-05-22,"Tribhuvan University International Cricket Ground, Kirtipur",1,42.6,42.6,Nepal,United States of America,Gulsan Jha,DS Airee,SN Netravalkar,0,0,,,,,,,,,,,,,
1531707,2026,2026-05-22,"Tribhuvan University International Cricket Ground, Kirtipur",1,43.1,43.1,Nepal,United States of America,DS Airee,Gulsan Jha,Harmeet Singh,0,0,,,,,,,,,,,,,
1531707,2026,2026-05-22,"Tribhuvan University International Cricket Ground, Kirtipur",1,43.2,43.2,Nepal,United States of America,DS Airee,Gulsan Jha,Harmeet Singh,1,0,,,,,,,,,,,,,
1531707,2026,2026-05-22,"Tribhuvan University International Cricket Ground, Kirtipur",1,43.3,43.3,Nepal,United States of America,Gulsan Jha,DS Airee,Harmeet Singh,1,0,,,,,,,,,,,,,
1531707,2026,2026-05-22,"Tribhuvan University International Cricket Ground, Kirtipur",1,43.4,43.4,Nepal,United States of America,DS Airee,Gulsan Jha,Harmeet Singh,4,0,,,,,,,,,,,,,
1531707,2026,2026-05-22,"Tribhuvan University International Cricket Ground, Kirtipur",1,43.5,43.5,Nepal,United States of America,DS Airee,Gulsan Jha,Harmeet Singh,4,0,,,,,,,,,,,,,
1531707,2026,2026-05-22,"Tribhuvan University International Cricket Ground, Kirtipur",1,43.6,43.6,Nepal,United States of America,DS Airee,Gulsan Jha,Harmeet Singh,1,0,,,,,,,,,,,,,
1531707,2026,2026-05-22,"Tribhuvan University International Cricket Ground, Kirtipur",1,44.1,44.1,Nepal,United States of America,DS Airee,Gulsan Jha,SN Netravalkar,4,0,,,,,,,,,,,,,
1531707,2026,2026-05-22,"Tribhuvan University International Cricket Ground, Kirtipur",1,44.2,44.2,Nepal,United States of America,DS Airee,Gulsan Jha,SN Netravalkar,1,0,,,,,,,,,,,,,
1531707,2026,2026-05-22,"Tribhuvan University International Cricket Ground, Kirtipur",1,44.3,44.3,Nepal,United States of America,Gulsan Jha,DS Airee,SN Netravalkar,2,0,,,,,,,,,,,,,
1531707,2026,2026-05-22,"Tribhuvan University International Cricket Ground, Kirtipur",1,44.4,44.4,Nepal,United States of America,Gulsan Jha,DS Airee,SN Netravalkar,6,0,,,,,,,,,,,,,
1531707,2026,2026-05-22,"Tribhuvan University International Cricket Ground, Kirtipur",1,44.5,44.5,Nepal,United States of America,Gulsan Jha,DS Airee,SN Netravalkar,1,0,,,,,,,,,,,,,
1531707,2026,2026-05-22,"Tribhuvan University International Cricket Ground, Kirtipur",1,44.6,44.6,Nepal,United States of America,DS Airee,Gulsan Jha,SN Netravalkar,2,0,,,,,,,,,,,,,
1531707,2026,2026-05-22,"Tribhuvan University International Cricket Ground, Kirtipur",1,45.1,45.1,Nepal,United States of America,Gulsan Jha,DS Airee,Shubham Ranjane,0,1,1,,,,,,,,,,,,
1531707,2026,2026-05-22,"Tribhuvan University International Cricket Ground, Kirtipur",1,45.2,45.1,Nepal,United States of America,Gulsan Jha,DS Airee,Shubham Ranjane,0,1,1,,,,,,,,,,,,
1531707,2026,2026-05-22,"Tribhuvan University International Cricket Ground, Kirtipur",1,45.3,45.1,Nepal,United States of America,Gulsan Jha,DS Airee,Shubham Ranjane,0,1,1,,,,,,,,,,,,
1531707,2026,2026-05-22,"Tribhuvan University International Cricket Ground, Kirtipur",1,45.4,45.1,Nepal,United States of America,Gulsan Jha,DS Airee,Shubham Ranjane,1,0,,,,,,,,,,,,,
1531707,2026,2026-05-22,"Tribhuvan University International Cricket Ground, Kirtipur",1,45.5,45.2,Nepal,United States of America,DS Airee,Gulsan Jha,Shubham Ranjane,1,0,,,,,,,,,,,,,
1531707,2026,2026-05-22,"Tribhuvan University International Cricket Ground, Kirtipur",1,45.6,45.3,Nepal,United States of America,Gulsan Jha,DS Airee,Shubham Ranjane,0,1,1,,,,,,,,,,,,
1531707,2026,2026-05-22,"Tribhuvan University International Cricket Ground, Kirtipur",1,45.7,45.3,Nepal,United States of America,Gulsan Jha,DS Airee,Shubham Ranjane,0,0,,,,,,,caught,Gulsan Jha,,,NP Kenjige,,
1531707,2026,2026-05-22,"Tribhuvan University International Cricket Ground, Kirtipur",1,45.8,45.4,Nepal,United States of America,Aarif Sheikh,DS Airee,Shubham Ranjane,0,0,,,,,,,,,,,,,
1531707,2026,2026-05-22,"Tribhuvan University International Cricket Ground, Kirtipur",1,45.9,45.5,Nepal,United States of America,Aarif Sheikh,DS Airee,Shubham Ranjane,1,0,,,,,,,,,,,,,
1531707,2026,2026-05-22,"Tribhuvan University International Cricket Ground, Kirtipur",1,45.10,45.6,Nepal,United States of America,DS Airee,Aarif Sheikh,Shubham Ranjane,1,0,,,,,,,,,,,,,
1531707,2026,2026-05-22,"Tribhuvan University International Cricket Ground, Kirtipur",1,46.1,46.1,Nepal,United States of America,DS Airee,Aarif Sheikh,SN Netravalkar,4,0,,,,,,,,,,,,,
1531707,2026,2026-05-22,"Tribhuvan University International Cricket Ground, Kirtipur",1,46.2,46.2,Nepal,United States of America,DS Airee,Aarif Sheikh,SN Netravalkar,0,1,1,,,,,,,,,,,,
1531707,2026,2026-05-22,"Tribhuvan University International Cricket Ground, Kirtipur",1,46.3,46.2,Nepal,United States of America,DS Airee,Aarif Sheikh,SN Netravalkar,1,0,,,,,,,,,,,,,
1531707,2026,2026-05-22,"Tribhuvan University International Cricket Ground, Kirtipur",1,46.4,46.3,Nepal,United States of America,Aarif Sheikh,DS Airee,SN Netravalkar,6,0,,,,,,,,,,,,,
1531707,2026,2026-05-22,"Tribhuvan University International Cricket Ground, Kirtipur",1,46.5,46.4,Nepal,United States of America,Aarif Sheikh,DS Airee,SN Netravalkar,1,0,,,,,,,,,,,,,
1531707,2026,2026-05-22,"Tribhuvan University International Cricket Ground, Kirtipur",1,46.6,46.5,Nepal,United States of America,DS Airee,Aarif Sheikh,SN Netravalkar,0,0,,,,,,,,,,,,,
1531707,2026,2026-05-22,"Tribhuvan University International Cricket Ground, Kirtipur",1,46.7,46.6,Nepal,United States of America,DS Airee,Aarif Sheikh,SN Netravalkar,6,0,,,,,,,,,,,,,
1531707,2026,2026-05-22,"Tribhuvan University International Cricket Ground, Kirtipur",1,47.1,47.1,Nepal,United States of America,Aarif Sheikh,DS Airee,Shubham Ranjane,1,0,,,,,,,,,,,,,
1531707,2026,2026-05-22,"Tribhuvan University International Cricket Ground, Kirtipur",1,47.2,47.2,Nepal,United States of America,DS Airee,Aarif Sheikh,Shubham Ranjane,6,0,,,,,,,,,,,,,
1531707,2026,2026-05-22,"Tribhuvan University International Cricket Ground, Kirtipur",1,47.3,47.3,Nepal,United States of America,DS Airee,Aarif Sheikh,Shubham Ranjane,2,0,,,,,,,,,,,,,
1531707,2026,2026-05-22,"Tribhuvan University International Cricket Ground, Kirtipur",1,47.4,47.4,Nepal,United States of America,DS Airee,Aarif Sheikh,Shubham Ranjane,0,0,,,,,,,,,,,,,
1531707,2026,2026-05-22,"Tribhuvan University International Cricket Ground, Kirtipur",1,47.5,47.5,Nepal,United States of America,DS Airee,Aarif Sheikh,Shubham Ranjane,0,0,,,,,,,,,,,,,
1531707,2026,2026-05-22,"Tribhuvan University International Cricket Ground, Kirtipur",1,47.6,47.6,Nepal,United States of America,DS Airee,Aarif Sheikh,Shubham Ranjane,1,0,,,,,,,,,,,,,
1531707,2026,2026-05-22,"Tribhuvan University International Cricket Ground, Kirtipur",1,48.1,48.1,Nepal,United States of America,DS Airee,Aarif Sheikh,R Ugarkar,6,0,,,,,,,,,,,,,
1531707,2026,2026-05-22,"Tribhuvan University International Cricket Ground, Kirtipur",1,48.2,48.2,Nepal,United States of America,DS Airee,Aarif Sheikh,R Ugarkar,0,1,1,,,,,,,,,,,,
1531707,2026,2026-05-22,"Tribhuvan University International Cricket Ground, Kirtipur",1,48.3,48.2,Nepal,United States of America,DS Airee,Aarif Sheikh,R Ugarkar,0,0,,,,,,,,,,,,,
1531707,2026,2026-05-22,"Tribhuvan University International Cricket Ground, Kirtipur",1,48.4,48.3,Nepal,United States of America,DS Airee,Aarif Sheikh,R Ugarkar,0,0,,,,,,,run out,DS Airee,,,R Ugarkar,,
1531707,2026,2026-05-22,"Tribhuvan University International Cricket Ground, Kirtipur",1,48.5,48.4,Nepal,United States of America,Aarif Sheikh,Sompal Kami,R Ugarkar,0,1,1,,,,,,,,,,,,
1531707,2026,2026-05-22,"Tribhuvan University International Cricket Ground, Kirtipur",1,48.6,48.4,Nepal,United States of America,Aarif Sheikh,Sompal Kami,R Ugarkar,6,0,,,,,,,,,,,,,
1531707,2026,2026-05-22,"Tribhuvan University International Cricket Ground, Kirtipur",1,48.7,48.5,Nepal,United States of America,Aarif Sheikh,Sompal Kami,R Ugarkar,1,0,,,,,,,,,,,,,
1531707,2026,2026-05-22,"Tribhuvan University International Cricket Ground, Kirtipur",1,48.8,48.6,Nepal,United States of America,Sompal Kami,Aarif Sheikh,R Ugarkar,0,0,,,,,,,,,,,,,
1531707,2026,2026-05-22,"Tribhuvan University International Cricket Ground, Kirtipur",1,49.1,49.1,Nepal,United States of America,Aarif Sheikh,Sompal Kami,Shubham Ranjane,1,0,,,,,,,,,,,,,
1531707,2026,2026-05-22,"Tribhuvan University International Cricket Ground, Kirtipur",1,49.2,49.2,Nepal,United States of America,Sompal Kami,Aarif Sheikh,Shubham Ranjane,0,1,,1,,,,,,,,,,,
1531707,2026,2026-05-22,"Tribhuvan University International Cricket Ground, Kirtipur",1,49.3,49.2,Nepal,United States of America,Sompal Kami,Aarif Sheikh,Shubham Ranjane,4,0,,,,,,,,,,,,,
1531707,2026,2026-05-22,"Tribhuvan University International Cricket Ground, Kirtipur",1,49.4,49.3,Nepal,United States of America,Sompal Kami,Aarif Sheikh,Shubham Ranjane,1,0,,,,,,,run out,Sompal Kami,,,SK Patel,NP Kenjige,
1531707,2026,2026-05-22,"Tribhuvan University International Cricket Ground, Kirtipur",1,49.5,49.4,Nepal,United States of America,NK Yadav,Aarif Sheikh,Shubham Ranjane,1,0,,,,,,,,,,,,,
1531707,2026,2026-05-22,"Tribhuvan University International Cricket Ground, Kirtipur",1,49.6,49.5,Nepal,United States of America,Aarif Sheikh,NK Yadav,Shubham Ranjane,0,0,,,,,,,,,,,,,
1531707,2026,2026-05-22,"Tribhuvan University International Cricket Ground, Kirtipur",1,49.7,49.6,Nepal,United States of America,Aarif Sheikh,NK Yadav,Shubham Ranjane,1,0,,,,,,,run out,NK Yadav,,,SK Patel,Harmeet Singh,
1531707,2026,2026-05-22,"Tribhuvan University International Cricket Ground, Kirtipur",2,0.1,0.1,United States of America,Nepal,SK Patel,Shayan Jahangir,Sompal Kami,0,0,,,,,,,,,,,,,
1531707,2026,2026-05-22,"Tribhuvan University International Cricket Ground, Kirtipur",2,0.2,0.2,United States of America,Nepal,SK Patel,Shayan Jahangir,Sompal Kami,0,0,,,,,,,,,,,,,
1531707,2026,2026-05-22,"Tribhuvan University International Cricket Ground, Kirtipur",2,0.3,0.3,United States of America,Nepal,SK Patel,Shayan Jahangir,Sompal Kami,0,0,,,,,,,,,,,,,
1531707,2026,2026-05-22,"Tribhuvan University International Cricket Ground, Kirtipur",2,0.4,0.4,United States of America,Nepal,SK Patel,Shayan Jahangir,Sompal Kami,0,0,,,,,,,caught,SK Patel,,,Aasif Sheikh,,
1531707,2026,2026-05-22,"Tribhuvan University International Cricket Ground, Kirtipur",2,0.5,0.5,United States of America,Nepal,GSNFG Jayasuriya,Shayan Jahangir,Sompal Kami,0,0,,,,,,,,,,,,,
1531707,2026,2026-05-22,"Tribhuvan University International Cricket Ground, Kirtipur",2,0.6,0.6,United States of America,Nepal,GSNFG Jayasuriya,Shayan Jahangir,Sompal Kami,4,0,,,,,,,,,,,,,
1531707,2026,2026-05-22,"Tribhuvan University International Cricket Ground, Kirtipur",2,1.1,1.1,United States of America,Nepal,Shayan Jahangir,GSNFG Jayasuriya,LN Rajbanshi,0,0,,,,,,,,,,,,,
1531707,2026,2026-05-22,"Tribhuvan University International Cricket Ground, Kirtipur",2,1.2,1.2,United States of America,Nepal,Shayan Jahangir,GSNFG Jayasuriya,LN Rajbanshi,1,0,,,,,,,,,,,,,
1531707,2026,2026-05-22,"Tribhuvan University International Cricket Ground, Kirtipur",2,1.3,1.3,United States of America,Nepal,GSNFG Jayasuriya,Shayan Jahangir,LN Rajbanshi,0,0,,,,,,,,,,,,,
1531707,2026,2026-05-22,"Tribhuvan University International Cricket Ground, Kirtipur",2,1.4,1.4,United States of America,Nepal,GSNFG Jayasuriya,Shayan Jahangir,LN Rajbanshi,1,0,,,,,,,,,,,,,
1531707,2026,2026-05-22,"Tribhuvan University International Cricket Ground, Kirtipur",2,1.5,1.5,United States of America,Nepal,Shayan Jahangir,GSNFG Jayasuriya,LN Rajbanshi,1,0,,,,,,,,,,,,,
1531707,2026,2026-05-22,"Tribhuvan University International Cricket Ground, Kirtipur",2,1.6,1.6,United States of America,Nepal,GSNFG Jayasuriya,Shayan Jahangir,LN Rajbanshi,0,0,,,,,,,,,,,,,
1531707,2026,2026-05-22,"Tribhuvan University International Cricket Ground, Kirtipur",2,2.1,2.1,United States of America,Nepal,Shayan Jahangir,GSNFG Jayasuriya,Sompal Kami,0,0,,,,,,,,,,,,,
1531707,2026,2026-05-22,"Tribhuvan University International Cricket Ground, Kirtipur",2,2.2,2.2,United States of America,Nepal,Shayan Jahangir,GSNFG Jayasuriya,Sompal Kami,0,0,,,,,,,,,,,,,
1531707,2026,2026-05-22,"Tribhuvan University International Cricket Ground, Kirtipur",2,2.3,2.3,United States of America,Nepal,Shayan Jahangir,GSNFG Jayasuriya,Sompal Kami,0,0,,,,,,,,,,,,,
1531707,2026,2026-05-22,"Tribhuvan University International Cricket Ground, Kirtipur",2,2.4,2.4,United States of America,Nepal,Shayan Jahangir,GSNFG Jayasuriya,Sompal Kami,0,0,,,,,,,,,,,,,
1531707,2026,2026-05-22,"Tribhuvan University International Cricket Ground, Kirtipur",2,2.5,2.5,United States of America,Nepal,Shayan Jahangir,GSNFG Jayasuriya,Sompal Kami,0,0,,,,,,,,,,,,,
1531707,2026,2026-05-22,"Tribhuvan University International Cricket Ground, Kirtipur",2,2.6,2.6,United States of America,Nepal,Shayan Jahangir,GSNFG Jayasuriya,Sompal Kami,1,0,,,,,,,,,,,,,
1531707,2026,2026-05-22,"Tribhuvan University International Cricket Ground, Kirtipur",2,3.1,3.1,United States of America,Nepal,Shayan Jahangir,GSNFG Jayasuriya,DS Airee,6,0,,,,,,,,,,,,,
1531707,2026,2026-05-22,"Tribhuvan University International Cricket Ground, Kirtipur",2,3.2,3.2,United States of America,Nepal,Shayan Jahangir,GSNFG Jayasuriya,DS Airee,0,0,,,,,,,,,,,,,
1531707,2026,2026-05-22,"Tribhuvan University International Cricket Ground, Kirtipur",2,3.3,3.3,United States of America,Nepal,Shayan Jahangir,GSNFG Jayasuriya,DS Airee,0,0,,,,,,,,,,,,,
1531707,2026,2026-05-22,"Tribhuvan University International Cricket Ground, Kirtipur",2,3.4,3.4,United States of America,Nepal,Shayan Jahangir,GSNFG Jayasuriya,DS Airee,0,0,,,,,,,,,,,,,
1531707,2026,2026-05-22,"Tribhuvan University International Cricket Ground, Kirtipur",2,3.5,3.5,United States of America,Nepal,Shayan Jahangir,GSNFG Jayasuriya,DS Airee,1,0,,,,,,,,,,,,,
1531707,2026,2026-05-22,"Tribhuvan University International Cricket Ground, Kirtipur",2,3.6,3.6,United States of America,Nepal,GSNFG Jayasuriya,Shayan Jahangir,DS Airee,1,0,,,,,,,,,,,,,
1531707,2026,2026-05-22,"Tribhuvan University International Cricket Ground, Kirtipur",2,4.1,4.1,United States of America,Nepal,GSNFG Jayasuriya,Shayan Jahangir,Sompal Kami,1,0,,,,,,,,,,,,,
1531707,2026,2026-05-22,"Tribhuvan University International Cricket Ground, Kirtipur",2,4.2,4.2,United States of America,Nepal,Shayan Jahangir,GSNFG Jayasuriya,Sompal Kami,0,0,,,,,,,,,,,,,
1531707,2026,2026-05-22,"Tribhuvan University International Cricket Ground, Kirtipur",2,4.3,4.3,United States of America,Nepal,Shayan Jahangir,GSNFG Jayasuriya,Sompal Kami,0,0,,,,,,,,,,,,,
1531707,2026,2026-05-22,"Tribhuvan University International Cricket Ground, Kirtipur",2,4.4,4.4,United States of America,Nepal,Shayan Jahangir,GSNFG Jayasuriya,Sompal Kami,1,0,,,,,,,,,,,,,
1531707,2026,2026-05-22,"Tribhuvan University International Cricket Ground, Kirtipur",2,4.5,4.5,United States of America,Nepal,GSNFG Jayasuriya,Shayan Jahangir,Sompal Kami,2,0,,,,,,,,,,,,,
1531707,2026,2026-05-22,"Tribhuvan University International Cricket Ground, Kirtipur",2,4.6,4.6,United States of America,Nepal,GSNFG Jayasuriya,Shayan Jahangir,Sompal Kami,0,0,,,,,,,,,,,,,
1531707,2026,2026-05-22,"Tribhuvan University International Cricket Ground, Kirtipur",2,5.1,5.1,United States of America,Nepal,Shayan Jahangir,GSNFG Jayasuriya,NK Yadav,0,0,,,,,,,,,,,,,
1531707,2026,2026-05-22,"Tribhuvan University International Cricket Ground, Kirtipur",2,5.2,5.2,United States of America,Nepal,Shayan Jahangir,GSNFG Jayasuriya,NK Yadav,4,0,,,,,,,,,,,,,
1531707,2026,2026-05-22,"Tribhuvan University International Cricket Ground, Kirtipur",2,5.3,5.3,United States of America,Nepal,Shayan Jahangir,GSNFG Jayasuriya,NK Yadav,0,0,,,,,,,,,,,,,
1531707,2026,2026-05-22,"Tribhuvan University International Cricket Ground, Kirtipur",2,5.4,5.4,United States of America,Nepal,Shayan Jahangir,GSNFG Jayasuriya,NK Yadav,0,0,,,,,,,,,,,,,
1531707,2026,2026-05-22,"Tribhuvan University International Cricket Ground, Kirtipur",2,5.5,5.5,United States of America,Nepal,Shayan Jahangir,GSNFG Jayasuriya,NK Yadav,1,0,,,,,,,,,,,,,
1531707,2026,2026-05-22,"Tribhuvan University International Cricket Ground, Kirtipur",2,5.6,5.6,United States of America,Nepal,GSNFG Jayasuriya,Shayan Jahangir,NK Yadav,0,0,,,,,,,,,,,,,
1531707,2026,2026-05-22,"Tribhuvan University International Cricket Ground, Kirtipur",2,6.1,6.1,United States of America,Nepal,Shayan Jahangir,GSNFG Jayasuriya,Sompal Kami,1,0,,,,,,,,,,,,,
1531707,2026,2026-05-22,"Tribhuvan University International Cricket Ground, Kirtipur",2,6.2,6.2,United States of America,Nepal,GSNFG Jayasuriya,Shayan Jahangir,Sompal Kami,0,0,,,,,,,,,,,,,
1531707,2026,2026-05-22,"Tribhuvan University International Cricket Ground, Kirtipur",2,6.3,6.3,United States of America,Nepal,GSNFG Jayasuriya,Shayan Jahangir,Sompal Kami,0,0,,,,,,,,,,,,,
1531707,2026,2026-05-22,"Tribhuvan University International Cricket Ground, Kirtipur",2,6.4,6.4,United States of America,Nepal,GSNFG Jayasuriya,Shayan Jahangir,Sompal Kami,1,0,,,,,,,,,,,,,
1531707,2026,2026-05-22,"Tribhuvan University International Cricket Ground, Kirtipur",2,6.5,6.5,United States of America,Nepal,Shayan Jahangir,GSNFG Jayasuriya,Sompal Kami,0,1,,,,1,,,,,,,,,
1531707,2026,2026-05-22,"Tribhuvan University International Cricket Ground, Kirtipur",2,6.6,6.6,United States of America,Nepal,GSNFG Jayasuriya,Shayan Jahangir,Sompal Kami,4,0,,,,,,,,,,,,,
1531707,2026,2026-05-22,"Tribhuvan University International Cricket Ground, Kirtipur",2,7.1,7.1,United States of America,Nepal,Shayan Jahangir,GSNFG Jayasuriya,NK Yadav,1,0,,,,,,,,,,,,,
1531707,2026,2026-05-22,"Tribhuvan University International Cricket Ground, Kirtipur",2,7.2,7.2,United States of America,Nepal,GSNFG Jayasuriya,Shayan Jahangir,NK Yadav,0,0,,,,,,,,,,,,,
1531707,2026,2026-05-22,"Tribhuvan University International Cricket Ground, Kirtipur",2,7.3,7.3,United States of America,Nepal,GSNFG Jayasuriya,Shayan Jahangir,NK Yadav,4,0,,,,,,,,,,,,,
1531707,2026,2026-05-22,"Tribhuvan University International Cricket Ground, Kirtipur",2,7.4,7.4,United States of America,Nepal,GSNFG Jayasuriya,Shayan Jahangir,NK Yadav,0,0,,,,,,,,,,,,,
1531707,2026,2026-05-22,"Tribhuvan University International Cricket Ground, Kirtipur",2,7.5,7.5,United States of America,Nepal,GSNFG Jayasuriya,Shayan Jahangir,NK Yadav,0,0,,,,,,,,,,,,,
1531707,2026,2026-05-22,"Tribhuvan University International Cricket Ground, Kirtipur",2,7.6,7.6,United States of America,Nepal,GSNFG Jayasuriya,Shayan Jahangir,NK Yadav,0,0,,,,,,,,,,,,,
1531707,2026,2026-05-22,"Tribhuvan University International Cricket Ground, Kirtipur",2,8.1,8.1,United States of America,Nepal,Shayan Jahangir,GSNFG Jayasuriya,LN Rajbanshi,0,0,,,,,,,,,,,,,
1531707,2026,2026-05-22,"Tribhuvan University International Cricket Ground, Kirtipur",2,8.2,8.2,United States of America,Nepal,Shayan Jahangir,GSNFG Jayasuriya,LN Rajbanshi,6,0,,,,,,,,,,,,,
1531707,2026,2026-05-22,"Tribhuvan University International Cricket Ground, Kirtipur",2,8.3,8.3,United States of America,Nepal,Shayan Jahangir,GSNFG Jayasuriya,LN Rajbanshi,1,0,,,,,,,,,,,,,
1531707,2026,2026-05-22,"Tribhuvan University International Cricket Ground, Kirtipur",2,8.4,8.4,United States of America,Nepal,GSNFG Jayasuriya,Shayan Jahangir,LN Rajbanshi,1,0,,,,,,,,,,,,,
1531707,2026,2026-05-22,"Tribhuvan University International Cricket Ground, Kirtipur",2,8.5,8.5,United States of America,Nepal,Shayan Jahangir,GSNFG Jayasuriya,LN Rajbanshi,1,0,,,,,,,,,,,,,
1531707,2026,2026-05-22,"Tribhuvan University International Cricket Ground, Kirtipur",2,8.6,8.6,United States of America,Nepal,GSNFG Jayasuriya,Shayan Jahangir,LN Rajbanshi,1,0,,,,,,,,,,,,,
1531707,2026,2026-05-22,"Tribhuvan University International Cricket Ground, Kirtipur",2,9.1,9.1,United States of America,Nepal,GSNFG Jayasuriya,Shayan Jahangir,DS Airee,0,0,,,,,,,,,,,,,
1531707,2026,2026-05-22,"Tribhuvan University International Cricket Ground, Kirtipur",2,9.2,9.2,United States of America,Nepal,GSNFG Jayasuriya,Shayan Jahangir,DS Airee,0,0,,,,,,,,,,,,,
1531707,2026,2026-05-22,"Tribhuvan University International Cricket Ground, Kirtipur",2,9.3,9.3,United States of America,Nepal,GSNFG Jayasuriya,Shayan Jahangir,DS Airee,1,0,,,,,,,,,,,,,
1531707,2026,2026-05-22,"Tribhuvan University International Cricket Ground, Kirtipur",2,9.4,9.4,United States of America,Nepal,Shayan Jahangir,GSNFG Jayasuriya,DS Airee,0,0,,,,,,,,,,,,,
1531707,2026,2026-05-22,"Tribhuvan University International Cricket Ground, Kirtipur",2,9.5,9.5,United States of America,Nepal,Shayan Jahangir,GSNFG Jayasuriya,DS Airee,1,0,,,,,,,,,,,,,
1531707,2026,2026-05-22,"Tribhuvan University International Cricket Ground, Kirtipur",2,9.6,9.6,United States of America,Nepal,GSNFG Jayasuriya,Shayan Jahangir,DS Airee,4,0,,,,,,,,,,,,,
1531707,2026,2026-05-22,"Tribhuvan University International Cricket Ground, Kirtipur",2,10.1,10.1,United States of America,Nepal,Shayan Jahangir,GSNFG Jayasuriya,S Lamichhane,0,0,,,,,,,,,,,,,
1531707,2026,2026-05-22,"Tribhuvan University International Cricket Ground, Kirtipur",2,10.2,10.2,United States of America,Nepal,Shayan Jahangir,GSNFG Jayasuriya,S Lamichhane,0,0,,,,,,,,,,,,,
1531707,2026,2026-05-22,"Tribhuvan University International Cricket Ground, Kirtipur",2,10.3,10.3,United States of America,Nepal,Shayan Jahangir,GSNFG Jayasuriya,S Lamichhane,0,0,,,,,,,caught,Shayan Jahangir,,,Aasif Sheikh,,
1531707,2026,2026-05-22,"Tribhuvan University International Cricket Ground, Kirtipur",2,10.4,10.4,United States of America,Nepal,SR Mukkamalla,GSNFG Jayasuriya,S Lamichhane,0,0,,,,,,,,,,,,,
1531707,2026,2026-05-22,"Tribhuvan University International Cricket Ground, Kirtipur",2,10.5,10.5,United States of America,Nepal,SR Mukkamalla,GSNFG Jayasuriya,S Lamichhane,1,0,,,,,,,,,,,,,
1531707,2026,2026-05-22,"Tribhuvan University International Cricket Ground, Kirtipur",2,10.6,10.6,United States of America,Nepal,GSNFG Jayasuriya,SR Mukkamalla,S Lamichhane,1,0,,,,,,,,,,,,,
1531707,2026,2026-05-22,"Tribhuvan University International Cricket Ground, Kirtipur",2,11.1,11.1,United States of America,Nepal,GSNFG Jayasuriya,SR Mukkamalla,DS Airee,0,0,,,,,,,bowled,GSNFG Jayasuriya,,,,,
1531707,2026,2026-05-22,"Tribhuvan University International Cricket Ground, Kirtipur",2,11.2,11.2,United States of America,Nepal,Milind Kumar,SR Mukkamalla,DS Airee,1,0,,,,,,,,,,,,,
1531707,2026,2026-05-22,"Tribhuvan University International Cricket Ground, Kirtipur",2,11.3,11.3,United States of America,Nepal,SR Mukkamalla,Milind Kumar,DS Airee,1,0,,,,,,,,,,,,,
1531707,2026,2026-05-22,"Tribhuvan University International Cricket Ground, Kirtipur",2,11.4,11.4,United States of America,Nepal,Milind Kumar,SR Mukkamalla,DS Airee,1,0,,,,,,,,,,,,,
1531707,2026,2026-05-22,"Tribhuvan University International Cricket Ground, Kirtipur",2,11.5,11.5,United States of America,Nepal,SR Mukkamalla,Milind Kumar,DS Airee,0,0,,,,,,,,,,,,,
1531707,2026,2026-05-22,"Tribhuvan University International Cricket Ground, Kirtipur",2,11.6,11.6,United States of America,Nepal,SR Mukkamalla,Milind Kumar,DS Airee,0,0,,,,,,,,,,,,,
1531707,2026,2026-05-22,"Tribhuvan University International Cricket Ground, Kirtipur",2,12.1,12.1,United States of America,Nepal,Milind Kumar,SR Mukkamalla,S Lamichhane,1,0,,,,,,,,,,,,,
1531707,2026,2026-05-22,"Tribhuvan University International Cricket Ground, Kirtipur",2,12.2,12.2,United States of America,Nepal,SR Mukkamalla,Milind Kumar,S Lamichhane,1,0,,,,,,,,,,,,,
1531707,2026,2026-05-22,"Tribhuvan University International Cricket Ground, Kirtipur",2,12.3,12.3,United States of America,Nepal,Milind Kumar,SR Mukkamalla,S Lamichhane,0,0,,,,,,,,,,,,,
1531707,2026,2026-05-22,"Tribhuvan University International Cricket Ground, Kirtipur",2,12.4,12.4,United States of America,Nepal,Milind Kumar,SR Mukkamalla,S Lamichhane,4,0,,,,,,,,,,,,,
1531707,2026,2026-05-22,"Tribhuvan University International Cricket Ground, Kirtipur",2,12.5,12.5,United States of America,Nepal,Milind Kumar,SR Mukkamalla,S Lamichhane,1,0,,,,,,,,,,,,,
1531707,2026,2026-05-22,"Tribhuvan University International Cricket Ground, Kirtipur",2,12.6,12.6,United States of America,Nepal,SR Mukkamalla,Milind Kumar,S Lamichhane,0,0,,,,,,,,,,,,,
1531707,2026,2026-05-22,"Tribhuvan University International Cricket Ground, Kirtipur",2,13.1,13.1,United States of America,Nepal,Milind Kumar,SR Mukkamalla,LN Rajbanshi,0,0,,,,,,,,,,,,,
1531707,2026,2026-05-22,"Tribhuvan University International Cricket Ground, Kirtipur",2,13.2,13.2,United States of America,Nepal,Milind Kumar,SR Mukkamalla,LN Rajbanshi,0,0,,,,,,,,,,,,,
1531707,2026,2026-05-22,"Tribhuvan University International Cricket Ground, Kirtipur",2,13.3,13.3,United States of America,Nepal,Milind Kumar,SR Mukkamalla,LN Rajbanshi,1,0,,,,,,,,,,,,,
1531707,2026,2026-05-22,"Tribhuvan University International Cricket Ground, Kirtipur",2,13.4,13.4,United States of America,Nepal,SR Mukkamalla,Milind Kumar,LN Rajbanshi,0,0,,,,,,,,,,,,,
1531707,2026,2026-05-22,"Tribhuvan University International Cricket Ground, Kirtipur",2,13.5,13.5,United States of America,Nepal,SR Mukkamalla,Milind Kumar,LN Rajbanshi,0,0,,,,,,,,,,,,,
1531707,2026,2026-05-22,"Tribhuvan University International Cricket Ground, Kirtipur",2,13.6,13.6,United States of America,Nepal,SR Mukkamalla,Milind Kumar,LN Rajbanshi,1,0,,,,,,,,,,,,,
1531707,2026,2026-05-22,"Tribhuvan University International Cricket Ground, Kirtipur",2,14.1,14.1,United States of America,Nepal,SR Mukkamalla,Milind Kumar,Gulsan Jha,0,0,,,,,,,,,,,,,
1531707,2026,2026-05-22,"Tribhuvan University International Cricket Ground, Kirtipur",2,14.2,14.2,United States of America,Nepal,SR Mukkamalla,Milind Kumar,Gulsan Jha,0,0,,,,,,,,,,,,,
1531707,2026,2026-05-22,"Tribhuvan University International Cricket Ground, Kirtipur",2,14.3,14.3,United States of America,Nepal,SR Mukkamalla,Milind Kumar,Gulsan Jha,1,0,,,,,,,,,,,,,
1531707,2026,2026-05-22,"Tribhuvan University International Cricket Ground, Kirtipur",2,14.4,14.4,United States of America,Nepal,Milind Kumar,SR Mukkamalla,Gulsan Jha,1,0,,,,,,,,,,,,,
1531707,2026,2026-05-22,"Tribhuvan University International Cricket Ground, Kirtipur",2,14.5,14.5,United States of America,Nepal,SR Mukkamalla,Milind Kumar,Gulsan Jha,1,0,,,,,,,,,,,,,
1531707,2026,2026-05-22,"Tribhuvan University International Cricket Ground, Kirtipur",2,14.6,14.6,United States of America,Nepal,Milind Kumar,SR Mukkamalla,Gulsan Jha,1,0,,,,,,,,,,,,,
1531707,2026,2026-05-22,"Tribhuvan University International Cricket Ground, Kirtipur",2,15.1,15.1,United States of America,Nepal,Milind Kumar,SR Mukkamalla,S Lamichhane,1,0,,,,,,,,,,,,,
1531707,2026,2026-05-22,"Tribhuvan University International Cricket Ground, Kirtipur",2,15.2,15.2,United States of America,Nepal,SR Mukkamalla,Milind Kumar,S Lamichhane,0,0,,,,,,,,,,,,,
1531707,2026,2026-05-22,"Tribhuvan University International Cricket Ground, Kirtipur",2,15.3,15.3,United States of America,Nepal,SR Mukkamalla,Milind Kumar,S Lamichhane,1,0,,,,,,,,,,,,,
1531707,2026,2026-05-22,"Tribhuvan University International Cricket Ground, Kirtipur",2,15.4,15.4,United States of America,Nepal,Milind Kumar,SR Mukkamalla,S Lamichhane,0,0,,,,,,,,,,,,,
1531707,2026,2026-05-22,"Tribhuvan University International Cricket Ground, Kirtipur",2,15.5,15.5,United States of America,Nepal,Milind Kumar,SR Mukkamalla,S Lamichhane,0,0,,,,,,,,,,,,,
1531707,2026,2026-05-22,"Tribhuvan University International Cricket Ground, Kirtipur",2,15.6,15.6,United States of America,Nepal,Milind Kumar,SR Mukkamalla,S Lamichhane,0,0,,,,,,,,,,,,,
1531707,2026,2026-05-22,"Tribhuvan University International Cricket Ground, Kirtipur",2,16.1,16.1,United States of America,Nepal,SR Mukkamalla,Milind Kumar,Gulsan Jha,4,0,,,,,,,,,,,,,
1531707,2026,2026-05-22,"Tribhuvan University International Cricket Ground, Kirtipur",2,16.2,16.2,United States of America,Nepal,SR Mukkamalla,Milind Kumar,Gulsan Jha,4,0,,,,,,,,,,,,,
1531707,2026,2026-05-22,"Tribhuvan University International Cricket Ground, Kirtipur",2,16.3,16.3,United States of America,Nepal,SR Mukkamalla,Milind Kumar,Gulsan Jha,0,0,,,,,,,,,,,,,
1531707,2026,2026-05-22,"Tribhuvan University International Cricket Ground, Kirtipur",2,16.4,16.4,United States of America,Nepal,SR Mukkamalla,Milind Kumar,Gulsan Jha,0,0,,,,,,,,,,,,,
1531707,2026,2026-05-22,"Tribhuvan University International Cricket Ground, Kirtipur",2,16.5,16.5,United States of America,Nepal,SR Mukkamalla,Milind Kumar,Gulsan Jha,0,0,,,,,,,,,,,,,
1531707,2026,2026-05-22,"Tribhuvan University International Cricket Ground, Kirtipur",2,16.6,16.6,United States of America,Nepal,SR Mukkamalla,Milind Kumar,Gulsan Jha,0,0,,,,,,,,,,,,,
1531707,2026,2026-05-22,"Tribhuvan University International Cricket Ground, Kirtipur",2,17.1,17.1,United States of America,Nepal,Milind Kumar,SR Mukkamalla,S Lamichhane,0,0,,,,,,,,,,,,,
1531707,2026,2026-05-22,"Tribhuvan University International Cricket Ground, Kirtipur",2,17.2,17.2,United States of America,Nepal,Milind Kumar,SR Mukkamalla,S Lamichhane,0,0,,,,,,,,,,,,,
1531707,2026,2026-05-22,"Tribhuvan University International Cricket Ground, Kirtipur",2,17.3,17.3,United States of America,Nepal,Milind Kumar,SR Mukkamalla,S Lamichhane,0,0,,,,,,,,,,,,,
1531707,2026,2026-05-22,"Tribhuvan University International Cricket Ground, Kirtipur",2,17.4,17.4,United States of America,Nepal,Milind Kumar,SR Mukkamalla,S Lamichhane,0,2,2,,,,,,,,,,,,
1531707,2026,2026-05-22,"Tribhuvan University International Cricket Ground, Kirtipur",2,17.5,17.4,United States of America,Nepal,SR Mukkamalla,Milind Kumar,S Lamichhane,1,0,,,,,,,,,,,,,
1531707,2026,2026-05-22,"Tribhuvan University International Cricket Ground, Kirtipur",2,17.6,17.5,United States of America,Nepal,Milind Kumar,SR Mukkamalla,S Lamichhane,0,0,,,,,,,lbw,Milind Kumar,,,,,
1531707,2026,2026-05-22,"Tribhuvan University International Cricket Ground, Kirtipur",2,17.7,17.6,United States of America,Nepal,Shubham Ranjane,SR Mukkamalla,S Lamichhane,0,0,,,,,,,,,,,,,
1531707,2026,2026-05-22,"Tribhuvan University International Cricket Ground, Kirtipur",2,18.1,18.1,United States of America,Nepal,SR Mukkamalla,Shubham Ranjane,LN Rajbanshi,1,0,,,,,,,,,,,,,
1531707,2026,2026-05-22,"Tribhuvan University International Cricket Ground, Kirtipur",2,18.2,18.2,United States of America,Nepal,Shubham Ranjane,SR Mukkamalla,LN Rajbanshi,1,0,,,,,,,,,,,,,
1531707,2026,2026-05-22,"Tribhuvan University International Cricket Ground, Kirtipur",2,18.3,18.3,United States of America,Nepal,SR Mukkamalla,Shubham Ranjane,LN Rajbanshi,0,0,,,,,,,,,,,,,
1531707,2026,2026-05-22,"Tribhuvan University International Cricket Ground, Kirtipur",2,18.4,18.4,United States of America,Nepal,SR Mukkamalla,Shubham Ranjane,LN Rajbanshi,1,0,,,,,,,,,,,,,
1531707,2026,2026-05-22,"Tribhuvan University International Cricket Ground, Kirtipur",2,18.5,18.5,United States of America,Nepal,Shubham Ranjane,SR Mukkamalla,LN Rajbanshi,0,0,,,,,,,,,,,,,
1531707,2026,2026-05-22,"Tribhuvan University International Cricket Ground, Kirtipur",2,18.6,18.6,United States of America,Nepal,Shubham Ranjane,SR Mukkamalla,LN Rajbanshi,0,0,,,,,,,,,,,,,
1531707,2026,2026-05-22,"Tribhuvan University International Cricket Ground, Kirtipur",2,19.1,19.1,United States of America,Nepal,SR Mukkamalla,Shubham Ranjane,S Lamichhane,0,1,1,,,,,,,,,,,,
1531707,2026,2026-05-22,"Tribhuvan University International Cricket Ground, Kirtipur",2,19.2,19.1,United States of America,Nepal,SR Mukkamalla,Shubham Ranjane,S Lamichhane,1,0,,,,,,,,,,,,,
1531707,2026,2026-05-22,"Tribhuvan University International Cricket Ground, Kirtipur",2,19.3,19.2,United States of America,Nepal,Shubham Ranjane,SR Mukkamalla,S Lamichhane,1,0,,,,,,,,,,,,,
1531707,2026,2026-05-22,"Tribhuvan University International Cricket Ground, Kirtipur",2,19.4,19.3,United States of America,Nepal,SR Mukkamalla,Shubham Ranjane,S Lamichhane,0,0,,,,,,,,,,,,,
1531707,2026,2026-05-22,"Tribhuvan University International Cricket Ground, Kirtipur",2,19.5,19.4,United States of America,Nepal,SR Mukkamalla,Shubham Ranjane,S Lamichhane,0,0,,,,,,,,,,,,,
1531707,2026,2026-05-22,"Tribhuvan University International Cricket Ground, Kirtipur",2,19.6,19.5,United States of America,Nepal,SR Mukkamalla,Shubham Ranjane,S Lamichhane,0,0,,,,,,,,,,,,,
1531707,2026,2026-05-22,"Tribhuvan University International Cricket Ground, Kirtipur",2,19.7,19.6,United States of America,Nepal,SR Mukkamalla,Shubham Ranjane,S Lamichhane,1,0,,,,,,,,,,,,,
1531707,2026,2026-05-22,"Tribhuvan University International Cricket Ground, Kirtipur",2,20.1,20.1,United States of America,Nepal,SR Mukkamalla,Shubham Ranjane,LN Rajbanshi,0,0,,,,,,,,,,,,,
1531707,2026,2026-05-22,"Tribhuvan University International Cricket Ground, Kirtipur",2,20.2,20.2,United States of America,Nepal,SR Mukkamalla,Shubham Ranjane,LN Rajbanshi,1,0,,,,,,,,,,,,,
1531707,2026,2026-05-22,"Tribhuvan University International Cricket Ground, Kirtipur",2,20.3,20.3,United States of America,Nepal,Shubham Ranjane,SR Mukkamalla,LN Rajbanshi,0,0,,,,,,,,,,,,,
1531707,2026,2026-05-22,"Tribhuvan University International Cricket Ground, Kirtipur",2,20.4,20.4,United States of America,Nepal,Shubham Ranjane,SR Mukkamalla,LN Rajbanshi,0,0,,,,,,,lbw,Shubham Ranjane,,,,,
1531707,2026,2026-05-22,"Tribhuvan University International Cricket Ground, Kirtipur",2,20.5,20.5,United States of America,Nepal,SP Krishnamurthi,SR Mukkamalla,LN Rajbanshi,0,0,,,,,,,,,,,,,
1531707,2026,2026-05-22,"Tribhuvan University International Cricket Ground, Kirtipur",2,20.6,20.6,United States of America,Nepal,SP Krishnamurthi,SR Mukkamalla,LN Rajbanshi,0,0,,,,,,,,,,,,,
1531707,2026,2026-05-22,"Tribhuvan University International Cricket Ground, Kirtipur",2,21.1,21.1,United States of America,Nepal,SR Mukkamalla,SP Krishnamurthi,S Lamichhane,0,0,,,,,,,,,,,,,
1531707,2026,2026-05-22,"Tribhuvan University International Cricket Ground, Kirtipur",2,21.2,21.2,United States of America,Nepal,SR Mukkamalla,SP Krishnamurthi,S Lamichhane,1,0,,,,,,,,,,,,,
1531707,2026,2026-05-22,"Tribhuvan University International Cricket Ground, Kirtipur",2,21.3,21.3,United States of America,Nepal,SP Krishnamurthi,SR Mukkamalla,S Lamichhane,0,0,,,,,,,,,,,,,
1531707,2026,2026-05-22,"Tribhuvan University International Cricket Ground, Kirtipur",2,21.4,21.4,United States of America,Nepal,SP Krishnamurthi,SR Mukkamalla,S Lamichhane,1,0,,,,,,,,,,,,,
1531707,2026,2026-05-22,"Tribhuvan University International Cricket Ground, Kirtipur",2,21.5,21.5,United States of America,Nepal,SR Mukkamalla,SP Krishnamurthi,S Lamichhane,0,0,,,,,,,bowled,SR Mukkamalla,,,,,
1531707,2026,2026-05-22,"Tribhuvan University International Cricket Ground, Kirtipur",2,21.6,21.6,United States of America,Nepal,Harmeet Singh,SP Krishnamurthi,S Lamichhane,0,0,,,,,,,,,,,,,
1531707,2026,2026-05-22,"Tribhuvan University International Cricket Ground, Kirtipur",2,22.1,22.1,United States of America,Nepal,SP Krishnamurthi,Harmeet Singh,LN Rajbanshi,1,0,,,,,,,,,,,,,
1531707,2026,2026-05-22,"Tribhuvan University International Cricket Ground, Kirtipur",2,22.2,22.2,United States of America,Nepal,Harmeet Singh,SP Krishnamurthi,LN Rajbanshi,0,0,,,,,,,,,,,,,
1531707,2026,2026-05-22,"Tribhuvan University International Cricket Ground, Kirtipur",2,22.3,22.3,United States of America,Nepal,Harmeet Singh,SP Krishnamurthi,LN Rajbanshi,0,0,,,,,,,caught,Harmeet Singh,,,RK Paudel,,
1531707,2026,2026-05-22,"Tribhuvan University International Cricket Ground, Kirtipur",2,22.4,22.4,United States of America,Nepal,NP Kenjige,SP Krishnamurthi,LN Rajbanshi,0,0,,,,,,,,,,,,,
1531707,2026,2026-05-22,"Tribhuvan University International Cricket Ground, Kirtipur",2,22.5,22.5,United States of America,Nepal,NP Kenjige,SP Krishnamurthi,LN Rajbanshi,0,0,,,,,,,,,,,,,
1531707,2026,2026-05-22,"Tribhuvan University International Cricket Ground, Kirtipur",2,22.6,22.6,United States of America,Nepal,NP Kenjige,SP Krishnamurthi,LN Rajbanshi,0,0,,,,,,,,,,,,,
1531707,2026,2026-05-22,"Tribhuvan University International Cricket Ground, Kirtipur",2,23.1,23.1,United States of America,Nepal,SP Krishnamurthi,NP Kenjige,S Lamichhane,1,0,,,,,,,,,,,,,
1531707,2026,2026-05-22,"Tribhuvan University International Cricket Ground, Kirtipur",2,23.2,23.2,United States of America,Nepal,NP Kenjige,SP Krishnamurthi,S Lamichhane,0,0,,,,,,,,,,,,,
1531707,2026,2026-05-22,"Tribhuvan University International Cricket Ground, Kirtipur",2,23.3,23.3,United States of America,Nepal,NP Kenjige,SP Krishnamurthi,S Lamichhane,0,1,,,,1,,,,,,,,,
1531707,2026,2026-05-22,"Tribhuvan University International Cricket Ground, Kirtipur",2,23.4,23.4,United States of America,Nepal,SP Krishnamurthi,NP Kenjige,S Lamichhane,0,0,,,,,,,,,,,,,
1531707,2026,2026-05-22,"Tribhuvan University International Cricket Ground, Kirtipur",2,23.5,23.5,United States of America,Nepal,SP Krishnamurthi,NP Kenjige,S Lamichhane,0,0,,,,,,,,,,,,,
1531707,2026,2026-05-22,"Tribhuvan University International Cricket Ground, Kirtipur",2,23.6,23.6,United States of America,Nepal,SP Krishnamurthi,NP Kenjige,S Lamichhane,0,0,,,,,,,,,,,,,
1531707,2026,2026-05-22,"Tribhuvan University International Cricket Ground, Kirtipur",2,24.1,24.1,United States of America,Nepal,NP Kenjige,SP Krishnamurthi,LN Rajbanshi,0,0,,,,,,,,,,,,,
1531707,2026,2026-05-22,"Tribhuvan University International Cricket Ground, Kirtipur",2,24.2,24.2,United States of America,Nepal,NP Kenjige,SP Krishnamurthi,LN Rajbanshi,1,0,,,,,,,,,,,,,
1531707,2026,2026-05-22,"Tribhuvan University International Cricket Ground, Kirtipur",2,24.3,24.3,United States of America,Nepal,SP Krishnamurthi,NP Kenjige,LN Rajbanshi,0,0,,,,,,,,,,,,,
1531707,2026,2026-05-22,"Tribhuvan University International Cricket Ground, Kirtipur",2,24.4,24.4,United States of America,Nepal,SP Krishnamurthi,NP Kenjige,LN Rajbanshi,0,0,,,,,,,,,,,,,
1531707,2026,2026-05-22,"Tribhuvan University International Cricket Ground, Kirtipur",2,24.5,24.5,United States of America,Nepal,SP Krishnamurthi,NP Kenjige,LN Rajbanshi,0,1,1,,,,,,,,,,,,
1531707,2026,2026-05-22,"Tribhuvan University International Cricket Ground, Kirtipur",2,24.6,24.5,United States of America,Nepal,SP Krishnamurthi,NP Kenjige,LN Rajbanshi,4,0,,,,,,,,,,,,,
1531707,2026,2026-05-22,"Tribhuvan University International Cricket Ground, Kirtipur",2,24.7,24.6,United States of America,Nepal,SP Krishnamurthi,NP Kenjige,LN Rajbanshi,1,0,,,,,,,,,,,,,
1531707,2026,2026-05-22,"Tribhuvan University International Cricket Ground, Kirtipur",2,25.1,25.1,United States of America,Nepal,SP Krishnamurthi,NP Kenjige,S Lamichhane,1,0,,,,,,,,,,,,,
1531707,2026,2026-05-22,"Tribhuvan University International Cricket Ground, Kirtipur",2,25.2,25.2,United States of America,Nepal,NP Kenjige,SP Krishnamurthi,S Lamichhane,1,0,,,,,,,,,,,,,
1531707,2026,2026-05-22,"Tribhuvan University International Cricket Ground, Kirtipur",2,25.3,25.3,United States of America,Nepal,SP Krishnamurthi,NP Kenjige,S Lamichhane,0,0,,,,,,,,,,,,,
1531707,2026,2026-05-22,"Tribhuvan University International Cricket Ground, Kirtipur",2,25.4,25.4,United States of America,Nepal,SP Krishnamurthi,NP Kenjige,S Lamichhane,2,0,,,,,,,,,,,,,
1531707,2026,2026-05-22,"Tribhuvan University International Cricket Ground, Kirtipur",2,25.5,25.5,United States of America,Nepal,SP Krishnamurthi,NP Kenjige,S Lamichhane,1,0,,,,,,,,,,,,,
1531707,2026,2026-05-22,"Tribhuvan University International Cricket Ground, Kirtipur",2,25.6,25.6,United States of America,Nepal,NP Kenjige,SP Krishnamurthi,S Lamichhane,0,0,,,,,,,,,,,,,
1531707,2026,2026-05-22,"Tribhuvan University International Cricket Ground, Kirtipur",2,26.1,26.1,United States of America,Nepal,SP Krishnamurthi,NP Kenjige,LN Rajbanshi,1,0,,,,,,,,,,,,,
1531707,2026,2026-05-22,"Tribhuvan University International Cricket Ground, Kirtipur",2,26.2,26.2,United States of America,Nepal,NP Kenjige,SP Krishnamurthi,LN Rajbanshi,0,0,,,,,,,,,,,,,
1531707,2026,2026-05-22,"Tribhuvan University International Cricket Ground, Kirtipur",2,26.3,26.3,United States of America,Nepal,NP Kenjige,SP Krishnamurthi,LN Rajbanshi,0,0,,,,,,,,,,,,,
1531707,2026,2026-05-22,"Tribhuvan University International Cricket Ground, Kirtipur",2,26.4,26.4,United States of America,Nepal,NP Kenjige,SP Krishnamurthi,LN Rajbanshi,0,0,,,,,,,,,,,,,
1531707,2026,2026-05-22,"Tribhuvan University International Cricket Ground, Kirtipur",2,26.5,26.5,United States of America,Nepal,NP Kenjige,SP Krishnamurthi,LN Rajbanshi,1,0,,,,,,,,,,,,,
1531707,2026,2026-05-22,"Tribhuvan University International Cricket Ground, Kirtipur",2,26.6,26.6,United States of America,Nepal,SP Krishnamurthi,NP Kenjige,LN Rajbanshi,0,0,,,,,,,,,,,,,
1531707,2026,2026-05-22,"Tribhuvan University International Cricket Ground, Kirtipur",2,27.1,27.1,United States of America,Nepal,NP Kenjige,SP Krishnamurthi,K Bhurtel,0,0,,,,,,,,,,,,,
1531707,2026,2026-05-22,"Tribhuvan University International Cricket Ground, Kirtipur",2,27.2,27.2,United States of America,Nepal,NP Kenjige,SP Krishnamurthi,K Bhurtel,0,0,,,,,,,,,,,,,
1531707,2026,2026-05-22,"Tribhuvan University International Cricket Ground, Kirtipur",2,27.3,27.3,United States of America,Nepal,NP Kenjige,SP Krishnamurthi,K Bhurtel,1,0,,,,,,,,,,,,,
1531707,2026,2026-05-22,"Tribhuvan University International Cricket Ground, Kirtipur",2,27.4,27.4,United States of America,Nepal,SP Krishnamurthi,NP Kenjige,K Bhurtel,0,0,,,,,,,,,,,,,
1531707,2026,2026-05-22,"Tribhuvan University International Cricket Ground, Kirtipur",2,27.5,27.5,United States of America,Nepal,SP Krishnamurthi,NP Kenjige,K Bhurtel,6,0,,,,,,,,,,,,,
1531707,2026,2026-05-22,"Tribhuvan University International Cricket Ground, Kirtipur",2,27.6,27.6,United States of America,Nepal,SP Krishnamurthi,NP Kenjige,K Bhurtel,6,0,,,,,,,,,,,,,
1531707,2026,2026-05-22,"Tribhuvan University International Cricket Ground, Kirtipur",2,28.1,28.1,United States of America,Nepal,NP Kenjige,SP Krishnamurthi,Sompal Kami,0,0,,,,,,,,,,,,,
1531707,2026,2026-05-22,"Tribhuvan University International Cricket Ground, Kirtipur",2,28.2,28.2,United States of America,Nepal,NP Kenjige,SP Krishnamurthi,Sompal Kami,1,0,,,,,,,,,,,,,
1531707,2026,2026-05-22,"Tribhuvan University International Cricket Ground, Kirtipur",2,28.3,28.3,United States of America,Nepal,SP Krishnamurthi,NP Kenjige,Sompal Kami,2,0,,,,,,,,,,,,,
1531707,2026,2026-05-22,"Tribhuvan University International Cricket Ground, Kirtipur",2,28.4,28.4,United States of America,Nepal,SP Krishnamurthi,NP Kenjige,Sompal Kami,0,0,,,,,,,,,,,,,
1531707,2026,2026-05-22,"Tribhuvan University International Cricket Ground, Kirtipur",2,28.5,28.5,United States of America,Nepal,SP Krishnamurthi,NP Kenjige,Sompal Kami,0,0,,,,,,,,,,,,,
1531707,2026,2026-05-22,"Tribhuvan University International Cricket Ground, Kirtipur",2,28.6,28.6,United States of America,Nepal,SP Krishnamurthi,NP Kenjige,Sompal Kami,4,0,,,,,,,,,,,,,
1531707,2026,2026-05-22,"Tribhuvan University International Cricket Ground, Kirtipur",2,29.1,29.1,United States of America,Nepal,NP Kenjige,SP Krishnamurthi,NK Yadav,0,0,,,,,,,,,,,,,
1531707,2026,2026-05-22,"Tribhuvan University International Cricket Ground, Kirtipur",2,29.2,29.2,United States of America,Nepal,NP Kenjige,SP Krishnamurthi,NK Yadav,4,0,,,,,,,,,,,,,
1531707,2026,2026-05-22,"Tribhuvan University International Cricket Ground, Kirtipur",2,29.3,29.3,United States of America,Nepal,NP Kenjige,SP Krishnamurthi,NK Yadav,1,0,,,,,,,,,,,,,
1531707,2026,2026-05-22,"Tribhuvan University International Cricket Ground, Kirtipur",2,29.4,29.4,United States of America,Nepal,SP Krishnamurthi,NP Kenjige,NK Yadav,0,0,,,,,,,,,,,,,
1531707,2026,2026-05-22,"Tribhuvan University International Cricket Ground, Kirtipur",2,29.5,29.5,United States of America,Nepal,SP Krishnamurthi,NP Kenjige,NK Yadav,1,0,,,,,,,,,,,,,
1531707,2026,2026-05-22,"Tribhuvan University International Cricket Ground, Kirtipur",2,29.6,29.6,United States of America,Nepal,NP Kenjige,SP Krishnamurthi,NK Yadav,0,1,1,,,,,,,,,,,,
1531707,2026,2026-05-22,"Tribhuvan University International Cricket Ground, Kirtipur",2,29.7,29.6,United States of America,Nepal,NP Kenjige,SP Krishnamurthi,NK Yadav,0,0,,,,,,,,,,,,,
1531707,2026,2026-05-22,"Tribhuvan University International Cricket Ground, Kirtipur",2,30.1,30.1,United States of America,Nepal,SP Krishnamurthi,NP Kenjige,Sompal Kami,0,0,,,,,,,,,,,,,
1531707,2026,2026-05-22,"Tribhuvan University International Cricket Ground, Kirtipur",2,30.2,30.2,United States of America,Nepal,SP Krishnamurthi,NP Kenjige,Sompal Kami,4,0,,,,,,,,,,,,,
1531707,2026,2026-05-22,"Tribhuvan University International Cricket Ground, Kirtipur",2,30.3,30.3,United States of America,Nepal,SP Krishnamurthi,NP Kenjige,Sompal Kami,4,0,,,,,,,,,,,,,
1531707,2026,2026-05-22,"Tribhuvan University International Cricket Ground, Kirtipur",2,30.4,30.4,United States of America,Nepal,SP Krishnamurthi,NP Kenjige,Sompal Kami,1,0,,,,,,,,,,,,,
1531707,2026,2026-05-22,"Tribhuvan University International Cricket Ground, Kirtipur",2,30.5,30.5,United States of America,Nepal,NP Kenjige,SP Krishnamurthi,Sompal Kami,0,0,,,,,,,,,,,,,
1531707,2026,2026-05-22,"Tribhuvan University International Cricket Ground, Kirtipur",2,30.6,30.6,United States of America,Nepal,NP Kenjige,SP Krishnamurthi,Sompal Kami,0,0,,,,,,,,,,,,,
1531707,2026,2026-05-22,"Tribhuvan University International Cricket Ground, Kirtipur",2,31.1,31.1,United States of America,Nepal,SP Krishnamurthi,NP Kenjige,LN Rajbanshi,6,0,,,,,,,,,,,,,
1531707,2026,2026-05-22,"Tribhuvan University International Cricket Ground, Kirtipur",2,31.2,31.2,United States of America,Nepal,SP Krishnamurthi,NP Kenjige,LN Rajbanshi,0,0,,,,,,,,,,,,,
1531707,2026,2026-05-22,"Tribhuvan University International Cricket Ground, Kirtipur",2,31.3,31.3,United States of America,Nepal,SP Krishnamurthi,NP Kenjige,LN Rajbanshi,0,0,,,,,,,,,,,,,
1531707,2026,2026-05-22,"Tribhuvan University International Cricket Ground, Kirtipur",2,31.4,31.4,United States of America,Nepal,SP Krishnamurthi,NP Kenjige,LN Rajbanshi,0,0,,,,,,,,,,,,,
1531707,2026,2026-05-22,"Tribhuvan University International Cricket Ground, Kirtipur",2,31.5,31.5,United States of America,Nepal,SP Krishnamurthi,NP Kenjige,LN Rajbanshi,0,0,,,,,,,,,,,,,
1531707,2026,2026-05-22,"Tribhuvan University International Cricket Ground, Kirtipur",2,31.6,31.6,United States of America,Nepal,SP Krishnamurthi,NP Kenjige,LN Rajbanshi,1,0,,,,,,,,,,,,,
1531707,2026,2026-05-22,"Tribhuvan University International Cricket Ground, Kirtipur",2,32.1,32.1,United States of America,Nepal,SP Krishnamurthi,NP Kenjige,Sompal Kami,1,0,,,,,,,,,,,,,
1531707,2026,2026-05-22,"Tribhuvan University International Cricket Ground, Kirtipur",2,32.2,32.2,United States of America,Nepal,NP Kenjige,SP Krishnamurthi,Sompal Kami,0,0,,,,,,,,,,,,,
1531707,2026,2026-05-22,"Tribhuvan University International Cricket Ground, Kirtipur",2,32.3,32.3,United States of America,Nepal,NP Kenjige,SP Krishnamurthi,Sompal Kami,0,0,,,,,,,,,,,,,
1531707,2026,2026-05-22,"Tribhuvan University International Cricket Ground, Kirtipur",2,32.4,32.4,United States of America,Nepal,NP Kenjige,SP Krishnamurthi,Sompal Kami,0,1,1,,,,,,,,,,,,
1531707,2026,2026-05-22,"Tribhuvan University International Cricket Ground, Kirtipur",2,32.5,32.4,United States of America,Nepal,NP Kenjige,SP Krishnamurthi,Sompal Kami,0,0,,,,,,,,,,,,,
1531707,2026,2026-05-22,"Tribhuvan University International Cricket Ground, Kirtipur",2,32.6,32.5,United States of America,Nepal,NP Kenjige,SP Krishnamurthi,Sompal Kami,0,0,,,,,,,,,,,,,
1531707,2026,2026-05-22,"Tribhuvan University International Cricket Ground, Kirtipur",2,32.7,32.6,United States of America,Nepal,NP Kenjige,SP Krishnamurthi,Sompal Kami,0,0,,,,,,,,,,,,,
1531707,2026,2026-05-22,"Tribhuvan University International Cricket Ground, Kirtipur",2,33.1,33.1,United States of America,Nepal,SP Krishnamurthi,NP Kenjige,LN Rajbanshi,0,0,,,,,,,,,,,,,
1531707,2026,2026-05-22,"Tribhuvan University International Cricket Ground, Kirtipur",2,33.2,33.2,United States of America,Nepal,SP Krishnamurthi,NP Kenjige,LN Rajbanshi,0,0,,,,,,,,,,,,,
1531707,2026,2026-05-22,"Tribhuvan University International Cricket Ground, Kirtipur",2,33.3,33.3,United States of America,Nepal,SP Krishnamurthi,NP Kenjige,LN Rajbanshi,1,0,,,,,,,,,,,,,
1531707,2026,2026-05-22,"Tribhuvan University International Cricket Ground, Kirtipur",2,33.4,33.4,United States of America,Nepal,NP Kenjige,SP Krishnamurthi,LN Rajbanshi,0,0,,,,,,,,,,,,,
1531707,2026,2026-05-22,"Tribhuvan University International Cricket Ground, Kirtipur",2,33.5,33.5,United States of America,Nepal,NP Kenjige,SP Krishnamurthi,LN Rajbanshi,0,0,,,,,,,,,,,,,
1531707,2026,2026-05-22,"Tribhuvan University International Cricket Ground, Kirtipur",2,33.6,33.6,United States of America,Nepal,NP Kenjige,SP Krishnamurthi,LN Rajbanshi,1,0,,,,,,,,,,,,,
1531707,2026,2026-05-22,"Tribhuvan University International Cricket Ground, Kirtipur",2,34.1,34.1,United States of America,Nepal,NP Kenjige,SP Krishnamurthi,Gulsan Jha,0,0,,,,,,,,,,,,,
1531707,2026,2026-05-22,"Tribhuvan University International Cricket Ground, Kirtipur",2,34.2,34.2,United States of America,Nepal,NP Kenjige,SP Krishnamurthi,Gulsan Jha,1,0,,,,,,,,,,,,,
1531707,2026,2026-05-22,"Tribhuvan University International Cricket Ground, Kirtipur",2,34.3,34.3,United States of America,Nepal,SP Krishnamurthi,NP Kenjige,Gulsan Jha,6,0,,,,,,,,,,,,,
1531707,2026,2026-05-22,"Tribhuvan University International Cricket Ground, Kirtipur",2,34.4,34.4,United States of America,Nepal,SP Krishnamurthi,NP Kenjige,Gulsan Jha,0,0,,,,,,,bowled,SP Krishnamurthi,,,,,
1531707,2026,2026-05-22,"Tribhuvan University International Cricket Ground, Kirtipur",2,34.5,34.5,United States of America,Nepal,SN Netravalkar,NP Kenjige,Gulsan Jha,1,0,,,,,,,,,,,,,
1531707,2026,2026-05-22,"Tribhuvan University International Cricket Ground, Kirtipur",2,34.6,34.6,United States of America,Nepal,NP Kenjige,SN Netravalkar,Gulsan Jha,4,0,,,,,,,,,,,,,
1531707,2026,2026-05-22,"Tribhuvan University International Cricket Ground, Kirtipur",2,35.1,35.1,United States of America,Nepal,SN Netravalkar,NP Kenjige,S Lamichhane,0,0,,,,,,,,,,,,,
1531707,2026,2026-05-22,"Tribhuvan University International Cricket Ground, Kirtipur",2,35.2,35.2,United States of America,Nepal,SN Netravalkar,NP Kenjige,S Lamichhane,0,0,,,,,,,,,,,,,
1531707,2026,2026-05-22,"Tribhuvan University International Cricket Ground, Kirtipur",2,35.3,35.3,United States of America,Nepal,SN Netravalkar,NP Kenjige,S Lamichhane,0,0,,,,,,,,,,,,,
1531707,2026,2026-05-22,"Tribhuvan University International Cricket Ground, Kirtipur",2,35.4,35.4,United States of America,Nepal,SN Netravalkar,NP Kenjige,S Lamichhane,0,0,,,,,,,,,,,,,
1531707,2026,2026-05-22,"Tribhuvan University International Cricket Ground, Kirtipur",2,35.5,35.5,United States of America,Nepal,SN Netravalkar,NP Kenjige,S Lamichhane,0,0,,,,,,,,,,,,,
1531707,2026,2026-05-22,"Tribhuvan University International Cricket Ground, Kirtipur",2,35.6,35.6,United States of America,Nepal,SN Netravalkar,NP Kenjige,S Lamichhane,4,0,,,,,,,,,,,,,
1531707,2026,2026-05-22,"Tribhuvan University International Cricket Ground, Kirtipur",2,36.1,36.1,United States of America,Nepal,NP Kenjige,SN Netravalkar,Gulsan Jha,0,0,,,,,,,,,,,,,
1531707,2026,2026-05-22,"Tribhuvan University International Cricket Ground, Kirtipur",2,36.2,36.2,United States of America,Nepal,NP Kenjige,SN Netravalkar,Gulsan Jha,0,0,,,,,,,,,,,,,
1531707,2026,2026-05-22,"Tribhuvan University International Cricket Ground, Kirtipur",2,36.3,36.3,United States of America,Nepal,NP Kenjige,SN Netravalkar,Gulsan Jha,1,0,,,,,,,,,,,,,
1531707,2026,2026-05-22,"Tribhuvan University International Cricket Ground, Kirtipur",2,36.4,36.4,United States of America,Nepal,SN Netravalkar,NP Kenjige,Gulsan Jha,0,0,,,,,,,,,,,,,
1531707,2026,2026-05-22,"Tribhuvan University International Cricket Ground, Kirtipur",2,36.5,36.5,United States of America,Nepal,SN Netravalkar,NP Kenjige,Gulsan Jha,1,0,,,,,,,,,,,,,
1531707,2026,2026-05-22,"Tribhuvan University International Cricket Ground, Kirtipur",2,36.6,36.6,United States of America,Nepal,NP Kenjige,SN Netravalkar,Gulsan Jha,0,0,,,,,,,,,,,,,
1531707,2026,2026-05-22,"Tribhuvan University International Cricket Ground, Kirtipur",2,37.1,37.1,United States of America,Nepal,SN Netravalkar,NP Kenjige,S Lamichhane,0,0,,,,,,,,,,,,,
1531707,2026,2026-05-22,"Tribhuvan University International Cricket Ground, Kirtipur",2,37.2,37.2,United States of America,Nepal,SN Netravalkar,NP Kenjige,S Lamichhane,0,0,,,,,,,,,,,,,
1531707,2026,2026-05-22,"Tribhuvan University International Cricket Ground, Kirtipur",2,37.3,37.3,United States of America,Nepal,SN Netravalkar,NP Kenjige,S Lamichhane,0,0,,,,,,,,,,,,,
1531707,2026,2026-05-22,"Tribhuvan University International Cricket Ground, Kirtipur",2,37.4,37.4,United States of America,Nepal,SN Netravalkar,NP Kenjige,S Lamichhane,0,0,,,,,,,,,,,,,
1531707,2026,2026-05-22,"Tribhuvan University International Cricket Ground, Kirtipur",2,37.5,37.5,United States of America,Nepal,SN Netravalkar,NP Kenjige,S Lamichhane,0,0,,,,,,,,,,,,,
1531707,2026,2026-05-22,"Tribhuvan University International Cricket Ground, Kirtipur",2,37.6,37.6,United States of America,Nepal,SN Netravalkar,NP Kenjige,S Lamichhane,0,0,,,,,,,,,,,,,
1531707,2026,2026-05-22,"Tribhuvan University International Cricket Ground, Kirtipur",2,38.1,38.1,United States of America,Nepal,NP Kenjige,SN Netravalkar,Gulsan Jha,1,0,,,,,,,,,,,,,
1531707,2026,2026-05-22,"Tribhuvan University International Cricket Ground, Kirtipur",2,38.2,38.2,United States of America,Nepal,SN Netravalkar,NP Kenjige,Gulsan Jha,0,0,,,,,,,,,,,,,
1531707,2026,2026-05-22,"Tribhuvan University International Cricket Ground, Kirtipur",2,38.3,38.3,United States of America,Nepal,SN Netravalkar,NP Kenjige,Gulsan Jha,0,0,,,,,,,,,,,,,
1531707,2026,2026-05-22,"Tribhuvan University International Cricket Ground, Kirtipur",2,38.4,38.4,United States of America,Nepal,SN Netravalkar,NP Kenjige,Gulsan Jha,4,0,,,,,,,,,,,,,
1531707,2026,2026-05-22,"Tribhuvan University International Cricket Ground, Kirtipur",2,38.5,38.5,United States of America,Nepal,SN Netravalkar,NP Kenjige,Gulsan Jha,0,0,,,,,,,caught,SN Netravalkar,,,Aasif Sheikh,,
1531707,2026,2026-05-22,"Tribhuvan University International Cricket Ground, Kirtipur",2,38.6,38.6,United States of America,Nepal,R Ugarkar,NP Kenjige,Gulsan Jha,0,1,1,,,,,,,,,,,,
1531707,2026,2026-05-22,"Tribhuvan University International Cricket Ground, Kirtipur",2,38.7,38.6,United States of America,Nepal,R Ugarkar,NP Kenjige,Gulsan Jha,0,0,,,,,,,,,,,,,
1531707,2026,2026-05-22,"Tribhuvan University International Cricket Ground, Kirtipur",2,39.1,39.1,United States of America,Nepal,NP Kenjige,R Ugarkar,DS Airee,4,0,,,,,,,,,,,,,
1531707,2026,2026-05-22,"Tribhuvan University International Cricket Ground, Kirtipur",2,39.2,39.2,United States of America,Nepal,NP Kenjige,R Ugarkar,DS Airee,0,0,,,,,,,,,,,,,
1531707,2026,2026-05-22,"Tribhuvan University International Cricket Ground, Kirtipur",2,39.3,39.3,United States of America,Nepal,NP Kenjige,R Ugarkar,DS Airee,0,0,,,,,,,,,,,,,
1531707,2026,2026-05-22,"Tribhuvan University International Cricket Ground, Kirtipur",2,39.4,39.4,United States of America,Nepal,NP Kenjige,R Ugarkar,DS Airee,0,0,,,,,,,,,,,,,
1531707,2026,2026-05-22,"Tribhuvan University International Cricket Ground, Kirtipur",2,39.5,39.5,United States of America,Nepal,NP Kenjige,R Ugarkar,DS Airee,1,0,,,,,,,,,,,,,
1531707,2026,2026-05-22,"Tribhuvan University International Cricket Ground, Kirtipur",2,39.6,39.6,United States of America,Nepal,R Ugarkar,NP Kenjige,DS Airee,0,0,,,,,,,,,,,,,
1531707,2026,2026-05-22,"Tribhuvan University International Cricket Ground, Kirtipur",2,40.1,40.1,United States of America,Nepal,NP Kenjige,R Ugarkar,Gulsan Jha,1,0,,,,,,,,,,,,,
1531707,2026,2026-05-22,"Tribhuvan University International Cricket Ground, Kirtipur",2,40.2,40.2,United States of America,Nepal,R Ugarkar,NP Kenjige,Gulsan Jha,0,1,1,,,,,,,,,,,,
1531707,2026,2026-05-22,"Tribhuvan University International Cricket Ground, Kirtipur",2,40.3,40.2,United States of America,Nepal,R Ugarkar,NP Kenjige,Gulsan Jha,0,0,,,,,,,,,,,,,
1531707,2026,2026-05-22,"Tribhuvan University International Cricket Ground, Kirtipur",2,40.4,40.3,United States of America,Nepal,R Ugarkar,NP Kenjige,Gulsan Jha,1,0,,,,,,,,,,,,,
1531707,2026,2026-05-22,"Tribhuvan University International Cricket Ground, Kirtipur",2,40.5,40.4,United States of America,Nepal,NP Kenjige,R Ugarkar,Gulsan Jha,0,0,,,,,,,,,,,,,
1531707,2026,2026-05-22,"Tribhuvan University International Cricket Ground, Kirtipur",2,40.6,40.5,United States of America,Nepal,NP Kenjige,R Ugarkar,Gulsan Jha,1,0,,,,,,,,,,,,,
1531707,2026,2026-05-22,"Tribhuvan University International Cricket Ground, Kirtipur",2,40.7,40.6,United States of America,Nepal,R Ugarkar,NP Kenjige,Gulsan Jha,0,0,,,,,,,,,,,,,
1531707,2026,2026-05-22,"Tribhuvan University International Cricket Ground, Kirtipur",2,41.1,41.1,United States of America,Nepal,NP Kenjige,R Ugarkar,DS Airee,4,0,,,,,,,,,,,,,
1531707,2026,2026-05-22,"Tribhuvan University International Cricket Ground, Kirtipur",2,41.2,41.2,United States of America,Nepal,NP Kenjige,R Ugarkar,DS Airee,0,0,,,,,,,caught,NP Kenjige,,,K Bhurtel,,
