match_id,season,start_date,venue,innings,ball,actual_delivery,batting_team,bowling_team,striker,non_striker,bowler,runs_off_bat,extras,wides,noballs,byes,legbyes,penalty,non_boundary,wicket_type,player_dismissed,other_wicket_type,other_player_dismissed,fielder_1,fielder_2,fielder_3
1540540,2026,2026-07-23,"Mahinda Rajapaksa International Cricket Stadium, Sooriyawewa, Hambantota",1,0.1,0.1,Sri Lanka,Pakistan,RMVD Gunaratne,AC Jayangani,Fatima Sana,0,0,,,,,,,,,,,,,
1540540,2026,2026-07-23,"Mahinda Rajapaksa International Cricket Stadium, Sooriyawewa, Hambantota",1,0.2,0.2,Sri Lanka,Pakistan,RMVD Gunaratne,AC Jayangani,Fatima Sana,1,0,,,,,,,,,,,,,
1540540,2026,2026-07-23,"Mahinda Rajapaksa International Cricket Stadium, Sooriyawewa, Hambantota",1,0.3,0.3,Sri Lanka,Pakistan,AC Jayangani,RMVD Gunaratne,Fatima Sana,0,0,,,,,,,,,,,,,
1540540,2026,2026-07-23,"Mahinda Rajapaksa International Cricket Stadium, Sooriyawewa, Hambantota",1,0.4,0.4,Sri Lanka,Pakistan,AC Jayangani,RMVD Gunaratne,Fatima Sana,4,0,,,,,,,,,,,,,
1540540,2026,2026-07-23,"Mahinda Rajapaksa International Cricket Stadium, Sooriyawewa, Hambantota",1,0.5,0.5,Sri Lanka,Pakistan,AC Jayangani,RMVD Gunaratne,Fatima Sana,0,0,,,,,,,,,,,,,
1540540,2026,2026-07-23,"Mahinda Rajapaksa International Cricket Stadium, Sooriyawewa, Hambantota",1,0.6,0.6,Sri Lanka,Pakistan,AC Jayangani,RMVD Gunaratne,Fatima Sana,0,0,,,,,,,,,,,,,
1540540,2026,2026-07-23,"Mahinda Rajapaksa International Cricket Stadium, Sooriyawewa, Hambantota",1,1.1,1.1,Sri Lanka,Pakistan,RMVD Gunaratne,AC Jayangani,Tasmia Rubab,0,0,,,,,,,,,,,,,
1540540,2026,2026-07-23,"Mahinda Rajapaksa International Cricket Stadium, Sooriyawewa, Hambantota",1,1.2,1.2,Sri Lanka,Pakistan,RMVD Gunaratne,AC Jayangani,Tasmia Rubab,0,1,1,,,,,,,,,,,,
1540540,2026,2026-07-23,"Mahinda Rajapaksa International Cricket Stadium, Sooriyawewa, Hambantota",1,1.3,1.2,Sri Lanka,Pakistan,RMVD Gunaratne,AC Jayangani,Tasmia Rubab,1,0,,,,,,,,,,,,,
1540540,2026,2026-07-23,"Mahinda Rajapaksa International Cricket Stadium, Sooriyawewa, Hambantota",1,1.4,1.3,Sri Lanka,Pakistan,AC Jayangani,RMVD Gunaratne,Tasmia Rubab,4,0,,,,,,,,,,,,,
1540540,2026,2026-07-23,"Mahinda Rajapaksa International Cricket Stadium, Sooriyawewa, Hambantota",1,1.5,1.4,Sri Lanka,Pakistan,AC Jayangani,RMVD Gunaratne,Tasmia Rubab,0,0,,,,,,,,,,,,,
1540540,2026,2026-07-23,"Mahinda Rajapaksa International Cricket Stadium, Sooriyawewa, Hambantota",1,1.6,1.5,Sri Lanka,Pakistan,AC Jayangani,RMVD Gunaratne,Tasmia Rubab,1,0,,,,,,,,,,,,,
1540540,2026,2026-07-23,"Mahinda Rajapaksa International Cricket Stadium, Sooriyawewa, Hambantota",1,1.7,1.6,Sri Lanka,Pakistan,RMVD Gunaratne,AC Jayangani,Tasmia Rubab,0,1,1,,,,,,,,,,,,
1540540,2026,2026-07-23,"Mahinda Rajapaksa International Cricket Stadium, Sooriyawewa, Hambantota",1,1.8,1.6,Sri Lanka,Pakistan,RMVD Gunaratne,AC Jayangani,Tasmia Rubab,1,0,,,,,,,,,,,,,
1540540,2026,2026-07-23,"Mahinda Rajapaksa International Cricket Stadium, Sooriyawewa, Hambantota",1,2.1,2.1,Sri Lanka,Pakistan,RMVD Gunaratne,AC Jayangani,Fatima Sana,0,0,,,,,,,,,,,,,
1540540,2026,2026-07-23,"Mahinda Rajapaksa International Cricket Stadium, Sooriyawewa, Hambantota",1,2.2,2.2,Sri Lanka,Pakistan,RMVD Gunaratne,AC Jayangani,Fatima Sana,0,0,,,,,,,,,,,,,
1540540,2026,2026-07-23,"Mahinda Rajapaksa International Cricket Stadium, Sooriyawewa, Hambantota",1,2.3,2.3,Sri Lanka,Pakistan,RMVD Gunaratne,AC Jayangani,Fatima Sana,1,0,,,,,,,,,,,,,
1540540,2026,2026-07-23,"Mahinda Rajapaksa International Cricket Stadium, Sooriyawewa, Hambantota",1,2.4,2.4,Sri Lanka,Pakistan,AC Jayangani,RMVD Gunaratne,Fatima Sana,1,0,,,,,,,,,,,,,
1540540,2026,2026-07-23,"Mahinda Rajapaksa International Cricket Stadium, Sooriyawewa, Hambantota",1,2.5,2.5,Sri Lanka,Pakistan,RMVD Gunaratne,AC Jayangani,Fatima Sana,0,0,,,,,,,,,,,,,
1540540,2026,2026-07-23,"Mahinda Rajapaksa International Cricket Stadium, Sooriyawewa, Hambantota",1,2.6,2.6,Sri Lanka,Pakistan,RMVD Gunaratne,AC Jayangani,Fatima Sana,0,0,,,,,,,,,,,,,
1540540,2026,2026-07-23,"Mahinda Rajapaksa International Cricket Stadium, Sooriyawewa, Hambantota",1,3.1,3.1,Sri Lanka,Pakistan,AC Jayangani,RMVD Gunaratne,Tasmia Rubab,1,0,,,,,,,,,,,,,
1540540,2026,2026-07-23,"Mahinda Rajapaksa International Cricket Stadium, Sooriyawewa, Hambantota",1,3.2,3.2,Sri Lanka,Pakistan,RMVD Gunaratne,AC Jayangani,Tasmia Rubab,1,0,,,,,,,,,,,,,
1540540,2026,2026-07-23,"Mahinda Rajapaksa International Cricket Stadium, Sooriyawewa, Hambantota",1,3.3,3.3,Sri Lanka,Pakistan,AC Jayangani,RMVD Gunaratne,Tasmia Rubab,0,0,,,,,,,,,,,,,
1540540,2026,2026-07-23,"Mahinda Rajapaksa International Cricket Stadium, Sooriyawewa, Hambantota",1,3.4,3.4,Sri Lanka,Pakistan,AC Jayangani,RMVD Gunaratne,Tasmia Rubab,4,0,,,,,,,,,,,,,
1540540,2026,2026-07-23,"Mahinda Rajapaksa International Cricket Stadium, Sooriyawewa, Hambantota",1,3.5,3.5,Sri Lanka,Pakistan,AC Jayangani,RMVD Gunaratne,Tasmia Rubab,0,0,,,,,,,,,,,,,
1540540,2026,2026-07-23,"Mahinda Rajapaksa International Cricket Stadium, Sooriyawewa, Hambantota",1,3.6,3.6,Sri Lanka,Pakistan,AC Jayangani,RMVD Gunaratne,Tasmia Rubab,0,0,,,,,,,,,,,,,
1540540,2026,2026-07-23,"Mahinda Rajapaksa International Cricket Stadium, Sooriyawewa, Hambantota",1,4.1,4.1,Sri Lanka,Pakistan,RMVD Gunaratne,AC Jayangani,Fatima Sana,0,1,1,,,,,,,,,,,,
1540540,2026,2026-07-23,"Mahinda Rajapaksa International Cricket Stadium, Sooriyawewa, Hambantota",1,4.2,4.1,Sri Lanka,Pakistan,RMVD Gunaratne,AC Jayangani,Fatima Sana,0,0,,,,,,,,,,,,,
1540540,2026,2026-07-23,"Mahinda Rajapaksa International Cricket Stadium, Sooriyawewa, Hambantota",1,4.3,4.2,Sri Lanka,Pakistan,RMVD Gunaratne,AC Jayangani,Fatima Sana,4,0,,,,,,,,,,,,,
1540540,2026,2026-07-23,"Mahinda Rajapaksa International Cricket Stadium, Sooriyawewa, Hambantota",1,4.4,4.3,Sri Lanka,Pakistan,RMVD Gunaratne,AC Jayangani,Fatima Sana,0,0,,,,,,,,,,,,,
1540540,2026,2026-07-23,"Mahinda Rajapaksa International Cricket Stadium, Sooriyawewa, Hambantota",1,4.5,4.4,Sri Lanka,Pakistan,RMVD Gunaratne,AC Jayangani,Fatima Sana,4,0,,,,,,,,,,,,,
1540540,2026,2026-07-23,"Mahinda Rajapaksa International Cricket Stadium, Sooriyawewa, Hambantota",1,4.6,4.5,Sri Lanka,Pakistan,RMVD Gunaratne,AC Jayangani,Fatima Sana,0,0,,,,,,,,,,,,,
1540540,2026,2026-07-23,"Mahinda Rajapaksa International Cricket Stadium, Sooriyawewa, Hambantota",1,4.7,4.6,Sri Lanka,Pakistan,RMVD Gunaratne,AC Jayangani,Fatima Sana,0,0,,,,,,,,,,,,,
1540540,2026,2026-07-23,"Mahinda Rajapaksa International Cricket Stadium, Sooriyawewa, Hambantota",1,5.1,5.1,Sri Lanka,Pakistan,AC Jayangani,RMVD Gunaratne,Tasmia Rubab,0,0,,,,,,,,,,,,,
1540540,2026,2026-07-23,"Mahinda Rajapaksa International Cricket Stadium, Sooriyawewa, Hambantota",1,5.2,5.2,Sri Lanka,Pakistan,AC Jayangani,RMVD Gunaratne,Tasmia Rubab,0,0,,,,,,,,,,,,,
1540540,2026,2026-07-23,"Mahinda Rajapaksa International Cricket Stadium, Sooriyawewa, Hambantota",1,5.3,5.3,Sri Lanka,Pakistan,AC Jayangani,RMVD Gunaratne,Tasmia Rubab,0,0,,,,,,,,,,,,,
1540540,2026,2026-07-23,"Mahinda Rajapaksa International Cricket Stadium, Sooriyawewa, Hambantota",1,5.4,5.4,Sri Lanka,Pakistan,AC Jayangani,RMVD Gunaratne,Tasmia Rubab,0,0,,,,,,,,,,,,,
1540540,2026,2026-07-23,"Mahinda Rajapaksa International Cricket Stadium, Sooriyawewa, Hambantota",1,5.5,5.5,Sri Lanka,Pakistan,AC Jayangani,RMVD Gunaratne,Tasmia Rubab,0,1,1,,,,,,,,,,,,
1540540,2026,2026-07-23,"Mahinda Rajapaksa International Cricket Stadium, Sooriyawewa, Hambantota",1,5.6,5.5,Sri Lanka,Pakistan,AC Jayangani,RMVD Gunaratne,Tasmia Rubab,0,0,,,,,,,,,,,,,
1540540,2026,2026-07-23,"Mahinda Rajapaksa International Cricket Stadium, Sooriyawewa, Hambantota",1,5.7,5.6,Sri Lanka,Pakistan,AC Jayangani,RMVD Gunaratne,Tasmia Rubab,0,0,,,,,,,,,,,,,
1540540,2026,2026-07-23,"Mahinda Rajapaksa International Cricket Stadium, Sooriyawewa, Hambantota",1,6.1,6.1,Sri Lanka,Pakistan,RMVD Gunaratne,AC Jayangani,Fatima Sana,0,0,,,,,,,,,,,,,
1540540,2026,2026-07-23,"Mahinda Rajapaksa International Cricket Stadium, Sooriyawewa, Hambantota",1,6.2,6.2,Sri Lanka,Pakistan,RMVD Gunaratne,AC Jayangani,Fatima Sana,4,0,,,,,,,,,,,,,
1540540,2026,2026-07-23,"Mahinda Rajapaksa International Cricket Stadium, Sooriyawewa, Hambantota",1,6.3,6.3,Sri Lanka,Pakistan,RMVD Gunaratne,AC Jayangani,Fatima Sana,0,0,,,,,,,,,,,,,
1540540,2026,2026-07-23,"Mahinda Rajapaksa International Cricket Stadium, Sooriyawewa, Hambantota",1,6.4,6.4,Sri Lanka,Pakistan,RMVD Gunaratne,AC Jayangani,Fatima Sana,0,0,,,,,,,,,,,,,
1540540,2026,2026-07-23,"Mahinda Rajapaksa International Cricket Stadium, Sooriyawewa, Hambantota",1,6.5,6.5,Sri Lanka,Pakistan,RMVD Gunaratne,AC Jayangani,Fatima Sana,0,0,,,,,,,,,,,,,
1540540,2026,2026-07-23,"Mahinda Rajapaksa International Cricket Stadium, Sooriyawewa, Hambantota",1,6.6,6.6,Sri Lanka,Pakistan,RMVD Gunaratne,AC Jayangani,Fatima Sana,1,0,,,,,,,,,,,,,
1540540,2026,2026-07-23,"Mahinda Rajapaksa International Cricket Stadium, Sooriyawewa, Hambantota",1,7.1,7.1,Sri Lanka,Pakistan,RMVD Gunaratne,AC Jayangani,Tasmia Rubab,0,0,,,,,,,,,,,,,
1540540,2026,2026-07-23,"Mahinda Rajapaksa International Cricket Stadium, Sooriyawewa, Hambantota",1,7.2,7.2,Sri Lanka,Pakistan,RMVD Gunaratne,AC Jayangani,Tasmia Rubab,0,0,,,,,,,,,,,,,
1540540,2026,2026-07-23,"Mahinda Rajapaksa International Cricket Stadium, Sooriyawewa, Hambantota",1,7.3,7.3,Sri Lanka,Pakistan,RMVD Gunaratne,AC Jayangani,Tasmia Rubab,0,0,,,,,,,,,,,,,
1540540,2026,2026-07-23,"Mahinda Rajapaksa International Cricket Stadium, Sooriyawewa, Hambantota",1,7.4,7.4,Sri Lanka,Pakistan,RMVD Gunaratne,AC Jayangani,Tasmia Rubab,1,0,,,,,,,,,,,,,
1540540,2026,2026-07-23,"Mahinda Rajapaksa International Cricket Stadium, Sooriyawewa, Hambantota",1,7.5,7.5,Sri Lanka,Pakistan,AC Jayangani,RMVD Gunaratne,Tasmia Rubab,1,0,,,,,,,,,,,,,
1540540,2026,2026-07-23,"Mahinda Rajapaksa International Cricket Stadium, Sooriyawewa, Hambantota",1,7.6,7.6,Sri Lanka,Pakistan,RMVD Gunaratne,AC Jayangani,Tasmia Rubab,0,0,,,,,,,,,,,,,
1540540,2026,2026-07-23,"Mahinda Rajapaksa International Cricket Stadium, Sooriyawewa, Hambantota",1,8.1,8.1,Sri Lanka,Pakistan,AC Jayangani,RMVD Gunaratne,Umm-e-Hani,1,0,,,,,,,,,,,,,
1540540,2026,2026-07-23,"Mahinda Rajapaksa International Cricket Stadium, Sooriyawewa, Hambantota",1,8.2,8.2,Sri Lanka,Pakistan,RMVD Gunaratne,AC Jayangani,Umm-e-Hani,2,0,,,,,,,,,,,,,
1540540,2026,2026-07-23,"Mahinda Rajapaksa International Cricket Stadium, Sooriyawewa, Hambantota",1,8.3,8.3,Sri Lanka,Pakistan,RMVD Gunaratne,AC Jayangani,Umm-e-Hani,0,1,,,1,,,,,,,,,,
1540540,2026,2026-07-23,"Mahinda Rajapaksa International Cricket Stadium, Sooriyawewa, Hambantota",1,8.4,8.4,Sri Lanka,Pakistan,AC Jayangani,RMVD Gunaratne,Umm-e-Hani,1,0,,,,,,,,,,,,,
1540540,2026,2026-07-23,"Mahinda Rajapaksa International Cricket Stadium, Sooriyawewa, Hambantota",1,8.5,8.5,Sri Lanka,Pakistan,RMVD Gunaratne,AC Jayangani,Umm-e-Hani,4,0,,,,,,,,,,,,,
1540540,2026,2026-07-23,"Mahinda Rajapaksa International Cricket Stadium, Sooriyawewa, Hambantota",1,8.6,8.6,Sri Lanka,Pakistan,RMVD Gunaratne,AC Jayangani,Umm-e-Hani,1,0,,,,,,,,,,,,,
1540540,2026,2026-07-23,"Mahinda Rajapaksa International Cricket Stadium, Sooriyawewa, Hambantota",1,9.1,9.1,Sri Lanka,Pakistan,RMVD Gunaratne,AC Jayangani,Nashra Sandhu,1,0,,,,,,,,,,,,,
1540540,2026,2026-07-23,"Mahinda Rajapaksa International Cricket Stadium, Sooriyawewa, Hambantota",1,9.2,9.2,Sri Lanka,Pakistan,AC Jayangani,RMVD Gunaratne,Nashra Sandhu,0,1,1,,,,,,,,,,,,
1540540,2026,2026-07-23,"Mahinda Rajapaksa International Cricket Stadium, Sooriyawewa, Hambantota",1,9.3,9.2,Sri Lanka,Pakistan,AC Jayangani,RMVD Gunaratne,Nashra Sandhu,1,0,,,,,,,,,,,,,
1540540,2026,2026-07-23,"Mahinda Rajapaksa International Cricket Stadium, Sooriyawewa, Hambantota",1,9.4,9.3,Sri Lanka,Pakistan,RMVD Gunaratne,AC Jayangani,Nashra Sandhu,1,0,,,,,,,,,,,,,
1540540,2026,2026-07-23,"Mahinda Rajapaksa International Cricket Stadium, Sooriyawewa, Hambantota",1,9.5,9.4,Sri Lanka,Pakistan,AC Jayangani,RMVD Gunaratne,Nashra Sandhu,1,0,,,,,,,,,,,,,
1540540,2026,2026-07-23,"Mahinda Rajapaksa International Cricket Stadium, Sooriyawewa, Hambantota",1,9.6,9.5,Sri Lanka,Pakistan,RMVD Gunaratne,AC Jayangani,Nashra Sandhu,0,0,,,,,,,,,,,,,
1540540,2026,2026-07-23,"Mahinda Rajapaksa International Cricket Stadium, Sooriyawewa, Hambantota",1,9.7,9.6,Sri Lanka,Pakistan,RMVD Gunaratne,AC Jayangani,Nashra Sandhu,0,0,,,,,,,,,,,,,
1540540,2026,2026-07-23,"Mahinda Rajapaksa International Cricket Stadium, Sooriyawewa, Hambantota",1,10.1,10.1,Sri Lanka,Pakistan,AC Jayangani,RMVD Gunaratne,Umm-e-Hani,0,0,,,,,,,,,,,,,
1540540,2026,2026-07-23,"Mahinda Rajapaksa International Cricket Stadium, Sooriyawewa, Hambantota",1,10.2,10.2,Sri Lanka,Pakistan,AC Jayangani,RMVD Gunaratne,Umm-e-Hani,0,0,,,,,,,,,,,,,
1540540,2026,2026-07-23,"Mahinda Rajapaksa International Cricket Stadium, Sooriyawewa, Hambantota",1,10.3,10.3,Sri Lanka,Pakistan,AC Jayangani,RMVD Gunaratne,Umm-e-Hani,0,0,,,,,,,,,,,,,
1540540,2026,2026-07-23,"Mahinda Rajapaksa International Cricket Stadium, Sooriyawewa, Hambantota",1,10.4,10.4,Sri Lanka,Pakistan,AC Jayangani,RMVD Gunaratne,Umm-e-Hani,2,0,,,,,,,,,,,,,
1540540,2026,2026-07-23,"Mahinda Rajapaksa International Cricket Stadium, Sooriyawewa, Hambantota",1,10.5,10.5,Sri Lanka,Pakistan,AC Jayangani,RMVD Gunaratne,Umm-e-Hani,0,0,,,,,,,,,,,,,
1540540,2026,2026-07-23,"Mahinda Rajapaksa International Cricket Stadium, Sooriyawewa, Hambantota",1,10.6,10.6,Sri Lanka,Pakistan,AC Jayangani,RMVD Gunaratne,Umm-e-Hani,0,0,,,,,,,,,,,,,
1540540,2026,2026-07-23,"Mahinda Rajapaksa International Cricket Stadium, Sooriyawewa, Hambantota",1,11.1,11.1,Sri Lanka,Pakistan,RMVD Gunaratne,AC Jayangani,Nashra Sandhu,0,0,,,,,,,,,,,,,
1540540,2026,2026-07-23,"Mahinda Rajapaksa International Cricket Stadium, Sooriyawewa, Hambantota",1,11.2,11.2,Sri Lanka,Pakistan,RMVD Gunaratne,AC Jayangani,Nashra Sandhu,0,0,,,,,,,caught,RMVD Gunaratne,,,Fatima Sana,,
1540540,2026,2026-07-23,"Mahinda Rajapaksa International Cricket Stadium, Sooriyawewa, Hambantota",1,11.3,11.3,Sri Lanka,Pakistan,GWHM Perera,AC Jayangani,Nashra Sandhu,0,0,,,,,,,,,,,,,
1540540,2026,2026-07-23,"Mahinda Rajapaksa International Cricket Stadium, Sooriyawewa, Hambantota",1,11.4,11.4,Sri Lanka,Pakistan,GWHM Perera,AC Jayangani,Nashra Sandhu,4,0,,,,,,,,,,,,,
1540540,2026,2026-07-23,"Mahinda Rajapaksa International Cricket Stadium, Sooriyawewa, Hambantota",1,11.5,11.5,Sri Lanka,Pakistan,GWHM Perera,AC Jayangani,Nashra Sandhu,0,0,,,,,,,,,,,,,
1540540,2026,2026-07-23,"Mahinda Rajapaksa International Cricket Stadium, Sooriyawewa, Hambantota",1,11.6,11.6,Sri Lanka,Pakistan,GWHM Perera,AC Jayangani,Nashra Sandhu,0,0,,,,,,,,,,,,,
1540540,2026,2026-07-23,"Mahinda Rajapaksa International Cricket Stadium, Sooriyawewa, Hambantota",1,12.1,12.1,Sri Lanka,Pakistan,AC Jayangani,GWHM Perera,Umm-e-Hani,1,0,,,,,,,,,,,,,
1540540,2026,2026-07-23,"Mahinda Rajapaksa International Cricket Stadium, Sooriyawewa, Hambantota",1,12.2,12.2,Sri Lanka,Pakistan,GWHM Perera,AC Jayangani,Umm-e-Hani,0,0,,,,,,,,,,,,,
1540540,2026,2026-07-23,"Mahinda Rajapaksa International Cricket Stadium, Sooriyawewa, Hambantota",1,12.3,12.3,Sri Lanka,Pakistan,GWHM Perera,AC Jayangani,Umm-e-Hani,0,0,,,,,,,,,,,,,
1540540,2026,2026-07-23,"Mahinda Rajapaksa International Cricket Stadium, Sooriyawewa, Hambantota",1,12.4,12.4,Sri Lanka,Pakistan,GWHM Perera,AC Jayangani,Umm-e-Hani,1,0,,,,,,,,,,,,,
1540540,2026,2026-07-23,"Mahinda Rajapaksa International Cricket Stadium, Sooriyawewa, Hambantota",1,12.5,12.5,Sri Lanka,Pakistan,AC Jayangani,GWHM Perera,Umm-e-Hani,0,0,,,,,,,,,,,,,
1540540,2026,2026-07-23,"Mahinda Rajapaksa International Cricket Stadium, Sooriyawewa, Hambantota",1,12.6,12.6,Sri Lanka,Pakistan,AC Jayangani,GWHM Perera,Umm-e-Hani,1,0,,,,,,,,,,,,,
1540540,2026,2026-07-23,"Mahinda Rajapaksa International Cricket Stadium, Sooriyawewa, Hambantota",1,13.1,13.1,Sri Lanka,Pakistan,AC Jayangani,GWHM Perera,Nashra Sandhu,0,0,,,,,,,,,,,,,
1540540,2026,2026-07-23,"Mahinda Rajapaksa International Cricket Stadium, Sooriyawewa, Hambantota",1,13.2,13.2,Sri Lanka,Pakistan,AC Jayangani,GWHM Perera,Nashra Sandhu,0,0,,,,,,,,,,,,,
1540540,2026,2026-07-23,"Mahinda Rajapaksa International Cricket Stadium, Sooriyawewa, Hambantota",1,13.3,13.3,Sri Lanka,Pakistan,AC Jayangani,GWHM Perera,Nashra Sandhu,1,0,,,,,,,,,,,,,
1540540,2026,2026-07-23,"Mahinda Rajapaksa International Cricket Stadium, Sooriyawewa, Hambantota",1,13.4,13.4,Sri Lanka,Pakistan,GWHM Perera,AC Jayangani,Nashra Sandhu,0,0,,,,,,,,,,,,,
1540540,2026,2026-07-23,"Mahinda Rajapaksa International Cricket Stadium, Sooriyawewa, Hambantota",1,13.5,13.5,Sri Lanka,Pakistan,GWHM Perera,AC Jayangani,Nashra Sandhu,1,0,,,,,,,,,,,,,
1540540,2026,2026-07-23,"Mahinda Rajapaksa International Cricket Stadium, Sooriyawewa, Hambantota",1,13.6,13.6,Sri Lanka,Pakistan,AC Jayangani,GWHM Perera,Nashra Sandhu,4,0,,,,,,,,,,,,,
1540540,2026,2026-07-23,"Mahinda Rajapaksa International Cricket Stadium, Sooriyawewa, Hambantota",1,14.1,14.1,Sri Lanka,Pakistan,GWHM Perera,AC Jayangani,Umm-e-Hani,1,0,,,,,,,,,,,,,
1540540,2026,2026-07-23,"Mahinda Rajapaksa International Cricket Stadium, Sooriyawewa, Hambantota",1,14.2,14.2,Sri Lanka,Pakistan,AC Jayangani,GWHM Perera,Umm-e-Hani,0,0,,,,,,,,,,,,,
1540540,2026,2026-07-23,"Mahinda Rajapaksa International Cricket Stadium, Sooriyawewa, Hambantota",1,14.3,14.3,Sri Lanka,Pakistan,AC Jayangani,GWHM Perera,Umm-e-Hani,0,0,,,,,,,,,,,,,
1540540,2026,2026-07-23,"Mahinda Rajapaksa International Cricket Stadium, Sooriyawewa, Hambantota",1,14.4,14.4,Sri Lanka,Pakistan,AC Jayangani,GWHM Perera,Umm-e-Hani,1,0,,,,,,,,,,,,,
1540540,2026,2026-07-23,"Mahinda Rajapaksa International Cricket Stadium, Sooriyawewa, Hambantota",1,14.5,14.5,Sri Lanka,Pakistan,GWHM Perera,AC Jayangani,Umm-e-Hani,0,0,,,,,,,,,,,,,
1540540,2026,2026-07-23,"Mahinda Rajapaksa International Cricket Stadium, Sooriyawewa, Hambantota",1,14.6,14.6,Sri Lanka,Pakistan,GWHM Perera,AC Jayangani,Umm-e-Hani,1,0,,,,,,,,,,,,,
1540540,2026,2026-07-23,"Mahinda Rajapaksa International Cricket Stadium, Sooriyawewa, Hambantota",1,15.1,15.1,Sri Lanka,Pakistan,GWHM Perera,AC Jayangani,Syeda Aroob Shah,0,1,1,,,,,,,,,,,,
1540540,2026,2026-07-23,"Mahinda Rajapaksa International Cricket Stadium, Sooriyawewa, Hambantota",1,15.2,15.1,Sri Lanka,Pakistan,GWHM Perera,AC Jayangani,Syeda Aroob Shah,0,0,,,,,,,,,,,,,
1540540,2026,2026-07-23,"Mahinda Rajapaksa International Cricket Stadium, Sooriyawewa, Hambantota",1,15.3,15.2,Sri Lanka,Pakistan,GWHM Perera,AC Jayangani,Syeda Aroob Shah,1,0,,,,,,,,,,,,,
1540540,2026,2026-07-23,"Mahinda Rajapaksa International Cricket Stadium, Sooriyawewa, Hambantota",1,15.4,15.3,Sri Lanka,Pakistan,AC Jayangani,GWHM Perera,Syeda Aroob Shah,0,0,,,,,,,,,,,,,
1540540,2026,2026-07-23,"Mahinda Rajapaksa International Cricket Stadium, Sooriyawewa, Hambantota",1,15.5,15.4,Sri Lanka,Pakistan,AC Jayangani,GWHM Perera,Syeda Aroob Shah,0,0,,,,,,,,,,,,,
1540540,2026,2026-07-23,"Mahinda Rajapaksa International Cricket Stadium, Sooriyawewa, Hambantota",1,15.6,15.5,Sri Lanka,Pakistan,AC Jayangani,GWHM Perera,Syeda Aroob Shah,0,0,,,,,,,,,,,,,
1540540,2026,2026-07-23,"Mahinda Rajapaksa International Cricket Stadium, Sooriyawewa, Hambantota",1,15.7,15.6,Sri Lanka,Pakistan,AC Jayangani,GWHM Perera,Syeda Aroob Shah,1,0,,,,,,,,,,,,,
1540540,2026,2026-07-23,"Mahinda Rajapaksa International Cricket Stadium, Sooriyawewa, Hambantota",1,16.1,16.1,Sri Lanka,Pakistan,AC Jayangani,GWHM Perera,Umm-e-Hani,0,0,,,,,,,,,,,,,
1540540,2026,2026-07-23,"Mahinda Rajapaksa International Cricket Stadium, Sooriyawewa, Hambantota",1,16.2,16.2,Sri Lanka,Pakistan,AC Jayangani,GWHM Perera,Umm-e-Hani,0,0,,,,,,,,,,,,,
1540540,2026,2026-07-23,"Mahinda Rajapaksa International Cricket Stadium, Sooriyawewa, Hambantota",1,16.3,16.3,Sri Lanka,Pakistan,AC Jayangani,GWHM Perera,Umm-e-Hani,1,0,,,,,,,,,,,,,
1540540,2026,2026-07-23,"Mahinda Rajapaksa International Cricket Stadium, Sooriyawewa, Hambantota",1,16.4,16.4,Sri Lanka,Pakistan,GWHM Perera,AC Jayangani,Umm-e-Hani,0,0,,,,,,,,,,,,,
1540540,2026,2026-07-23,"Mahinda Rajapaksa International Cricket Stadium, Sooriyawewa, Hambantota",1,16.5,16.5,Sri Lanka,Pakistan,GWHM Perera,AC Jayangani,Umm-e-Hani,0,0,,,,,,,,,,,,,
1540540,2026,2026-07-23,"Mahinda Rajapaksa International Cricket Stadium, Sooriyawewa, Hambantota",1,16.6,16.6,Sri Lanka,Pakistan,GWHM Perera,AC Jayangani,Umm-e-Hani,1,0,,,,,,,,,,,,,
1540540,2026,2026-07-23,"Mahinda Rajapaksa International Cricket Stadium, Sooriyawewa, Hambantota",1,17.1,17.1,Sri Lanka,Pakistan,GWHM Perera,AC Jayangani,Syeda Aroob Shah,1,0,,,,,,,,,,,,,
1540540,2026,2026-07-23,"Mahinda Rajapaksa International Cricket Stadium, Sooriyawewa, Hambantota",1,17.2,17.2,Sri Lanka,Pakistan,AC Jayangani,GWHM Perera,Syeda Aroob Shah,1,0,,,,,,,,,,,,,
1540540,2026,2026-07-23,"Mahinda Rajapaksa International Cricket Stadium, Sooriyawewa, Hambantota",1,17.3,17.3,Sri Lanka,Pakistan,GWHM Perera,AC Jayangani,Syeda Aroob Shah,0,0,,,,,,,,,,,,,
1540540,2026,2026-07-23,"Mahinda Rajapaksa International Cricket Stadium, Sooriyawewa, Hambantota",1,17.4,17.4,Sri Lanka,Pakistan,GWHM Perera,AC Jayangani,Syeda Aroob Shah,0,0,,,,,,,,,,,,,
1540540,2026,2026-07-23,"Mahinda Rajapaksa International Cricket Stadium, Sooriyawewa, Hambantota",1,17.5,17.5,Sri Lanka,Pakistan,GWHM Perera,AC Jayangani,Syeda Aroob Shah,0,0,,,,,,,,,,,,,
1540540,2026,2026-07-23,"Mahinda Rajapaksa International Cricket Stadium, Sooriyawewa, Hambantota",1,17.6,17.6,Sri Lanka,Pakistan,GWHM Perera,AC Jayangani,Syeda Aroob Shah,1,0,,,,,,,,,,,,,
1540540,2026,2026-07-23,"Mahinda Rajapaksa International Cricket Stadium, Sooriyawewa, Hambantota",1,18.1,18.1,Sri Lanka,Pakistan,GWHM Perera,AC Jayangani,Umm-e-Hani,0,0,,,,,,,,,,,,,
1540540,2026,2026-07-23,"Mahinda Rajapaksa International Cricket Stadium, Sooriyawewa, Hambantota",1,18.2,18.2,Sri Lanka,Pakistan,GWHM Perera,AC Jayangani,Umm-e-Hani,4,0,,,,,,,,,,,,,
1540540,2026,2026-07-23,"Mahinda Rajapaksa International Cricket Stadium, Sooriyawewa, Hambantota",1,18.3,18.3,Sri Lanka,Pakistan,GWHM Perera,AC Jayangani,Umm-e-Hani,1,0,,,,,,,,,,,,,
1540540,2026,2026-07-23,"Mahinda Rajapaksa International Cricket Stadium, Sooriyawewa, Hambantota",1,18.4,18.4,Sri Lanka,Pakistan,AC Jayangani,GWHM Perera,Umm-e-Hani,1,0,,,,,,,,,,,,,
1540540,2026,2026-07-23,"Mahinda Rajapaksa International Cricket Stadium, Sooriyawewa, Hambantota",1,18.5,18.5,Sri Lanka,Pakistan,GWHM Perera,AC Jayangani,Umm-e-Hani,0,0,,,,,,,,,,,,,
1540540,2026,2026-07-23,"Mahinda Rajapaksa International Cricket Stadium, Sooriyawewa, Hambantota",1,18.6,18.6,Sri Lanka,Pakistan,GWHM Perera,AC Jayangani,Umm-e-Hani,0,0,,,,,,,,,,,,,
1540540,2026,2026-07-23,"Mahinda Rajapaksa International Cricket Stadium, Sooriyawewa, Hambantota",1,19.1,19.1,Sri Lanka,Pakistan,AC Jayangani,GWHM Perera,Ayesha Zafar,0,0,,,,,,,,,,,,,
1540540,2026,2026-07-23,"Mahinda Rajapaksa International Cricket Stadium, Sooriyawewa, Hambantota",1,19.2,19.2,Sri Lanka,Pakistan,AC Jayangani,GWHM Perera,Ayesha Zafar,1,0,,,,,,,,,,,,,
1540540,2026,2026-07-23,"Mahinda Rajapaksa International Cricket Stadium, Sooriyawewa, Hambantota",1,19.3,19.3,Sri Lanka,Pakistan,GWHM Perera,AC Jayangani,Ayesha Zafar,1,0,,,,,,,,,,,,,
1540540,2026,2026-07-23,"Mahinda Rajapaksa International Cricket Stadium, Sooriyawewa, Hambantota",1,19.4,19.4,Sri Lanka,Pakistan,AC Jayangani,GWHM Perera,Ayesha Zafar,1,0,,,,,,,,,,,,,
1540540,2026,2026-07-23,"Mahinda Rajapaksa International Cricket Stadium, Sooriyawewa, Hambantota",1,19.5,19.5,Sri Lanka,Pakistan,GWHM Perera,AC Jayangani,Ayesha Zafar,0,0,,,,,,,,,,,,,
1540540,2026,2026-07-23,"Mahinda Rajapaksa International Cricket Stadium, Sooriyawewa, Hambantota",1,19.6,19.6,Sri Lanka,Pakistan,GWHM Perera,AC Jayangani,Ayesha Zafar,4,0,,,,,,,,,,,,,
1540540,2026,2026-07-23,"Mahinda Rajapaksa International Cricket Stadium, Sooriyawewa, Hambantota",1,20.1,20.1,Sri Lanka,Pakistan,AC Jayangani,GWHM Perera,Syeda Aroob Shah,0,0,,,,,,,,,,,,,
1540540,2026,2026-07-23,"Mahinda Rajapaksa International Cricket Stadium, Sooriyawewa, Hambantota",1,20.2,20.2,Sri Lanka,Pakistan,AC Jayangani,GWHM Perera,Syeda Aroob Shah,0,0,,,,,,,,,,,,,
1540540,2026,2026-07-23,"Mahinda Rajapaksa International Cricket Stadium, Sooriyawewa, Hambantota",1,20.3,20.3,Sri Lanka,Pakistan,AC Jayangani,GWHM Perera,Syeda Aroob Shah,0,0,,,,,,,,,,,,,
1540540,2026,2026-07-23,"Mahinda Rajapaksa International Cricket Stadium, Sooriyawewa, Hambantota",1,20.4,20.4,Sri Lanka,Pakistan,AC Jayangani,GWHM Perera,Syeda Aroob Shah,0,0,,,,,,,,,,,,,
1540540,2026,2026-07-23,"Mahinda Rajapaksa International Cricket Stadium, Sooriyawewa, Hambantota",1,20.5,20.5,Sri Lanka,Pakistan,AC Jayangani,GWHM Perera,Syeda Aroob Shah,1,0,,,,,,,,,,,,,
1540540,2026,2026-07-23,"Mahinda Rajapaksa International Cricket Stadium, Sooriyawewa, Hambantota",1,20.6,20.6,Sri Lanka,Pakistan,GWHM Perera,AC Jayangani,Syeda Aroob Shah,1,0,,,,,,,,,,,,,
1540540,2026,2026-07-23,"Mahinda Rajapaksa International Cricket Stadium, Sooriyawewa, Hambantota",1,21.1,21.1,Sri Lanka,Pakistan,GWHM Perera,AC Jayangani,Ayesha Zafar,0,1,1,,,,,,,,,,,,
1540540,2026,2026-07-23,"Mahinda Rajapaksa International Cricket Stadium, Sooriyawewa, Hambantota",1,21.2,21.1,Sri Lanka,Pakistan,GWHM Perera,AC Jayangani,Ayesha Zafar,1,0,,,,,,,,,,,,,
1540540,2026,2026-07-23,"Mahinda Rajapaksa International Cricket Stadium, Sooriyawewa, Hambantota",1,21.3,21.2,Sri Lanka,Pakistan,AC Jayangani,GWHM Perera,Ayesha Zafar,4,0,,,,,,,,,,,,,
1540540,2026,2026-07-23,"Mahinda Rajapaksa International Cricket Stadium, Sooriyawewa, Hambantota",1,21.4,21.3,Sri Lanka,Pakistan,AC Jayangani,GWHM Perera,Ayesha Zafar,0,0,,,,,,,,,,,,,
1540540,2026,2026-07-23,"Mahinda Rajapaksa International Cricket Stadium, Sooriyawewa, Hambantota",1,21.5,21.4,Sri Lanka,Pakistan,AC Jayangani,GWHM Perera,Ayesha Zafar,1,0,,,,,,,,,,,,,
1540540,2026,2026-07-23,"Mahinda Rajapaksa International Cricket Stadium, Sooriyawewa, Hambantota",1,21.6,21.5,Sri Lanka,Pakistan,GWHM Perera,AC Jayangani,Ayesha Zafar,1,0,,,,,,,,,,,,,
1540540,2026,2026-07-23,"Mahinda Rajapaksa International Cricket Stadium, Sooriyawewa, Hambantota",1,21.7,21.6,Sri Lanka,Pakistan,AC Jayangani,GWHM Perera,Ayesha Zafar,4,0,,,,,,,,,,,,,
1540540,2026,2026-07-23,"Mahinda Rajapaksa International Cricket Stadium, Sooriyawewa, Hambantota",1,22.1,22.1,Sri Lanka,Pakistan,GWHM Perera,AC Jayangani,Syeda Aroob Shah,0,0,,,,,,,,,,,,,
1540540,2026,2026-07-23,"Mahinda Rajapaksa International Cricket Stadium, Sooriyawewa, Hambantota",1,22.2,22.2,Sri Lanka,Pakistan,GWHM Perera,AC Jayangani,Syeda Aroob Shah,1,0,,,,,,,,,,,,,
1540540,2026,2026-07-23,"Mahinda Rajapaksa International Cricket Stadium, Sooriyawewa, Hambantota",1,22.3,22.3,Sri Lanka,Pakistan,AC Jayangani,GWHM Perera,Syeda Aroob Shah,0,0,,,,,,,,,,,,,
1540540,2026,2026-07-23,"Mahinda Rajapaksa International Cricket Stadium, Sooriyawewa, Hambantota",1,22.4,22.4,Sri Lanka,Pakistan,AC Jayangani,GWHM Perera,Syeda Aroob Shah,0,0,,,,,,,,,,,,,
1540540,2026,2026-07-23,"Mahinda Rajapaksa International Cricket Stadium, Sooriyawewa, Hambantota",1,22.5,22.5,Sri Lanka,Pakistan,AC Jayangani,GWHM Perera,Syeda Aroob Shah,0,0,,,,,,,,,,,,,
1540540,2026,2026-07-23,"Mahinda Rajapaksa International Cricket Stadium, Sooriyawewa, Hambantota",1,22.6,22.6,Sri Lanka,Pakistan,AC Jayangani,GWHM Perera,Syeda Aroob Shah,0,0,,,,,,,,,,,,,
1540540,2026,2026-07-23,"Mahinda Rajapaksa International Cricket Stadium, Sooriyawewa, Hambantota",1,23.1,23.1,Sri Lanka,Pakistan,GWHM Perera,AC Jayangani,Nashra Sandhu,0,0,,,,,,,,,,,,,
1540540,2026,2026-07-23,"Mahinda Rajapaksa International Cricket Stadium, Sooriyawewa, Hambantota",1,23.2,23.2,Sri Lanka,Pakistan,GWHM Perera,AC Jayangani,Nashra Sandhu,0,0,,,,,,,,,,,,,
1540540,2026,2026-07-23,"Mahinda Rajapaksa International Cricket Stadium, Sooriyawewa, Hambantota",1,23.3,23.3,Sri Lanka,Pakistan,GWHM Perera,AC Jayangani,Nashra Sandhu,1,0,,,,,,,,,,,,,
1540540,2026,2026-07-23,"Mahinda Rajapaksa International Cricket Stadium, Sooriyawewa, Hambantota",1,23.4,23.4,Sri Lanka,Pakistan,AC Jayangani,GWHM Perera,Nashra Sandhu,0,0,,,,,,,,,,,,,
1540540,2026,2026-07-23,"Mahinda Rajapaksa International Cricket Stadium, Sooriyawewa, Hambantota",1,23.5,23.5,Sri Lanka,Pakistan,AC Jayangani,GWHM Perera,Nashra Sandhu,0,0,,,,,,,bowled,AC Jayangani,,,,,
1540540,2026,2026-07-23,"Mahinda Rajapaksa International Cricket Stadium, Sooriyawewa, Hambantota",1,23.6,23.6,Sri Lanka,Pakistan,H Madavi,GWHM Perera,Nashra Sandhu,0,0,,,,,,,,,,,,,
1540540,2026,2026-07-23,"Mahinda Rajapaksa International Cricket Stadium, Sooriyawewa, Hambantota",1,24.1,24.1,Sri Lanka,Pakistan,GWHM Perera,H Madavi,Syeda Aroob Shah,0,0,,,,,,,,,,,,,
1540540,2026,2026-07-23,"Mahinda Rajapaksa International Cricket Stadium, Sooriyawewa, Hambantota",1,24.2,24.2,Sri Lanka,Pakistan,GWHM Perera,H Madavi,Syeda Aroob Shah,1,0,,,,,,,,,,,,,
1540540,2026,2026-07-23,"Mahinda Rajapaksa International Cricket Stadium, Sooriyawewa, Hambantota",1,24.3,24.3,Sri Lanka,Pakistan,H Madavi,GWHM Perera,Syeda Aroob Shah,0,0,,,,,,,,,,,,,
1540540,2026,2026-07-23,"Mahinda Rajapaksa International Cricket Stadium, Sooriyawewa, Hambantota",1,24.4,24.4,Sri Lanka,Pakistan,H Madavi,GWHM Perera,Syeda Aroob Shah,0,0,,,,,,,,,,,,,
1540540,2026,2026-07-23,"Mahinda Rajapaksa International Cricket Stadium, Sooriyawewa, Hambantota",1,24.5,24.5,Sri Lanka,Pakistan,H Madavi,GWHM Perera,Syeda Aroob Shah,1,0,,,,,,,,,,,,,
1540540,2026,2026-07-23,"Mahinda Rajapaksa International Cricket Stadium, Sooriyawewa, Hambantota",1,24.6,24.6,Sri Lanka,Pakistan,GWHM Perera,H Madavi,Syeda Aroob Shah,0,0,,,,,,,,,,,,,
1540540,2026,2026-07-23,"Mahinda Rajapaksa International Cricket Stadium, Sooriyawewa, Hambantota",1,25.1,25.1,Sri Lanka,Pakistan,H Madavi,GWHM Perera,Nashra Sandhu,1,0,,,,,,,,,,,,,
1540540,2026,2026-07-23,"Mahinda Rajapaksa International Cricket Stadium, Sooriyawewa, Hambantota",1,25.2,25.2,Sri Lanka,Pakistan,GWHM Perera,H Madavi,Nashra Sandhu,0,0,,,,,,,,,,,,,
1540540,2026,2026-07-23,"Mahinda Rajapaksa International Cricket Stadium, Sooriyawewa, Hambantota",1,25.3,25.3,Sri Lanka,Pakistan,GWHM Perera,H Madavi,Nashra Sandhu,1,0,,,,,,,,,,,,,
1540540,2026,2026-07-23,"Mahinda Rajapaksa International Cricket Stadium, Sooriyawewa, Hambantota",1,25.4,25.4,Sri Lanka,Pakistan,H Madavi,GWHM Perera,Nashra Sandhu,0,0,,,,,,,,,,,,,
1540540,2026,2026-07-23,"Mahinda Rajapaksa International Cricket Stadium, Sooriyawewa, Hambantota",1,25.5,25.5,Sri Lanka,Pakistan,H Madavi,GWHM Perera,Nashra Sandhu,0,0,,,,,,,,,,,,,
1540540,2026,2026-07-23,"Mahinda Rajapaksa International Cricket Stadium, Sooriyawewa, Hambantota",1,25.6,25.6,Sri Lanka,Pakistan,H Madavi,GWHM Perera,Nashra Sandhu,0,0,,,,,,,,,,,,,
1540540,2026,2026-07-23,"Mahinda Rajapaksa International Cricket Stadium, Sooriyawewa, Hambantota",1,26.1,26.1,Sri Lanka,Pakistan,GWHM Perera,H Madavi,Syeda Aroob Shah,0,0,,,,,,,,,,,,,
1540540,2026,2026-07-23,"Mahinda Rajapaksa International Cricket Stadium, Sooriyawewa, Hambantota",1,26.2,26.2,Sri Lanka,Pakistan,GWHM Perera,H Madavi,Syeda Aroob Shah,1,0,,,,,,,,,,,,,
1540540,2026,2026-07-23,"Mahinda Rajapaksa International Cricket Stadium, Sooriyawewa, Hambantota",1,26.3,26.3,Sri Lanka,Pakistan,H Madavi,GWHM Perera,Syeda Aroob Shah,0,0,,,,,,,,,,,,,
1540540,2026,2026-07-23,"Mahinda Rajapaksa International Cricket Stadium, Sooriyawewa, Hambantota",1,26.4,26.4,Sri Lanka,Pakistan,H Madavi,GWHM Perera,Syeda Aroob Shah,0,0,,,,,,,,,,,,,
1540540,2026,2026-07-23,"Mahinda Rajapaksa International Cricket Stadium, Sooriyawewa, Hambantota",1,26.5,26.5,Sri Lanka,Pakistan,H Madavi,GWHM Perera,Syeda Aroob Shah,0,0,,,,,,,,,,,,,
1540540,2026,2026-07-23,"Mahinda Rajapaksa International Cricket Stadium, Sooriyawewa, Hambantota",1,26.6,26.6,Sri Lanka,Pakistan,H Madavi,GWHM Perera,Syeda Aroob Shah,0,0,,,,,,,,,,,,,
1540540,2026,2026-07-23,"Mahinda Rajapaksa International Cricket Stadium, Sooriyawewa, Hambantota",1,27.1,27.1,Sri Lanka,Pakistan,GWHM Perera,H Madavi,Tasmia Rubab,1,0,,,,,,,,,,,,,
1540540,2026,2026-07-23,"Mahinda Rajapaksa International Cricket Stadium, Sooriyawewa, Hambantota",1,27.2,27.2,Sri Lanka,Pakistan,H Madavi,GWHM Perera,Tasmia Rubab,0,0,,,,,,,caught,H Madavi,,,Muneeba Ali,,
1540540,2026,2026-07-23,"Mahinda Rajapaksa International Cricket Stadium, Sooriyawewa, Hambantota",1,27.3,27.3,Sri Lanka,Pakistan,WK Dilhari,GWHM Perera,Tasmia Rubab,1,0,,,,,,,,,,,,,
1540540,2026,2026-07-23,"Mahinda Rajapaksa International Cricket Stadium, Sooriyawewa, Hambantota",1,27.4,27.4,Sri Lanka,Pakistan,GWHM Perera,WK Dilhari,Tasmia Rubab,0,0,,,,,,,,,,,,,
1540540,2026,2026-07-23,"Mahinda Rajapaksa International Cricket Stadium, Sooriyawewa, Hambantota",1,27.5,27.5,Sri Lanka,Pakistan,GWHM Perera,WK Dilhari,Tasmia Rubab,0,0,,,,,,,,,,,,,
1540540,2026,2026-07-23,"Mahinda Rajapaksa International Cricket Stadium, Sooriyawewa, Hambantota",1,27.6,27.6,Sri Lanka,Pakistan,GWHM Perera,WK Dilhari,Tasmia Rubab,0,0,,,,,,,,,,,,,
1540540,2026,2026-07-23,"Mahinda Rajapaksa International Cricket Stadium, Sooriyawewa, Hambantota",1,28.1,28.1,Sri Lanka,Pakistan,WK Dilhari,GWHM Perera,Syeda Aroob Shah,0,0,,,,,,,,,,,,,
1540540,2026,2026-07-23,"Mahinda Rajapaksa International Cricket Stadium, Sooriyawewa, Hambantota",1,28.2,28.2,Sri Lanka,Pakistan,WK Dilhari,GWHM Perera,Syeda Aroob Shah,0,0,,,,,,,,,,,,,
1540540,2026,2026-07-23,"Mahinda Rajapaksa International Cricket Stadium, Sooriyawewa, Hambantota",1,28.3,28.3,Sri Lanka,Pakistan,WK Dilhari,GWHM Perera,Syeda Aroob Shah,2,0,,,,,,,,,,,,,
1540540,2026,2026-07-23,"Mahinda Rajapaksa International Cricket Stadium, Sooriyawewa, Hambantota",1,28.4,28.4,Sri Lanka,Pakistan,WK Dilhari,GWHM Perera,Syeda Aroob Shah,0,0,,,,,,,,,,,,,
1540540,2026,2026-07-23,"Mahinda Rajapaksa International Cricket Stadium, Sooriyawewa, Hambantota",1,28.5,28.5,Sri Lanka,Pakistan,WK Dilhari,GWHM Perera,Syeda Aroob Shah,0,0,,,,,,,,,,,,,
1540540,2026,2026-07-23,"Mahinda Rajapaksa International Cricket Stadium, Sooriyawewa, Hambantota",1,28.6,28.6,Sri Lanka,Pakistan,WK Dilhari,GWHM Perera,Syeda Aroob Shah,4,0,,,,,,,,,,,,,
1540540,2026,2026-07-23,"Mahinda Rajapaksa International Cricket Stadium, Sooriyawewa, Hambantota",1,29.1,29.1,Sri Lanka,Pakistan,GWHM Perera,WK Dilhari,Tasmia Rubab,0,0,,,,,,,,,,,,,
1540540,2026,2026-07-23,"Mahinda Rajapaksa International Cricket Stadium, Sooriyawewa, Hambantota",1,29.2,29.2,Sri Lanka,Pakistan,GWHM Perera,WK Dilhari,Tasmia Rubab,1,0,,,,,,,,,,,,,
1540540,2026,2026-07-23,"Mahinda Rajapaksa International Cricket Stadium, Sooriyawewa, Hambantota",1,29.3,29.3,Sri Lanka,Pakistan,WK Dilhari,GWHM Perera,Tasmia Rubab,0,0,,,,,,,,,,,,,
1540540,2026,2026-07-23,"Mahinda Rajapaksa International Cricket Stadium, Sooriyawewa, Hambantota",1,29.4,29.4,Sri Lanka,Pakistan,WK Dilhari,GWHM Perera,Tasmia Rubab,0,0,,,,,,,,,,,,,
1540540,2026,2026-07-23,"Mahinda Rajapaksa International Cricket Stadium, Sooriyawewa, Hambantota",1,29.5,29.5,Sri Lanka,Pakistan,WK Dilhari,GWHM Perera,Tasmia Rubab,0,0,,,,,,,,,,,,,
1540540,2026,2026-07-23,"Mahinda Rajapaksa International Cricket Stadium, Sooriyawewa, Hambantota",1,29.6,29.6,Sri Lanka,Pakistan,WK Dilhari,GWHM Perera,Tasmia Rubab,0,0,,,,,,,,,,,,,
1540540,2026,2026-07-23,"Mahinda Rajapaksa International Cricket Stadium, Sooriyawewa, Hambantota",1,30.1,30.1,Sri Lanka,Pakistan,GWHM Perera,WK Dilhari,Syeda Aroob Shah,1,0,,,,,,,,,,,,,
1540540,2026,2026-07-23,"Mahinda Rajapaksa International Cricket Stadium, Sooriyawewa, Hambantota",1,30.2,30.2,Sri Lanka,Pakistan,WK Dilhari,GWHM Perera,Syeda Aroob Shah,0,0,,,,,,,,,,,,,
1540540,2026,2026-07-23,"Mahinda Rajapaksa International Cricket Stadium, Sooriyawewa, Hambantota",1,30.3,30.3,Sri Lanka,Pakistan,WK Dilhari,GWHM Perera,Syeda Aroob Shah,0,0,,,,,,,,,,,,,
1540540,2026,2026-07-23,"Mahinda Rajapaksa International Cricket Stadium, Sooriyawewa, Hambantota",1,30.4,30.4,Sri Lanka,Pakistan,WK Dilhari,GWHM Perera,Syeda Aroob Shah,0,0,,,,,,,,,,,,,
1540540,2026,2026-07-23,"Mahinda Rajapaksa International Cricket Stadium, Sooriyawewa, Hambantota",1,30.5,30.5,Sri Lanka,Pakistan,WK Dilhari,GWHM Perera,Syeda Aroob Shah,2,0,,,,,,,,,,,,,
1540540,2026,2026-07-23,"Mahinda Rajapaksa International Cricket Stadium, Sooriyawewa, Hambantota",1,30.6,30.6,Sri Lanka,Pakistan,WK Dilhari,GWHM Perera,Syeda Aroob Shah,0,0,,,,,,,,,,,,,
1540540,2026,2026-07-23,"Mahinda Rajapaksa International Cricket Stadium, Sooriyawewa, Hambantota",1,31.1,31.1,Sri Lanka,Pakistan,GWHM Perera,WK Dilhari,Umm-e-Hani,0,0,,,,,,,,,,,,,
1540540,2026,2026-07-23,"Mahinda Rajapaksa International Cricket Stadium, Sooriyawewa, Hambantota",1,31.2,31.2,Sri Lanka,Pakistan,GWHM Perera,WK Dilhari,Umm-e-Hani,0,0,,,,,,,,,,,,,
1540540,2026,2026-07-23,"Mahinda Rajapaksa International Cricket Stadium, Sooriyawewa, Hambantota",1,31.3,31.3,Sri Lanka,Pakistan,GWHM Perera,WK Dilhari,Umm-e-Hani,0,0,,,,,,,,,,,,,
1540540,2026,2026-07-23,"Mahinda Rajapaksa International Cricket Stadium, Sooriyawewa, Hambantota",1,31.4,31.4,Sri Lanka,Pakistan,GWHM Perera,WK Dilhari,Umm-e-Hani,0,0,,,,,,,,,,,,,
1540540,2026,2026-07-23,"Mahinda Rajapaksa International Cricket Stadium, Sooriyawewa, Hambantota",1,31.5,31.5,Sri Lanka,Pakistan,GWHM Perera,WK Dilhari,Umm-e-Hani,1,0,,,,,,,,,,,,,
1540540,2026,2026-07-23,"Mahinda Rajapaksa International Cricket Stadium, Sooriyawewa, Hambantota",1,31.6,31.6,Sri Lanka,Pakistan,WK Dilhari,GWHM Perera,Umm-e-Hani,1,0,,,,,,,,,,,,,
1540540,2026,2026-07-23,"Mahinda Rajapaksa International Cricket Stadium, Sooriyawewa, Hambantota",1,32.1,32.1,Sri Lanka,Pakistan,WK Dilhari,GWHM Perera,Fatima Sana,1,0,,,,,,,,,,,,,
1540540,2026,2026-07-23,"Mahinda Rajapaksa International Cricket Stadium, Sooriyawewa, Hambantota",1,32.2,32.2,Sri Lanka,Pakistan,GWHM Perera,WK Dilhari,Fatima Sana,0,0,,,,,,,,,,,,,
1540540,2026,2026-07-23,"Mahinda Rajapaksa International Cricket Stadium, Sooriyawewa, Hambantota",1,32.3,32.3,Sri Lanka,Pakistan,GWHM Perera,WK Dilhari,Fatima Sana,0,0,,,,,,,,,,,,,
1540540,2026,2026-07-23,"Mahinda Rajapaksa International Cricket Stadium, Sooriyawewa, Hambantota",1,32.4,32.4,Sri Lanka,Pakistan,GWHM Perera,WK Dilhari,Fatima Sana,0,0,,,,,,,,,,,,,
1540540,2026,2026-07-23,"Mahinda Rajapaksa International Cricket Stadium, Sooriyawewa, Hambantota",1,32.5,32.5,Sri Lanka,Pakistan,GWHM Perera,WK Dilhari,Fatima Sana,1,0,,,,,,,,,,,,,
1540540,2026,2026-07-23,"Mahinda Rajapaksa International Cricket Stadium, Sooriyawewa, Hambantota",1,32.6,32.6,Sri Lanka,Pakistan,WK Dilhari,GWHM Perera,Fatima Sana,1,0,,,,,,,,,,,,,
1540540,2026,2026-07-23,"Mahinda Rajapaksa International Cricket Stadium, Sooriyawewa, Hambantota",1,33.1,33.1,Sri Lanka,Pakistan,WK Dilhari,GWHM Perera,Umm-e-Hani,4,0,,,,,,,,,,,,,
1540540,2026,2026-07-23,"Mahinda Rajapaksa International Cricket Stadium, Sooriyawewa, Hambantota",1,33.2,33.2,Sri Lanka,Pakistan,WK Dilhari,GWHM Perera,Umm-e-Hani,1,0,,,,,,,,,,,,,
1540540,2026,2026-07-23,"Mahinda Rajapaksa International Cricket Stadium, Sooriyawewa, Hambantota",1,33.3,33.3,Sri Lanka,Pakistan,GWHM Perera,WK Dilhari,Umm-e-Hani,0,0,,,,,,,,,,,,,
1540540,2026,2026-07-23,"Mahinda Rajapaksa International Cricket Stadium, Sooriyawewa, Hambantota",1,33.4,33.4,Sri Lanka,Pakistan,GWHM Perera,WK Dilhari,Umm-e-Hani,0,0,,,,,,,lbw,GWHM Perera,,,,,
1540540,2026,2026-07-23,"Mahinda Rajapaksa International Cricket Stadium, Sooriyawewa, Hambantota",1,33.5,33.5,Sri Lanka,Pakistan,NND de Silva,WK Dilhari,Umm-e-Hani,0,0,,,,,,,,,,,,,
1540540,2026,2026-07-23,"Mahinda Rajapaksa International Cricket Stadium, Sooriyawewa, Hambantota",1,33.6,33.6,Sri Lanka,Pakistan,NND de Silva,WK Dilhari,Umm-e-Hani,0,0,,,,,,,,,,,,,
1540540,2026,2026-07-23,"Mahinda Rajapaksa International Cricket Stadium, Sooriyawewa, Hambantota",1,34.1,34.1,Sri Lanka,Pakistan,WK Dilhari,NND de Silva,Fatima Sana,1,0,,,,,,,,,,,,,
1540540,2026,2026-07-23,"Mahinda Rajapaksa International Cricket Stadium, Sooriyawewa, Hambantota",1,34.2,34.2,Sri Lanka,Pakistan,NND de Silva,WK Dilhari,Fatima Sana,4,0,,,,,,,,,,,,,
1540540,2026,2026-07-23,"Mahinda Rajapaksa International Cricket Stadium, Sooriyawewa, Hambantota",1,34.3,34.3,Sri Lanka,Pakistan,NND de Silva,WK Dilhari,Fatima Sana,0,0,,,,,,,,,,,,,
1540540,2026,2026-07-23,"Mahinda Rajapaksa International Cricket Stadium, Sooriyawewa, Hambantota",1,34.4,34.4,Sri Lanka,Pakistan,NND de Silva,WK Dilhari,Fatima Sana,1,0,,,,,,,,,,,,,
1540540,2026,2026-07-23,"Mahinda Rajapaksa International Cricket Stadium, Sooriyawewa, Hambantota",1,34.5,34.5,Sri Lanka,Pakistan,WK Dilhari,NND de Silva,Fatima Sana,1,0,,,,,,,,,,,,,
1540540,2026,2026-07-23,"Mahinda Rajapaksa International Cricket Stadium, Sooriyawewa, Hambantota",1,34.6,34.6,Sri Lanka,Pakistan,NND de Silva,WK Dilhari,Fatima Sana,1,0,,,,,,,,,,,,,
1540540,2026,2026-07-23,"Mahinda Rajapaksa International Cricket Stadium, Sooriyawewa, Hambantota",1,35.1,35.1,Sri Lanka,Pakistan,NND de Silva,WK Dilhari,Umm-e-Hani,0,0,,,,,,,,,,,,,
1540540,2026,2026-07-23,"Mahinda Rajapaksa International Cricket Stadium, Sooriyawewa, Hambantota",1,35.2,35.2,Sri Lanka,Pakistan,NND de Silva,WK Dilhari,Umm-e-Hani,2,0,,,,,,,,,,,,,
1540540,2026,2026-07-23,"Mahinda Rajapaksa International Cricket Stadium, Sooriyawewa, Hambantota",1,35.3,35.3,Sri Lanka,Pakistan,NND de Silva,WK Dilhari,Umm-e-Hani,0,0,,,,,,,,,,,,,
1540540,2026,2026-07-23,"Mahinda Rajapaksa International Cricket Stadium, Sooriyawewa, Hambantota",1,35.4,35.4,Sri Lanka,Pakistan,NND de Silva,WK Dilhari,Umm-e-Hani,0,0,,,,,,,,,,,,,
1540540,2026,2026-07-23,"Mahinda Rajapaksa International Cricket Stadium, Sooriyawewa, Hambantota",1,35.5,35.5,Sri Lanka,Pakistan,NND de Silva,WK Dilhari,Umm-e-Hani,0,0,,,,,,,,,,,,,
1540540,2026,2026-07-23,"Mahinda Rajapaksa International Cricket Stadium, Sooriyawewa, Hambantota",1,35.6,35.6,Sri Lanka,Pakistan,NND de Silva,WK Dilhari,Umm-e-Hani,1,0,,,,,,,,,,,,,
1540540,2026,2026-07-23,"Mahinda Rajapaksa International Cricket Stadium, Sooriyawewa, Hambantota",1,36.1,36.1,Sri Lanka,Pakistan,NND de Silva,WK Dilhari,Fatima Sana,0,0,,,,,,,,,,,,,
1540540,2026,2026-07-23,"Mahinda Rajapaksa International Cricket Stadium, Sooriyawewa, Hambantota",1,36.2,36.2,Sri Lanka,Pakistan,NND de Silva,WK Dilhari,Fatima Sana,1,0,,,,,,,,,,,,,
1540540,2026,2026-07-23,"Mahinda Rajapaksa International Cricket Stadium, Sooriyawewa, Hambantota",1,36.3,36.3,Sri Lanka,Pakistan,WK Dilhari,NND de Silva,Fatima Sana,2,0,,,,,,,,,,,,,
1540540,2026,2026-07-23,"Mahinda Rajapaksa International Cricket Stadium, Sooriyawewa, Hambantota",1,36.4,36.4,Sri Lanka,Pakistan,WK Dilhari,NND de Silva,Fatima Sana,0,0,,,,,,,,,,,,,
1540540,2026,2026-07-23,"Mahinda Rajapaksa International Cricket Stadium, Sooriyawewa, Hambantota",1,36.5,36.5,Sri Lanka,Pakistan,WK Dilhari,NND de Silva,Fatima Sana,0,0,,,,,,,,,,,,,
1540540,2026,2026-07-23,"Mahinda Rajapaksa International Cricket Stadium, Sooriyawewa, Hambantota",1,36.6,36.6,Sri Lanka,Pakistan,WK Dilhari,NND de Silva,Fatima Sana,0,0,,,,,,,,,,,,,
1540540,2026,2026-07-23,"Mahinda Rajapaksa International Cricket Stadium, Sooriyawewa, Hambantota",1,37.1,37.1,Sri Lanka,Pakistan,NND de Silva,WK Dilhari,Umm-e-Hani,1,0,,,,,,,,,,,,,
1540540,2026,2026-07-23,"Mahinda Rajapaksa International Cricket Stadium, Sooriyawewa, Hambantota",1,37.2,37.2,Sri Lanka,Pakistan,WK Dilhari,NND de Silva,Umm-e-Hani,0,0,,,,,,,,,,,,,
1540540,2026,2026-07-23,"Mahinda Rajapaksa International Cricket Stadium, Sooriyawewa, Hambantota",1,37.3,37.3,Sri Lanka,Pakistan,WK Dilhari,NND de Silva,Umm-e-Hani,0,0,,,,,,,,,,,,,
1540540,2026,2026-07-23,"Mahinda Rajapaksa International Cricket Stadium, Sooriyawewa, Hambantota",1,37.4,37.4,Sri Lanka,Pakistan,WK Dilhari,NND de Silva,Umm-e-Hani,1,0,,,,,,,,,,,,,
1540540,2026,2026-07-23,"Mahinda Rajapaksa International Cricket Stadium, Sooriyawewa, Hambantota",1,37.5,37.5,Sri Lanka,Pakistan,NND de Silva,WK Dilhari,Umm-e-Hani,0,0,,,,,,,,,,,,,
1540540,2026,2026-07-23,"Mahinda Rajapaksa International Cricket Stadium, Sooriyawewa, Hambantota",1,37.6,37.6,Sri Lanka,Pakistan,NND de Silva,WK Dilhari,Umm-e-Hani,1,0,,,,,,,,,,,,,
1540540,2026,2026-07-23,"Mahinda Rajapaksa International Cricket Stadium, Sooriyawewa, Hambantota",1,38.1,38.1,Sri Lanka,Pakistan,NND de Silva,WK Dilhari,Nashra Sandhu,1,0,,,,,,,,,,,,,
1540540,2026,2026-07-23,"Mahinda Rajapaksa International Cricket Stadium, Sooriyawewa, Hambantota",1,38.2,38.2,Sri Lanka,Pakistan,WK Dilhari,NND de Silva,Nashra Sandhu,1,0,,,,,,,,,,,,,
1540540,2026,2026-07-23,"Mahinda Rajapaksa International Cricket Stadium, Sooriyawewa, Hambantota",1,38.3,38.3,Sri Lanka,Pakistan,NND de Silva,WK Dilhari,Nashra Sandhu,0,0,,,,,,,,,,,,,
1540540,2026,2026-07-23,"Mahinda Rajapaksa International Cricket Stadium, Sooriyawewa, Hambantota",1,38.4,38.4,Sri Lanka,Pakistan,NND de Silva,WK Dilhari,Nashra Sandhu,1,0,,,,,,,,,,,,,
1540540,2026,2026-07-23,"Mahinda Rajapaksa International Cricket Stadium, Sooriyawewa, Hambantota",1,38.5,38.5,Sri Lanka,Pakistan,WK Dilhari,NND de Silva,Nashra Sandhu,1,0,,,,,,,,,,,,,
1540540,2026,2026-07-23,"Mahinda Rajapaksa International Cricket Stadium, Sooriyawewa, Hambantota",1,38.6,38.6,Sri Lanka,Pakistan,NND de Silva,WK Dilhari,Nashra Sandhu,1,0,,,,,,,,,,,,,
1540540,2026,2026-07-23,"Mahinda Rajapaksa International Cricket Stadium, Sooriyawewa, Hambantota",1,39.1,39.1,Sri Lanka,Pakistan,NND de Silva,WK Dilhari,Tasmia Rubab,1,0,,,,,,,,,,,,,
1540540,2026,2026-07-23,"Mahinda Rajapaksa International Cricket Stadium, Sooriyawewa, Hambantota",1,39.2,39.2,Sri Lanka,Pakistan,WK Dilhari,NND de Silva,Tasmia Rubab,0,0,,,,,,,,,,,,,
1540540,2026,2026-07-23,"Mahinda Rajapaksa International Cricket Stadium, Sooriyawewa, Hambantota",1,39.3,39.3,Sri Lanka,Pakistan,WK Dilhari,NND de Silva,Tasmia Rubab,4,0,,,,,,,,,,,,,
1540540,2026,2026-07-23,"Mahinda Rajapaksa International Cricket Stadium, Sooriyawewa, Hambantota",1,39.4,39.4,Sri Lanka,Pakistan,WK Dilhari,NND de Silva,Tasmia Rubab,1,0,,,,,,,,,,,,,
1540540,2026,2026-07-23,"Mahinda Rajapaksa International Cricket Stadium, Sooriyawewa, Hambantota",1,39.5,39.5,Sri Lanka,Pakistan,NND de Silva,WK Dilhari,Tasmia Rubab,0,1,1,,,,,,,,,,,,
1540540,2026,2026-07-23,"Mahinda Rajapaksa International Cricket Stadium, Sooriyawewa, Hambantota",1,39.6,39.5,Sri Lanka,Pakistan,NND de Silva,WK Dilhari,Tasmia Rubab,1,0,,,,,,,,,,,,,
1540540,2026,2026-07-23,"Mahinda Rajapaksa International Cricket Stadium, Sooriyawewa, Hambantota",1,39.7,39.6,Sri Lanka,Pakistan,WK Dilhari,NND de Silva,Tasmia Rubab,0,0,,,,,,,,,,,,,
1540540,2026,2026-07-23,"Mahinda Rajapaksa International Cricket Stadium, Sooriyawewa, Hambantota",1,40.1,40.1,Sri Lanka,Pakistan,NND de Silva,WK Dilhari,Nashra Sandhu,1,0,,,,,,,,,,,,,
1540540,2026,2026-07-23,"Mahinda Rajapaksa International Cricket Stadium, Sooriyawewa, Hambantota",1,40.2,40.2,Sri Lanka,Pakistan,WK Dilhari,NND de Silva,Nashra Sandhu,0,0,,,,,,,,,,,,,
1540540,2026,2026-07-23,"Mahinda Rajapaksa International Cricket Stadium, Sooriyawewa, Hambantota",1,40.3,40.3,Sri Lanka,Pakistan,WK Dilhari,NND de Silva,Nashra Sandhu,0,0,,,,,,,,,,,,,
1540540,2026,2026-07-23,"Mahinda Rajapaksa International Cricket Stadium, Sooriyawewa, Hambantota",1,40.4,40.4,Sri Lanka,Pakistan,WK Dilhari,NND de Silva,Nashra Sandhu,0,0,,,,,,,,,,,,,
1540540,2026,2026-07-23,"Mahinda Rajapaksa International Cricket Stadium, Sooriyawewa, Hambantota",1,40.5,40.5,Sri Lanka,Pakistan,WK Dilhari,NND de Silva,Nashra Sandhu,0,0,,,,,,,,,,,,,
1540540,2026,2026-07-23,"Mahinda Rajapaksa International Cricket Stadium, Sooriyawewa, Hambantota",1,40.6,40.6,Sri Lanka,Pakistan,WK Dilhari,NND de Silva,Nashra Sandhu,2,0,,,,,,,,,,,,,
1540540,2026,2026-07-23,"Mahinda Rajapaksa International Cricket Stadium, Sooriyawewa, Hambantota",1,41.1,41.1,Sri Lanka,Pakistan,NND de Silva,WK Dilhari,Syeda Aroob Shah,0,0,,,,,,,,,,,,,
1540540,2026,2026-07-23,"Mahinda Rajapaksa International Cricket Stadium, Sooriyawewa, Hambantota",1,41.2,41.2,Sri Lanka,Pakistan,NND de Silva,WK Dilhari,Syeda Aroob Shah,0,0,,,,,,,,,,,,,
1540540,2026,2026-07-23,"Mahinda Rajapaksa International Cricket Stadium, Sooriyawewa, Hambantota",1,41.3,41.3,Sri Lanka,Pakistan,NND de Silva,WK Dilhari,Syeda Aroob Shah,1,0,,,,,,,,,,,,,
1540540,2026,2026-07-23,"Mahinda Rajapaksa International Cricket Stadium, Sooriyawewa, Hambantota",1,41.4,41.4,Sri Lanka,Pakistan,WK Dilhari,NND de Silva,Syeda Aroob Shah,0,0,,,,,,,,,,,,,
1540540,2026,2026-07-23,"Mahinda Rajapaksa International Cricket Stadium, Sooriyawewa, Hambantota",1,41.5,41.5,Sri Lanka,Pakistan,WK Dilhari,NND de Silva,Syeda Aroob Shah,1,0,,,,,,,,,,,,,
1540540,2026,2026-07-23,"Mahinda Rajapaksa International Cricket Stadium, Sooriyawewa, Hambantota",1,41.6,41.6,Sri Lanka,Pakistan,NND de Silva,WK Dilhari,Syeda Aroob Shah,1,0,,,,,,,,,,,,,
1540540,2026,2026-07-23,"Mahinda Rajapaksa International Cricket Stadium, Sooriyawewa, Hambantota",1,42.1,42.1,Sri Lanka,Pakistan,NND de Silva,WK Dilhari,Nashra Sandhu,2,0,,,,,,,,,,,,,
1540540,2026,2026-07-23,"Mahinda Rajapaksa International Cricket Stadium, Sooriyawewa, Hambantota",1,42.2,42.2,Sri Lanka,Pakistan,NND de Silva,WK Dilhari,Nashra Sandhu,0,0,,,,,,,,,,,,,
1540540,2026,2026-07-23,"Mahinda Rajapaksa International Cricket Stadium, Sooriyawewa, Hambantota",1,42.3,42.3,Sri Lanka,Pakistan,NND de Silva,WK Dilhari,Nashra Sandhu,1,0,,,,,,,,,,,,,
1540540,2026,2026-07-23,"Mahinda Rajapaksa International Cricket Stadium, Sooriyawewa, Hambantota",1,42.4,42.4,Sri Lanka,Pakistan,WK Dilhari,NND de Silva,Nashra Sandhu,2,0,,,,,,,,,,,,,
1540540,2026,2026-07-23,"Mahinda Rajapaksa International Cricket Stadium, Sooriyawewa, Hambantota",1,42.5,42.5,Sri Lanka,Pakistan,WK Dilhari,NND de Silva,Nashra Sandhu,1,0,,,,,,,,,,,,,
1540540,2026,2026-07-23,"Mahinda Rajapaksa International Cricket Stadium, Sooriyawewa, Hambantota",1,42.6,42.6,Sri Lanka,Pakistan,NND de Silva,WK Dilhari,Nashra Sandhu,0,0,,,,,,,,,,,,,
1540540,2026,2026-07-23,"Mahinda Rajapaksa International Cricket Stadium, Sooriyawewa, Hambantota",1,43.1,43.1,Sri Lanka,Pakistan,WK Dilhari,NND de Silva,Syeda Aroob Shah,0,0,,,,,,,bowled,WK Dilhari,,,,,
1540540,2026,2026-07-23,"Mahinda Rajapaksa International Cricket Stadium, Sooriyawewa, Hambantota",1,43.2,43.2,Sri Lanka,Pakistan,MAA Sanjeewani,NND de Silva,Syeda Aroob Shah,0,0,,,,,,,,,,,,,
1540540,2026,2026-07-23,"Mahinda Rajapaksa International Cricket Stadium, Sooriyawewa, Hambantota",1,43.3,43.3,Sri Lanka,Pakistan,MAA Sanjeewani,NND de Silva,Syeda Aroob Shah,0,0,,,,,,,,,,,,,
1540540,2026,2026-07-23,"Mahinda Rajapaksa International Cricket Stadium, Sooriyawewa, Hambantota",1,43.4,43.4,Sri Lanka,Pakistan,MAA Sanjeewani,NND de Silva,Syeda Aroob Shah,1,0,,,,,,,,,,,,,
1540540,2026,2026-07-23,"Mahinda Rajapaksa International Cricket Stadium, Sooriyawewa, Hambantota",1,43.5,43.5,Sri Lanka,Pakistan,NND de Silva,MAA Sanjeewani,Syeda Aroob Shah,1,0,,,,,,,,,,,,,
1540540,2026,2026-07-23,"Mahinda Rajapaksa International Cricket Stadium, Sooriyawewa, Hambantota",1,43.6,43.6,Sri Lanka,Pakistan,MAA Sanjeewani,NND de Silva,Syeda Aroob Shah,0,0,,,,,,,,,,,,,
1540540,2026,2026-07-23,"Mahinda Rajapaksa International Cricket Stadium, Sooriyawewa, Hambantota",1,44.1,44.1,Sri Lanka,Pakistan,NND de Silva,MAA Sanjeewani,Fatima Sana,2,0,,,,,,,,,,,,,
1540540,2026,2026-07-23,"Mahinda Rajapaksa International Cricket Stadium, Sooriyawewa, Hambantota",1,44.2,44.2,Sri Lanka,Pakistan,NND de Silva,MAA Sanjeewani,Fatima Sana,1,0,,,,,,,,,,,,,
1540540,2026,2026-07-23,"Mahinda Rajapaksa International Cricket Stadium, Sooriyawewa, Hambantota",1,44.3,44.3,Sri Lanka,Pakistan,MAA Sanjeewani,NND de Silva,Fatima Sana,0,0,,,,,,,,,,,,,
1540540,2026,2026-07-23,"Mahinda Rajapaksa International Cricket Stadium, Sooriyawewa, Hambantota",1,44.4,44.4,Sri Lanka,Pakistan,MAA Sanjeewani,NND de Silva,Fatima Sana,1,0,,,,,,,,,,,,,
1540540,2026,2026-07-23,"Mahinda Rajapaksa International Cricket Stadium, Sooriyawewa, Hambantota",1,44.5,44.5,Sri Lanka,Pakistan,NND de Silva,MAA Sanjeewani,Fatima Sana,0,0,,,,,,,,,,,,,
1540540,2026,2026-07-23,"Mahinda Rajapaksa International Cricket Stadium, Sooriyawewa, Hambantota",1,44.6,44.6,Sri Lanka,Pakistan,NND de Silva,MAA Sanjeewani,Fatima Sana,1,0,,,,,,,,,,,,,
1540540,2026,2026-07-23,"Mahinda Rajapaksa International Cricket Stadium, Sooriyawewa, Hambantota",1,45.1,45.1,Sri Lanka,Pakistan,NND de Silva,MAA Sanjeewani,Nashra Sandhu,2,0,,,,,,,,,,,,,
1540540,2026,2026-07-23,"Mahinda Rajapaksa International Cricket Stadium, Sooriyawewa, Hambantota",1,45.2,45.2,Sri Lanka,Pakistan,NND de Silva,MAA Sanjeewani,Nashra Sandhu,2,0,,,,,,,,,,,,,
1540540,2026,2026-07-23,"Mahinda Rajapaksa International Cricket Stadium, Sooriyawewa, Hambantota",1,45.3,45.3,Sri Lanka,Pakistan,NND de Silva,MAA Sanjeewani,Nashra Sandhu,1,0,,,,,,,,,,,,,
1540540,2026,2026-07-23,"Mahinda Rajapaksa International Cricket Stadium, Sooriyawewa, Hambantota",1,45.4,45.4,Sri Lanka,Pakistan,MAA Sanjeewani,NND de Silva,Nashra Sandhu,0,0,,,,,,,,,,,,,
1540540,2026,2026-07-23,"Mahinda Rajapaksa International Cricket Stadium, Sooriyawewa, Hambantota",1,45.5,45.5,Sri Lanka,Pakistan,MAA Sanjeewani,NND de Silva,Nashra Sandhu,1,0,,,,,,,,,,,,,
1540540,2026,2026-07-23,"Mahinda Rajapaksa International Cricket Stadium, Sooriyawewa, Hambantota",1,45.6,45.6,Sri Lanka,Pakistan,NND de Silva,MAA Sanjeewani,Nashra Sandhu,1,0,,,,,,,,,,,,,
1540540,2026,2026-07-23,"Mahinda Rajapaksa International Cricket Stadium, Sooriyawewa, Hambantota",1,46.1,46.1,Sri Lanka,Pakistan,NND de Silva,MAA Sanjeewani,Fatima Sana,0,0,,,,,,,,,,,,,
1540540,2026,2026-07-23,"Mahinda Rajapaksa International Cricket Stadium, Sooriyawewa, Hambantota",1,46.2,46.2,Sri Lanka,Pakistan,NND de Silva,MAA Sanjeewani,Fatima Sana,1,0,,,,,,,,,,,,,
1540540,2026,2026-07-23,"Mahinda Rajapaksa International Cricket Stadium, Sooriyawewa, Hambantota",1,46.3,46.3,Sri Lanka,Pakistan,MAA Sanjeewani,NND de Silva,Fatima Sana,0,0,,,,,,,caught,MAA Sanjeewani,,,Ayesha Zafar,,
1540540,2026,2026-07-23,"Mahinda Rajapaksa International Cricket Stadium, Sooriyawewa, Hambantota",1,46.4,46.4,Sri Lanka,Pakistan,M Madara,NND de Silva,Fatima Sana,0,0,,,,,,,,,,,,,
1540540,2026,2026-07-23,"Mahinda Rajapaksa International Cricket Stadium, Sooriyawewa, Hambantota",1,46.5,46.5,Sri Lanka,Pakistan,M Madara,NND de Silva,Fatima Sana,0,0,,,,,,,,,,,,,
1540540,2026,2026-07-23,"Mahinda Rajapaksa International Cricket Stadium, Sooriyawewa, Hambantota",1,46.6,46.6,Sri Lanka,Pakistan,M Madara,NND de Silva,Fatima Sana,1,0,,,,,,,,,,,,,
1540540,2026,2026-07-23,"Mahinda Rajapaksa International Cricket Stadium, Sooriyawewa, Hambantota",1,47.1,47.1,Sri Lanka,Pakistan,M Madara,NND de Silva,Nashra Sandhu,1,0,,,,,,,,,,,,,
1540540,2026,2026-07-23,"Mahinda Rajapaksa International Cricket Stadium, Sooriyawewa, Hambantota",1,47.2,47.2,Sri Lanka,Pakistan,NND de Silva,M Madara,Nashra Sandhu,1,0,,,,,,,,,,,,,
1540540,2026,2026-07-23,"Mahinda Rajapaksa International Cricket Stadium, Sooriyawewa, Hambantota",1,47.3,47.3,Sri Lanka,Pakistan,M Madara,NND de Silva,Nashra Sandhu,0,0,,,,,,,,,,,,,
1540540,2026,2026-07-23,"Mahinda Rajapaksa International Cricket Stadium, Sooriyawewa, Hambantota",1,47.4,47.4,Sri Lanka,Pakistan,M Madara,NND de Silva,Nashra Sandhu,0,1,1,,,,,,,,,,,,
1540540,2026,2026-07-23,"Mahinda Rajapaksa International Cricket Stadium, Sooriyawewa, Hambantota",1,47.5,47.4,Sri Lanka,Pakistan,M Madara,NND de Silva,Nashra Sandhu,0,0,,,,,,,caught,M Madara,,,Fatima Sana,,
1540540,2026,2026-07-23,"Mahinda Rajapaksa International Cricket Stadium, Sooriyawewa, Hambantota",1,47.6,47.5,Sri Lanka,Pakistan,AGC Vimukthi,NND de Silva,Nashra Sandhu,0,0,,,,,,,,,,,,,
1540540,2026,2026-07-23,"Mahinda Rajapaksa International Cricket Stadium, Sooriyawewa, Hambantota",1,47.7,47.6,Sri Lanka,Pakistan,AGC Vimukthi,NND de Silva,Nashra Sandhu,0,0,,,,,,,,,,,,,
1540540,2026,2026-07-23,"Mahinda Rajapaksa International Cricket Stadium, Sooriyawewa, Hambantota",1,48.1,48.1,Sri Lanka,Pakistan,NND de Silva,AGC Vimukthi,Fatima Sana,4,0,,,,,,,,,,,,,
1540540,2026,2026-07-23,"Mahinda Rajapaksa International Cricket Stadium, Sooriyawewa, Hambantota",1,48.2,48.2,Sri Lanka,Pakistan,NND de Silva,AGC Vimukthi,Fatima Sana,0,0,,,,,,,,,,,,,
1540540,2026,2026-07-23,"Mahinda Rajapaksa International Cricket Stadium, Sooriyawewa, Hambantota",1,48.3,48.3,Sri Lanka,Pakistan,NND de Silva,AGC Vimukthi,Fatima Sana,2,0,,,,,,,,,,,,,
1540540,2026,2026-07-23,"Mahinda Rajapaksa International Cricket Stadium, Sooriyawewa, Hambantota",1,48.4,48.4,Sri Lanka,Pakistan,NND de Silva,AGC Vimukthi,Fatima Sana,1,0,,,,,,,,,,,,,
1540540,2026,2026-07-23,"Mahinda Rajapaksa International Cricket Stadium, Sooriyawewa, Hambantota",1,48.5,48.5,Sri Lanka,Pakistan,AGC Vimukthi,NND de Silva,Fatima Sana,0,0,,,,,,,,,,,,,
1540540,2026,2026-07-23,"Mahinda Rajapaksa International Cricket Stadium, Sooriyawewa, Hambantota",1,48.6,48.6,Sri Lanka,Pakistan,AGC Vimukthi,NND de Silva,Fatima Sana,1,0,,,,,,,,,,,,,
1540540,2026,2026-07-23,"Mahinda Rajapaksa International Cricket Stadium, Sooriyawewa, Hambantota",1,49.1,49.1,Sri Lanka,Pakistan,AGC Vimukthi,NND de Silva,Tasmia Rubab,1,0,,,,,,,,,,,,,
1540540,2026,2026-07-23,"Mahinda Rajapaksa International Cricket Stadium, Sooriyawewa, Hambantota",1,49.2,49.2,Sri Lanka,Pakistan,NND de Silva,AGC Vimukthi,Tasmia Rubab,1,0,,,,,,,,,,,,,
1540540,2026,2026-07-23,"Mahinda Rajapaksa International Cricket Stadium, Sooriyawewa, Hambantota",1,49.3,49.3,Sri Lanka,Pakistan,AGC Vimukthi,NND de Silva,Tasmia Rubab,0,0,,,,,,,caught,AGC Vimukthi,,,Nashra Sandhu,,
1540540,2026,2026-07-23,"Mahinda Rajapaksa International Cricket Stadium, Sooriyawewa, Hambantota",1,49.4,49.4,Sri Lanka,Pakistan,I Ranaweera,NND de Silva,Tasmia Rubab,0,0,,,,,,,run out,I Ranaweera,,,Najiha Alvi,,
1540540,2026,2026-07-23,"Mahinda Rajapaksa International Cricket Stadium, Sooriyawewa, Hambantota",1,49.5,49.5,Sri Lanka,Pakistan,NM Meepage,NND de Silva,Tasmia Rubab,1,0,,,,,,,,,,,,,
1540540,2026,2026-07-23,"Mahinda Rajapaksa International Cricket Stadium, Sooriyawewa, Hambantota",1,49.6,49.6,Sri Lanka,Pakistan,NND de Silva,NM Meepage,Tasmia Rubab,2,0,,,,,,,,,,,,,
1540540,2026,2026-07-23,"Mahinda Rajapaksa International Cricket Stadium, Sooriyawewa, Hambantota",2,0.1,0.1,Pakistan,Sri Lanka,Sadaf Shamas,Gull Feroza,M Madara,0,0,,,,,,,,,,,,,
1540540,2026,2026-07-23,"Mahinda Rajapaksa International Cricket Stadium, Sooriyawewa, Hambantota",2,0.2,0.2,Pakistan,Sri Lanka,Sadaf Shamas,Gull Feroza,M Madara,0,0,,,,,,,,,,,,,
1540540,2026,2026-07-23,"Mahinda Rajapaksa International Cricket Stadium, Sooriyawewa, Hambantota",2,0.3,0.3,Pakistan,Sri Lanka,Sadaf Shamas,Gull Feroza,M Madara,1,0,,,,,,,,,,,,,
1540540,2026,2026-07-23,"Mahinda Rajapaksa International Cricket Stadium, Sooriyawewa, Hambantota",2,0.4,0.4,Pakistan,Sri Lanka,Gull Feroza,Sadaf Shamas,M Madara,2,0,,,,,,,,,,,,,
1540540,2026,2026-07-23,"Mahinda Rajapaksa International Cricket Stadium, Sooriyawewa, Hambantota",2,0.5,0.5,Pakistan,Sri Lanka,Gull Feroza,Sadaf Shamas,M Madara,0,0,,,,,,,,,,,,,
1540540,2026,2026-07-23,"Mahinda Rajapaksa International Cricket Stadium, Sooriyawewa, Hambantota",2,0.6,0.6,Pakistan,Sri Lanka,Gull Feroza,Sadaf Shamas,M Madara,0,0,,,,,,,,,,,,,
1540540,2026,2026-07-23,"Mahinda Rajapaksa International Cricket Stadium, Sooriyawewa, Hambantota",2,1.1,1.1,Pakistan,Sri Lanka,Sadaf Shamas,Gull Feroza,AGC Vimukthi,1,0,,,,,,,,,,,,,
1540540,2026,2026-07-23,"Mahinda Rajapaksa International Cricket Stadium, Sooriyawewa, Hambantota",2,1.2,1.2,Pakistan,Sri Lanka,Gull Feroza,Sadaf Shamas,AGC Vimukthi,0,0,,,,,,,,,,,,,
1540540,2026,2026-07-23,"Mahinda Rajapaksa International Cricket Stadium, Sooriyawewa, Hambantota",2,1.3,1.3,Pakistan,Sri Lanka,Gull Feroza,Sadaf Shamas,AGC Vimukthi,4,0,,,,,,,,,,,,,
1540540,2026,2026-07-23,"Mahinda Rajapaksa International Cricket Stadium, Sooriyawewa, Hambantota",2,1.4,1.4,Pakistan,Sri Lanka,Gull Feroza,Sadaf Shamas,AGC Vimukthi,0,0,,,,,,,,,,,,,
1540540,2026,2026-07-23,"Mahinda Rajapaksa International Cricket Stadium, Sooriyawewa, Hambantota",2,1.5,1.5,Pakistan,Sri Lanka,Gull Feroza,Sadaf Shamas,AGC Vimukthi,0,0,,,,,,,,,,,,,
1540540,2026,2026-07-23,"Mahinda Rajapaksa International Cricket Stadium, Sooriyawewa, Hambantota",2,1.6,1.6,Pakistan,Sri Lanka,Gull Feroza,Sadaf Shamas,AGC Vimukthi,1,0,,,,,,,,,,,,,
1540540,2026,2026-07-23,"Mahinda Rajapaksa International Cricket Stadium, Sooriyawewa, Hambantota",2,2.1,2.1,Pakistan,Sri Lanka,Gull Feroza,Sadaf Shamas,M Madara,1,0,,,,,,,,,,,,,
1540540,2026,2026-07-23,"Mahinda Rajapaksa International Cricket Stadium, Sooriyawewa, Hambantota",2,2.2,2.2,Pakistan,Sri Lanka,Sadaf Shamas,Gull Feroza,M Madara,0,0,,,,,,,,,,,,,
1540540,2026,2026-07-23,"Mahinda Rajapaksa International Cricket Stadium, Sooriyawewa, Hambantota",2,2.3,2.3,Pakistan,Sri Lanka,Sadaf Shamas,Gull Feroza,M Madara,2,0,,,,,,,,,,,,,
1540540,2026,2026-07-23,"Mahinda Rajapaksa International Cricket Stadium, Sooriyawewa, Hambantota",2,2.4,2.4,Pakistan,Sri Lanka,Sadaf Shamas,Gull Feroza,M Madara,4,0,,,,,,,,,,,,,
1540540,2026,2026-07-23,"Mahinda Rajapaksa International Cricket Stadium, Sooriyawewa, Hambantota",2,2.5,2.5,Pakistan,Sri Lanka,Sadaf Shamas,Gull Feroza,M Madara,4,0,,,,,,,,,,,,,
1540540,2026,2026-07-23,"Mahinda Rajapaksa International Cricket Stadium, Sooriyawewa, Hambantota",2,2.6,2.6,Pakistan,Sri Lanka,Sadaf Shamas,Gull Feroza,M Madara,0,0,,,,,,,,,,,,,
1540540,2026,2026-07-23,"Mahinda Rajapaksa International Cricket Stadium, Sooriyawewa, Hambantota",2,3.1,3.1,Pakistan,Sri Lanka,Gull Feroza,Sadaf Shamas,AGC Vimukthi,0,0,,,,,,,,,,,,,
1540540,2026,2026-07-23,"Mahinda Rajapaksa International Cricket Stadium, Sooriyawewa, Hambantota",2,3.2,3.2,Pakistan,Sri Lanka,Gull Feroza,Sadaf Shamas,AGC Vimukthi,0,0,,,,,,,,,,,,,
1540540,2026,2026-07-23,"Mahinda Rajapaksa International Cricket Stadium, Sooriyawewa, Hambantota",2,3.3,3.3,Pakistan,Sri Lanka,Gull Feroza,Sadaf Shamas,AGC Vimukthi,0,1,1,,,,,,,,,,,,
1540540,2026,2026-07-23,"Mahinda Rajapaksa International Cricket Stadium, Sooriyawewa, Hambantota",2,3.4,3.3,Pakistan,Sri Lanka,Gull Feroza,Sadaf Shamas,AGC Vimukthi,0,0,,,,,,,,,,,,,
1540540,2026,2026-07-23,"Mahinda Rajapaksa International Cricket Stadium, Sooriyawewa, Hambantota",2,3.5,3.4,Pakistan,Sri Lanka,Gull Feroza,Sadaf Shamas,AGC Vimukthi,0,0,,,,,,,,,,,,,
1540540,2026,2026-07-23,"Mahinda Rajapaksa International Cricket Stadium, Sooriyawewa, Hambantota",2,3.6,3.5,Pakistan,Sri Lanka,Gull Feroza,Sadaf Shamas,AGC Vimukthi,0,1,1,,,,,,,,,,,,
1540540,2026,2026-07-23,"Mahinda Rajapaksa International Cricket Stadium, Sooriyawewa, Hambantota",2,3.7,3.5,Pakistan,Sri Lanka,Gull Feroza,Sadaf Shamas,AGC Vimukthi,0,0,,,,,,,,,,,,,
1540540,2026,2026-07-23,"Mahinda Rajapaksa International Cricket Stadium, Sooriyawewa, Hambantota",2,3.8,3.6,Pakistan,Sri Lanka,Gull Feroza,Sadaf Shamas,AGC Vimukthi,0,0,,,,,,,,,,,,,
1540540,2026,2026-07-23,"Mahinda Rajapaksa International Cricket Stadium, Sooriyawewa, Hambantota",2,4.1,4.1,Pakistan,Sri Lanka,Sadaf Shamas,Gull Feroza,M Madara,0,0,,,,,,,,,,,,,
1540540,2026,2026-07-23,"Mahinda Rajapaksa International Cricket Stadium, Sooriyawewa, Hambantota",2,4.2,4.2,Pakistan,Sri Lanka,Sadaf Shamas,Gull Feroza,M Madara,0,0,,,,,,,,,,,,,
1540540,2026,2026-07-23,"Mahinda Rajapaksa International Cricket Stadium, Sooriyawewa, Hambantota",2,4.3,4.3,Pakistan,Sri Lanka,Sadaf Shamas,Gull Feroza,M Madara,1,0,,,,,,,,,,,,,
1540540,2026,2026-07-23,"Mahinda Rajapaksa International Cricket Stadium, Sooriyawewa, Hambantota",2,4.4,4.4,Pakistan,Sri Lanka,Gull Feroza,Sadaf Shamas,M Madara,0,0,,,,,,,,,,,,,
1540540,2026,2026-07-23,"Mahinda Rajapaksa International Cricket Stadium, Sooriyawewa, Hambantota",2,4.5,4.5,Pakistan,Sri Lanka,Gull Feroza,Sadaf Shamas,M Madara,1,0,,,,,,,,,,,,,
1540540,2026,2026-07-23,"Mahinda Rajapaksa International Cricket Stadium, Sooriyawewa, Hambantota",2,4.6,4.6,Pakistan,Sri Lanka,Sadaf Shamas,Gull Feroza,M Madara,1,0,,,,,,,,,,,,,
1540540,2026,2026-07-23,"Mahinda Rajapaksa International Cricket Stadium, Sooriyawewa, Hambantota",2,5.1,5.1,Pakistan,Sri Lanka,Sadaf Shamas,Gull Feroza,AGC Vimukthi,1,0,,,,,,,,,,,,,
1540540,2026,2026-07-23,"Mahinda Rajapaksa International Cricket Stadium, Sooriyawewa, Hambantota",2,5.2,5.2,Pakistan,Sri Lanka,Gull Feroza,Sadaf Shamas,AGC Vimukthi,4,0,,,,,,,,,,,,,
1540540,2026,2026-07-23,"Mahinda Rajapaksa International Cricket Stadium, Sooriyawewa, Hambantota",2,5.3,5.3,Pakistan,Sri Lanka,Gull Feroza,Sadaf Shamas,AGC Vimukthi,4,0,,,,,,,,,,,,,
1540540,2026,2026-07-23,"Mahinda Rajapaksa International Cricket Stadium, Sooriyawewa, Hambantota",2,5.4,5.4,Pakistan,Sri Lanka,Gull Feroza,Sadaf Shamas,AGC Vimukthi,1,0,,,,,,,,,,,,,
1540540,2026,2026-07-23,"Mahinda Rajapaksa International Cricket Stadium, Sooriyawewa, Hambantota",2,5.5,5.5,Pakistan,Sri Lanka,Sadaf Shamas,Gull Feroza,AGC Vimukthi,1,0,,,,,,,,,,,,,
1540540,2026,2026-07-23,"Mahinda Rajapaksa International Cricket Stadium, Sooriyawewa, Hambantota",2,5.6,5.6,Pakistan,Sri Lanka,Gull Feroza,Sadaf Shamas,AGC Vimukthi,1,0,,,,,,,,,,,,,
1540540,2026,2026-07-23,"Mahinda Rajapaksa International Cricket Stadium, Sooriyawewa, Hambantota",2,6.1,6.1,Pakistan,Sri Lanka,Gull Feroza,Sadaf Shamas,M Madara,4,0,,,,,,,,,,,,,
1540540,2026,2026-07-23,"Mahinda Rajapaksa International Cricket Stadium, Sooriyawewa, Hambantota",2,6.2,6.2,Pakistan,Sri Lanka,Gull Feroza,Sadaf Shamas,M Madara,0,0,,,,,,,,,,,,,
1540540,2026,2026-07-23,"Mahinda Rajapaksa International Cricket Stadium, Sooriyawewa, Hambantota",2,6.3,6.3,Pakistan,Sri Lanka,Gull Feroza,Sadaf Shamas,M Madara,0,0,,,,,,,,,,,,,
1540540,2026,2026-07-23,"Mahinda Rajapaksa International Cricket Stadium, Sooriyawewa, Hambantota",2,6.4,6.4,Pakistan,Sri Lanka,Gull Feroza,Sadaf Shamas,M Madara,1,0,,,,,,,,,,,,,
1540540,2026,2026-07-23,"Mahinda Rajapaksa International Cricket Stadium, Sooriyawewa, Hambantota",2,6.5,6.5,Pakistan,Sri Lanka,Sadaf Shamas,Gull Feroza,M Madara,0,0,,,,,,,,,,,,,
1540540,2026,2026-07-23,"Mahinda Rajapaksa International Cricket Stadium, Sooriyawewa, Hambantota",2,6.6,6.6,Pakistan,Sri Lanka,Sadaf Shamas,Gull Feroza,M Madara,0,0,,,,,,,,,,,,,
1540540,2026,2026-07-23,"Mahinda Rajapaksa International Cricket Stadium, Sooriyawewa, Hambantota",2,7.1,7.1,Pakistan,Sri Lanka,Gull Feroza,Sadaf Shamas,AC Jayangani,4,0,,,,,,,,,,,,,
1540540,2026,2026-07-23,"Mahinda Rajapaksa International Cricket Stadium, Sooriyawewa, Hambantota",2,7.2,7.2,Pakistan,Sri Lanka,Gull Feroza,Sadaf Shamas,AC Jayangani,0,0,,,,,,,,,,,,,
1540540,2026,2026-07-23,"Mahinda Rajapaksa International Cricket Stadium, Sooriyawewa, Hambantota",2,7.3,7.3,Pakistan,Sri Lanka,Gull Feroza,Sadaf Shamas,AC Jayangani,0,0,,,,,,,,,,,,,
1540540,2026,2026-07-23,"Mahinda Rajapaksa International Cricket Stadium, Sooriyawewa, Hambantota",2,7.4,7.4,Pakistan,Sri Lanka,Gull Feroza,Sadaf Shamas,AC Jayangani,0,0,,,,,,,,,,,,,
1540540,2026,2026-07-23,"Mahinda Rajapaksa International Cricket Stadium, Sooriyawewa, Hambantota",2,7.5,7.5,Pakistan,Sri Lanka,Gull Feroza,Sadaf Shamas,AC Jayangani,4,0,,,,,,,,,,,,,
1540540,2026,2026-07-23,"Mahinda Rajapaksa International Cricket Stadium, Sooriyawewa, Hambantota",2,7.6,7.6,Pakistan,Sri Lanka,Gull Feroza,Sadaf Shamas,AC Jayangani,0,0,,,,,,,,,,,,,
1540540,2026,2026-07-23,"Mahinda Rajapaksa International Cricket Stadium, Sooriyawewa, Hambantota",2,8.1,8.1,Pakistan,Sri Lanka,Sadaf Shamas,Gull Feroza,NM Meepage,4,1,,1,,,,,,,,,,,
1540540,2026,2026-07-23,"Mahinda Rajapaksa International Cricket Stadium, Sooriyawewa, Hambantota",2,8.2,8.1,Pakistan,Sri Lanka,Sadaf Shamas,Gull Feroza,NM Meepage,0,0,,,,,,,,,,,,,
1540540,2026,2026-07-23,"Mahinda Rajapaksa International Cricket Stadium, Sooriyawewa, Hambantota",2,8.3,8.2,Pakistan,Sri Lanka,Sadaf Shamas,Gull Feroza,NM Meepage,0,0,,,,,,,,,,,,,
1540540,2026,2026-07-23,"Mahinda Rajapaksa International Cricket Stadium, Sooriyawewa, Hambantota",2,8.4,8.3,Pakistan,Sri Lanka,Sadaf Shamas,Gull Feroza,NM Meepage,0,0,,,,,,,,,,,,,
1540540,2026,2026-07-23,"Mahinda Rajapaksa International Cricket Stadium, Sooriyawewa, Hambantota",2,8.5,8.4,Pakistan,Sri Lanka,Sadaf Shamas,Gull Feroza,NM Meepage,0,0,,,,,,,,,,,,,
1540540,2026,2026-07-23,"Mahinda Rajapaksa International Cricket Stadium, Sooriyawewa, Hambantota",2,8.6,8.5,Pakistan,Sri Lanka,Sadaf Shamas,Gull Feroza,NM Meepage,0,0,,,,,,,,,,,,,
1540540,2026,2026-07-23,"Mahinda Rajapaksa International Cricket Stadium, Sooriyawewa, Hambantota",2,8.7,8.6,Pakistan,Sri Lanka,Sadaf Shamas,Gull Feroza,NM Meepage,0,0,,,,,,,,,,,,,
1540540,2026,2026-07-23,"Mahinda Rajapaksa International Cricket Stadium, Sooriyawewa, Hambantota",2,9.1,9.1,Pakistan,Sri Lanka,Gull Feroza,Sadaf Shamas,AC Jayangani,2,0,,,,,,,,,,,,,
1540540,2026,2026-07-23,"Mahinda Rajapaksa International Cricket Stadium, Sooriyawewa, Hambantota",2,9.2,9.2,Pakistan,Sri Lanka,Gull Feroza,Sadaf Shamas,AC Jayangani,1,0,,,,,,,,,,,,,
1540540,2026,2026-07-23,"Mahinda Rajapaksa International Cricket Stadium, Sooriyawewa, Hambantota",2,9.3,9.3,Pakistan,Sri Lanka,Sadaf Shamas,Gull Feroza,AC Jayangani,0,0,,,,,,,,,,,,,
1540540,2026,2026-07-23,"Mahinda Rajapaksa International Cricket Stadium, Sooriyawewa, Hambantota",2,9.4,9.4,Pakistan,Sri Lanka,Sadaf Shamas,Gull Feroza,AC Jayangani,0,0,,,,,,,,,,,,,
1540540,2026,2026-07-23,"Mahinda Rajapaksa International Cricket Stadium, Sooriyawewa, Hambantota",2,9.5,9.5,Pakistan,Sri Lanka,Sadaf Shamas,Gull Feroza,AC Jayangani,0,0,,,,,,,caught,Sadaf Shamas,,,RMVD Gunaratne,,
1540540,2026,2026-07-23,"Mahinda Rajapaksa International Cricket Stadium, Sooriyawewa, Hambantota",2,9.6,9.6,Pakistan,Sri Lanka,Sidra Ameen,Gull Feroza,AC Jayangani,0,0,,,,,,,,,,,,,
1540540,2026,2026-07-23,"Mahinda Rajapaksa International Cricket Stadium, Sooriyawewa, Hambantota",2,10.1,10.1,Pakistan,Sri Lanka,Gull Feroza,Sidra Ameen,NM Meepage,0,1,1,,,,,,,,,,,,
1540540,2026,2026-07-23,"Mahinda Rajapaksa International Cricket Stadium, Sooriyawewa, Hambantota",2,10.2,10.1,Pakistan,Sri Lanka,Gull Feroza,Sidra Ameen,NM Meepage,0,0,,,,,,,,,,,,,
1540540,2026,2026-07-23,"Mahinda Rajapaksa International Cricket Stadium, Sooriyawewa, Hambantota",2,10.3,10.2,Pakistan,Sri Lanka,Gull Feroza,Sidra Ameen,NM Meepage,0,0,,,,,,,,,,,,,
1540540,2026,2026-07-23,"Mahinda Rajapaksa International Cricket Stadium, Sooriyawewa, Hambantota",2,10.4,10.3,Pakistan,Sri Lanka,Gull Feroza,Sidra Ameen,NM Meepage,1,0,,,,,,,,,,,,,
1540540,2026,2026-07-23,"Mahinda Rajapaksa International Cricket Stadium, Sooriyawewa, Hambantota",2,10.5,10.4,Pakistan,Sri Lanka,Sidra Ameen,Gull Feroza,NM Meepage,0,0,,,,,,,,,,,,,
1540540,2026,2026-07-23,"Mahinda Rajapaksa International Cricket Stadium, Sooriyawewa, Hambantota",2,10.6,10.5,Pakistan,Sri Lanka,Sidra Ameen,Gull Feroza,NM Meepage,0,0,,,,,,,,,,,,,
1540540,2026,2026-07-23,"Mahinda Rajapaksa International Cricket Stadium, Sooriyawewa, Hambantota",2,10.7,10.6,Pakistan,Sri Lanka,Sidra Ameen,Gull Feroza,NM Meepage,1,0,,,,,,,,,,,,,
1540540,2026,2026-07-23,"Mahinda Rajapaksa International Cricket Stadium, Sooriyawewa, Hambantota",2,11.1,11.1,Pakistan,Sri Lanka,Sidra Ameen,Gull Feroza,AC Jayangani,0,0,,,,,,,,,,,,,
1540540,2026,2026-07-23,"Mahinda Rajapaksa International Cricket Stadium, Sooriyawewa, Hambantota",2,11.2,11.2,Pakistan,Sri Lanka,Sidra Ameen,Gull Feroza,AC Jayangani,0,0,,,,,,,,,,,,,
1540540,2026,2026-07-23,"Mahinda Rajapaksa International Cricket Stadium, Sooriyawewa, Hambantota",2,11.3,11.3,Pakistan,Sri Lanka,Sidra Ameen,Gull Feroza,AC Jayangani,1,0,,,,,,,,,,,,,
1540540,2026,2026-07-23,"Mahinda Rajapaksa International Cricket Stadium, Sooriyawewa, Hambantota",2,11.4,11.4,Pakistan,Sri Lanka,Gull Feroza,Sidra Ameen,AC Jayangani,1,0,,,,,,,,,,,,,
1540540,2026,2026-07-23,"Mahinda Rajapaksa International Cricket Stadium, Sooriyawewa, Hambantota",2,11.5,11.5,Pakistan,Sri Lanka,Sidra Ameen,Gull Feroza,AC Jayangani,0,0,,,,,,,,,,,,,
1540540,2026,2026-07-23,"Mahinda Rajapaksa International Cricket Stadium, Sooriyawewa, Hambantota",2,11.6,11.6,Pakistan,Sri Lanka,Sidra Ameen,Gull Feroza,AC Jayangani,0,0,,,,,,,,,,,,,
1540540,2026,2026-07-23,"Mahinda Rajapaksa International Cricket Stadium, Sooriyawewa, Hambantota",2,12.1,12.1,Pakistan,Sri Lanka,Gull Feroza,Sidra Ameen,NM Meepage,2,0,,,,,,,,,,,,,
1540540,2026,2026-07-23,"Mahinda Rajapaksa International Cricket Stadium, Sooriyawewa, Hambantota",2,12.2,12.2,Pakistan,Sri Lanka,Gull Feroza,Sidra Ameen,NM Meepage,1,0,,,,,,,,,,,,,
1540540,2026,2026-07-23,"Mahinda Rajapaksa International Cricket Stadium, Sooriyawewa, Hambantota",2,12.3,12.3,Pakistan,Sri Lanka,Sidra Ameen,Gull Feroza,NM Meepage,0,0,,,,,,,,,,,,,
1540540,2026,2026-07-23,"Mahinda Rajapaksa International Cricket Stadium, Sooriyawewa, Hambantota",2,12.4,12.4,Pakistan,Sri Lanka,Sidra Ameen,Gull Feroza,NM Meepage,0,0,,,,,,,,,,,,,
1540540,2026,2026-07-23,"Mahinda Rajapaksa International Cricket Stadium, Sooriyawewa, Hambantota",2,12.5,12.5,Pakistan,Sri Lanka,Sidra Ameen,Gull Feroza,NM Meepage,0,0,,,,,,,,,,,,,
1540540,2026,2026-07-23,"Mahinda Rajapaksa International Cricket Stadium, Sooriyawewa, Hambantota",2,12.6,12.6,Pakistan,Sri Lanka,Sidra Ameen,Gull Feroza,NM Meepage,1,0,,,,,,,,,,,,,
1540540,2026,2026-07-23,"Mahinda Rajapaksa International Cricket Stadium, Sooriyawewa, Hambantota",2,13.1,13.1,Pakistan,Sri Lanka,Sidra Ameen,Gull Feroza,AC Jayangani,0,0,,,,,,,,,,,,,
1540540,2026,2026-07-23,"Mahinda Rajapaksa International Cricket Stadium, Sooriyawewa, Hambantota",2,13.2,13.2,Pakistan,Sri Lanka,Sidra Ameen,Gull Feroza,AC Jayangani,0,1,1,,,,,,,,,,,,
1540540,2026,2026-07-23,"Mahinda Rajapaksa International Cricket Stadium, Sooriyawewa, Hambantota",2,13.3,13.2,Pakistan,Sri Lanka,Sidra Ameen,Gull Feroza,AC Jayangani,4,0,,,,,,,,,,,,,
1540540,2026,2026-07-23,"Mahinda Rajapaksa International Cricket Stadium, Sooriyawewa, Hambantota",2,13.4,13.3,Pakistan,Sri Lanka,Sidra Ameen,Gull Feroza,AC Jayangani,0,0,,,,,,,,,,,,,
1540540,2026,2026-07-23,"Mahinda Rajapaksa International Cricket Stadium, Sooriyawewa, Hambantota",2,13.5,13.4,Pakistan,Sri Lanka,Sidra Ameen,Gull Feroza,AC Jayangani,0,0,,,,,,,,,,,,,
1540540,2026,2026-07-23,"Mahinda Rajapaksa International Cricket Stadium, Sooriyawewa, Hambantota",2,13.6,13.5,Pakistan,Sri Lanka,Sidra Ameen,Gull Feroza,AC Jayangani,0,0,,,,,,,,,,,,,
1540540,2026,2026-07-23,"Mahinda Rajapaksa International Cricket Stadium, Sooriyawewa, Hambantota",2,13.7,13.6,Pakistan,Sri Lanka,Sidra Ameen,Gull Feroza,AC Jayangani,1,0,,,,,,,,,,,,,
1540540,2026,2026-07-23,"Mahinda Rajapaksa International Cricket Stadium, Sooriyawewa, Hambantota",2,14.1,14.1,Pakistan,Sri Lanka,Sidra Ameen,Gull Feroza,NM Meepage,1,0,,,,,,,,,,,,,
1540540,2026,2026-07-23,"Mahinda Rajapaksa International Cricket Stadium, Sooriyawewa, Hambantota",2,14.2,14.2,Pakistan,Sri Lanka,Gull Feroza,Sidra Ameen,NM Meepage,1,0,,,,,,,,,,,,,
1540540,2026,2026-07-23,"Mahinda Rajapaksa International Cricket Stadium, Sooriyawewa, Hambantota",2,14.3,14.3,Pakistan,Sri Lanka,Sidra Ameen,Gull Feroza,NM Meepage,0,0,,,,,,,,,,,,,
1540540,2026,2026-07-23,"Mahinda Rajapaksa International Cricket Stadium, Sooriyawewa, Hambantota",2,14.4,14.4,Pakistan,Sri Lanka,Sidra Ameen,Gull Feroza,NM Meepage,0,0,,,,,,,,,,,,,
1540540,2026,2026-07-23,"Mahinda Rajapaksa International Cricket Stadium, Sooriyawewa, Hambantota",2,14.5,14.5,Pakistan,Sri Lanka,Sidra Ameen,Gull Feroza,NM Meepage,4,0,,,,,,,,,,,,,
1540540,2026,2026-07-23,"Mahinda Rajapaksa International Cricket Stadium, Sooriyawewa, Hambantota",2,14.6,14.6,Pakistan,Sri Lanka,Sidra Ameen,Gull Feroza,NM Meepage,0,0,,,,,,,,,,,,,
1540540,2026,2026-07-23,"Mahinda Rajapaksa International Cricket Stadium, Sooriyawewa, Hambantota",2,15.1,15.1,Pakistan,Sri Lanka,Gull Feroza,Sidra Ameen,I Ranaweera,0,0,,,,,,,,,,,,,
1540540,2026,2026-07-23,"Mahinda Rajapaksa International Cricket Stadium, Sooriyawewa, Hambantota",2,15.2,15.2,Pakistan,Sri Lanka,Gull Feroza,Sidra Ameen,I Ranaweera,1,0,,,,,,,,,,,,,
1540540,2026,2026-07-23,"Mahinda Rajapaksa International Cricket Stadium, Sooriyawewa, Hambantota",2,15.3,15.3,Pakistan,Sri Lanka,Sidra Ameen,Gull Feroza,I Ranaweera,0,0,,,,,,,,,,,,,
1540540,2026,2026-07-23,"Mahinda Rajapaksa International Cricket Stadium, Sooriyawewa, Hambantota",2,15.4,15.4,Pakistan,Sri Lanka,Sidra Ameen,Gull Feroza,I Ranaweera,0,0,,,,,,,,,,,,,
1540540,2026,2026-07-23,"Mahinda Rajapaksa International Cricket Stadium, Sooriyawewa, Hambantota",2,15.5,15.5,Pakistan,Sri Lanka,Sidra Ameen,Gull Feroza,I Ranaweera,0,0,,,,,,,,,,,,,
1540540,2026,2026-07-23,"Mahinda Rajapaksa International Cricket Stadium, Sooriyawewa, Hambantota",2,15.6,15.6,Pakistan,Sri Lanka,Sidra Ameen,Gull Feroza,I Ranaweera,1,0,,,,,,,,,,,,,
1540540,2026,2026-07-23,"Mahinda Rajapaksa International Cricket Stadium, Sooriyawewa, Hambantota",2,16.1,16.1,Pakistan,Sri Lanka,Sidra Ameen,Gull Feroza,NM Meepage,0,0,,,,,,,,,,,,,
1540540,2026,2026-07-23,"Mahinda Rajapaksa International Cricket Stadium, Sooriyawewa, Hambantota",2,16.2,16.2,Pakistan,Sri Lanka,Sidra Ameen,Gull Feroza,NM Meepage,0,0,,,,,,,,,,,,,
1540540,2026,2026-07-23,"Mahinda Rajapaksa International Cricket Stadium, Sooriyawewa, Hambantota",2,16.3,16.3,Pakistan,Sri Lanka,Sidra Ameen,Gull Feroza,NM Meepage,1,0,,,,,,,,,,,,,
1540540,2026,2026-07-23,"Mahinda Rajapaksa International Cricket Stadium, Sooriyawewa, Hambantota",2,16.4,16.4,Pakistan,Sri Lanka,Gull Feroza,Sidra Ameen,NM Meepage,1,0,,,,,,,,,,,,,
1540540,2026,2026-07-23,"Mahinda Rajapaksa International Cricket Stadium, Sooriyawewa, Hambantota",2,16.5,16.5,Pakistan,Sri Lanka,Sidra Ameen,Gull Feroza,NM Meepage,0,0,,,,,,,,,,,,,
1540540,2026,2026-07-23,"Mahinda Rajapaksa International Cricket Stadium, Sooriyawewa, Hambantota",2,16.6,16.6,Pakistan,Sri Lanka,Sidra Ameen,Gull Feroza,NM Meepage,0,0,,,,,,,,,,,,,
1540540,2026,2026-07-23,"Mahinda Rajapaksa International Cricket Stadium, Sooriyawewa, Hambantota",2,17.1,17.1,Pakistan,Sri Lanka,Gull Feroza,Sidra Ameen,I Ranaweera,4,0,,,,,,,,,,,,,
1540540,2026,2026-07-23,"Mahinda Rajapaksa International Cricket Stadium, Sooriyawewa, Hambantota",2,17.2,17.2,Pakistan,Sri Lanka,Gull Feroza,Sidra Ameen,I Ranaweera,1,0,,,,,,,,,,,,,
1540540,2026,2026-07-23,"Mahinda Rajapaksa International Cricket Stadium, Sooriyawewa, Hambantota",2,17.3,17.3,Pakistan,Sri Lanka,Sidra Ameen,Gull Feroza,I Ranaweera,0,0,,,,,,,,,,,,,
1540540,2026,2026-07-23,"Mahinda Rajapaksa International Cricket Stadium, Sooriyawewa, Hambantota",2,17.4,17.4,Pakistan,Sri Lanka,Sidra Ameen,Gull Feroza,I Ranaweera,0,0,,,,,,,,,,,,,
1540540,2026,2026-07-23,"Mahinda Rajapaksa International Cricket Stadium, Sooriyawewa, Hambantota",2,17.5,17.5,Pakistan,Sri Lanka,Sidra Ameen,Gull Feroza,I Ranaweera,0,0,,,,,,,,,,,,,
1540540,2026,2026-07-23,"Mahinda Rajapaksa International Cricket Stadium, Sooriyawewa, Hambantota",2,17.6,17.6,Pakistan,Sri Lanka,Sidra Ameen,Gull Feroza,I Ranaweera,1,0,,,,,,,,,,,,,
1540540,2026,2026-07-23,"Mahinda Rajapaksa International Cricket Stadium, Sooriyawewa, Hambantota",2,18.1,18.1,Pakistan,Sri Lanka,Sidra Ameen,Gull Feroza,WK Dilhari,0,0,,,,,,,,,,,,,
1540540,2026,2026-07-23,"Mahinda Rajapaksa International Cricket Stadium, Sooriyawewa, Hambantota",2,18.2,18.2,Pakistan,Sri Lanka,Sidra Ameen,Gull Feroza,WK Dilhari,0,0,,,,,,,,,,,,,
1540540,2026,2026-07-23,"Mahinda Rajapaksa International Cricket Stadium, Sooriyawewa, Hambantota",2,18.3,18.3,Pakistan,Sri Lanka,Sidra Ameen,Gull Feroza,WK Dilhari,0,0,,,,,,,,,,,,,
1540540,2026,2026-07-23,"Mahinda Rajapaksa International Cricket Stadium, Sooriyawewa, Hambantota",2,18.4,18.4,Pakistan,Sri Lanka,Sidra Ameen,Gull Feroza,WK Dilhari,0,0,,,,,,,,,,,,,
1540540,2026,2026-07-23,"Mahinda Rajapaksa International Cricket Stadium, Sooriyawewa, Hambantota",2,18.5,18.5,Pakistan,Sri Lanka,Sidra Ameen,Gull Feroza,WK Dilhari,5,0,,,,,,,,,,,,,
1540540,2026,2026-07-23,"Mahinda Rajapaksa International Cricket Stadium, Sooriyawewa, Hambantota",2,18.6,18.6,Pakistan,Sri Lanka,Gull Feroza,Sidra Ameen,WK Dilhari,1,0,,,,,,,,,,,,,
1540540,2026,2026-07-23,"Mahinda Rajapaksa International Cricket Stadium, Sooriyawewa, Hambantota",2,19.1,19.1,Pakistan,Sri Lanka,Gull Feroza,Sidra Ameen,I Ranaweera,1,0,,,,,,,,,,,,,
1540540,2026,2026-07-23,"Mahinda Rajapaksa International Cricket Stadium, Sooriyawewa, Hambantota",2,19.2,19.2,Pakistan,Sri Lanka,Sidra Ameen,Gull Feroza,I Ranaweera,0,0,,,,,,,,,,,,,
1540540,2026,2026-07-23,"Mahinda Rajapaksa International Cricket Stadium, Sooriyawewa, Hambantota",2,19.3,19.3,Pakistan,Sri Lanka,Sidra Ameen,Gull Feroza,I Ranaweera,1,0,,,,,,,,,,,,,
1540540,2026,2026-07-23,"Mahinda Rajapaksa International Cricket Stadium, Sooriyawewa, Hambantota",2,19.4,19.4,Pakistan,Sri Lanka,Gull Feroza,Sidra Ameen,I Ranaweera,1,0,,,,,,,,,,,,,
1540540,2026,2026-07-23,"Mahinda Rajapaksa International Cricket Stadium, Sooriyawewa, Hambantota",2,19.5,19.5,Pakistan,Sri Lanka,Sidra Ameen,Gull Feroza,I Ranaweera,0,0,,,,,,,,,,,,,
1540540,2026,2026-07-23,"Mahinda Rajapaksa International Cricket Stadium, Sooriyawewa, Hambantota",2,19.6,19.6,Pakistan,Sri Lanka,Sidra Ameen,Gull Feroza,I Ranaweera,0,0,,,,,,,,,,,,,
1540540,2026,2026-07-23,"Mahinda Rajapaksa International Cricket Stadium, Sooriyawewa, Hambantota",2,20.1,20.1,Pakistan,Sri Lanka,Gull Feroza,Sidra Ameen,WK Dilhari,1,0,,,,,,,,,,,,,
1540540,2026,2026-07-23,"Mahinda Rajapaksa International Cricket Stadium, Sooriyawewa, Hambantota",2,20.2,20.2,Pakistan,Sri Lanka,Sidra Ameen,Gull Feroza,WK Dilhari,0,0,,,,,,,,,,,,,
1540540,2026,2026-07-23,"Mahinda Rajapaksa International Cricket Stadium, Sooriyawewa, Hambantota",2,20.3,20.3,Pakistan,Sri Lanka,Sidra Ameen,Gull Feroza,WK Dilhari,4,0,,,,,,,,,,,,,
1540540,2026,2026-07-23,"Mahinda Rajapaksa International Cricket Stadium, Sooriyawewa, Hambantota",2,20.4,20.4,Pakistan,Sri Lanka,Sidra Ameen,Gull Feroza,WK Dilhari,0,0,,,,,,,,,,,,,
1540540,2026,2026-07-23,"Mahinda Rajapaksa International Cricket Stadium, Sooriyawewa, Hambantota",2,20.5,20.5,Pakistan,Sri Lanka,Sidra Ameen,Gull Feroza,WK Dilhari,1,0,,,,,,,,,,,,,
1540540,2026,2026-07-23,"Mahinda Rajapaksa International Cricket Stadium, Sooriyawewa, Hambantota",2,20.6,20.6,Pakistan,Sri Lanka,Gull Feroza,Sidra Ameen,WK Dilhari,1,0,,,,,,,,,,,,,
1540540,2026,2026-07-23,"Mahinda Rajapaksa International Cricket Stadium, Sooriyawewa, Hambantota",2,21.1,21.1,Pakistan,Sri Lanka,Gull Feroza,Sidra Ameen,I Ranaweera,0,0,,,,,,,,,,,,,
1540540,2026,2026-07-23,"Mahinda Rajapaksa International Cricket Stadium, Sooriyawewa, Hambantota",2,21.2,21.2,Pakistan,Sri Lanka,Gull Feroza,Sidra Ameen,I Ranaweera,0,0,,,,,,,,,,,,,
1540540,2026,2026-07-23,"Mahinda Rajapaksa International Cricket Stadium, Sooriyawewa, Hambantota",2,21.3,21.3,Pakistan,Sri Lanka,Gull Feroza,Sidra Ameen,I Ranaweera,0,0,,,,,,,,,,,,,
1540540,2026,2026-07-23,"Mahinda Rajapaksa International Cricket Stadium, Sooriyawewa, Hambantota",2,21.4,21.4,Pakistan,Sri Lanka,Gull Feroza,Sidra Ameen,I Ranaweera,4,0,,,,,,,,,,,,,
1540540,2026,2026-07-23,"Mahinda Rajapaksa International Cricket Stadium, Sooriyawewa, Hambantota",2,21.5,21.5,Pakistan,Sri Lanka,Gull Feroza,Sidra Ameen,I Ranaweera,0,0,,,,,,,,,,,,,
1540540,2026,2026-07-23,"Mahinda Rajapaksa International Cricket Stadium, Sooriyawewa, Hambantota",2,21.6,21.6,Pakistan,Sri Lanka,Gull Feroza,Sidra Ameen,I Ranaweera,1,0,,,,,,,,,,,,,
1540540,2026,2026-07-23,"Mahinda Rajapaksa International Cricket Stadium, Sooriyawewa, Hambantota",2,22.1,22.1,Pakistan,Sri Lanka,Gull Feroza,Sidra Ameen,WK Dilhari,1,0,,,,,,,,,,,,,
1540540,2026,2026-07-23,"Mahinda Rajapaksa International Cricket Stadium, Sooriyawewa, Hambantota",2,22.2,22.2,Pakistan,Sri Lanka,Sidra Ameen,Gull Feroza,WK Dilhari,0,0,,,,,,,,,,,,,
1540540,2026,2026-07-23,"Mahinda Rajapaksa International Cricket Stadium, Sooriyawewa, Hambantota",2,22.3,22.3,Pakistan,Sri Lanka,Sidra Ameen,Gull Feroza,WK Dilhari,0,0,,,,,,,,,,,,,
1540540,2026,2026-07-23,"Mahinda Rajapaksa International Cricket Stadium, Sooriyawewa, Hambantota",2,22.4,22.4,Pakistan,Sri Lanka,Sidra Ameen,Gull Feroza,WK Dilhari,1,0,,,,,,,,,,,,,
1540540,2026,2026-07-23,"Mahinda Rajapaksa International Cricket Stadium, Sooriyawewa, Hambantota",2,22.5,22.5,Pakistan,Sri Lanka,Gull Feroza,Sidra Ameen,WK Dilhari,0,0,,,,,,,,,,,,,
1540540,2026,2026-07-23,"Mahinda Rajapaksa International Cricket Stadium, Sooriyawewa, Hambantota",2,22.6,22.6,Pakistan,Sri Lanka,Gull Feroza,Sidra Ameen,WK Dilhari,0,0,,,,,,,,,,,,,
1540540,2026,2026-07-23,"Mahinda Rajapaksa International Cricket Stadium, Sooriyawewa, Hambantota",2,23.1,23.1,Pakistan,Sri Lanka,Sidra Ameen,Gull Feroza,I Ranaweera,1,0,,,,,,,,,,,,,
1540540,2026,2026-07-23,"Mahinda Rajapaksa International Cricket Stadium, Sooriyawewa, Hambantota",2,23.2,23.2,Pakistan,Sri Lanka,Gull Feroza,Sidra Ameen,I Ranaweera,0,0,,,,,,,,,,,,,
1540540,2026,2026-07-23,"Mahinda Rajapaksa International Cricket Stadium, Sooriyawewa, Hambantota",2,23.3,23.3,Pakistan,Sri Lanka,Gull Feroza,Sidra Ameen,I Ranaweera,1,0,,,,,,,,,,,,,
1540540,2026,2026-07-23,"Mahinda Rajapaksa International Cricket Stadium, Sooriyawewa, Hambantota",2,23.4,23.4,Pakistan,Sri Lanka,Sidra Ameen,Gull Feroza,I Ranaweera,2,0,,,,,,,,,,,,,
1540540,2026,2026-07-23,"Mahinda Rajapaksa International Cricket Stadium, Sooriyawewa, Hambantota",2,23.5,23.5,Pakistan,Sri Lanka,Sidra Ameen,Gull Feroza,I Ranaweera,1,0,,,,,,,,,,,,,
1540540,2026,2026-07-23,"Mahinda Rajapaksa International Cricket Stadium, Sooriyawewa, Hambantota",2,23.6,23.6,Pakistan,Sri Lanka,Gull Feroza,Sidra Ameen,I Ranaweera,0,0,,,,,,,,,,,,,
1540540,2026,2026-07-23,"Mahinda Rajapaksa International Cricket Stadium, Sooriyawewa, Hambantota",2,24.1,24.1,Pakistan,Sri Lanka,Sidra Ameen,Gull Feroza,WK Dilhari,1,0,,,,,,,,,,,,,
1540540,2026,2026-07-23,"Mahinda Rajapaksa International Cricket Stadium, Sooriyawewa, Hambantota",2,24.2,24.2,Pakistan,Sri Lanka,Gull Feroza,Sidra Ameen,WK Dilhari,0,0,,,,,,,,,,,,,
1540540,2026,2026-07-23,"Mahinda Rajapaksa International Cricket Stadium, Sooriyawewa, Hambantota",2,24.3,24.3,Pakistan,Sri Lanka,Gull Feroza,Sidra Ameen,WK Dilhari,0,0,,,,,,,,,,,,,
1540540,2026,2026-07-23,"Mahinda Rajapaksa International Cricket Stadium, Sooriyawewa, Hambantota",2,24.4,24.4,Pakistan,Sri Lanka,Gull Feroza,Sidra Ameen,WK Dilhari,1,0,,,,,,,,,,,,,
1540540,2026,2026-07-23,"Mahinda Rajapaksa International Cricket Stadium, Sooriyawewa, Hambantota",2,24.5,24.5,Pakistan,Sri Lanka,Sidra Ameen,Gull Feroza,WK Dilhari,0,0,,,,,,,,,,,,,
1540540,2026,2026-07-23,"Mahinda Rajapaksa International Cricket Stadium, Sooriyawewa, Hambantota",2,24.6,24.6,Pakistan,Sri Lanka,Sidra Ameen,Gull Feroza,WK Dilhari,1,0,,,,,,,,,,,,,
1540540,2026,2026-07-23,"Mahinda Rajapaksa International Cricket Stadium, Sooriyawewa, Hambantota",2,25.1,25.1,Pakistan,Sri Lanka,Sidra Ameen,Gull Feroza,I Ranaweera,0,0,,,,,,,,,,,,,
1540540,2026,2026-07-23,"Mahinda Rajapaksa International Cricket Stadium, Sooriyawewa, Hambantota",2,25.2,25.2,Pakistan,Sri Lanka,Sidra Ameen,Gull Feroza,I Ranaweera,0,0,,,,,,,,,,,,,
1540540,2026,2026-07-23,"Mahinda Rajapaksa International Cricket Stadium, Sooriyawewa, Hambantota",2,25.3,25.3,Pakistan,Sri Lanka,Sidra Ameen,Gull Feroza,I Ranaweera,1,0,,,,,,,,,,,,,
1540540,2026,2026-07-23,"Mahinda Rajapaksa International Cricket Stadium, Sooriyawewa, Hambantota",2,25.4,25.4,Pakistan,Sri Lanka,Gull Feroza,Sidra Ameen,I Ranaweera,0,0,,,,,,,,,,,,,
1540540,2026,2026-07-23,"Mahinda Rajapaksa International Cricket Stadium, Sooriyawewa, Hambantota",2,25.5,25.5,Pakistan,Sri Lanka,Gull Feroza,Sidra Ameen,I Ranaweera,4,0,,,,,,,,,,,,,
1540540,2026,2026-07-23,"Mahinda Rajapaksa International Cricket Stadium, Sooriyawewa, Hambantota",2,25.6,25.6,Pakistan,Sri Lanka,Gull Feroza,Sidra Ameen,I Ranaweera,1,0,,,,,,,,,,,,,
1540540,2026,2026-07-23,"Mahinda Rajapaksa International Cricket Stadium, Sooriyawewa, Hambantota",2,26.1,26.1,Pakistan,Sri Lanka,Gull Feroza,Sidra Ameen,WK Dilhari,1,0,,,,,,,,,,,,,
1540540,2026,2026-07-23,"Mahinda Rajapaksa International Cricket Stadium, Sooriyawewa, Hambantota",2,26.2,26.2,Pakistan,Sri Lanka,Sidra Ameen,Gull Feroza,WK Dilhari,1,0,,,,,,,,,,,,,
1540540,2026,2026-07-23,"Mahinda Rajapaksa International Cricket Stadium, Sooriyawewa, Hambantota",2,26.3,26.3,Pakistan,Sri Lanka,Gull Feroza,Sidra Ameen,WK Dilhari,1,0,,,,,,,,,,,,,
1540540,2026,2026-07-23,"Mahinda Rajapaksa International Cricket Stadium, Sooriyawewa, Hambantota",2,26.4,26.4,Pakistan,Sri Lanka,Sidra Ameen,Gull Feroza,WK Dilhari,0,0,,,,,,,,,,,,,
1540540,2026,2026-07-23,"Mahinda Rajapaksa International Cricket Stadium, Sooriyawewa, Hambantota",2,26.5,26.5,Pakistan,Sri Lanka,Sidra Ameen,Gull Feroza,WK Dilhari,0,0,,,,,,,,,,,,,
1540540,2026,2026-07-23,"Mahinda Rajapaksa International Cricket Stadium, Sooriyawewa, Hambantota",2,26.6,26.6,Pakistan,Sri Lanka,Sidra Ameen,Gull Feroza,WK Dilhari,4,0,,,,,,,,,,,,,
1540540,2026,2026-07-23,"Mahinda Rajapaksa International Cricket Stadium, Sooriyawewa, Hambantota",2,27.1,27.1,Pakistan,Sri Lanka,Gull Feroza,Sidra Ameen,AGC Vimukthi,0,1,1,,,,,,,,,,,,
1540540,2026,2026-07-23,"Mahinda Rajapaksa International Cricket Stadium, Sooriyawewa, Hambantota",2,27.2,27.1,Pakistan,Sri Lanka,Gull Feroza,Sidra Ameen,AGC Vimukthi,1,0,,,,,,,,,,,,,
1540540,2026,2026-07-23,"Mahinda Rajapaksa International Cricket Stadium, Sooriyawewa, Hambantota",2,27.3,27.2,Pakistan,Sri Lanka,Sidra Ameen,Gull Feroza,AGC Vimukthi,1,0,,,,,,,,,,,,,
1540540,2026,2026-07-23,"Mahinda Rajapaksa International Cricket Stadium, Sooriyawewa, Hambantota",2,27.4,27.3,Pakistan,Sri Lanka,Gull Feroza,Sidra Ameen,AGC Vimukthi,4,0,,,,,,,,,,,,,
1540540,2026,2026-07-23,"Mahinda Rajapaksa International Cricket Stadium, Sooriyawewa, Hambantota",2,27.5,27.4,Pakistan,Sri Lanka,Gull Feroza,Sidra Ameen,AGC Vimukthi,0,1,1,,,,,,,,,,,,
1540540,2026,2026-07-23,"Mahinda Rajapaksa International Cricket Stadium, Sooriyawewa, Hambantota",2,27.6,27.4,Pakistan,Sri Lanka,Gull Feroza,Sidra Ameen,AGC Vimukthi,4,0,,,,,,,,,,,,,
1540540,2026,2026-07-23,"Mahinda Rajapaksa International Cricket Stadium, Sooriyawewa, Hambantota",2,27.7,27.5,Pakistan,Sri Lanka,Gull Feroza,Sidra Ameen,AGC Vimukthi,0,0,,,,,,,,,,,,,
1540540,2026,2026-07-23,"Mahinda Rajapaksa International Cricket Stadium, Sooriyawewa, Hambantota",2,27.8,27.6,Pakistan,Sri Lanka,Gull Feroza,Sidra Ameen,AGC Vimukthi,0,0,,,,,,,,,,,,,
1540540,2026,2026-07-23,"Mahinda Rajapaksa International Cricket Stadium, Sooriyawewa, Hambantota",2,28.1,28.1,Pakistan,Sri Lanka,Sidra Ameen,Gull Feroza,WK Dilhari,1,0,,,,,,,,,,,,,
1540540,2026,2026-07-23,"Mahinda Rajapaksa International Cricket Stadium, Sooriyawewa, Hambantota",2,28.2,28.2,Pakistan,Sri Lanka,Gull Feroza,Sidra Ameen,WK Dilhari,1,0,,,,,,,,,,,,,
1540540,2026,2026-07-23,"Mahinda Rajapaksa International Cricket Stadium, Sooriyawewa, Hambantota",2,28.3,28.3,Pakistan,Sri Lanka,Sidra Ameen,Gull Feroza,WK Dilhari,0,0,,,,,,,,,,,,,
1540540,2026,2026-07-23,"Mahinda Rajapaksa International Cricket Stadium, Sooriyawewa, Hambantota",2,28.4,28.4,Pakistan,Sri Lanka,Sidra Ameen,Gull Feroza,WK Dilhari,1,0,,,,,,,,,,,,,
1540540,2026,2026-07-23,"Mahinda Rajapaksa International Cricket Stadium, Sooriyawewa, Hambantota",2,28.5,28.5,Pakistan,Sri Lanka,Gull Feroza,Sidra Ameen,WK Dilhari,0,0,,,,,,,lbw,Gull Feroza,,,,,
1540540,2026,2026-07-23,"Mahinda Rajapaksa International Cricket Stadium, Sooriyawewa, Hambantota",2,28.6,28.6,Pakistan,Sri Lanka,Ayesha Zafar,Sidra Ameen,WK Dilhari,4,0,,,,,,,,,,,,,
1540540,2026,2026-07-23,"Mahinda Rajapaksa International Cricket Stadium, Sooriyawewa, Hambantota",2,29.1,29.1,Pakistan,Sri Lanka,Sidra Ameen,Ayesha Zafar,AC Jayangani,1,0,,,,,,,,,,,,,
1540540,2026,2026-07-23,"Mahinda Rajapaksa International Cricket Stadium, Sooriyawewa, Hambantota",2,29.2,29.2,Pakistan,Sri Lanka,Ayesha Zafar,Sidra Ameen,AC Jayangani,0,0,,,,,,,,,,,,,
1540540,2026,2026-07-23,"Mahinda Rajapaksa International Cricket Stadium, Sooriyawewa, Hambantota",2,29.3,29.3,Pakistan,Sri Lanka,Ayesha Zafar,Sidra Ameen,AC Jayangani,0,0,,,,,,,,,,,,,
1540540,2026,2026-07-23,"Mahinda Rajapaksa International Cricket Stadium, Sooriyawewa, Hambantota",2,29.4,29.4,Pakistan,Sri Lanka,Ayesha Zafar,Sidra Ameen,AC Jayangani,1,0,,,,,,,,,,,,,
1540540,2026,2026-07-23,"Mahinda Rajapaksa International Cricket Stadium, Sooriyawewa, Hambantota",2,29.5,29.5,Pakistan,Sri Lanka,Sidra Ameen,Ayesha Zafar,AC Jayangani,0,0,,,,,,,,,,,,,
1540540,2026,2026-07-23,"Mahinda Rajapaksa International Cricket Stadium, Sooriyawewa, Hambantota",2,29.6,29.6,Pakistan,Sri Lanka,Sidra Ameen,Ayesha Zafar,AC Jayangani,0,0,,,,,,,,,,,,,
1540540,2026,2026-07-23,"Mahinda Rajapaksa International Cricket Stadium, Sooriyawewa, Hambantota",2,30.1,30.1,Pakistan,Sri Lanka,Ayesha Zafar,Sidra Ameen,AGC Vimukthi,0,0,,,,,,,,,,,,,
1540540,2026,2026-07-23,"Mahinda Rajapaksa International Cricket Stadium, Sooriyawewa, Hambantota",2,30.2,30.2,Pakistan,Sri Lanka,Ayesha Zafar,Sidra Ameen,AGC Vimukthi,1,0,,,,,,,,,,,,,
1540540,2026,2026-07-23,"Mahinda Rajapaksa International Cricket Stadium, Sooriyawewa, Hambantota",2,30.3,30.3,Pakistan,Sri Lanka,Sidra Ameen,Ayesha Zafar,AGC Vimukthi,1,0,,,,,,,,,,,,,
1540540,2026,2026-07-23,"Mahinda Rajapaksa International Cricket Stadium, Sooriyawewa, Hambantota",2,30.4,30.4,Pakistan,Sri Lanka,Ayesha Zafar,Sidra Ameen,AGC Vimukthi,1,0,,,,,,,,,,,,,
1540540,2026,2026-07-23,"Mahinda Rajapaksa International Cricket Stadium, Sooriyawewa, Hambantota",2,30.5,30.5,Pakistan,Sri Lanka,Sidra Ameen,Ayesha Zafar,AGC Vimukthi,0,0,,,,,,,,,,,,,
1540540,2026,2026-07-23,"Mahinda Rajapaksa International Cricket Stadium, Sooriyawewa, Hambantota",2,30.6,30.6,Pakistan,Sri Lanka,Sidra Ameen,Ayesha Zafar,AGC Vimukthi,1,0,,,,,,,,,,,,,
1540540,2026,2026-07-23,"Mahinda Rajapaksa International Cricket Stadium, Sooriyawewa, Hambantota",2,31.1,31.1,Pakistan,Sri Lanka,Sidra Ameen,Ayesha Zafar,AC Jayangani,0,0,,,,,,,,,,,,,
1540540,2026,2026-07-23,"Mahinda Rajapaksa International Cricket Stadium, Sooriyawewa, Hambantota",2,31.2,31.2,Pakistan,Sri Lanka,Sidra Ameen,Ayesha Zafar,AC Jayangani,0,0,,,,,,,,,,,,,
1540540,2026,2026-07-23,"Mahinda Rajapaksa International Cricket Stadium, Sooriyawewa, Hambantota",2,31.3,31.3,Pakistan,Sri Lanka,Sidra Ameen,Ayesha Zafar,AC Jayangani,0,0,,,,,,,,,,,,,
1540540,2026,2026-07-23,"Mahinda Rajapaksa International Cricket Stadium, Sooriyawewa, Hambantota",2,31.4,31.4,Pakistan,Sri Lanka,Sidra Ameen,Ayesha Zafar,AC Jayangani,0,0,,,,,,,,,,,,,
1540540,2026,2026-07-23,"Mahinda Rajapaksa International Cricket Stadium, Sooriyawewa, Hambantota",2,31.5,31.5,Pakistan,Sri Lanka,Sidra Ameen,Ayesha Zafar,AC Jayangani,1,0,,,,,,,,,,,,,
1540540,2026,2026-07-23,"Mahinda Rajapaksa International Cricket Stadium, Sooriyawewa, Hambantota",2,31.6,31.6,Pakistan,Sri Lanka,Ayesha Zafar,Sidra Ameen,AC Jayangani,1,0,,,,,,,,,,,,,
1540540,2026,2026-07-23,"Mahinda Rajapaksa International Cricket Stadium, Sooriyawewa, Hambantota",2,32.1,32.1,Pakistan,Sri Lanka,Ayesha Zafar,Sidra Ameen,AGC Vimukthi,1,0,,,,,,,,,,,,,
1540540,2026,2026-07-23,"Mahinda Rajapaksa International Cricket Stadium, Sooriyawewa, Hambantota",2,32.2,32.2,Pakistan,Sri Lanka,Sidra Ameen,Ayesha Zafar,AGC Vimukthi,0,0,,,,,,,,,,,,,
1540540,2026,2026-07-23,"Mahinda Rajapaksa International Cricket Stadium, Sooriyawewa, Hambantota",2,32.3,32.3,Pakistan,Sri Lanka,Sidra Ameen,Ayesha Zafar,AGC Vimukthi,0,1,1,,,,,,,,,,,,
1540540,2026,2026-07-23,"Mahinda Rajapaksa International Cricket Stadium, Sooriyawewa, Hambantota",2,32.4,32.3,Pakistan,Sri Lanka,Sidra Ameen,Ayesha Zafar,AGC Vimukthi,1,0,,,,,,,,,,,,,
1540540,2026,2026-07-23,"Mahinda Rajapaksa International Cricket Stadium, Sooriyawewa, Hambantota",2,32.5,32.4,Pakistan,Sri Lanka,Ayesha Zafar,Sidra Ameen,AGC Vimukthi,1,0,,,,,,,,,,,,,
1540540,2026,2026-07-23,"Mahinda Rajapaksa International Cricket Stadium, Sooriyawewa, Hambantota",2,32.6,32.5,Pakistan,Sri Lanka,Sidra Ameen,Ayesha Zafar,AGC Vimukthi,4,0,,,,,,,,,,,,,
1540540,2026,2026-07-23,"Mahinda Rajapaksa International Cricket Stadium, Sooriyawewa, Hambantota",2,32.7,32.6,Pakistan,Sri Lanka,Sidra Ameen,Ayesha Zafar,AGC Vimukthi,1,0,,,,,,,,,,,,,
1540540,2026,2026-07-23,"Mahinda Rajapaksa International Cricket Stadium, Sooriyawewa, Hambantota",2,33.1,33.1,Pakistan,Sri Lanka,Sidra Ameen,Ayesha Zafar,NM Meepage,1,0,,,,,,,,,,,,,
1540540,2026,2026-07-23,"Mahinda Rajapaksa International Cricket Stadium, Sooriyawewa, Hambantota",2,33.2,33.2,Pakistan,Sri Lanka,Ayesha Zafar,Sidra Ameen,NM Meepage,1,0,,,,,,,,,,,,,
1540540,2026,2026-07-23,"Mahinda Rajapaksa International Cricket Stadium, Sooriyawewa, Hambantota",2,33.3,33.3,Pakistan,Sri Lanka,Sidra Ameen,Ayesha Zafar,NM Meepage,1,0,,,,,,,,,,,,,
1540540,2026,2026-07-23,"Mahinda Rajapaksa International Cricket Stadium, Sooriyawewa, Hambantota",2,33.4,33.4,Pakistan,Sri Lanka,Ayesha Zafar,Sidra Ameen,NM Meepage,0,0,,,,,,,,,,,,,
1540540,2026,2026-07-23,"Mahinda Rajapaksa International Cricket Stadium, Sooriyawewa, Hambantota",2,33.5,33.5,Pakistan,Sri Lanka,Ayesha Zafar,Sidra Ameen,NM Meepage,0,0,,,,,,,,,,,,,
1540540,2026,2026-07-23,"Mahinda Rajapaksa International Cricket Stadium, Sooriyawewa, Hambantota",2,33.6,33.6,Pakistan,Sri Lanka,Ayesha Zafar,Sidra Ameen,NM Meepage,6,0,,,,,,,,,,,,,
1540540,2026,2026-07-23,"Mahinda Rajapaksa International Cricket Stadium, Sooriyawewa, Hambantota",2,34.1,34.1,Pakistan,Sri Lanka,Sidra Ameen,Ayesha Zafar,I Ranaweera,0,0,,,,,,,,,,,,,
1540540,2026,2026-07-23,"Mahinda Rajapaksa International Cricket Stadium, Sooriyawewa, Hambantota",2,34.2,34.2,Pakistan,Sri Lanka,Sidra Ameen,Ayesha Zafar,I Ranaweera,0,0,,,,,,,,,,,,,
1540540,2026,2026-07-23,"Mahinda Rajapaksa International Cricket Stadium, Sooriyawewa, Hambantota",2,34.3,34.3,Pakistan,Sri Lanka,Sidra Ameen,Ayesha Zafar,I Ranaweera,0,0,,,,,,,,,,,,,
1540540,2026,2026-07-23,"Mahinda Rajapaksa International Cricket Stadium, Sooriyawewa, Hambantota",2,34.4,34.4,Pakistan,Sri Lanka,Sidra Ameen,Ayesha Zafar,I Ranaweera,0,0,,,,,,,,,,,,,
1540540,2026,2026-07-23,"Mahinda Rajapaksa International Cricket Stadium, Sooriyawewa, Hambantota",2,34.5,34.5,Pakistan,Sri Lanka,Sidra Ameen,Ayesha Zafar,I Ranaweera,1,0,,,,,,,,,,,,,
1540540,2026,2026-07-23,"Mahinda Rajapaksa International Cricket Stadium, Sooriyawewa, Hambantota",2,34.6,34.6,Pakistan,Sri Lanka,Ayesha Zafar,Sidra Ameen,I Ranaweera,1,0,,,,,,,,,,,,,
1540540,2026,2026-07-23,"Mahinda Rajapaksa International Cricket Stadium, Sooriyawewa, Hambantota",2,35.1,35.1,Pakistan,Sri Lanka,Ayesha Zafar,Sidra Ameen,NM Meepage,0,0,,,,,,,,,,,,,
1540540,2026,2026-07-23,"Mahinda Rajapaksa International Cricket Stadium, Sooriyawewa, Hambantota",2,35.2,35.2,Pakistan,Sri Lanka,Ayesha Zafar,Sidra Ameen,NM Meepage,0,0,,,,,,,,,,,,,
1540540,2026,2026-07-23,"Mahinda Rajapaksa International Cricket Stadium, Sooriyawewa, Hambantota",2,35.3,35.3,Pakistan,Sri Lanka,Ayesha Zafar,Sidra Ameen,NM Meepage,0,0,,,,,,,,,,,,,
1540540,2026,2026-07-23,"Mahinda Rajapaksa International Cricket Stadium, Sooriyawewa, Hambantota",2,35.4,35.4,Pakistan,Sri Lanka,Ayesha Zafar,Sidra Ameen,NM Meepage,1,0,,,,,,,,,,,,,
1540540,2026,2026-07-23,"Mahinda Rajapaksa International Cricket Stadium, Sooriyawewa, Hambantota",2,35.5,35.5,Pakistan,Sri Lanka,Sidra Ameen,Ayesha Zafar,NM Meepage,1,0,,,,,,,,,,,,,
1540540,2026,2026-07-23,"Mahinda Rajapaksa International Cricket Stadium, Sooriyawewa, Hambantota",2,35.6,35.6,Pakistan,Sri Lanka,Ayesha Zafar,Sidra Ameen,NM Meepage,0,1,,,1,,,,,,,,,,
1540540,2026,2026-07-23,"Mahinda Rajapaksa International Cricket Stadium, Sooriyawewa, Hambantota",2,36.1,36.1,Pakistan,Sri Lanka,Ayesha Zafar,Sidra Ameen,I Ranaweera,1,0,,,,,,,,,,,,,
1540540,2026,2026-07-23,"Mahinda Rajapaksa International Cricket Stadium, Sooriyawewa, Hambantota",2,36.2,36.2,Pakistan,Sri Lanka,Sidra Ameen,Ayesha Zafar,I Ranaweera,0,0,,,,,,,bowled,Sidra Ameen,,,,,
1540540,2026,2026-07-23,"Mahinda Rajapaksa International Cricket Stadium, Sooriyawewa, Hambantota",2,36.3,36.3,Pakistan,Sri Lanka,Muneeba Ali,Ayesha Zafar,I Ranaweera,0,0,,,,,,,,,,,,,
1540540,2026,2026-07-23,"Mahinda Rajapaksa International Cricket Stadium, Sooriyawewa, Hambantota",2,36.4,36.4,Pakistan,Sri Lanka,Muneeba Ali,Ayesha Zafar,I Ranaweera,0,0,,,,,,,,,,,,,
1540540,2026,2026-07-23,"Mahinda Rajapaksa International Cricket Stadium, Sooriyawewa, Hambantota",2,36.5,36.5,Pakistan,Sri Lanka,Muneeba Ali,Ayesha Zafar,I Ranaweera,0,0,,,,,,,,,,,,,
1540540,2026,2026-07-23,"Mahinda Rajapaksa International Cricket Stadium, Sooriyawewa, Hambantota",2,36.6,36.6,Pakistan,Sri Lanka,Muneeba Ali,Ayesha Zafar,I Ranaweera,1,0,,,,,,,,,,,,,
1540540,2026,2026-07-23,"Mahinda Rajapaksa International Cricket Stadium, Sooriyawewa, Hambantota",2,37.1,37.1,Pakistan,Sri Lanka,Muneeba Ali,Ayesha Zafar,WK Dilhari,0,0,,,,,,,,,,,,,
1540540,2026,2026-07-23,"Mahinda Rajapaksa International Cricket Stadium, Sooriyawewa, Hambantota",2,37.2,37.2,Pakistan,Sri Lanka,Muneeba Ali,Ayesha Zafar,WK Dilhari,0,0,,,,,,,,,,,,,
1540540,2026,2026-07-23,"Mahinda Rajapaksa International Cricket Stadium, Sooriyawewa, Hambantota",2,37.3,37.3,Pakistan,Sri Lanka,Muneeba Ali,Ayesha Zafar,WK Dilhari,0,0,,,,,,,caught,Muneeba Ali,,,RMVD Gunaratne,,
1540540,2026,2026-07-23,"Mahinda Rajapaksa International Cricket Stadium, Sooriyawewa, Hambantota",2,37.4,37.4,Pakistan,Sri Lanka,Najiha Alvi,Ayesha Zafar,WK Dilhari,0,0,,,,,,,,,,,,,
1540540,2026,2026-07-23,"Mahinda Rajapaksa International Cricket Stadium, Sooriyawewa, Hambantota",2,37.5,37.5,Pakistan,Sri Lanka,Najiha Alvi,Ayesha Zafar,WK Dilhari,0,0,,,,,,,,,,,,,
1540540,2026,2026-07-23,"Mahinda Rajapaksa International Cricket Stadium, Sooriyawewa, Hambantota",2,37.6,37.6,Pakistan,Sri Lanka,Najiha Alvi,Ayesha Zafar,WK Dilhari,0,0,,,,,,,,,,,,,
1540540,2026,2026-07-23,"Mahinda Rajapaksa International Cricket Stadium, Sooriyawewa, Hambantota",2,38.1,38.1,Pakistan,Sri Lanka,Ayesha Zafar,Najiha Alvi,I Ranaweera,1,0,,,,,,,,,,,,,
1540540,2026,2026-07-23,"Mahinda Rajapaksa International Cricket Stadium, Sooriyawewa, Hambantota",2,38.2,38.2,Pakistan,Sri Lanka,Najiha Alvi,Ayesha Zafar,I Ranaweera,4,0,,,,,,,,,,,,,
1540540,2026,2026-07-23,"Mahinda Rajapaksa International Cricket Stadium, Sooriyawewa, Hambantota",2,38.3,38.3,Pakistan,Sri Lanka,Najiha Alvi,Ayesha Zafar,I Ranaweera,0,0,,,,,,,,,,,,,
1540540,2026,2026-07-23,"Mahinda Rajapaksa International Cricket Stadium, Sooriyawewa, Hambantota",2,38.4,38.4,Pakistan,Sri Lanka,Najiha Alvi,Ayesha Zafar,I Ranaweera,1,0,,,,,,,,,,,,,
1540540,2026,2026-07-23,"Mahinda Rajapaksa International Cricket Stadium, Sooriyawewa, Hambantota",2,38.5,38.5,Pakistan,Sri Lanka,Ayesha Zafar,Najiha Alvi,I Ranaweera,1,0,,,,,,,,,,,,,
1540540,2026,2026-07-23,"Mahinda Rajapaksa International Cricket Stadium, Sooriyawewa, Hambantota",2,38.6,38.6,Pakistan,Sri Lanka,Najiha Alvi,Ayesha Zafar,I Ranaweera,0,0,,,,,,,,,,,,,
1540540,2026,2026-07-23,"Mahinda Rajapaksa International Cricket Stadium, Sooriyawewa, Hambantota",2,39.1,39.1,Pakistan,Sri Lanka,Ayesha Zafar,Najiha Alvi,WK Dilhari,0,0,,,,,,,,,,,,,
1540540,2026,2026-07-23,"Mahinda Rajapaksa International Cricket Stadium, Sooriyawewa, Hambantota",2,39.2,39.2,Pakistan,Sri Lanka,Ayesha Zafar,Najiha Alvi,WK Dilhari,0,0,,,,,,,,,,,,,
1540540,2026,2026-07-23,"Mahinda Rajapaksa International Cricket Stadium, Sooriyawewa, Hambantota",2,39.3,39.3,Pakistan,Sri Lanka,Ayesha Zafar,Najiha Alvi,WK Dilhari,1,0,,,,,,,,,,,,,
1540540,2026,2026-07-23,"Mahinda Rajapaksa International Cricket Stadium, Sooriyawewa, Hambantota",2,39.4,39.4,Pakistan,Sri Lanka,Najiha Alvi,Ayesha Zafar,WK Dilhari,0,0,,,,,,,,,,,,,
1540540,2026,2026-07-23,"Mahinda Rajapaksa International Cricket Stadium, Sooriyawewa, Hambantota",2,39.5,39.5,Pakistan,Sri Lanka,Najiha Alvi,Ayesha Zafar,WK Dilhari,1,0,,,,,,,,,,,,,
1540540,2026,2026-07-23,"Mahinda Rajapaksa International Cricket Stadium, Sooriyawewa, Hambantota",2,39.6,39.6,Pakistan,Sri Lanka,Ayesha Zafar,Najiha Alvi,WK Dilhari,0,1,,,,1,,,,,,,,,
1540540,2026,2026-07-23,"Mahinda Rajapaksa International Cricket Stadium, Sooriyawewa, Hambantota",2,40.1,40.1,Pakistan,Sri Lanka,Ayesha Zafar,Najiha Alvi,I Ranaweera,2,0,,,,,,,,,,,,,
1540540,2026,2026-07-23,"Mahinda Rajapaksa International Cricket Stadium, Sooriyawewa, Hambantota",2,40.2,40.2,Pakistan,Sri Lanka,Ayesha Zafar,Najiha Alvi,I Ranaweera,1,0,,,,,,,,,,,,,
1540540,2026,2026-07-23,"Mahinda Rajapaksa International Cricket Stadium, Sooriyawewa, Hambantota",2,40.3,40.3,Pakistan,Sri Lanka,Najiha Alvi,Ayesha Zafar,I Ranaweera,0,0,,,,,,,,,,,,,
1540540,2026,2026-07-23,"Mahinda Rajapaksa International Cricket Stadium, Sooriyawewa, Hambantota",2,40.4,40.4,Pakistan,Sri Lanka,Najiha Alvi,Ayesha Zafar,I Ranaweera,0,0,,,,,,,,,,,,,
1540540,2026,2026-07-23,"Mahinda Rajapaksa International Cricket Stadium, Sooriyawewa, Hambantota",2,40.5,40.5,Pakistan,Sri Lanka,Najiha Alvi,Ayesha Zafar,I Ranaweera,0,0,,,,,,,,,,,,,
1540540,2026,2026-07-23,"Mahinda Rajapaksa International Cricket Stadium, Sooriyawewa, Hambantota",2,40.6,40.6,Pakistan,Sri Lanka,Najiha Alvi,Ayesha Zafar,I Ranaweera,1,0,,,,,,,,,,,,,
1540540,2026,2026-07-23,"Mahinda Rajapaksa International Cricket Stadium, Sooriyawewa, Hambantota",2,41.1,41.1,Pakistan,Sri Lanka,Najiha Alvi,Ayesha Zafar,WK Dilhari,1,0,,,,,,,,,,,,,
1540540,2026,2026-07-23,"Mahinda Rajapaksa International Cricket Stadium, Sooriyawewa, Hambantota",2,41.2,41.2,Pakistan,Sri Lanka,Ayesha Zafar,Najiha Alvi,WK Dilhari,1,0,,,,,,,,,,,,,
1540540,2026,2026-07-23,"Mahinda Rajapaksa International Cricket Stadium, Sooriyawewa, Hambantota",2,41.3,41.3,Pakistan,Sri Lanka,Najiha Alvi,Ayesha Zafar,WK Dilhari,0,0,,,,,,,,,,,,,
1540540,2026,2026-07-23,"Mahinda Rajapaksa International Cricket Stadium, Sooriyawewa, Hambantota",2,41.4,41.4,Pakistan,Sri Lanka,Najiha Alvi,Ayesha Zafar,WK Dilhari,0,0,,,,,,,,,,,,,
1540540,2026,2026-07-23,"Mahinda Rajapaksa International Cricket Stadium, Sooriyawewa, Hambantota",2,41.5,41.5,Pakistan,Sri Lanka,Najiha Alvi,Ayesha Zafar,WK Dilhari,1,0,,,,,,,,,,,,,
1540540,2026,2026-07-23,"Mahinda Rajapaksa International Cricket Stadium, Sooriyawewa, Hambantota",2,41.6,41.6,Pakistan,Sri Lanka,Ayesha Zafar,Najiha Alvi,WK Dilhari,0,0,,,,,,,,,,,,,
1540540,2026,2026-07-23,"Mahinda Rajapaksa International Cricket Stadium, Sooriyawewa, Hambantota",2,42.1,42.1,Pakistan,Sri Lanka,Najiha Alvi,Ayesha Zafar,NM Meepage,4,0,,,,,,,,,,,,,
1540540,2026,2026-07-23,"Mahinda Rajapaksa International Cricket Stadium, Sooriyawewa, Hambantota",2,42.2,42.2,Pakistan,Sri Lanka,Najiha Alvi,Ayesha Zafar,NM Meepage,0,0,,,,,,,caught and bowled,Najiha Alvi,,,,,
1540540,2026,2026-07-23,"Mahinda Rajapaksa International Cricket Stadium, Sooriyawewa, Hambantota",2,42.3,42.3,Pakistan,Sri Lanka,Fatima Sana,Ayesha Zafar,NM Meepage,0,0,,,,,,,,,,,,,
1540540,2026,2026-07-23,"Mahinda Rajapaksa International Cricket Stadium, Sooriyawewa, Hambantota",2,42.4,42.4,Pakistan,Sri Lanka,Fatima Sana,Ayesha Zafar,NM Meepage,0,0,,,,,,,,,,,,,
1540540,2026,2026-07-23,"Mahinda Rajapaksa International Cricket Stadium, Sooriyawewa, Hambantota",2,42.5,42.5,Pakistan,Sri Lanka,Fatima Sana,Ayesha Zafar,NM Meepage,4,0,,,,,,,,,,,,,
1540540,2026,2026-07-23,"Mahinda Rajapaksa International Cricket Stadium, Sooriyawewa, Hambantota",2,42.6,42.6,Pakistan,Sri Lanka,Fatima Sana,Ayesha Zafar,NM Meepage,0,0,,,,,,,,,,,,,
1540540,2026,2026-07-23,"Mahinda Rajapaksa International Cricket Stadium, Sooriyawewa, Hambantota",2,43.1,43.1,Pakistan,Sri Lanka,Ayesha Zafar,Fatima Sana,M Madara,0,1,1,,,,,,,,,,,,
